"corpus","word_length","n_words","ngram","bigram","method","pos1","pos2","pos3","pos4","pos5","pos6","pos7","pos8","pos9"
"subtlex_uk",3,5268,"bigram","AA","token",4474.99999999997,11969,NA,NA,NA,NA,NA,NA,NA
"subtlex_uk",3,5268,"bigram","AB","token",4115.00000000001,9544.99999999997,NA,NA,NA,NA,NA,NA,NA
"subtlex_uk",3,5268,"bigram","AC","token",21390.9999999999,4724.00000000003,NA,NA,NA,NA,NA,NA,NA
"subtlex_uk",3,5268,"bigram","AD","token",22128.0000000002,631212.000000004,NA,NA,NA,NA,NA,NA,NA
"subtlex_uk",3,5268,"bigram","AE","token",192,3549,NA,NA,NA,NA,NA,NA,NA
"subtlex_uk",3,5268,"bigram","AF","token",443.999999999997,3259.00000000003,NA,NA,NA,NA,NA,NA,NA
"subtlex_uk",3,5268,"bigram","AG","token",97468.0000000006,22358.0000000001,NA,NA,NA,NA,NA,NA,NA
"subtlex_uk",3,5268,"bigram","AH","token",4558.00000000002,17208.9999999999,NA,NA,NA,NA,NA,NA,NA
"subtlex_uk",3,5268,"bigram","AI","token",46917,3151.00000000001,NA,NA,NA,NA,NA,NA,NA
"subtlex_uk",3,5268,"bigram","AJ","token",61.0000000000005,780.999999999995,NA,NA,NA,NA,NA,NA,NA
"subtlex_uk",3,5268,"bigram","AK","token",643.999999999996,5881.99999999997,NA,NA,NA,NA,NA,NA,NA
"subtlex_uk",3,5268,"bigram","AL","token",857587.000000007,6574.99999999999,NA,NA,NA,NA,NA,NA,NA
"subtlex_uk",3,5268,"bigram","AM","token",7580.00000000004,30910,NA,NA,NA,NA,NA,NA,NA
"subtlex_uk",3,5268,"bigram","AN","token",4470005.00000004,953165.000000006,NA,NA,NA,NA,NA,NA,NA
"subtlex_uk",3,5268,"bigram","AO","token",167,1101,NA,NA,NA,NA,NA,NA,NA
"subtlex_uk",3,5268,"bigram","AP","token",1831,31455.9999999999,NA,NA,NA,NA,NA,NA,NA
"subtlex_uk",3,5268,"bigram","AQ","token",19.0000000000001,27,NA,NA,NA,NA,NA,NA,NA
"subtlex_uk",3,5268,"bigram","AR","token",1374251,204267.000000001,NA,NA,NA,NA,NA,NA,NA
"subtlex_uk",3,5268,"bigram","AS","token",57546.0000000007,2170320,NA,NA,NA,NA,NA,NA,NA
"subtlex_uk",3,5268,"bigram","AT","token",3882.00000000001,109920.000000001,NA,NA,NA,NA,NA,NA,NA
"subtlex_uk",3,5268,"bigram","AU","token",613.000000000001,5004.00000000002,NA,NA,NA,NA,NA,NA,NA
"subtlex_uk",3,5268,"bigram","AV","token",760.000000000005,1864,NA,NA,NA,NA,NA,NA,NA
"subtlex_uk",3,5268,"bigram","AW","token",2878,82315.0000000002,NA,NA,NA,NA,NA,NA,NA
"subtlex_uk",3,5268,"bigram","AX","token",1561.00000000001,40871.0000000002,NA,NA,NA,NA,NA,NA,NA
"subtlex_uk",3,5268,"bigram","AY","token",11818.9999999999,927174.999999998,NA,NA,NA,NA,NA,NA,NA
"subtlex_uk",3,5268,"bigram","AZ","token",48.0000000000002,2564.00000000002,NA,NA,NA,NA,NA,NA,NA
"subtlex_uk",3,5268,"bigram","BA","token",124919,444,NA,NA,NA,NA,NA,NA,NA
"subtlex_uk",3,5268,"bigram","BB","token",30686.0000000002,312.000000000002,NA,NA,NA,NA,NA,NA,NA
"subtlex_uk",3,5268,"bigram","BC","token",85.9999999999996,31153.0000000002,NA,NA,NA,NA,NA,NA,NA
"subtlex_uk",3,5268,"bigram","BD","token",155,89.0000000000004,NA,NA,NA,NA,NA,NA,NA
"subtlex_uk",3,5268,"bigram","BE","token",65201.9999999996,848,NA,NA,NA,NA,NA,NA,NA
"subtlex_uk",3,5268,"bigram","BF","token",184,33.0000000000004,NA,NA,NA,NA,NA,NA,NA
"subtlex_uk",3,5268,"bigram","BG","token",61.9999999999994,43,NA,NA,NA,NA,NA,NA,NA
"subtlex_uk",3,5268,"bigram","BH","token",162.000000000001,191,NA,NA,NA,NA,NA,NA,NA
"subtlex_uk",3,5268,"bigram","BI","token",465675.000000001,3066,NA,NA,NA,NA,NA,NA,NA
"subtlex_uk",3,5268,"bigram","BJ","token",2.99999999999998,29.0000000000001,NA,NA,NA,NA,NA,NA,NA
"subtlex_uk",3,5268,"bigram","BK","token",2.99999999999998,4.99999999999996,NA,NA,NA,NA,NA,NA,NA
"subtlex_uk",3,5268,"bigram","BL","token",554.000000000001,57.9999999999999,NA,NA,NA,NA,NA,NA,NA
"subtlex_uk",3,5268,"bigram","BM","token",1341,167.000000000001,NA,NA,NA,NA,NA,NA,NA
"subtlex_uk",3,5268,"bigram","BN","token",733.000000000005,143,NA,NA,NA,NA,NA,NA,NA
"subtlex_uk",3,5268,"bigram","BO","token",91839.0000000003,178.999999999999,NA,NA,NA,NA,NA,NA,NA
"subtlex_uk",3,5268,"bigram","BP","token",78.0000000000003,7.99999999999993,NA,NA,NA,NA,NA,NA,NA
"subtlex_uk",3,5268,"bigram","BQ","token",0,40.9999999999999,NA,NA,NA,NA,NA,NA,NA
"subtlex_uk",3,5268,"bigram","BR","token",2338,436.999999999998,NA,NA,NA,NA,NA,NA,NA
"subtlex_uk",3,5268,"bigram","BS","token",226.000000000001,2703.99999999999,NA,NA,NA,NA,NA,NA,NA
"subtlex_uk",3,5268,"bigram","BT","token",85,67.0000000000002,NA,NA,NA,NA,NA,NA,NA
"subtlex_uk",3,5268,"bigram","BU","token",1228560.00000001,1114.00000000001,NA,NA,NA,NA,NA,NA,NA
"subtlex_uk",3,5268,"bigram","BV","token",4.99999999999996,12.0000000000001,NA,NA,NA,NA,NA,NA,NA
"subtlex_uk",3,5268,"bigram","BW","token",19.0000000000001,92.9999999999998,NA,NA,NA,NA,NA,NA,NA
"subtlex_uk",3,5268,"bigram","BX","token",0,0,NA,NA,NA,NA,NA,NA,NA
"subtlex_uk",3,5268,"bigram","BY","token",26119.0000000002,49.0000000000003,NA,NA,NA,NA,NA,NA,NA
"subtlex_uk",3,5268,"bigram","BZ","token",125,17.0000000000001,NA,NA,NA,NA,NA,NA,NA
"subtlex_uk",3,5268,"bigram","CA","token",808317.000000004,243,NA,NA,NA,NA,NA,NA,NA
"subtlex_uk",3,5268,"bigram","CB","token",792.000000000001,970.999999999993,NA,NA,NA,NA,NA,NA,NA
"subtlex_uk",3,5268,"bigram","CC","token",190.000000000001,637,NA,NA,NA,NA,NA,NA,NA
"subtlex_uk",3,5268,"bigram","CD","token",661.000000000004,392.000000000001,NA,NA,NA,NA,NA,NA,NA
"subtlex_uk",3,5268,"bigram","CE","token",901.999999999999,20575.9999999998,NA,NA,NA,NA,NA,NA,NA
"subtlex_uk",3,5268,"bigram","CF","token",39.0000000000003,0,NA,NA,NA,NA,NA,NA,NA
"subtlex_uk",3,5268,"bigram","CG","token",209.999999999998,401.999999999996,NA,NA,NA,NA,NA,NA,NA
"subtlex_uk",3,5268,"bigram","CH","token",4113.99999999999,1622,NA,NA,NA,NA,NA,NA,NA
"subtlex_uk",3,5268,"bigram","CI","token",1520.99999999999,1054,NA,NA,NA,NA,NA,NA,NA
"subtlex_uk",3,5268,"bigram","CJ","token",33.0000000000004,27.9999999999998,NA,NA,NA,NA,NA,NA,NA
"subtlex_uk",3,5268,"bigram","CK","token",4.00000000000001,300,NA,NA,NA,NA,NA,NA,NA
"subtlex_uk",3,5268,"bigram","CL","token",120.000000000001,141,NA,NA,NA,NA,NA,NA,NA
"subtlex_uk",3,5268,"bigram","CM","token",111,100,NA,NA,NA,NA,NA,NA,NA
"subtlex_uk",3,5268,"bigram","CN","token",223.000000000002,79.9999999999994,NA,NA,NA,NA,NA,NA,NA
"subtlex_uk",3,5268,"bigram","CO","token",73159.0000000005,1148,NA,NA,NA,NA,NA,NA,NA
"subtlex_uk",3,5268,"bigram","CP","token",918,63.9999999999999,NA,NA,NA,NA,NA,NA,NA
"subtlex_uk",3,5268,"bigram","CQ","token",71.0000000000005,0,NA,NA,NA,NA,NA,NA,NA
"subtlex_uk",3,5268,"bigram","CR","token",7666.00000000007,52.9999999999999,NA,NA,NA,NA,NA,NA,NA
"subtlex_uk",3,5268,"bigram","CS","token",457.999999999998,879.999999999999,NA,NA,NA,NA,NA,NA,NA
"subtlex_uk",3,5268,"bigram","CT","token",155,20080.9999999999,NA,NA,NA,NA,NA,NA,NA
"subtlex_uk",3,5268,"bigram","CU","token",77554.9999999997,132.999999999999,NA,NA,NA,NA,NA,NA,NA
"subtlex_uk",3,5268,"bigram","CV","token",210.000000000002,3.99999999999996,NA,NA,NA,NA,NA,NA,NA
"subtlex_uk",3,5268,"bigram","CW","token",160.000000000001,2.99999999999998,NA,NA,NA,NA,NA,NA,NA
"subtlex_uk",3,5268,"bigram","CX","token",0,2.99999999999998,NA,NA,NA,NA,NA,NA,NA
"subtlex_uk",3,5268,"bigram","CY","token",86.0000000000001,1277.99999999999,NA,NA,NA,NA,NA,NA,NA
"subtlex_uk",3,5268,"bigram","CZ","token",0,0,NA,NA,NA,NA,NA,NA,NA
"subtlex_uk",3,5268,"bigram","DA","token",264247.000000001,779.999999999999,NA,NA,NA,NA,NA,NA,NA
"subtlex_uk",3,5268,"bigram","DB","token",170.999999999999,17,NA,NA,NA,NA,NA,NA,NA
"subtlex_uk",3,5268,"bigram","DC","token",487.999999999998,162.000000000001,NA,NA,NA,NA,NA,NA,NA
"subtlex_uk",3,5268,"bigram","DD","token",181.000000000001,30455.0000000002,NA,NA,NA,NA,NA,NA,NA
"subtlex_uk",3,5268,"bigram","DE","token",15979,545.999999999997,NA,NA,NA,NA,NA,NA,NA
"subtlex_uk",3,5268,"bigram","DF","token",101,336.999999999998,NA,NA,NA,NA,NA,NA,NA
"subtlex_uk",3,5268,"bigram","DG","token",29,14,NA,NA,NA,NA,NA,NA,NA
"subtlex_uk",3,5268,"bigram","DH","token",54.9999999999998,9.00000000000002,NA,NA,NA,NA,NA,NA,NA
"subtlex_uk",3,5268,"bigram","DI","token",486629.000000002,176,NA,NA,NA,NA,NA,NA,NA
"subtlex_uk",3,5268,"bigram","DJ","token",345.999999999997,1.99999999999998,NA,NA,NA,NA,NA,NA,NA
"subtlex_uk",3,5268,"bigram","DK","token",1.99999999999998,2.99999999999998,NA,NA,NA,NA,NA,NA,NA
"subtlex_uk",3,5268,"bigram","DL","token",217.999999999999,279.000000000001,NA,NA,NA,NA,NA,NA,NA
"subtlex_uk",3,5268,"bigram","DM","token",84.9999999999997,32.0000000000002,NA,NA,NA,NA,NA,NA,NA
"subtlex_uk",3,5268,"bigram","DN","token",3411.99999999996,22.9999999999999,NA,NA,NA,NA,NA,NA,NA
"subtlex_uk",3,5268,"bigram","DO","token",51515.0000000003,728.000000000001,NA,NA,NA,NA,NA,NA,NA
"subtlex_uk",3,5268,"bigram","DP","token",138,1652.99999999999,NA,NA,NA,NA,NA,NA,NA
"subtlex_uk",3,5268,"bigram","DQ","token",0,4.99999999999995,NA,NA,NA,NA,NA,NA,NA
"subtlex_uk",3,5268,"bigram","DR","token",18778,161,NA,NA,NA,NA,NA,NA,NA
"subtlex_uk",3,5268,"bigram","DS","token",166,1520,NA,NA,NA,NA,NA,NA,NA
"subtlex_uk",3,5268,"bigram","DT","token",39.0000000000001,80,NA,NA,NA,NA,NA,NA,NA
"subtlex_uk",3,5268,"bigram","DU","token",23502.9999999999,217.000000000001,NA,NA,NA,NA,NA,NA,NA
"subtlex_uk",3,5268,"bigram","DV","token",1773.00000000001,11,NA,NA,NA,NA,NA,NA,NA
"subtlex_uk",3,5268,"bigram","DW","token",222,4.00000000000001,NA,NA,NA,NA,NA,NA,NA
"subtlex_uk",3,5268,"bigram","DX","token",8.99999999999991,1.99999999999998,NA,NA,NA,NA,NA,NA,NA
"subtlex_uk",3,5268,"bigram","DY","token",640.000000000006,142.000000000001,NA,NA,NA,NA,NA,NA,NA
"subtlex_uk",3,5268,"bigram","DZ","token",0,12.9999999999999,NA,NA,NA,NA,NA,NA,NA
"subtlex_uk",3,5268,"bigram","EA","token",38008.0000000001,56647.0000000003,NA,NA,NA,NA,NA,NA,NA
"subtlex_uk",3,5268,"bigram","EB","token",389.000000000001,4254.99999999996,NA,NA,NA,NA,NA,NA,NA
"subtlex_uk",3,5268,"bigram","EC","token",2417.99999999999,2150.00000000001,NA,NA,NA,NA,NA,NA,NA
"subtlex_uk",3,5268,"bigram","ED","token",827.999999999999,103632,NA,NA,NA,NA,NA,NA,NA
"subtlex_uk",3,5268,"bigram","EE","token",2615,484833.000000004,NA,NA,NA,NA,NA,NA,NA
"subtlex_uk",3,5268,"bigram","EF","token",148.000000000001,617.999999999998,NA,NA,NA,NA,NA,NA,NA
"subtlex_uk",3,5268,"bigram","EG","token",13542.0000000001,23284.0000000001,NA,NA,NA,NA,NA,NA,NA
"subtlex_uk",3,5268,"bigram","EH","token",77.0000000000001,2982.99999999999,NA,NA,NA,NA,NA,NA,NA
"subtlex_uk",3,5268,"bigram","EI","token",449,860.000000000004,NA,NA,NA,NA,NA,NA,NA
"subtlex_uk",3,5268,"bigram","EJ","token",0,168.000000000001,NA,NA,NA,NA,NA,NA,NA
"subtlex_uk",3,5268,"bigram","EK","token",96.0000000000005,658.000000000002,NA,NA,NA,NA,NA,NA,NA
"subtlex_uk",3,5268,"bigram","EL","token",2661,6787.99999999996,NA,NA,NA,NA,NA,NA,NA
"subtlex_uk",3,5268,"bigram","EM","token",926.999999999998,6416.99999999997,NA,NA,NA,NA,NA,NA,NA
"subtlex_uk",3,5268,"bigram","EN","token",119042,135607.000000001,NA,NA,NA,NA,NA,NA,NA
"subtlex_uk",3,5268,"bigram","EO","token",79.0000000000006,3724.00000000001,NA,NA,NA,NA,NA,NA,NA
"subtlex_uk",3,5268,"bigram","EP","token",124,15097.0000000001,NA,NA,NA,NA,NA,NA,NA
"subtlex_uk",3,5268,"bigram","EQ","token",0,6.00000000000005,NA,NA,NA,NA,NA,NA,NA
"subtlex_uk",3,5268,"bigram","ER","token",24284,372804.000000001,NA,NA,NA,NA,NA,NA,NA
"subtlex_uk",3,5268,"bigram","ES","token",930.000000000001,350701,NA,NA,NA,NA,NA,NA,NA
"subtlex_uk",3,5268,"bigram","ET","token",2036.99999999999,1111341,NA,NA,NA,NA,NA,NA,NA
"subtlex_uk",3,5268,"bigram","EU","token",61.9999999999998,206.000000000001,NA,NA,NA,NA,NA,NA,NA
"subtlex_uk",3,5268,"bigram","EV","token",4582.99999999997,4850,NA,NA,NA,NA,NA,NA,NA
"subtlex_uk",3,5268,"bigram","EW","token",663.000000000005,289018.999999998,NA,NA,NA,NA,NA,NA,NA
"subtlex_uk",3,5268,"bigram","EX","token",143.000000000001,14976.0000000001,NA,NA,NA,NA,NA,NA,NA
"subtlex_uk",3,5268,"bigram","EY","token",27162.9999999999,78657.9999999997,NA,NA,NA,NA,NA,NA,NA
"subtlex_uk",3,5268,"bigram","EZ","token",24.0000000000001,866.000000000006,NA,NA,NA,NA,NA,NA,NA
"subtlex_uk",3,5268,"bigram","FA","token",107772.000000001,365.000000000001,NA,NA,NA,NA,NA,NA,NA
"subtlex_uk",3,5268,"bigram","FB","token",855.999999999997,9.9999999999999,NA,NA,NA,NA,NA,NA,NA
"subtlex_uk",3,5268,"bigram","FC","token",70.9999999999993,342.999999999999,NA,NA,NA,NA,NA,NA,NA
"subtlex_uk",3,5268,"bigram","FD","token",102,8.99999999999999,NA,NA,NA,NA,NA,NA,NA
"subtlex_uk",3,5268,"bigram","FE","token",104026.999999999,35.0000000000001,NA,NA,NA,NA,NA,NA,NA
"subtlex_uk",3,5268,"bigram","FF","token",102,244713.000000002,NA,NA,NA,NA,NA,NA,NA
"subtlex_uk",3,5268,"bigram","FG","token",63.0000000000004,61.0000000000003,NA,NA,NA,NA,NA,NA,NA
"subtlex_uk",3,5268,"bigram","FH","token",40.9999999999999,0,NA,NA,NA,NA,NA,NA,NA
"subtlex_uk",3,5268,"bigram","FI","token",28314.9999999999,520,NA,NA,NA,NA,NA,NA,NA
"subtlex_uk",3,5268,"bigram","FJ","token",0,4.00000000000001,NA,NA,NA,NA,NA,NA,NA
"subtlex_uk",3,5268,"bigram","FK","token",0,255.999999999997,NA,NA,NA,NA,NA,NA,NA
"subtlex_uk",3,5268,"bigram","FL","token",17941.9999999999,165.000000000001,NA,NA,NA,NA,NA,NA,NA
"subtlex_uk",3,5268,"bigram","FM","token",2.99999999999998,35.0000000000002,NA,NA,NA,NA,NA,NA,NA
"subtlex_uk",3,5268,"bigram","FN","token",0,4.99999999999996,NA,NA,NA,NA,NA,NA,NA
"subtlex_uk",3,5268,"bigram","FO","token",1716533.99999999,457.000000000004,NA,NA,NA,NA,NA,NA,NA
"subtlex_uk",3,5268,"bigram","FP","token",12.9999999999999,40,NA,NA,NA,NA,NA,NA,NA
"subtlex_uk",3,5268,"bigram","FQ","token",0,0,NA,NA,NA,NA,NA,NA,NA
"subtlex_uk",3,5268,"bigram","FR","token",3581.00000000002,44,NA,NA,NA,NA,NA,NA,NA
"subtlex_uk",3,5268,"bigram","FS","token",537.999999999998,497.000000000001,NA,NA,NA,NA,NA,NA,NA
"subtlex_uk",3,5268,"bigram","FT","token",21.9999999999998,398.000000000001,NA,NA,NA,NA,NA,NA,NA
"subtlex_uk",3,5268,"bigram","FU","token",43444.0000000005,134.000000000001,NA,NA,NA,NA,NA,NA,NA
"subtlex_uk",3,5268,"bigram","FV","token",0,0,NA,NA,NA,NA,NA,NA,NA
"subtlex_uk",3,5268,"bigram","FW","token",1.99999999999998,0,NA,NA,NA,NA,NA,NA,NA
"subtlex_uk",3,5268,"bigram","FX","token",4.99999999999995,4.99999999999995,NA,NA,NA,NA,NA,NA,NA
"subtlex_uk",3,5268,"bigram","FY","token",48.0000000000001,8.00000000000003,NA,NA,NA,NA,NA,NA,NA
"subtlex_uk",3,5268,"bigram","FZ","token",1.99999999999998,0,NA,NA,NA,NA,NA,NA,NA
"subtlex_uk",3,5268,"bigram","GA","token",29496.0000000001,523.999999999998,NA,NA,NA,NA,NA,NA,NA
"subtlex_uk",3,5268,"bigram","GB","token",160,320.999999999998,NA,NA,NA,NA,NA,NA,NA
"subtlex_uk",3,5268,"bigram","GC","token",255.999999999998,106,NA,NA,NA,NA,NA,NA,NA
"subtlex_uk",3,5268,"bigram","GD","token",1567.99999999999,6.00000000000005,NA,NA,NA,NA,NA,NA,NA
"subtlex_uk",3,5268,"bigram","GE","token",623166.000000002,30667.0000000003,NA,NA,NA,NA,NA,NA,NA
"subtlex_uk",3,5268,"bigram","GF","token",6.99999999999999,25.0000000000001,NA,NA,NA,NA,NA,NA,NA
"subtlex_uk",3,5268,"bigram","GG","token",24,12761.0000000001,NA,NA,NA,NA,NA,NA,NA
"subtlex_uk",3,5268,"bigram","GH","token",85.0000000000002,5225.00000000004,NA,NA,NA,NA,NA,NA,NA
"subtlex_uk",3,5268,"bigram","GI","token",4869.00000000002,406.999999999996,NA,NA,NA,NA,NA,NA,NA
"subtlex_uk",3,5268,"bigram","GJ","token",0,0,NA,NA,NA,NA,NA,NA,NA
"subtlex_uk",3,5268,"bigram","GK","token",4.99999999999995,0,NA,NA,NA,NA,NA,NA,NA
"subtlex_uk",3,5268,"bigram","GL","token",271.000000000001,0,NA,NA,NA,NA,NA,NA,NA
"subtlex_uk",3,5268,"bigram","GM","token",661.999999999998,319.999999999999,NA,NA,NA,NA,NA,NA,NA
"subtlex_uk",3,5268,"bigram","GN","token",107,12.9999999999999,NA,NA,NA,NA,NA,NA,NA
"subtlex_uk",3,5268,"bigram","GO","token",640672.000000007,64747.0000000003,NA,NA,NA,NA,NA,NA,NA
"subtlex_uk",3,5268,"bigram","GP","token",2125.00000000002,12,NA,NA,NA,NA,NA,NA,NA
"subtlex_uk",3,5268,"bigram","GQ","token",0,0,NA,NA,NA,NA,NA,NA,NA
"subtlex_uk",3,5268,"bigram","GR","token",638.000000000001,13,NA,NA,NA,NA,NA,NA,NA
"subtlex_uk",3,5268,"bigram","GS","token",88.0000000000001,212,NA,NA,NA,NA,NA,NA,NA
"subtlex_uk",3,5268,"bigram","GT","token",244.000000000001,255.000000000001,NA,NA,NA,NA,NA,NA,NA
"subtlex_uk",3,5268,"bigram","GU","token",41827.0000000004,0,NA,NA,NA,NA,NA,NA,NA
"subtlex_uk",3,5268,"bigram","GV","token",6.99999999999993,163,NA,NA,NA,NA,NA,NA,NA
"subtlex_uk",3,5268,"bigram","GW","token",27.0000000000001,1.99999999999998,NA,NA,NA,NA,NA,NA,NA
"subtlex_uk",3,5268,"bigram","GX","token",0,0,NA,NA,NA,NA,NA,NA,NA
"subtlex_uk",3,5268,"bigram","GY","token",3181.00000000001,4.00000000000001,NA,NA,NA,NA,NA,NA,NA
"subtlex_uk",3,5268,"bigram","GZ","token",1.99999999999998,0,NA,NA,NA,NA,NA,NA,NA
"subtlex_uk",3,5268,"bigram","HA","token",1140684,6024.00000000002,NA,NA,NA,NA,NA,NA,NA
"subtlex_uk",3,5268,"bigram","HB","token",49.9999999999995,42,NA,NA,NA,NA,NA,NA,NA
"subtlex_uk",3,5268,"bigram","HC","token",68.0000000000003,112,NA,NA,NA,NA,NA,NA,NA
"subtlex_uk",3,5268,"bigram","HD","token",56.0000000000001,546.000000000003,NA,NA,NA,NA,NA,NA,NA
"subtlex_uk",3,5268,"bigram","HE","token",424107,9943576.00000009,NA,NA,NA,NA,NA,NA,NA
"subtlex_uk",3,5268,"bigram","HF","token",0,48.0000000000002,NA,NA,NA,NA,NA,NA,NA
"subtlex_uk",3,5268,"bigram","HG","token",120,3.99999999999996,NA,NA,NA,NA,NA,NA,NA
"subtlex_uk",3,5268,"bigram","HH","token",51.0000000000001,9853.00000000006,NA,NA,NA,NA,NA,NA,NA
"subtlex_uk",3,5268,"bigram","HI","token",862321.000000005,1101,NA,NA,NA,NA,NA,NA,NA
"subtlex_uk",3,5268,"bigram","HJ","token",11.0000000000001,0,NA,NA,NA,NA,NA,NA,NA
"subtlex_uk",3,5268,"bigram","HK","token",0,48.9999999999998,NA,NA,NA,NA,NA,NA,NA
"subtlex_uk",3,5268,"bigram","HL","token",10.9999999999999,56,NA,NA,NA,NA,NA,NA,NA
"subtlex_uk",3,5268,"bigram","HM","token",16243.0000000002,158,NA,NA,NA,NA,NA,NA,NA
"subtlex_uk",3,5268,"bigram","HN","token",25.0000000000001,26.0000000000001,NA,NA,NA,NA,NA,NA,NA
"subtlex_uk",3,5268,"bigram","HO","token",477897.999999999,423715.999999999,NA,NA,NA,NA,NA,NA,NA
"subtlex_uk",3,5268,"bigram","HP","token",124,121.000000000001,NA,NA,NA,NA,NA,NA,NA
"subtlex_uk",3,5268,"bigram","HQ","token",15.9999999999999,11.0000000000001,NA,NA,NA,NA,NA,NA,NA
"subtlex_uk",3,5268,"bigram","HR","token",110,65.0000000000004,NA,NA,NA,NA,NA,NA,NA
"subtlex_uk",3,5268,"bigram","HS","token",250.999999999999,11426,NA,NA,NA,NA,NA,NA,NA
"subtlex_uk",3,5268,"bigram","HT","token",86.9999999999994,49.0000000000003,NA,NA,NA,NA,NA,NA,NA
"subtlex_uk",3,5268,"bigram","HU","token",22718.0000000002,361,NA,NA,NA,NA,NA,NA,NA
"subtlex_uk",3,5268,"bigram","HV","token",19.9999999999999,2.99999999999998,NA,NA,NA,NA,NA,NA,NA
"subtlex_uk",3,5268,"bigram","HW","token",28.0000000000001,50.0000000000004,NA,NA,NA,NA,NA,NA,NA
"subtlex_uk",3,5268,"bigram","HX","token",1.99999999999998,0,NA,NA,NA,NA,NA,NA,NA
"subtlex_uk",3,5268,"bigram","HY","token",90.0000000000003,218474.999999999,NA,NA,NA,NA,NA,NA,NA
"subtlex_uk",3,5268,"bigram","HZ","token",0,4.99999999999996,NA,NA,NA,NA,NA,NA,NA
"subtlex_uk",3,5268,"bigram","IA","token",16600.0000000001,6257.99999999996,NA,NA,NA,NA,NA,NA,NA
"subtlex_uk",3,5268,"bigram","IB","token",354.000000000001,9009.99999999999,NA,NA,NA,NA,NA,NA,NA
"subtlex_uk",3,5268,"bigram","IC","token",21527.9999999998,5109,NA,NA,NA,NA,NA,NA,NA
"subtlex_uk",3,5268,"bigram","ID","token",468.000000000002,531696.000000002,NA,NA,NA,NA,NA,NA,NA
"subtlex_uk",3,5268,"bigram","IE","token",441.999999999996,43758.0000000001,NA,NA,NA,NA,NA,NA,NA
"subtlex_uk",3,5268,"bigram","IF","token",436.000000000003,141,NA,NA,NA,NA,NA,NA,NA
"subtlex_uk",3,5268,"bigram","IG","token",60.0000000000003,195072.999999999,NA,NA,NA,NA,NA,NA,NA
"subtlex_uk",3,5268,"bigram","IH","token",78.0000000000006,32.9999999999999,NA,NA,NA,NA,NA,NA,NA
"subtlex_uk",3,5268,"bigram","II","token",1525.00000000002,2357.00000000001,NA,NA,NA,NA,NA,NA,NA
"subtlex_uk",3,5268,"bigram","IJ","token",0,127,NA,NA,NA,NA,NA,NA,NA
"subtlex_uk",3,5268,"bigram","IK","token",190.999999999999,734.999999999997,NA,NA,NA,NA,NA,NA,NA
"subtlex_uk",3,5268,"bigram","IL","token",8049.00000000007,21442.0000000002,NA,NA,NA,NA,NA,NA,NA
"subtlex_uk",3,5268,"bigram","IM","token",2489.99999999998,343916.000000001,NA,NA,NA,NA,NA,NA,NA
"subtlex_uk",3,5268,"bigram","IN","token",4810.00000000002,83687.0000000005,NA,NA,NA,NA,NA,NA,NA
"subtlex_uk",3,5268,"bigram","IO","token",346,3216.99999999998,NA,NA,NA,NA,NA,NA,NA
"subtlex_uk",3,5268,"bigram","IP","token",167,27551.0000000001,NA,NA,NA,NA,NA,NA,NA
"subtlex_uk",3,5268,"bigram","IQ","token",8.0000000000001,0,NA,NA,NA,NA,NA,NA,NA
"subtlex_uk",3,5268,"bigram","IR","token",1916.99999999999,74605.0000000001,NA,NA,NA,NA,NA,NA,NA
"subtlex_uk",3,5268,"bigram","IS","token",2420.00000000001,505867.000000004,NA,NA,NA,NA,NA,NA,NA
"subtlex_uk",3,5268,"bigram","IT","token",120777.999999999,353493.000000002,NA,NA,NA,NA,NA,NA,NA
"subtlex_uk",3,5268,"bigram","IU","token",41,400.000000000002,NA,NA,NA,NA,NA,NA,NA
"subtlex_uk",3,5268,"bigram","IV","token",1516,1691.99999999999,NA,NA,NA,NA,NA,NA,NA
"subtlex_uk",3,5268,"bigram","IW","token",38,0,NA,NA,NA,NA,NA,NA,NA
"subtlex_uk",3,5268,"bigram","IX","token",1.99999999999998,77705.0000000006,NA,NA,NA,NA,NA,NA,NA
"subtlex_uk",3,5268,"bigram","IY","token",21.0000000000002,1646.99999999999,NA,NA,NA,NA,NA,NA,NA
"subtlex_uk",3,5268,"bigram","IZ","token",39.0000000000003,5113.00000000001,NA,NA,NA,NA,NA,NA,NA
"subtlex_uk",3,5268,"bigram","JA","token",17254,11.0000000000001,NA,NA,NA,NA,NA,NA,NA
"subtlex_uk",3,5268,"bigram","JB","token",19.0000000000001,51.0000000000001,NA,NA,NA,NA,NA,NA,NA
"subtlex_uk",3,5268,"bigram","JC","token",124,0,NA,NA,NA,NA,NA,NA,NA
"subtlex_uk",3,5268,"bigram","JD","token",2.99999999999998,33.0000000000004,NA,NA,NA,NA,NA,NA,NA
"subtlex_uk",3,5268,"bigram","JE","token",6258.00000000001,0,NA,NA,NA,NA,NA,NA,NA
"subtlex_uk",3,5268,"bigram","JF","token",250.999999999997,0,NA,NA,NA,NA,NA,NA,NA
"subtlex_uk",3,5268,"bigram","JG","token",0,0,NA,NA,NA,NA,NA,NA,NA
"subtlex_uk",3,5268,"bigram","JH","token",24.0000000000001,0,NA,NA,NA,NA,NA,NA,NA
"subtlex_uk",3,5268,"bigram","JI","token",9876.99999999997,8.99999999999996,NA,NA,NA,NA,NA,NA,NA
"subtlex_uk",3,5268,"bigram","JJ","token",53.0000000000001,0,NA,NA,NA,NA,NA,NA,NA
"subtlex_uk",3,5268,"bigram","JK","token",0,11.0000000000001,NA,NA,NA,NA,NA,NA,NA
"subtlex_uk",3,5268,"bigram","JL","token",646.000000000003,0,NA,NA,NA,NA,NA,NA,NA
"subtlex_uk",3,5268,"bigram","JM","token",53.0000000000002,1.99999999999998,NA,NA,NA,NA,NA,NA,NA
"subtlex_uk",3,5268,"bigram","JN","token",161.999999999998,0,NA,NA,NA,NA,NA,NA,NA
"subtlex_uk",3,5268,"bigram","JO","token",104107,46.0000000000004,NA,NA,NA,NA,NA,NA,NA
"subtlex_uk",3,5268,"bigram","JP","token",82.9999999999999,39,NA,NA,NA,NA,NA,NA,NA
"subtlex_uk",3,5268,"bigram","JQ","token",0,1.99999999999998,NA,NA,NA,NA,NA,NA,NA
"subtlex_uk",3,5268,"bigram","JR","token",60.9999999999994,1.99999999999998,NA,NA,NA,NA,NA,NA,NA
"subtlex_uk",3,5268,"bigram","JS","token",43.0000000000001,449.999999999997,NA,NA,NA,NA,NA,NA,NA
"subtlex_uk",3,5268,"bigram","JT","token",1.99999999999998,0,NA,NA,NA,NA,NA,NA,NA
"subtlex_uk",3,5268,"bigram","JU","token",3117.99999999999,0,NA,NA,NA,NA,NA,NA,NA
"subtlex_uk",3,5268,"bigram","JV","token",12,0,NA,NA,NA,NA,NA,NA,NA
"subtlex_uk",3,5268,"bigram","JW","token",4.99999999999995,0,NA,NA,NA,NA,NA,NA,NA
"subtlex_uk",3,5268,"bigram","JX","token",4.00000000000001,0,NA,NA,NA,NA,NA,NA,NA
"subtlex_uk",3,5268,"bigram","JY","token",0,0,NA,NA,NA,NA,NA,NA,NA
"subtlex_uk",3,5268,"bigram","JZ","token",0,0,NA,NA,NA,NA,NA,NA,NA
"subtlex_uk",3,5268,"bigram","KA","token",6795.00000000007,562.999999999999,NA,NA,NA,NA,NA,NA,NA
"subtlex_uk",3,5268,"bigram","KB","token",14.9999999999999,8.00000000000003,NA,NA,NA,NA,NA,NA,NA
"subtlex_uk",3,5268,"bigram","KC","token",21.0000000000002,0,NA,NA,NA,NA,NA,NA,NA
"subtlex_uk",3,5268,"bigram","KD","token",0,15.0000000000001,NA,NA,NA,NA,NA,NA,NA
"subtlex_uk",3,5268,"bigram","KE","token",32809.0000000001,306.999999999999,NA,NA,NA,NA,NA,NA,NA
"subtlex_uk",3,5268,"bigram","KF","token",150.999999999999,0,NA,NA,NA,NA,NA,NA,NA
"subtlex_uk",3,5268,"bigram","KG","token",316.999999999998,20,NA,NA,NA,NA,NA,NA,NA
"subtlex_uk",3,5268,"bigram","KH","token",25.0000000000001,1.99999999999998,NA,NA,NA,NA,NA,NA,NA
"subtlex_uk",3,5268,"bigram","KI","token",23577.0000000001,1895.99999999999,NA,NA,NA,NA,NA,NA,NA
"subtlex_uk",3,5268,"bigram","KJ","token",0,0,NA,NA,NA,NA,NA,NA,NA
"subtlex_uk",3,5268,"bigram","KK","token",27,45.0000000000001,NA,NA,NA,NA,NA,NA,NA
"subtlex_uk",3,5268,"bigram","KL","token",113,0,NA,NA,NA,NA,NA,NA,NA
"subtlex_uk",3,5268,"bigram","KM","token",14.9999999999999,1.99999999999998,NA,NA,NA,NA,NA,NA,NA
"subtlex_uk",3,5268,"bigram","KN","token",19.9999999999999,4.99999999999995,NA,NA,NA,NA,NA,NA,NA
"subtlex_uk",3,5268,"bigram","KO","token",419.000000000001,52.0000000000002,NA,NA,NA,NA,NA,NA,NA
"subtlex_uk",3,5268,"bigram","KP","token",45.0000000000001,8.0000000000001,NA,NA,NA,NA,NA,NA,NA
"subtlex_uk",3,5268,"bigram","KQ","token",0,0,NA,NA,NA,NA,NA,NA,NA
"subtlex_uk",3,5268,"bigram","KR","token",29,16,NA,NA,NA,NA,NA,NA,NA
"subtlex_uk",3,5268,"bigram","KS","token",61.9999999999999,17,NA,NA,NA,NA,NA,NA,NA
"subtlex_uk",3,5268,"bigram","KT","token",20,6.99999999999999,NA,NA,NA,NA,NA,NA,NA
"subtlex_uk",3,5268,"bigram","KU","token",207.000000000001,4.99999999999996,NA,NA,NA,NA,NA,NA,NA
"subtlex_uk",3,5268,"bigram","KV","token",0,0,NA,NA,NA,NA,NA,NA,NA
"subtlex_uk",3,5268,"bigram","KW","token",46.0000000000003,1.99999999999998,NA,NA,NA,NA,NA,NA,NA
"subtlex_uk",3,5268,"bigram","KX","token",0,0,NA,NA,NA,NA,NA,NA,NA
"subtlex_uk",3,5268,"bigram","KY","token",521.999999999998,12401,NA,NA,NA,NA,NA,NA,NA
"subtlex_uk",3,5268,"bigram","KZ","token",0,1.99999999999998,NA,NA,NA,NA,NA,NA,NA
"subtlex_uk",3,5268,"bigram","LA","token",50584.9999999999,1795.99999999999,NA,NA,NA,NA,NA,NA,NA
"subtlex_uk",3,5268,"bigram","LB","token",275.000000000001,35.0000000000001,NA,NA,NA,NA,NA,NA,NA
"subtlex_uk",3,5268,"bigram","LC","token",118.000000000001,704.999999999996,NA,NA,NA,NA,NA,NA,NA
"subtlex_uk",3,5268,"bigram","LD","token",44,125705.999999999,NA,NA,NA,NA,NA,NA,NA
"subtlex_uk",3,5268,"bigram","LE","token",340025.000000002,1697,NA,NA,NA,NA,NA,NA,NA
"subtlex_uk",3,5268,"bigram","LF","token",58.9999999999997,1343,NA,NA,NA,NA,NA,NA,NA
"subtlex_uk",3,5268,"bigram","LG","token",253.999999999998,28,NA,NA,NA,NA,NA,NA,NA
"subtlex_uk",3,5268,"bigram","LH","token",73.0000000000006,1.99999999999998,NA,NA,NA,NA,NA,NA,NA
"subtlex_uk",3,5268,"bigram","LI","token",31592.9999999999,5332.99999999997,NA,NA,NA,NA,NA,NA,NA
"subtlex_uk",3,5268,"bigram","LJ","token",0,0,NA,NA,NA,NA,NA,NA,NA
"subtlex_uk",3,5268,"bigram","LK","token",12.0000000000001,382.999999999999,NA,NA,NA,NA,NA,NA,NA
"subtlex_uk",3,5268,"bigram","LL","token",96.0000000000003,858863.000000007,NA,NA,NA,NA,NA,NA,NA
"subtlex_uk",3,5268,"bigram","LM","token",62.0000000000003,564.000000000001,NA,NA,NA,NA,NA,NA,NA
"subtlex_uk",3,5268,"bigram","LN","token",25.0000000000001,8.99999999999997,NA,NA,NA,NA,NA,NA,NA
"subtlex_uk",3,5268,"bigram","LO","token",228055.000000001,704.999999999999,NA,NA,NA,NA,NA,NA,NA
"subtlex_uk",3,5268,"bigram","LP","token",146,175.000000000001,NA,NA,NA,NA,NA,NA,NA
"subtlex_uk",3,5268,"bigram","LQ","token",0,0,NA,NA,NA,NA,NA,NA,NA
"subtlex_uk",3,5268,"bigram","LR","token",34.0000000000001,76.9999999999998,NA,NA,NA,NA,NA,NA,NA
"subtlex_uk",3,5268,"bigram","LS","token",334.000000000001,1033,NA,NA,NA,NA,NA,NA,NA
"subtlex_uk",3,5268,"bigram","LT","token",539.000000000002,213,NA,NA,NA,NA,NA,NA,NA
"subtlex_uk",3,5268,"bigram","LU","token",906.999999999998,1743.00000000001,NA,NA,NA,NA,NA,NA,NA
"subtlex_uk",3,5268,"bigram","LV","token",10.0000000000001,7.99999999999992,NA,NA,NA,NA,NA,NA,NA
"subtlex_uk",3,5268,"bigram","LW","token",18.9999999999999,1.99999999999998,NA,NA,NA,NA,NA,NA,NA
"subtlex_uk",3,5268,"bigram","LX","token",1.99999999999998,0,NA,NA,NA,NA,NA,NA,NA
"subtlex_uk",3,5268,"bigram","LY","token",460.000000000002,17140.9999999999,NA,NA,NA,NA,NA,NA,NA
"subtlex_uk",3,5268,"bigram","LZ","token",0,12,NA,NA,NA,NA,NA,NA,NA
"subtlex_uk",3,5268,"bigram","MA","token",276099.000000002,754.999999999999,NA,NA,NA,NA,NA,NA,NA
"subtlex_uk",3,5268,"bigram","MB","token",381.999999999999,146.999999999999,NA,NA,NA,NA,NA,NA,NA
"subtlex_uk",3,5268,"bigram","MC","token",204,309.999999999999,NA,NA,NA,NA,NA,NA,NA
"subtlex_uk",3,5268,"bigram","MD","token",110,148,NA,NA,NA,NA,NA,NA,NA
"subtlex_uk",3,5268,"bigram","ME","token",81440.0000000004,361.999999999998,NA,NA,NA,NA,NA,NA,NA
"subtlex_uk",3,5268,"bigram","MF","token",29,2629.99999999998,NA,NA,NA,NA,NA,NA,NA
"subtlex_uk",3,5268,"bigram","MG","token",228.999999999999,239.000000000001,NA,NA,NA,NA,NA,NA,NA
"subtlex_uk",3,5268,"bigram","MH","token",16.9999999999998,39,NA,NA,NA,NA,NA,NA,NA
"subtlex_uk",3,5268,"bigram","MI","token",23832.0000000001,814.000000000002,NA,NA,NA,NA,NA,NA,NA
"subtlex_uk",3,5268,"bigram","MJ","token",1.99999999999998,28.0000000000001,NA,NA,NA,NA,NA,NA,NA
"subtlex_uk",3,5268,"bigram","MK","token",6.99999999999993,0,NA,NA,NA,NA,NA,NA,NA
"subtlex_uk",3,5268,"bigram","ML","token",382.999999999999,9.9999999999999,NA,NA,NA,NA,NA,NA,NA
"subtlex_uk",3,5268,"bigram","MM","token",12608.0000000001,27782.0000000003,NA,NA,NA,NA,NA,NA,NA
"subtlex_uk",3,5268,"bigram","MN","token",21.9999999999998,29.9999999999999,NA,NA,NA,NA,NA,NA,NA
"subtlex_uk",3,5268,"bigram","MO","token",11994,365.999999999999,NA,NA,NA,NA,NA,NA,NA
"subtlex_uk",3,5268,"bigram","MP","token",12233,424.000000000001,NA,NA,NA,NA,NA,NA,NA
"subtlex_uk",3,5268,"bigram","MQ","token",46.0000000000002,17.0000000000001,NA,NA,NA,NA,NA,NA,NA
"subtlex_uk",3,5268,"bigram","MR","token",19642.9999999999,214.999999999999,NA,NA,NA,NA,NA,NA,NA
"subtlex_uk",3,5268,"bigram","MS","token",566.000000000001,1765.00000000001,NA,NA,NA,NA,NA,NA,NA
"subtlex_uk",3,5268,"bigram","MT","token",349.999999999998,544.000000000001,NA,NA,NA,NA,NA,NA,NA
"subtlex_uk",3,5268,"bigram","MU","token",65165.0000000001,251.999999999999,NA,NA,NA,NA,NA,NA,NA
"subtlex_uk",3,5268,"bigram","MV","token",22.9999999999999,89.0000000000005,NA,NA,NA,NA,NA,NA,NA
"subtlex_uk",3,5268,"bigram","MW","token",98.9999999999999,703,NA,NA,NA,NA,NA,NA,NA
"subtlex_uk",3,5268,"bigram","MX","token",1.99999999999998,253.999999999998,NA,NA,NA,NA,NA,NA,NA
"subtlex_uk",3,5268,"bigram","MY","token",104.000000000001,6644.00000000004,NA,NA,NA,NA,NA,NA,NA
"subtlex_uk",3,5268,"bigram","MZ","token",0,6.99999999999999,NA,NA,NA,NA,NA,NA,NA
"subtlex_uk",3,5268,"bigram","NA","token",13547,4278.99999999996,NA,NA,NA,NA,NA,NA,NA
"subtlex_uk",3,5268,"bigram","NB","token",260.000000000001,49.0000000000002,NA,NA,NA,NA,NA,NA,NA
"subtlex_uk",3,5268,"bigram","NC","token",112.000000000001,555.000000000003,NA,NA,NA,NA,NA,NA,NA
"subtlex_uk",3,5268,"bigram","ND","token",49.0000000000003,4374815.00000004,NA,NA,NA,NA,NA,NA,NA
"subtlex_uk",3,5268,"bigram","NE","token",202815.999999999,740350.000000004,NA,NA,NA,NA,NA,NA,NA
"subtlex_uk",3,5268,"bigram","NF","token",182.000000000001,8.99999999999999,NA,NA,NA,NA,NA,NA,NA
"subtlex_uk",3,5268,"bigram","NG","token",195,1770.00000000001,NA,NA,NA,NA,NA,NA,NA
"subtlex_uk",3,5268,"bigram","NH","token",11035,166.000000000001,NA,NA,NA,NA,NA,NA,NA
"subtlex_uk",3,5268,"bigram","NI","token",3996.99999999999,907.000000000001,NA,NA,NA,NA,NA,NA,NA
"subtlex_uk",3,5268,"bigram","NJ","token",0,12.0000000000001,NA,NA,NA,NA,NA,NA,NA
"subtlex_uk",3,5268,"bigram","NK","token",0,2136.00000000001,NA,NA,NA,NA,NA,NA,NA
"subtlex_uk",3,5268,"bigram","NL","token",35,18.0000000000001,NA,NA,NA,NA,NA,NA,NA
"subtlex_uk",3,5268,"bigram","NM","token",164.999999999998,1.99999999999998,NA,NA,NA,NA,NA,NA,NA
"subtlex_uk",3,5268,"bigram","NN","token",105,5517.99999999997,NA,NA,NA,NA,NA,NA,NA
"subtlex_uk",3,5268,"bigram","NO","token",1628313,529,NA,NA,NA,NA,NA,NA,NA
"subtlex_uk",3,5268,"bigram","NP","token",47.0000000000002,7614.00000000002,NA,NA,NA,NA,NA,NA,NA
"subtlex_uk",3,5268,"bigram","NQ","token",4.99999999999995,0,NA,NA,NA,NA,NA,NA,NA
"subtlex_uk",3,5268,"bigram","NR","token",63.0000000000002,262.999999999998,NA,NA,NA,NA,NA,NA,NA
"subtlex_uk",3,5268,"bigram","NS","token",83.0000000000005,1222.00000000001,NA,NA,NA,NA,NA,NA,NA
"subtlex_uk",3,5268,"bigram","NT","token",187,2033.99999999998,NA,NA,NA,NA,NA,NA,NA
"subtlex_uk",3,5268,"bigram","NU","token",3665.00000000001,90.0000000000002,NA,NA,NA,NA,NA,NA,NA
"subtlex_uk",3,5268,"bigram","NV","token",132.000000000001,0,NA,NA,NA,NA,NA,NA,NA
"subtlex_uk",3,5268,"bigram","NW","token",30,8.0000000000001,NA,NA,NA,NA,NA,NA,NA
"subtlex_uk",3,5268,"bigram","NX","token",5.99999999999999,1.99999999999998,NA,NA,NA,NA,NA,NA,NA
"subtlex_uk",3,5268,"bigram","NY","token",255.999999999998,207406.999999998,NA,NA,NA,NA,NA,NA,NA
"subtlex_uk",3,5268,"bigram","NZ","token",0,5.99999999999995,NA,NA,NA,NA,NA,NA,NA
"subtlex_uk",3,5268,"bigram","OA","token",4029.99999999998,591.000000000001,NA,NA,NA,NA,NA,NA,NA
"subtlex_uk",3,5268,"bigram","OB","token",1219,106675,NA,NA,NA,NA,NA,NA,NA
"subtlex_uk",3,5268,"bigram","OC","token",944.999999999994,2201,NA,NA,NA,NA,NA,NA,NA
"subtlex_uk",3,5268,"bigram","OD","token",10322,61294.0000000004,NA,NA,NA,NA,NA,NA,NA
"subtlex_uk",3,5268,"bigram","OE","token",79.0000000000002,20135,NA,NA,NA,NA,NA,NA,NA
"subtlex_uk",3,5268,"bigram","OF","token",244388.000000002,1090.99999999999,NA,NA,NA,NA,NA,NA,NA
"subtlex_uk",3,5268,"bigram","OG","token",35.9999999999997,38075.0000000002,NA,NA,NA,NA,NA,NA,NA
"subtlex_uk",3,5268,"bigram","OH","token",3721.00000000004,41567.9999999998,NA,NA,NA,NA,NA,NA,NA
"subtlex_uk",3,5268,"bigram","OI","token",19234.0000000002,1421,NA,NA,NA,NA,NA,NA,NA
"subtlex_uk",3,5268,"bigram","OJ","token",43.0000000000003,24.9999999999999,NA,NA,NA,NA,NA,NA,NA
"subtlex_uk",3,5268,"bigram","OK","token",45.9999999999998,5599.00000000003,NA,NA,NA,NA,NA,NA,NA
"subtlex_uk",3,5268,"bigram","OL","token",127110.999999999,1811,NA,NA,NA,NA,NA,NA,NA
"subtlex_uk",3,5268,"bigram","OM","token",280.000000000001,31496.9999999999,NA,NA,NA,NA,NA,NA,NA
"subtlex_uk",3,5268,"bigram","ON","token",741098.000000004,100977.000000001,NA,NA,NA,NA,NA,NA,NA
"subtlex_uk",3,5268,"bigram","OO","token",44738.9999999998,215950.000000001,NA,NA,NA,NA,NA,NA,NA
"subtlex_uk",3,5268,"bigram","OP","token",1237,115817.000000001,NA,NA,NA,NA,NA,NA,NA
"subtlex_uk",3,5268,"bigram","OQ","token",0,89.9999999999992,NA,NA,NA,NA,NA,NA,NA
"subtlex_uk",3,5268,"bigram","OR","token",1516.00000000001,1714486.99999999,NA,NA,NA,NA,NA,NA,NA
"subtlex_uk",3,5268,"bigram","OS","token",208.000000000001,59217.0000000005,NA,NA,NA,NA,NA,NA,NA
"subtlex_uk",3,5268,"bigram","OT","token",163,1890816,NA,NA,NA,NA,NA,NA,NA
"subtlex_uk",3,5268,"bigram","OU","token",948565.000000005,4180733.00000006,NA,NA,NA,NA,NA,NA,NA
"subtlex_uk",3,5268,"bigram","OV","token",133.000000000001,262,NA,NA,NA,NA,NA,NA,NA
"subtlex_uk",3,5268,"bigram","OW","token",111706,1072900,NA,NA,NA,NA,NA,NA,NA
"subtlex_uk",3,5268,"bigram","OX","token",103,34536.0000000001,NA,NA,NA,NA,NA,NA,NA
"subtlex_uk",3,5268,"bigram","OY","token",51.9999999999998,56870,NA,NA,NA,NA,NA,NA,NA
"subtlex_uk",3,5268,"bigram","OZ","token",14.0000000000001,658.999999999999,NA,NA,NA,NA,NA,NA,NA
"subtlex_uk",3,5268,"bigram","PA","token",81656.0000000006,1418,NA,NA,NA,NA,NA,NA,NA
"subtlex_uk",3,5268,"bigram","PB","token",58.0000000000001,27.0000000000001,NA,NA,NA,NA,NA,NA,NA
"subtlex_uk",3,5268,"bigram","PC","token",979.000000000003,202,NA,NA,NA,NA,NA,NA,NA
"subtlex_uk",3,5268,"bigram","PD","token",113,57.0000000000001,NA,NA,NA,NA,NA,NA,NA
"subtlex_uk",3,5268,"bigram","PE","token",28879.0000000001,569.000000000001,NA,NA,NA,NA,NA,NA,NA
"subtlex_uk",3,5268,"bigram","PF","token",629.000000000001,34,NA,NA,NA,NA,NA,NA,NA
"subtlex_uk",3,5268,"bigram","PG","token",187.000000000001,140.999999999999,NA,NA,NA,NA,NA,NA,NA
"subtlex_uk",3,5268,"bigram","PH","token",682.000000000004,1235,NA,NA,NA,NA,NA,NA,NA
"subtlex_uk",3,5268,"bigram","PI","token",22988,681.999999999996,NA,NA,NA,NA,NA,NA,NA
"subtlex_uk",3,5268,"bigram","PJ","token",72.0000000000006,0,NA,NA,NA,NA,NA,NA,NA
"subtlex_uk",3,5268,"bigram","PK","token",23,8.99999999999996,NA,NA,NA,NA,NA,NA,NA
"subtlex_uk",3,5268,"bigram","PL","token",546.999999999998,817.000000000005,NA,NA,NA,NA,NA,NA,NA
"subtlex_uk",3,5268,"bigram","PM","token",142.000000000001,120.000000000001,NA,NA,NA,NA,NA,NA,NA
"subtlex_uk",3,5268,"bigram","PN","token",92.0000000000005,17.0000000000002,NA,NA,NA,NA,NA,NA,NA
"subtlex_uk",3,5268,"bigram","PO","token",41485.0000000002,178.000000000001,NA,NA,NA,NA,NA,NA,NA
"subtlex_uk",3,5268,"bigram","PP","token",548.999999999998,1068,NA,NA,NA,NA,NA,NA,NA
"subtlex_uk",3,5268,"bigram","PQ","token",0,0,NA,NA,NA,NA,NA,NA,NA
"subtlex_uk",3,5268,"bigram","PR","token",9711.99999999999,1307,NA,NA,NA,NA,NA,NA,NA
"subtlex_uk",3,5268,"bigram","PS","token",252,16678,NA,NA,NA,NA,NA,NA,NA
"subtlex_uk",3,5268,"bigram","PT","token",179,1397,NA,NA,NA,NA,NA,NA,NA
"subtlex_uk",3,5268,"bigram","PU","token",209891.999999999,72.0000000000002,NA,NA,NA,NA,NA,NA,NA
"subtlex_uk",3,5268,"bigram","PV","token",234,84.9999999999996,NA,NA,NA,NA,NA,NA,NA
"subtlex_uk",3,5268,"bigram","PW","token",45.0000000000003,5.99999999999999,NA,NA,NA,NA,NA,NA,NA
"subtlex_uk",3,5268,"bigram","PX","token",0,0,NA,NA,NA,NA,NA,NA,NA
"subtlex_uk",3,5268,"bigram","PY","token",302.000000000002,2833,NA,NA,NA,NA,NA,NA,NA
"subtlex_uk",3,5268,"bigram","PZ","token",0,6.99999999999993,NA,NA,NA,NA,NA,NA,NA
"subtlex_uk",3,5268,"bigram","QA","token",29.0000000000001,21.0000000000002,NA,NA,NA,NA,NA,NA,NA
"subtlex_uk",3,5268,"bigram","QB","token",1.99999999999998,0,NA,NA,NA,NA,NA,NA,NA
"subtlex_uk",3,5268,"bigram","QC","token",26.0000000000001,67.0000000000005,NA,NA,NA,NA,NA,NA,NA
"subtlex_uk",3,5268,"bigram","QD","token",2.99999999999998,4.00000000000001,NA,NA,NA,NA,NA,NA,NA
"subtlex_uk",3,5268,"bigram","QE","token",121,1.99999999999998,NA,NA,NA,NA,NA,NA,NA
"subtlex_uk",3,5268,"bigram","QF","token",0,0,NA,NA,NA,NA,NA,NA,NA
"subtlex_uk",3,5268,"bigram","QG","token",0,8.99999999999999,NA,NA,NA,NA,NA,NA,NA
"subtlex_uk",3,5268,"bigram","QH","token",0,0,NA,NA,NA,NA,NA,NA,NA
"subtlex_uk",3,5268,"bigram","QI","token",49.0000000000001,0,NA,NA,NA,NA,NA,NA,NA
"subtlex_uk",3,5268,"bigram","QJ","token",0,0,NA,NA,NA,NA,NA,NA,NA
"subtlex_uk",3,5268,"bigram","QK","token",0,0,NA,NA,NA,NA,NA,NA,NA
"subtlex_uk",3,5268,"bigram","QL","token",0,0,NA,NA,NA,NA,NA,NA,NA
"subtlex_uk",3,5268,"bigram","QM","token",36,46.0000000000002,NA,NA,NA,NA,NA,NA,NA
"subtlex_uk",3,5268,"bigram","QN","token",1.99999999999998,0,NA,NA,NA,NA,NA,NA,NA
"subtlex_uk",3,5268,"bigram","QO","token",26.0000000000001,0,NA,NA,NA,NA,NA,NA,NA
"subtlex_uk",3,5268,"bigram","QP","token",833.000000000002,0,NA,NA,NA,NA,NA,NA,NA
"subtlex_uk",3,5268,"bigram","QQ","token",0,0,NA,NA,NA,NA,NA,NA,NA
"subtlex_uk",3,5268,"bigram","QR","token",2.99999999999998,0,NA,NA,NA,NA,NA,NA,NA
"subtlex_uk",3,5268,"bigram","QS","token",0,15,NA,NA,NA,NA,NA,NA,NA
"subtlex_uk",3,5268,"bigram","QT","token",1.99999999999998,4.99999999999995,NA,NA,NA,NA,NA,NA,NA
"subtlex_uk",3,5268,"bigram","QU","token",2130,2.99999999999998,NA,NA,NA,NA,NA,NA,NA
"subtlex_uk",3,5268,"bigram","QV","token",66.0000000000005,0,NA,NA,NA,NA,NA,NA,NA
"subtlex_uk",3,5268,"bigram","QW","token",0,0,NA,NA,NA,NA,NA,NA,NA
"subtlex_uk",3,5268,"bigram","QX","token",0,0,NA,NA,NA,NA,NA,NA,NA
"subtlex_uk",3,5268,"bigram","QY","token",0,0,NA,NA,NA,NA,NA,NA,NA
"subtlex_uk",3,5268,"bigram","QZ","token",0,0,NA,NA,NA,NA,NA,NA,NA
"subtlex_uk",3,5268,"bigram","RA","token",37267.0000000002,8279,NA,NA,NA,NA,NA,NA,NA
"subtlex_uk",3,5268,"bigram","RB","token",1195.99999999999,317,NA,NA,NA,NA,NA,NA,NA
"subtlex_uk",3,5268,"bigram","RC","token",169.999999999999,785.999999999995,NA,NA,NA,NA,NA,NA,NA
"subtlex_uk",3,5268,"bigram","RD","token",109.000000000001,256.999999999999,NA,NA,NA,NA,NA,NA,NA
"subtlex_uk",3,5268,"bigram","RE","token",55995.9999999999,1341673,NA,NA,NA,NA,NA,NA,NA
"subtlex_uk",3,5268,"bigram","RF","token",115.000000000001,177.000000000001,NA,NA,NA,NA,NA,NA,NA
"subtlex_uk",3,5268,"bigram","RG","token",75.0000000000004,111,NA,NA,NA,NA,NA,NA,NA
"subtlex_uk",3,5268,"bigram","RH","token",378.999999999998,145,NA,NA,NA,NA,NA,NA,NA
"subtlex_uk",3,5268,"bigram","RI","token",20710.0000000002,2412.00000000002,NA,NA,NA,NA,NA,NA,NA
"subtlex_uk",3,5268,"bigram","RJ","token",0,6.00000000000005,NA,NA,NA,NA,NA,NA,NA
"subtlex_uk",3,5268,"bigram","RK","token",18,737.999999999999,NA,NA,NA,NA,NA,NA,NA
"subtlex_uk",3,5268,"bigram","RL","token",15.0000000000001,49.0000000000001,NA,NA,NA,NA,NA,NA,NA
"subtlex_uk",3,5268,"bigram","RM","token",177.000000000001,27812.9999999998,NA,NA,NA,NA,NA,NA,NA
"subtlex_uk",3,5268,"bigram","RN","token",46.9999999999997,498.000000000003,NA,NA,NA,NA,NA,NA,NA
"subtlex_uk",3,5268,"bigram","RO","token",32538,4504.00000000001,NA,NA,NA,NA,NA,NA,NA
"subtlex_uk",3,5268,"bigram","RP","token",340.999999999998,154.000000000001,NA,NA,NA,NA,NA,NA,NA
"subtlex_uk",3,5268,"bigram","RQ","token",0,8.0000000000001,NA,NA,NA,NA,NA,NA,NA
"subtlex_uk",3,5268,"bigram","RR","token",338.999999999998,2255,NA,NA,NA,NA,NA,NA,NA
"subtlex_uk",3,5268,"bigram","RS","token",302.000000000002,19518.9999999999,NA,NA,NA,NA,NA,NA,NA
"subtlex_uk",3,5268,"bigram","RT","token",271,28385,NA,NA,NA,NA,NA,NA,NA
"subtlex_uk",3,5268,"bigram","RU","token",67645.9999999997,534.000000000003,NA,NA,NA,NA,NA,NA,NA
"subtlex_uk",3,5268,"bigram","RV","token",25.9999999999998,49.0000000000004,NA,NA,NA,NA,NA,NA,NA
"subtlex_uk",3,5268,"bigram","RW","token",15.9999999999999,4.99999999999996,NA,NA,NA,NA,NA,NA,NA
"subtlex_uk",3,5268,"bigram","RX","token",11.0000000000001,22.0000000000001,NA,NA,NA,NA,NA,NA,NA
"subtlex_uk",3,5268,"bigram","RY","token",667.999999999995,119056,NA,NA,NA,NA,NA,NA,NA
"subtlex_uk",3,5268,"bigram","RZ","token",0,10.9999999999999,NA,NA,NA,NA,NA,NA,NA
"subtlex_uk",3,5268,"bigram","SA","token",365266,4447,NA,NA,NA,NA,NA,NA,NA
"subtlex_uk",3,5268,"bigram","SB","token",22,301.999999999999,NA,NA,NA,NA,NA,NA,NA
"subtlex_uk",3,5268,"bigram","SC","token",585.999999999998,289.000000000001,NA,NA,NA,NA,NA,NA,NA
"subtlex_uk",3,5268,"bigram","SD","token",176.999999999999,241.000000000001,NA,NA,NA,NA,NA,NA,NA
"subtlex_uk",3,5268,"bigram","SE","token",561452.000000004,74559.9999999995,NA,NA,NA,NA,NA,NA,NA
"subtlex_uk",3,5268,"bigram","SF","token",250,111,NA,NA,NA,NA,NA,NA,NA
"subtlex_uk",3,5268,"bigram","SG","token",259.000000000001,67.9999999999998,NA,NA,NA,NA,NA,NA,NA
"subtlex_uk",3,5268,"bigram","SH","token",532216.000000001,6265.00000000002,NA,NA,NA,NA,NA,NA,NA
"subtlex_uk",3,5268,"bigram","SI","token",132057.000000001,570.999999999999,NA,NA,NA,NA,NA,NA,NA
"subtlex_uk",3,5268,"bigram","SJ","token",15.9999999999998,53.0000000000001,NA,NA,NA,NA,NA,NA,NA
"subtlex_uk",3,5268,"bigram","SK","token",14124.9999999999,51918.0000000006,NA,NA,NA,NA,NA,NA,NA
"subtlex_uk",3,5268,"bigram","SL","token",584.000000000003,85.9999999999999,NA,NA,NA,NA,NA,NA,NA
"subtlex_uk",3,5268,"bigram","SM","token",165.000000000001,169,NA,NA,NA,NA,NA,NA,NA
"subtlex_uk",3,5268,"bigram","SN","token",7090.00000000001,56.0000000000004,NA,NA,NA,NA,NA,NA,NA
"subtlex_uk",3,5268,"bigram","SO","token",33613.0000000004,119.000000000001,NA,NA,NA,NA,NA,NA,NA
"subtlex_uk",3,5268,"bigram","SP","token",4891,593,NA,NA,NA,NA,NA,NA,NA
"subtlex_uk",3,5268,"bigram","SQ","token",6.99999999999999,31.0000000000003,NA,NA,NA,NA,NA,NA,NA
"subtlex_uk",3,5268,"bigram","SR","token",1343.00000000001,98.0000000000003,NA,NA,NA,NA,NA,NA,NA
"subtlex_uk",3,5268,"bigram","SS","token",1850.99999999999,3084.00000000001,NA,NA,NA,NA,NA,NA,NA
"subtlex_uk",3,5268,"bigram","ST","token",1072,1069,NA,NA,NA,NA,NA,NA,NA
"subtlex_uk",3,5268,"bigram","SU","token",35064.9999999997,36.9999999999999,NA,NA,NA,NA,NA,NA,NA
"subtlex_uk",3,5268,"bigram","SV","token",26.9999999999998,22,NA,NA,NA,NA,NA,NA,NA
"subtlex_uk",3,5268,"bigram","SW","token",79.0000000000002,8.99999999999996,NA,NA,NA,NA,NA,NA,NA
"subtlex_uk",3,5268,"bigram","SX","token",4.99999999999995,10.0000000000001,NA,NA,NA,NA,NA,NA,NA
"subtlex_uk",3,5268,"bigram","SY","token",286.999999999998,75.0000000000002,NA,NA,NA,NA,NA,NA,NA
"subtlex_uk",3,5268,"bigram","SZ","token",4.00000000000001,7.99999999999997,NA,NA,NA,NA,NA,NA,NA
"subtlex_uk",3,5268,"bigram","TA","token",45628.0000000002,700.000000000003,NA,NA,NA,NA,NA,NA,NA
"subtlex_uk",3,5268,"bigram","TB","token",25.9999999999999,44.0000000000002,NA,NA,NA,NA,NA,NA,NA
"subtlex_uk",3,5268,"bigram","TC","token",203.000000000001,2026.99999999998,NA,NA,NA,NA,NA,NA,NA
"subtlex_uk",3,5268,"bigram","TD","token",40.0000000000002,659.000000000002,NA,NA,NA,NA,NA,NA,NA
"subtlex_uk",3,5268,"bigram","TE","token",76397.0000000004,3380.00000000001,NA,NA,NA,NA,NA,NA,NA
"subtlex_uk",3,5268,"bigram","TF","token",63.0000000000001,47,NA,NA,NA,NA,NA,NA,NA
"subtlex_uk",3,5268,"bigram","TG","token",26.9999999999999,13.0000000000001,NA,NA,NA,NA,NA,NA,NA
"subtlex_uk",3,5268,"bigram","TH","token",9420861.00000009,207,NA,NA,NA,NA,NA,NA,NA
"subtlex_uk",3,5268,"bigram","TI","token",33801.9999999999,236,NA,NA,NA,NA,NA,NA,NA
"subtlex_uk",3,5268,"bigram","TJ","token",0,0,NA,NA,NA,NA,NA,NA,NA
"subtlex_uk",3,5268,"bigram","TK","token",26.9999999999999,0,NA,NA,NA,NA,NA,NA,NA
"subtlex_uk",3,5268,"bigram","TL","token",498.999999999997,31,NA,NA,NA,NA,NA,NA,NA
"subtlex_uk",3,5268,"bigram","TM","token",371.999999999997,211,NA,NA,NA,NA,NA,NA,NA
"subtlex_uk",3,5268,"bigram","TN","token",107,118.000000000001,NA,NA,NA,NA,NA,NA,NA
"subtlex_uk",3,5268,"bigram","TO","token",294909.000000001,252,NA,NA,NA,NA,NA,NA,NA
"subtlex_uk",3,5268,"bigram","TP","token",46.9999999999998,164.000000000001,NA,NA,NA,NA,NA,NA,NA
"subtlex_uk",3,5268,"bigram","TQ","token",0,0,NA,NA,NA,NA,NA,NA,NA
"subtlex_uk",3,5268,"bigram","TR","token",90455.9999999997,69.0000000000002,NA,NA,NA,NA,NA,NA,NA
"subtlex_uk",3,5268,"bigram","TS","token",479.000000000001,119915.999999999,NA,NA,NA,NA,NA,NA,NA
"subtlex_uk",3,5268,"bigram","TT","token",77.0000000000001,211.000000000001,NA,NA,NA,NA,NA,NA,NA
"subtlex_uk",3,5268,"bigram","TU","token",3617.00000000001,656.999999999996,NA,NA,NA,NA,NA,NA,NA
"subtlex_uk",3,5268,"bigram","TV","token",442.000000000001,1438.99999999999,NA,NA,NA,NA,NA,NA,NA
"subtlex_uk",3,5268,"bigram","TW","token",301741.000000003,23.9999999999998,NA,NA,NA,NA,NA,NA,NA
"subtlex_uk",3,5268,"bigram","TX","token",11,2.99999999999998,NA,NA,NA,NA,NA,NA,NA
"subtlex_uk",3,5268,"bigram","TY","token",152,141.000000000001,NA,NA,NA,NA,NA,NA,NA
"subtlex_uk",3,5268,"bigram","TZ","token",58.9999999999995,13.9999999999999,NA,NA,NA,NA,NA,NA,NA
"subtlex_uk",3,5268,"bigram","UA","token",125.000000000001,240,NA,NA,NA,NA,NA,NA,NA
"subtlex_uk",3,5268,"bigram","UB","token",210,18856.0000000001,NA,NA,NA,NA,NA,NA,NA
"subtlex_uk",3,5268,"bigram","UC","token",238,913.999999999995,NA,NA,NA,NA,NA,NA,NA
"subtlex_uk",3,5268,"bigram","UD","token",233.000000000001,6726.99999999996,NA,NA,NA,NA,NA,NA,NA
"subtlex_uk",3,5268,"bigram","UE","token",60.0000000000003,26573.9999999999,NA,NA,NA,NA,NA,NA,NA
"subtlex_uk",3,5268,"bigram","UF","token",497.000000000004,321.000000000001,NA,NA,NA,NA,NA,NA,NA
"subtlex_uk",3,5268,"bigram","UG","token",2620.00000000003,13273,NA,NA,NA,NA,NA,NA,NA
"subtlex_uk",3,5268,"bigram","UH","token",379.000000000002,17531.0000000001,NA,NA,NA,NA,NA,NA,NA
"subtlex_uk",3,5268,"bigram","UI","token",15.9999999999998,2417,NA,NA,NA,NA,NA,NA,NA
"subtlex_uk",3,5268,"bigram","UJ","token",0,31.0000000000002,NA,NA,NA,NA,NA,NA,NA
"subtlex_uk",3,5268,"bigram","UK","token",126,346,NA,NA,NA,NA,NA,NA,NA
"subtlex_uk",3,5268,"bigram","UL","token",95.0000000000005,753.999999999998,NA,NA,NA,NA,NA,NA,NA
"subtlex_uk",3,5268,"bigram","UM","token",606.999999999996,74927.0000000001,NA,NA,NA,NA,NA,NA,NA
"subtlex_uk",3,5268,"bigram","UN","token",2620,134375,NA,NA,NA,NA,NA,NA,NA
"subtlex_uk",3,5268,"bigram","UO","token",0,2183.00000000001,NA,NA,NA,NA,NA,NA,NA
"subtlex_uk",3,5268,"bigram","UP","token",3264.99999999999,31704,NA,NA,NA,NA,NA,NA,NA
"subtlex_uk",3,5268,"bigram","UQ","token",0,42.0000000000003,NA,NA,NA,NA,NA,NA,NA
"subtlex_uk",3,5268,"bigram","UR","token",747.000000000002,338859.999999998,NA,NA,NA,NA,NA,NA,NA
"subtlex_uk",3,5268,"bigram","US","token",77277.9999999995,13674.9999999999,NA,NA,NA,NA,NA,NA,NA
"subtlex_uk",3,5268,"bigram","UT","token",202,2021312.00000002,NA,NA,NA,NA,NA,NA,NA
"subtlex_uk",3,5268,"bigram","UU","token",236.000000000003,356.999999999999,NA,NA,NA,NA,NA,NA,NA
"subtlex_uk",3,5268,"bigram","UV","token",313.999999999998,1001.00000000001,NA,NA,NA,NA,NA,NA,NA
"subtlex_uk",3,5268,"bigram","UW","token",38.0000000000001,628,NA,NA,NA,NA,NA,NA,NA
"subtlex_uk",3,5268,"bigram","UX","token",6.00000000000005,312,NA,NA,NA,NA,NA,NA,NA
"subtlex_uk",3,5268,"bigram","UY","token",1.99999999999998,75728.0000000004,NA,NA,NA,NA,NA,NA,NA
"subtlex_uk",3,5268,"bigram","UZ","token",20,320.999999999999,NA,NA,NA,NA,NA,NA,NA
"subtlex_uk",3,5268,"bigram","VA","token",15129.0000000001,1364,NA,NA,NA,NA,NA,NA,NA
"subtlex_uk",3,5268,"bigram","VB","token",1.99999999999998,16.0000000000001,NA,NA,NA,NA,NA,NA,NA
"subtlex_uk",3,5268,"bigram","VC","token",44.0000000000001,210,NA,NA,NA,NA,NA,NA,NA
"subtlex_uk",3,5268,"bigram","VD","token",1.99999999999998,1739,NA,NA,NA,NA,NA,NA,NA
"subtlex_uk",3,5268,"bigram","VE","token",6508.99999999997,4123.99999999997,NA,NA,NA,NA,NA,NA,NA
"subtlex_uk",3,5268,"bigram","VF","token",3.99999999999996,757.999999999996,NA,NA,NA,NA,NA,NA,NA
"subtlex_uk",3,5268,"bigram","VG","token",6.00000000000005,4.99999999999995,NA,NA,NA,NA,NA,NA,NA
"subtlex_uk",3,5268,"bigram","VH","token",114.000000000001,0,NA,NA,NA,NA,NA,NA,NA
"subtlex_uk",3,5268,"bigram","VI","token",7787.99999999997,267.000000000002,NA,NA,NA,NA,NA,NA,NA
"subtlex_uk",3,5268,"bigram","VJ","token",0,0,NA,NA,NA,NA,NA,NA,NA
"subtlex_uk",3,5268,"bigram","VK","token",0,0,NA,NA,NA,NA,NA,NA,NA
"subtlex_uk",3,5268,"bigram","VL","token",15.9999999999998,0,NA,NA,NA,NA,NA,NA,NA
"subtlex_uk",3,5268,"bigram","VM","token",8.99999999999991,24.0000000000001,NA,NA,NA,NA,NA,NA,NA
"subtlex_uk",3,5268,"bigram","VN","token",1.99999999999998,1.99999999999998,NA,NA,NA,NA,NA,NA,NA
"subtlex_uk",3,5268,"bigram","VO","token",2051.00000000001,207.999999999999,NA,NA,NA,NA,NA,NA,NA
"subtlex_uk",3,5268,"bigram","VP","token",21.0000000000002,26.9999999999998,NA,NA,NA,NA,NA,NA,NA
"subtlex_uk",3,5268,"bigram","VQ","token",0,119.000000000001,NA,NA,NA,NA,NA,NA,NA
"subtlex_uk",3,5268,"bigram","VR","token",16.9999999999998,72,NA,NA,NA,NA,NA,NA,NA
"subtlex_uk",3,5268,"bigram","VS","token",18,562.000000000003,NA,NA,NA,NA,NA,NA,NA
"subtlex_uk",3,5268,"bigram","VT","token",59.0000000000002,46,NA,NA,NA,NA,NA,NA,NA
"subtlex_uk",3,5268,"bigram","VU","token",174.000000000001,1.99999999999998,NA,NA,NA,NA,NA,NA,NA
"subtlex_uk",3,5268,"bigram","VV","token",9.9999999999999,16.9999999999998,NA,NA,NA,NA,NA,NA,NA
"subtlex_uk",3,5268,"bigram","VW","token",8.99999999999999,0,NA,NA,NA,NA,NA,NA,NA
"subtlex_uk",3,5268,"bigram","VX","token",13.9999999999999,0,NA,NA,NA,NA,NA,NA,NA
"subtlex_uk",3,5268,"bigram","VY","token",4.00000000000001,877.000000000005,NA,NA,NA,NA,NA,NA,NA
"subtlex_uk",3,5268,"bigram","VZ","token",0,0,NA,NA,NA,NA,NA,NA,NA
"subtlex_uk",3,5268,"bigram","WA","token",1822922,396.000000000001,NA,NA,NA,NA,NA,NA,NA
"subtlex_uk",3,5268,"bigram","WB","token",123.000000000001,45.9999999999999,NA,NA,NA,NA,NA,NA,NA
"subtlex_uk",3,5268,"bigram","WC","token",12,24.0000000000001,NA,NA,NA,NA,NA,NA,NA
"subtlex_uk",3,5268,"bigram","WD","token",25.9999999999999,0,NA,NA,NA,NA,NA,NA,NA
"subtlex_uk",3,5268,"bigram","WE","token",26395.9999999999,5581.00000000001,NA,NA,NA,NA,NA,NA,NA
"subtlex_uk",3,5268,"bigram","WF","token",12.0000000000001,55.0000000000005,NA,NA,NA,NA,NA,NA,NA
"subtlex_uk",3,5268,"bigram","WG","token",1.99999999999998,0,NA,NA,NA,NA,NA,NA,NA
"subtlex_uk",3,5268,"bigram","WH","token",636946.999999998,18.0000000000001,NA,NA,NA,NA,NA,NA,NA
"subtlex_uk",3,5268,"bigram","WI","token",65717.0000000005,171,NA,NA,NA,NA,NA,NA,NA
"subtlex_uk",3,5268,"bigram","WJ","token",0,0,NA,NA,NA,NA,NA,NA,NA
"subtlex_uk",3,5268,"bigram","WK","token",13.0000000000001,28.9999999999998,NA,NA,NA,NA,NA,NA,NA
"subtlex_uk",3,5268,"bigram","WL","token",11,2374,NA,NA,NA,NA,NA,NA,NA
"subtlex_uk",3,5268,"bigram","WM","token",432.999999999997,184,NA,NA,NA,NA,NA,NA,NA
"subtlex_uk",3,5268,"bigram","WN","token",7.99999999999992,105197,NA,NA,NA,NA,NA,NA,NA
"subtlex_uk",3,5268,"bigram","WO","token",94723.9999999998,301600.000000003,NA,NA,NA,NA,NA,NA,NA
"subtlex_uk",3,5268,"bigram","WP","token",123,202,NA,NA,NA,NA,NA,NA,NA
"subtlex_uk",3,5268,"bigram","WQ","token",0,0,NA,NA,NA,NA,NA,NA,NA
"subtlex_uk",3,5268,"bigram","WR","token",269.000000000001,59.0000000000002,NA,NA,NA,NA,NA,NA,NA
"subtlex_uk",3,5268,"bigram","WS","token",17.9999999999999,29,NA,NA,NA,NA,NA,NA,NA
"subtlex_uk",3,5268,"bigram","WT","token",129,218.000000000002,NA,NA,NA,NA,NA,NA,NA
"subtlex_uk",3,5268,"bigram","WU","token",304,12.0000000000001,NA,NA,NA,NA,NA,NA,NA
"subtlex_uk",3,5268,"bigram","WV","token",17.0000000000001,5.99999999999999,NA,NA,NA,NA,NA,NA,NA
"subtlex_uk",3,5268,"bigram","WW","token",251.000000000001,1835,NA,NA,NA,NA,NA,NA,NA
"subtlex_uk",3,5268,"bigram","WX","token",0,0,NA,NA,NA,NA,NA,NA,NA
"subtlex_uk",3,5268,"bigram","WY","token",1362,11,NA,NA,NA,NA,NA,NA,NA
"subtlex_uk",3,5268,"bigram","WZ","token",0,0,NA,NA,NA,NA,NA,NA,NA
"subtlex_uk",3,5268,"bigram","XA","token",34.0000000000001,62.9999999999994,NA,NA,NA,NA,NA,NA,NA
"subtlex_uk",3,5268,"bigram","XB","token",0,13,NA,NA,NA,NA,NA,NA,NA
"subtlex_uk",3,5268,"bigram","XC","token",0,2.99999999999998,NA,NA,NA,NA,NA,NA,NA
"subtlex_uk",3,5268,"bigram","XD","token",0,0,NA,NA,NA,NA,NA,NA,NA
"subtlex_uk",3,5268,"bigram","XE","token",13,1501.00000000001,NA,NA,NA,NA,NA,NA,NA
"subtlex_uk",3,5268,"bigram","XF","token",10.0000000000001,1.99999999999998,NA,NA,NA,NA,NA,NA,NA
"subtlex_uk",3,5268,"bigram","XG","token",0,0,NA,NA,NA,NA,NA,NA,NA
"subtlex_uk",3,5268,"bigram","XH","token",0,0,NA,NA,NA,NA,NA,NA,NA
"subtlex_uk",3,5268,"bigram","XI","token",253.999999999999,30.9999999999998,NA,NA,NA,NA,NA,NA,NA
"subtlex_uk",3,5268,"bigram","XJ","token",20.9999999999999,0,NA,NA,NA,NA,NA,NA,NA
"subtlex_uk",3,5268,"bigram","XK","token",8.99999999999999,0,NA,NA,NA,NA,NA,NA,NA
"subtlex_uk",3,5268,"bigram","XL","token",13.9999999999999,79.0000000000006,NA,NA,NA,NA,NA,NA,NA
"subtlex_uk",3,5268,"bigram","XM","token",0,0,NA,NA,NA,NA,NA,NA,NA
"subtlex_uk",3,5268,"bigram","XN","token",0,0,NA,NA,NA,NA,NA,NA,NA
"subtlex_uk",3,5268,"bigram","XO","token",1.99999999999998,105,NA,NA,NA,NA,NA,NA,NA
"subtlex_uk",3,5268,"bigram","XP","token",0,6.99999999999993,NA,NA,NA,NA,NA,NA,NA
"subtlex_uk",3,5268,"bigram","XQ","token",0,0,NA,NA,NA,NA,NA,NA,NA
"subtlex_uk",3,5268,"bigram","XR","token",0,13.9999999999999,NA,NA,NA,NA,NA,NA,NA
"subtlex_uk",3,5268,"bigram","XS","token",0,4.00000000000001,NA,NA,NA,NA,NA,NA,NA
"subtlex_uk",3,5268,"bigram","XT","token",6.99999999999993,17.0000000000001,NA,NA,NA,NA,NA,NA,NA
"subtlex_uk",3,5268,"bigram","XU","token",25.0000000000001,1.99999999999998,NA,NA,NA,NA,NA,NA,NA
"subtlex_uk",3,5268,"bigram","XV","token",180.000000000002,0,NA,NA,NA,NA,NA,NA,NA
"subtlex_uk",3,5268,"bigram","XW","token",0,0,NA,NA,NA,NA,NA,NA,NA
"subtlex_uk",3,5268,"bigram","XX","token",29,31,NA,NA,NA,NA,NA,NA,NA
"subtlex_uk",3,5268,"bigram","XY","token",14.0000000000001,25.0000000000001,NA,NA,NA,NA,NA,NA,NA
"subtlex_uk",3,5268,"bigram","XZ","token",1.99999999999998,0,NA,NA,NA,NA,NA,NA,NA
"subtlex_uk",3,5268,"bigram","YA","token",7434.99999999999,231.000000000002,NA,NA,NA,NA,NA,NA,NA
"subtlex_uk",3,5268,"bigram","YB","token",4.00000000000001,0,NA,NA,NA,NA,NA,NA,NA
"subtlex_uk",3,5268,"bigram","YC","token",0,36.9999999999999,NA,NA,NA,NA,NA,NA,NA
"subtlex_uk",3,5268,"bigram","YD","token",4.00000000000001,370.999999999998,NA,NA,NA,NA,NA,NA,NA
"subtlex_uk",3,5268,"bigram","YE","token",414090,66745.9999999999,NA,NA,NA,NA,NA,NA,NA
"subtlex_uk",3,5268,"bigram","YF","token",4.99999999999995,51,NA,NA,NA,NA,NA,NA,NA
"subtlex_uk",3,5268,"bigram","YG","token",0,42.0000000000003,NA,NA,NA,NA,NA,NA,NA
"subtlex_uk",3,5268,"bigram","YH","token",70.0000000000007,0,NA,NA,NA,NA,NA,NA,NA
"subtlex_uk",3,5268,"bigram","YI","token",1096,372.999999999997,NA,NA,NA,NA,NA,NA,NA
"subtlex_uk",3,5268,"bigram","YJ","token",0,0,NA,NA,NA,NA,NA,NA,NA
"subtlex_uk",3,5268,"bigram","YK","token",0,14.0000000000001,NA,NA,NA,NA,NA,NA,NA
"subtlex_uk",3,5268,"bigram","YL","token",5.99999999999994,56.0000000000002,NA,NA,NA,NA,NA,NA,NA
"subtlex_uk",3,5268,"bigram","YM","token",15.0000000000002,3480.00000000001,NA,NA,NA,NA,NA,NA,NA
"subtlex_uk",3,5268,"bigram","YN","token",4.00000000000001,1249,NA,NA,NA,NA,NA,NA,NA
"subtlex_uk",3,5268,"bigram","YO","token",4179959.00000006,78.0000000000004,NA,NA,NA,NA,NA,NA,NA
"subtlex_uk",3,5268,"bigram","YP","token",6.99999999999993,49.0000000000002,NA,NA,NA,NA,NA,NA,NA
"subtlex_uk",3,5268,"bigram","YQ","token",0,0,NA,NA,NA,NA,NA,NA,NA
"subtlex_uk",3,5268,"bigram","YR","token",6.99999999999993,314.999999999999,NA,NA,NA,NA,NA,NA,NA
"subtlex_uk",3,5268,"bigram","YS","token",3.99999999999996,95.9999999999993,NA,NA,NA,NA,NA,NA,NA
"subtlex_uk",3,5268,"bigram","YT","token",20.9999999999999,26.0000000000001,NA,NA,NA,NA,NA,NA,NA
"subtlex_uk",3,5268,"bigram","YU","token",4211,23.9999999999999,NA,NA,NA,NA,NA,NA,NA
"subtlex_uk",3,5268,"bigram","YV","token",0,0,NA,NA,NA,NA,NA,NA,NA
"subtlex_uk",3,5268,"bigram","YW","token",1.99999999999998,32,NA,NA,NA,NA,NA,NA,NA
"subtlex_uk",3,5268,"bigram","YX","token",0,2.99999999999998,NA,NA,NA,NA,NA,NA,NA
"subtlex_uk",3,5268,"bigram","YY","token",1.99999999999998,14.9999999999999,NA,NA,NA,NA,NA,NA,NA
"subtlex_uk",3,5268,"bigram","YZ","token",0,69.0000000000004,NA,NA,NA,NA,NA,NA,NA
"subtlex_uk",3,5268,"bigram","ZA","token",2862.99999999999,15.0000000000001,NA,NA,NA,NA,NA,NA,NA
"subtlex_uk",3,5268,"bigram","ZB","token",17.0000000000001,0,NA,NA,NA,NA,NA,NA,NA
"subtlex_uk",3,5268,"bigram","ZC","token",0,0,NA,NA,NA,NA,NA,NA,NA
"subtlex_uk",3,5268,"bigram","ZD","token",0,0,NA,NA,NA,NA,NA,NA,NA
"subtlex_uk",3,5268,"bigram","ZE","token",1283,40.0000000000002,NA,NA,NA,NA,NA,NA,NA
"subtlex_uk",3,5268,"bigram","ZF","token",1.99999999999998,0,NA,NA,NA,NA,NA,NA,NA
"subtlex_uk",3,5268,"bigram","ZG","token",0,0,NA,NA,NA,NA,NA,NA,NA
"subtlex_uk",3,5268,"bigram","ZH","token",133,0,NA,NA,NA,NA,NA,NA,NA
"subtlex_uk",3,5268,"bigram","ZI","token",1557.99999999999,22,NA,NA,NA,NA,NA,NA,NA
"subtlex_uk",3,5268,"bigram","ZJ","token",0,1.99999999999998,NA,NA,NA,NA,NA,NA,NA
"subtlex_uk",3,5268,"bigram","ZK","token",0,0,NA,NA,NA,NA,NA,NA,NA
"subtlex_uk",3,5268,"bigram","ZL","token",0,0,NA,NA,NA,NA,NA,NA,NA
"subtlex_uk",3,5268,"bigram","ZM","token",0,0,NA,NA,NA,NA,NA,NA,NA
"subtlex_uk",3,5268,"bigram","ZN","token",0,0,NA,NA,NA,NA,NA,NA,NA
"subtlex_uk",3,5268,"bigram","ZO","token",6531.99999999999,1.99999999999998,NA,NA,NA,NA,NA,NA,NA
"subtlex_uk",3,5268,"bigram","ZP","token",0,4.00000000000001,NA,NA,NA,NA,NA,NA,NA
"subtlex_uk",3,5268,"bigram","ZQ","token",0,0,NA,NA,NA,NA,NA,NA,NA
"subtlex_uk",3,5268,"bigram","ZR","token",17,0,NA,NA,NA,NA,NA,NA,NA
"subtlex_uk",3,5268,"bigram","ZS","token",434.000000000004,0,NA,NA,NA,NA,NA,NA,NA
"subtlex_uk",3,5268,"bigram","ZT","token",2.99999999999998,6.00000000000005,NA,NA,NA,NA,NA,NA,NA
"subtlex_uk",3,5268,"bigram","ZU","token",159,60.9999999999994,NA,NA,NA,NA,NA,NA,NA
"subtlex_uk",3,5268,"bigram","ZV","token",0,0,NA,NA,NA,NA,NA,NA,NA
"subtlex_uk",3,5268,"bigram","ZW","token",2.99999999999998,0,NA,NA,NA,NA,NA,NA,NA
"subtlex_uk",3,5268,"bigram","ZX","token",0,0,NA,NA,NA,NA,NA,NA,NA
"subtlex_uk",3,5268,"bigram","ZY","token",4.99999999999995,28.0000000000001,NA,NA,NA,NA,NA,NA,NA
"subtlex_uk",3,5268,"bigram","ZZ","token",208.999999999999,368,NA,NA,NA,NA,NA,NA,NA
"subtlex_uk",4,11790,"bigram","AA","token",2224.00000000001,4082.00000000001,987,NA,NA,NA,NA,NA,NA
"subtlex_uk",4,11790,"bigram","AB","token",61311.9999999998,46014.9999999999,17150.0000000001,NA,NA,NA,NA,NA,NA
"subtlex_uk",4,11790,"bigram","AC","token",8964.00000000005,623093.999999999,388.999999999999,NA,NA,NA,NA,NA,NA
"subtlex_uk",4,11790,"bigram","AD","token",14468.0000000001,206051,234116,NA,NA,NA,NA,NA,NA
"subtlex_uk",4,11790,"bigram","AE","token",115,740,267,NA,NA,NA,NA,NA,NA
"subtlex_uk",4,11790,"bigram","AF","token",1502,33624.9999999998,7249.99999999998,NA,NA,NA,NA,NA,NA
"subtlex_uk",4,11790,"bigram","AG","token",11284.0000000001,25508,11851,NA,NA,NA,NA,NA,NA
"subtlex_uk",4,11790,"bigram","AH","token",3210,1675,385610.000000004,NA,NA,NA,NA,NA,NA
"subtlex_uk",4,11790,"bigram","AI","token",4642,504814.000000001,1694.00000000001,NA,NA,NA,NA,NA,NA
"subtlex_uk",4,11790,"bigram","AJ","token",479.999999999998,433.000000000003,32.9999999999998,NA,NA,NA,NA,NA,NA
"subtlex_uk",4,11790,"bigram","AK","token",597.000000000001,569741.000000005,12989,NA,NA,NA,NA,NA,NA
"subtlex_uk",4,11790,"bigram","AL","token",168251.999999999,414333,153902,NA,NA,NA,NA,NA,NA
"subtlex_uk",4,11790,"bigram","AM","token",5105.99999999999,373849.000000001,126785.000000001,NA,NA,NA,NA,NA,NA
"subtlex_uk",4,11790,"bigram","AN","token",44749,733865.000000003,418016.999999999,NA,NA,NA,NA,NA,NA
"subtlex_uk",4,11790,"bigram","AO","token",34.9999999999999,294.000000000002,765.000000000005,NA,NA,NA,NA,NA,NA
"subtlex_uk",4,11790,"bigram","AP","token",1186.00000000001,17235,29520,NA,NA,NA,NA,NA,NA
"subtlex_uk",4,11790,"bigram","AQ","token",302,0,5698.00000000006,NA,NA,NA,NA,NA,NA
"subtlex_uk",4,11790,"bigram","AR","token",100089,487682.000000001,360167.000000001,NA,NA,NA,NA,NA,NA
"subtlex_uk",4,11790,"bigram","AS","token",7461.00000000003,501993.000000002,9350.00000000003,NA,NA,NA,NA,NA,NA
"subtlex_uk",4,11790,"bigram","AT","token",1588.00000000001,177451,4439808.00000002,NA,NA,NA,NA,NA,NA
"subtlex_uk",4,11790,"bigram","AU","token",6407.00000000005,41794.0000000004,487,NA,NA,NA,NA,NA,NA
"subtlex_uk",4,11790,"bigram","AV","token",1630.99999999999,1679123.99999999,337,NA,NA,NA,NA,NA,NA
"subtlex_uk",4,11790,"bigram","AW","token",140288.999999998,17052,20295.0000000001,NA,NA,NA,NA,NA,NA
"subtlex_uk",4,11790,"bigram","AX","token",1220,4590,957.000000000002,NA,NA,NA,NA,NA,NA
"subtlex_uk",4,11790,"bigram","AY","token",533.000000000003,166077,301825.999999998,NA,NA,NA,NA,NA,NA
"subtlex_uk",4,11790,"bigram","AZ","token",183.999999999999,11624,540.000000000001,NA,NA,NA,NA,NA,NA
"subtlex_uk",4,11790,"bigram","BA","token",568279.999999999,849.000000000007,3147.99999999999,NA,NA,NA,NA,NA,NA
"subtlex_uk",4,11790,"bigram","BB","token",630.999999999999,2373.99999999999,1648.00000000001,NA,NA,NA,NA,NA,NA
"subtlex_uk",4,11790,"bigram","BC","token",10.0000000000001,625.999999999999,1570.99999999999,NA,NA,NA,NA,NA,NA
"subtlex_uk",4,11790,"bigram","BD","token",10.9999999999999,154.999999999999,1.99999999999998,NA,NA,NA,NA,NA,NA
"subtlex_uk",4,11790,"bigram","BE","token",743899.999999996,1220,10117,NA,NA,NA,NA,NA,NA
"subtlex_uk",4,11790,"bigram","BF","token",56,27,0,NA,NA,NA,NA,NA,NA
"subtlex_uk",4,11790,"bigram","BG","token",1.99999999999998,31.9999999999999,104,NA,NA,NA,NA,NA,NA
"subtlex_uk",4,11790,"bigram","BH","token",39.0000000000002,0,103.999999999999,NA,NA,NA,NA,NA,NA
"subtlex_uk",4,11790,"bigram","BI","token",74519.0000000001,201,638.999999999999,NA,NA,NA,NA,NA,NA
"subtlex_uk",4,11790,"bigram","BJ","token",0,0,4.99999999999995,NA,NA,NA,NA,NA,NA
"subtlex_uk",4,11790,"bigram","BK","token",0,0,0,NA,NA,NA,NA,NA,NA
"subtlex_uk",4,11790,"bigram","BL","token",48006.9999999999,59352.9999999998,45.9999999999998,NA,NA,NA,NA,NA,NA
"subtlex_uk",4,11790,"bigram","BM","token",52.0000000000001,1.99999999999998,10.0000000000001,NA,NA,NA,NA,NA,NA
"subtlex_uk",4,11790,"bigram","BN","token",7.99999999999997,4.00000000000001,2.99999999999998,NA,NA,NA,NA,NA,NA
"subtlex_uk",4,11790,"bigram","BO","token",276376.000000001,497.000000000001,2167,NA,NA,NA,NA,NA,NA
"subtlex_uk",4,11790,"bigram","BP","token",19,0,0,NA,NA,NA,NA,NA,NA
"subtlex_uk",4,11790,"bigram","BQ","token",0,4.00000000000001,0,NA,NA,NA,NA,NA,NA
"subtlex_uk",4,11790,"bigram","BR","token",10597,69.0000000000004,5.99999999999995,NA,NA,NA,NA,NA,NA
"subtlex_uk",4,11790,"bigram","BS","token",0,82.0000000000002,39802.9999999999,NA,NA,NA,NA,NA,NA
"subtlex_uk",4,11790,"bigram","BT","token",12.0000000000001,50.0000000000002,12556,NA,NA,NA,NA,NA,NA
"subtlex_uk",4,11790,"bigram","BU","token",59242.9999999999,80.0000000000006,108,NA,NA,NA,NA,NA,NA
"subtlex_uk",4,11790,"bigram","BV","token",2.99999999999998,18.0000000000002,0,NA,NA,NA,NA,NA,NA
"subtlex_uk",4,11790,"bigram","BW","token",69.0000000000004,0,134.000000000001,NA,NA,NA,NA,NA,NA
"subtlex_uk",4,11790,"bigram","BX","token",0,0,0,NA,NA,NA,NA,NA,NA
"subtlex_uk",4,11790,"bigram","BY","token",242,8.0000000000001,45711,NA,NA,NA,NA,NA,NA
"subtlex_uk",4,11790,"bigram","BZ","token",128.000000000001,0,191.999999999998,NA,NA,NA,NA,NA,NA
"subtlex_uk",4,11790,"bigram","CA","token",376599.000000001,5725.00000000002,2327,NA,NA,NA,NA,NA,NA
"subtlex_uk",4,11790,"bigram","CB","token",968.999999999993,33,10.0000000000001,NA,NA,NA,NA,NA,NA
"subtlex_uk",4,11790,"bigram","CC","token",2833.00000000001,173.000000000001,409.000000000003,NA,NA,NA,NA,NA,NA
"subtlex_uk",4,11790,"bigram","CD","token",21.9999999999998,17.9999999999999,333.000000000002,NA,NA,NA,NA,NA,NA
"subtlex_uk",4,11790,"bigram","CE","token",7131.99999999997,1035,303905.999999999,NA,NA,NA,NA,NA,NA
"subtlex_uk",4,11790,"bigram","CF","token",84.9999999999999,2.99999999999998,6.00000000000005,NA,NA,NA,NA,NA,NA
"subtlex_uk",4,11790,"bigram","CG","token",0,25.0000000000001,1.99999999999998,NA,NA,NA,NA,NA,NA
"subtlex_uk",4,11790,"bigram","CH","token",40144.9999999998,2551,422021.999999999,NA,NA,NA,NA,NA,NA
"subtlex_uk",4,11790,"bigram","CI","token",51523.0000000006,2085,236.999999999999,NA,NA,NA,NA,NA,NA
"subtlex_uk",4,11790,"bigram","CJ","token",0,6.00000000000005,0,NA,NA,NA,NA,NA,NA
"subtlex_uk",4,11790,"bigram","CK","token",9.9999999999999,233.000000000002,602128,NA,NA,NA,NA,NA,NA
"subtlex_uk",4,11790,"bigram","CL","token",48989.0000000003,58.0000000000002,6.99999999999994,NA,NA,NA,NA,NA,NA
"subtlex_uk",4,11790,"bigram","CM","token",10.0000000000001,187,1.99999999999998,NA,NA,NA,NA,NA,NA
"subtlex_uk",4,11790,"bigram","CN","token",42.9999999999998,176.999999999998,4.00000000000001,NA,NA,NA,NA,NA,NA
"subtlex_uk",4,11790,"bigram","CO","token",524999.000000001,2387.00000000002,4813.99999999999,NA,NA,NA,NA,NA,NA
"subtlex_uk",4,11790,"bigram","CP","token",42.0000000000004,38.9999999999998,1.99999999999998,NA,NA,NA,NA,NA,NA
"subtlex_uk",4,11790,"bigram","CQ","token",0,0,1.99999999999998,NA,NA,NA,NA,NA,NA
"subtlex_uk",4,11790,"bigram","CR","token",21683,1757.00000000002,6.00000000000005,NA,NA,NA,NA,NA,NA
"subtlex_uk",4,11790,"bigram","CS","token",57,960.999999999998,1426.00000000001,NA,NA,NA,NA,NA,NA
"subtlex_uk",4,11790,"bigram","CT","token",10.0000000000001,6927.00000000005,58566.0000000004,NA,NA,NA,NA,NA,NA
"subtlex_uk",4,11790,"bigram","CU","token",40391.0000000002,701.999999999999,62.0000000000001,NA,NA,NA,NA,NA,NA
"subtlex_uk",4,11790,"bigram","CV","token",0,3.99999999999996,0,NA,NA,NA,NA,NA,NA
"subtlex_uk",4,11790,"bigram","CW","token",12.9999999999999,0,0,NA,NA,NA,NA,NA,NA
"subtlex_uk",4,11790,"bigram","CX","token",0,0,0,NA,NA,NA,NA,NA,NA
"subtlex_uk",4,11790,"bigram","CY","token",131,0,8273.00000000001,NA,NA,NA,NA,NA,NA
"subtlex_uk",4,11790,"bigram","CZ","token",21.0000000000002,1.99999999999998,0,NA,NA,NA,NA,NA,NA
"subtlex_uk",4,11790,"bigram","DA","token",157209,10730.0000000001,2867.00000000001,NA,NA,NA,NA,NA,NA
"subtlex_uk",4,11790,"bigram","DB","token",0,4.99999999999995,10.0000000000001,NA,NA,NA,NA,NA,NA
"subtlex_uk",4,11790,"bigram","DC","token",51.0000000000002,3.99999999999996,16.9999999999999,NA,NA,NA,NA,NA,NA
"subtlex_uk",4,11790,"bigram","DD","token",27,6354.00000000003,4659.00000000001,NA,NA,NA,NA,NA,NA
"subtlex_uk",4,11790,"bigram","DE","token",162010.000000001,75450,291891.000000001,NA,NA,NA,NA,NA,NA
"subtlex_uk",4,11790,"bigram","DF","token",56.0000000000001,0,0,NA,NA,NA,NA,NA,NA
"subtlex_uk",4,11790,"bigram","DG","token",0,13065,15.0000000000001,NA,NA,NA,NA,NA,NA
"subtlex_uk",4,11790,"bigram","DH","token",126.000000000001,154.000000000001,11.0000000000001,NA,NA,NA,NA,NA,NA
"subtlex_uk",4,11790,"bigram","DI","token",74523.0000000002,1237,3025.00000000001,NA,NA,NA,NA,NA,NA
"subtlex_uk",4,11790,"bigram","DJ","token",0,0,6.99999999999993,NA,NA,NA,NA,NA,NA
"subtlex_uk",4,11790,"bigram","DK","token",10.0000000000001,0,0,NA,NA,NA,NA,NA,NA
"subtlex_uk",4,11790,"bigram","DL","token",16,1844.99999999999,114.000000000001,NA,NA,NA,NA,NA,NA
"subtlex_uk",4,11790,"bigram","DM","token",1.99999999999998,132,0,NA,NA,NA,NA,NA,NA
"subtlex_uk",4,11790,"bigram","DN","token",6.99999999999999,532.000000000004,39.0000000000002,NA,NA,NA,NA,NA,NA
"subtlex_uk",4,11790,"bigram","DO","token",749959.999999997,597.999999999995,2239,NA,NA,NA,NA,NA,NA
"subtlex_uk",4,11790,"bigram","DP","token",0,5.99999999999995,1.99999999999998,NA,NA,NA,NA,NA,NA
"subtlex_uk",4,11790,"bigram","DQ","token",0,0,0,NA,NA,NA,NA,NA,NA
"subtlex_uk",4,11790,"bigram","DR","token",49454,8.99999999999996,48.0000000000004,NA,NA,NA,NA,NA,NA
"subtlex_uk",4,11790,"bigram","DS","token",1.99999999999998,65.0000000000003,78998.0000000003,NA,NA,NA,NA,NA,NA
"subtlex_uk",4,11790,"bigram","DT","token",0,26,8.0000000000001,NA,NA,NA,NA,NA,NA
"subtlex_uk",4,11790,"bigram","DU","token",38645.0000000001,35.0000000000002,373.000000000002,NA,NA,NA,NA,NA,NA
"subtlex_uk",4,11790,"bigram","DV","token",942.000000000003,6.99999999999999,0,NA,NA,NA,NA,NA,NA
"subtlex_uk",4,11790,"bigram","DW","token",3.99999999999996,1.99999999999998,22.9999999999999,NA,NA,NA,NA,NA,NA
"subtlex_uk",4,11790,"bigram","DX","token",0,0,3.99999999999996,NA,NA,NA,NA,NA,NA
"subtlex_uk",4,11790,"bigram","DY","token",1467.00000000001,0,84270,NA,NA,NA,NA,NA,NA
"subtlex_uk",4,11790,"bigram","DZ","token",0,50.0000000000004,135.000000000001,NA,NA,NA,NA,NA,NA
"subtlex_uk",4,11790,"bigram","EA","token",159926.000000001,1310940.00000001,127272.000000001,NA,NA,NA,NA,NA,NA
"subtlex_uk",4,11790,"bigram","EB","token",837.000000000007,14561,425.000000000004,NA,NA,NA,NA,NA,NA
"subtlex_uk",4,11790,"bigram","EC","token",1810.00000000001,20149.9999999999,1703.00000000001,NA,NA,NA,NA,NA,NA
"subtlex_uk",4,11790,"bigram","ED","token",16049,14617,407794.999999999,NA,NA,NA,NA,NA,NA
"subtlex_uk",4,11790,"bigram","EE","token",1207.00000000001,1376282.99999999,63111.9999999999,NA,NA,NA,NA,NA,NA
"subtlex_uk",4,11790,"bigram","EF","token",91,96518.0000000005,17349.0000000001,NA,NA,NA,NA,NA,NA
"subtlex_uk",4,11790,"bigram","EG","token",11599.9999999999,18201.0000000001,4695,NA,NA,NA,NA,NA,NA
"subtlex_uk",4,11790,"bigram","EH","token",108,194,200.000000000001,NA,NA,NA,NA,NA,NA
"subtlex_uk",4,11790,"bigram","EI","token",299.000000000001,20604.0000000001,246.000000000001,NA,NA,NA,NA,NA,NA
"subtlex_uk",4,11790,"bigram","EJ","token",31.9999999999998,464.999999999998,9.9999999999999,NA,NA,NA,NA,NA,NA
"subtlex_uk",4,11790,"bigram","EK","token",48.9999999999998,435.000000000001,101723,NA,NA,NA,NA,NA,NA
"subtlex_uk",4,11790,"bigram","EL","token",67481.0000000003,933318.999999997,125910,NA,NA,NA,NA,NA,NA
"subtlex_uk",4,11790,"bigram","EM","token",7825.99999999993,15885,492408,NA,NA,NA,NA,NA,NA
"subtlex_uk",4,11790,"bigram","EN","token",8549.00000000003,192494,1621609,NA,NA,NA,NA,NA,NA
"subtlex_uk",4,11790,"bigram","EO","token",191.000000000001,3281.00000000001,1679.99999999999,NA,NA,NA,NA,NA,NA
"subtlex_uk",4,11790,"bigram","EP","token",2664.00000000003,23610.9999999998,158606,NA,NA,NA,NA,NA,NA
"subtlex_uk",4,11790,"bigram","EQ","token",8.99999999999991,5.99999999999995,26.0000000000001,NA,NA,NA,NA,NA,NA
"subtlex_uk",4,11790,"bigram","ER","token",7383.99999999996,1588080.00000001,392074.999999999,NA,NA,NA,NA,NA,NA
"subtlex_uk",4,11790,"bigram","ES","token",645.000000000004,297297.000000001,411372,NA,NA,NA,NA,NA,NA
"subtlex_uk",4,11790,"bigram","ET","token",1078.00000000001,69904.0000000001,83805.9999999998,NA,NA,NA,NA,NA,NA
"subtlex_uk",4,11790,"bigram","EU","token",9083.00000000006,1400,416.000000000001,NA,NA,NA,NA,NA,NA
"subtlex_uk",4,11790,"bigram","EV","token",246069,3023,721.000000000005,NA,NA,NA,NA,NA,NA
"subtlex_uk",4,11790,"bigram","EW","token",1608,55332.0000000006,108651,NA,NA,NA,NA,NA,NA
"subtlex_uk",4,11790,"bigram","EX","token",5173.99999999999,166336.999999998,16929,NA,NA,NA,NA,NA,NA
"subtlex_uk",4,11790,"bigram","EY","token",31932.0000000004,4431.99999999997,1367144.00000001,NA,NA,NA,NA,NA,NA
"subtlex_uk",4,11790,"bigram","EZ","token",70.0000000000007,100.999999999999,1490,NA,NA,NA,NA,NA,NA
"subtlex_uk",4,11790,"bigram","FA","token",241540,356.999999999999,5186.99999999997,NA,NA,NA,NA,NA,NA
"subtlex_uk",4,11790,"bigram","FB","token",28.0000000000001,8.99999999999991,0,NA,NA,NA,NA,NA,NA
"subtlex_uk",4,11790,"bigram","FC","token",1.99999999999998,37.0000000000003,40.0000000000001,NA,NA,NA,NA,NA,NA
"subtlex_uk",4,11790,"bigram","FD","token",1.99999999999998,2.99999999999998,28,NA,NA,NA,NA,NA,NA
"subtlex_uk",4,11790,"bigram","FE","token",210346,150.999999999999,189606,NA,NA,NA,NA,NA,NA
"subtlex_uk",4,11790,"bigram","FF","token",95.0000000000002,2958.00000000002,11100,NA,NA,NA,NA,NA,NA
"subtlex_uk",4,11790,"bigram","FG","token",0,1.99999999999998,17.9999999999999,NA,NA,NA,NA,NA,NA
"subtlex_uk",4,11790,"bigram","FH","token",0,0,2.99999999999998,NA,NA,NA,NA,NA,NA
"subtlex_uk",4,11790,"bigram","FI","token",428773.000000001,989.999999999996,782.000000000001,NA,NA,NA,NA,NA,NA
"subtlex_uk",4,11790,"bigram","FJ","token",0,0,0,NA,NA,NA,NA,NA,NA
"subtlex_uk",4,11790,"bigram","FK","token",0,0,0,NA,NA,NA,NA,NA,NA
"subtlex_uk",4,11790,"bigram","FL","token",44288.9999999999,4.99999999999996,82.0000000000003,NA,NA,NA,NA,NA,NA
"subtlex_uk",4,11790,"bigram","FM","token",13.0000000000001,1.99999999999998,1.99999999999998,NA,NA,NA,NA,NA,NA
"subtlex_uk",4,11790,"bigram","FN","token",0,0,71.0000000000007,NA,NA,NA,NA,NA,NA
"subtlex_uk",4,11790,"bigram","FO","token",219263,330.000000000001,273.999999999998,NA,NA,NA,NA,NA,NA
"subtlex_uk",4,11790,"bigram","FP","token",14.9999999999999,27,0,NA,NA,NA,NA,NA,NA
"subtlex_uk",4,11790,"bigram","FQ","token",0,0,0,NA,NA,NA,NA,NA,NA
"subtlex_uk",4,11790,"bigram","FR","token",675193.999999997,294.000000000002,55.9999999999998,NA,NA,NA,NA,NA,NA
"subtlex_uk",4,11790,"bigram","FS","token",7.99999999999997,65,2407.00000000002,NA,NA,NA,NA,NA,NA
"subtlex_uk",4,11790,"bigram","FT","token",347.000000000003,113,125328.000000001,NA,NA,NA,NA,NA,NA
"subtlex_uk",4,11790,"bigram","FU","token",80828.9999999999,18.0000000000001,242.999999999998,NA,NA,NA,NA,NA,NA
"subtlex_uk",4,11790,"bigram","FV","token",0,0,0,NA,NA,NA,NA,NA,NA
"subtlex_uk",4,11790,"bigram","FW","token",0,1.99999999999998,0,NA,NA,NA,NA,NA,NA
"subtlex_uk",4,11790,"bigram","FX","token",0,0,1.99999999999998,NA,NA,NA,NA,NA,NA
"subtlex_uk",4,11790,"bigram","FY","token",100.000000000001,0,755.999999999999,NA,NA,NA,NA,NA,NA
"subtlex_uk",4,11790,"bigram","FZ","token",0,0,0,NA,NA,NA,NA,NA,NA
"subtlex_uk",4,11790,"bigram","GA","token",138368.000000001,229.000000000001,5806,NA,NA,NA,NA,NA,NA
"subtlex_uk",4,11790,"bigram","GB","token",0,34.0000000000001,15.9999999999998,NA,NA,NA,NA,NA,NA
"subtlex_uk",4,11790,"bigram","GC","token",969.999999999997,25.0000000000001,1.99999999999998,NA,NA,NA,NA,NA,NA
"subtlex_uk",4,11790,"bigram","GD","token",2.99999999999998,0,10,NA,NA,NA,NA,NA,NA
"subtlex_uk",4,11790,"bigram","GE","token",53668.0000000001,10500.0000000001,71413.0000000003,NA,NA,NA,NA,NA,NA
"subtlex_uk",4,11790,"bigram","GF","token",0,0,0,NA,NA,NA,NA,NA,NA
"subtlex_uk",4,11790,"bigram","GG","token",0,11936.9999999999,1378,NA,NA,NA,NA,NA,NA
"subtlex_uk",4,11790,"bigram","GH","token",124.000000000001,258.000000000001,82763.0000000001,NA,NA,NA,NA,NA,NA
"subtlex_uk",4,11790,"bigram","GI","token",198043.999999999,16.9999999999998,522.000000000002,NA,NA,NA,NA,NA,NA
"subtlex_uk",4,11790,"bigram","GJ","token",0,0,0,NA,NA,NA,NA,NA,NA
"subtlex_uk",4,11790,"bigram","GK","token",0,0,0,NA,NA,NA,NA,NA,NA
"subtlex_uk",4,11790,"bigram","GL","token",22174.0000000001,3480.00000000003,0,NA,NA,NA,NA,NA,NA
"subtlex_uk",4,11790,"bigram","GM","token",109.000000000001,23.0000000000001,0,NA,NA,NA,NA,NA,NA
"subtlex_uk",4,11790,"bigram","GN","token",173,10.0000000000001,19052.9999999999,NA,NA,NA,NA,NA,NA
"subtlex_uk",4,11790,"bigram","GO","token",666870,642.000000000001,5313.00000000003,NA,NA,NA,NA,NA,NA
"subtlex_uk",4,11790,"bigram","GP","token",8.00000000000003,6.99999999999993,0,NA,NA,NA,NA,NA,NA
"subtlex_uk",4,11790,"bigram","GQ","token",0,0,0,NA,NA,NA,NA,NA,NA
"subtlex_uk",4,11790,"bigram","GR","token",56248.0000000001,375.000000000001,0,NA,NA,NA,NA,NA,NA
"subtlex_uk",4,11790,"bigram","GS","token",17,2.99999999999998,60534.0000000001,NA,NA,NA,NA,NA,NA
"subtlex_uk",4,11790,"bigram","GT","token",6.99999999999999,6.99999999999993,32.9999999999999,NA,NA,NA,NA,NA,NA
"subtlex_uk",4,11790,"bigram","GU","token",58106.0000000002,83.0000000000001,207,NA,NA,NA,NA,NA,NA
"subtlex_uk",4,11790,"bigram","GV","token",4.00000000000001,33.0000000000004,0,NA,NA,NA,NA,NA,NA
"subtlex_uk",4,11790,"bigram","GW","token",1490.00000000001,17.0000000000001,0,NA,NA,NA,NA,NA,NA
"subtlex_uk",4,11790,"bigram","GX","token",0,0,2.99999999999998,NA,NA,NA,NA,NA,NA
"subtlex_uk",4,11790,"bigram","GY","token",238.999999999999,0,1405.00000000001,NA,NA,NA,NA,NA,NA
"subtlex_uk",4,11790,"bigram","GZ","token",0,0,9.99999999999995,NA,NA,NA,NA,NA,NA
"subtlex_uk",4,11790,"bigram","HA","token",1887162.99999999,4550964.00000002,2365.00000000002,NA,NA,NA,NA,NA,NA
"subtlex_uk",4,11790,"bigram","HB","token",99.9999999999994,91.000000000001,0,NA,NA,NA,NA,NA,NA
"subtlex_uk",4,11790,"bigram","HC","token",11.0000000000001,0,0,NA,NA,NA,NA,NA,NA
"subtlex_uk",4,11790,"bigram","HD","token",30.0000000000002,26.9999999999998,132.000000000001,NA,NA,NA,NA,NA,NA
"subtlex_uk",4,11790,"bigram","HE","token",884689.000000002,2597896,829.999999999996,NA,NA,NA,NA,NA,NA
"subtlex_uk",4,11790,"bigram","HF","token",19.0000000000001,3.99999999999996,0,NA,NA,NA,NA,NA,NA
"subtlex_uk",4,11790,"bigram","HG","token",33.0000000000004,1.99999999999998,0,NA,NA,NA,NA,NA,NA
"subtlex_uk",4,11790,"bigram","HH","token",42.9999999999998,3954.99999999999,4609.99999999999,NA,NA,NA,NA,NA,NA
"subtlex_uk",4,11790,"bigram","HI","token",106607,1622881.00000002,148.000000000001,NA,NA,NA,NA,NA,NA
"subtlex_uk",4,11790,"bigram","HJ","token",0,0,0,NA,NA,NA,NA,NA,NA
"subtlex_uk",4,11790,"bigram","HK","token",0,1.99999999999998,6.99999999999993,NA,NA,NA,NA,NA,NA
"subtlex_uk",4,11790,"bigram","HL","token",13,100.000000000001,554,NA,NA,NA,NA,NA,NA
"subtlex_uk",4,11790,"bigram","HM","token",2282,16.0000000000001,52.0000000000001,NA,NA,NA,NA,NA,NA
"subtlex_uk",4,11790,"bigram","HN","token",17.9999999999999,6.99999999999994,59345.0000000001,NA,NA,NA,NA,NA,NA
"subtlex_uk",4,11790,"bigram","HO","token",334768.000000001,214136.999999999,2203,NA,NA,NA,NA,NA,NA
"subtlex_uk",4,11790,"bigram","HP","token",0,15.0000000000002,0,NA,NA,NA,NA,NA,NA
"subtlex_uk",4,11790,"bigram","HQ","token",0,0,91.9999999999992,NA,NA,NA,NA,NA,NA
"subtlex_uk",4,11790,"bigram","HR","token",50.0000000000001,261,389.000000000001,NA,NA,NA,NA,NA,NA
"subtlex_uk",4,11790,"bigram","HS","token",537.000000000001,28.0000000000001,92.9999999999999,NA,NA,NA,NA,NA,NA
"subtlex_uk",4,11790,"bigram","HT","token",31.0000000000002,37.9999999999998,227,NA,NA,NA,NA,NA,NA
"subtlex_uk",4,11790,"bigram","HU","token",82679.0000000007,17671.0000000001,36.9999999999998,NA,NA,NA,NA,NA,NA
"subtlex_uk",4,11790,"bigram","HV","token",0,0,0,NA,NA,NA,NA,NA,NA
"subtlex_uk",4,11790,"bigram","HW","token",27.0000000000002,15.0000000000001,0,NA,NA,NA,NA,NA,NA
"subtlex_uk",4,11790,"bigram","HX","token",0,0,0,NA,NA,NA,NA,NA,NA
"subtlex_uk",4,11790,"bigram","HY","token",2636.99999999999,2967,134.000000000001,NA,NA,NA,NA,NA,NA
"subtlex_uk",4,11790,"bigram","HZ","token",0,0,0,NA,NA,NA,NA,NA,NA
"subtlex_uk",4,11790,"bigram","IA","token",2625.99999999999,12055.9999999999,5376.00000000001,NA,NA,NA,NA,NA,NA
"subtlex_uk",4,11790,"bigram","IB","token",150.999999999999,3477.00000000001,507.000000000001,NA,NA,NA,NA,NA,NA
"subtlex_uk",4,11790,"bigram","IC","token",2193.00000000002,256560,8949,NA,NA,NA,NA,NA,NA
"subtlex_uk",4,11790,"bigram","ID","token",75172,148524,288149.000000002,NA,NA,NA,NA,NA,NA
"subtlex_uk",4,11790,"bigram","IE","token",327.000000000002,86428.0000000002,2288,NA,NA,NA,NA,NA,NA
"subtlex_uk",4,11790,"bigram","IF","token",400.999999999998,180523,686.000000000002,NA,NA,NA,NA,NA,NA
"subtlex_uk",4,11790,"bigram","IG","token",397.000000000003,95279.9999999999,1529,NA,NA,NA,NA,NA,NA
"subtlex_uk",4,11790,"bigram","IH","token",8.0000000000001,35.0000000000002,60.0000000000001,NA,NA,NA,NA,NA,NA
"subtlex_uk",4,11790,"bigram","II","token",33.0000000000002,1354.99999999999,1611.99999999999,NA,NA,NA,NA,NA,NA
"subtlex_uk",4,11790,"bigram","IJ","token",12.9999999999999,537.000000000002,8.99999999999997,NA,NA,NA,NA,NA,NA
"subtlex_uk",4,11790,"bigram","IK","token",394.000000000003,707663.000000002,533.000000000001,NA,NA,NA,NA,NA,NA
"subtlex_uk",4,11790,"bigram","IL","token",394.000000000002,898518.000000006,81343,NA,NA,NA,NA,NA,NA
"subtlex_uk",4,11790,"bigram","IM","token",566.999999999999,461427.000000006,10468,NA,NA,NA,NA,NA,NA
"subtlex_uk",4,11790,"bigram","IN","token",293090.000000001,675691.000000001,144165,NA,NA,NA,NA,NA,NA
"subtlex_uk",4,11790,"bigram","IO","token",1230,8431.99999999996,1657.00000000001,NA,NA,NA,NA,NA,NA
"subtlex_uk",4,11790,"bigram","IP","token",1617,15672,48154,NA,NA,NA,NA,NA,NA
"subtlex_uk",4,11790,"bigram","IQ","token",20.9999999999999,0,0,NA,NA,NA,NA,NA,NA
"subtlex_uk",4,11790,"bigram","IR","token",16816.0000000001,106060,76203.0000000003,NA,NA,NA,NA,NA,NA
"subtlex_uk",4,11790,"bigram","IS","token",3919,187090.999999999,1574743.00000002,NA,NA,NA,NA,NA,NA
"subtlex_uk",4,11790,"bigram","IT","token",10839,1252254.99999999,86048.9999999997,NA,NA,NA,NA,NA,NA
"subtlex_uk",4,11790,"bigram","IU","token",4.00000000000001,98.0000000000007,6.00000000000005,NA,NA,NA,NA,NA,NA
"subtlex_uk",4,11790,"bigram","IV","token",2076.99999999999,305893,262.999999999998,NA,NA,NA,NA,NA,NA
"subtlex_uk",4,11790,"bigram","IW","token",308.000000000001,465.999999999998,5.99999999999999,NA,NA,NA,NA,NA,NA
"subtlex_uk",4,11790,"bigram","IX","token",0,70.0000000000001,1629.00000000001,NA,NA,NA,NA,NA,NA
"subtlex_uk",4,11790,"bigram","IY","token",6.99999999999993,5088.00000000002,0,NA,NA,NA,NA,NA,NA
"subtlex_uk",4,11790,"bigram","IZ","token",562,25921,8027.99999999996,NA,NA,NA,NA,NA,NA
"subtlex_uk",4,11790,"bigram","JA","token",49346.0000000001,485.999999999998,1052,NA,NA,NA,NA,NA,NA
"subtlex_uk",4,11790,"bigram","JB","token",0,1.99999999999998,0,NA,NA,NA,NA,NA,NA
"subtlex_uk",4,11790,"bigram","JC","token",19.0000000000002,0,0,NA,NA,NA,NA,NA,NA
"subtlex_uk",4,11790,"bigram","JD","token",1.99999999999998,0,7.99999999999997,NA,NA,NA,NA,NA,NA
"subtlex_uk",4,11790,"bigram","JE","token",18873,48.0000000000003,1.99999999999998,NA,NA,NA,NA,NA,NA
"subtlex_uk",4,11790,"bigram","JF","token",0,0,0,NA,NA,NA,NA,NA,NA
"subtlex_uk",4,11790,"bigram","JG","token",0,0,0,NA,NA,NA,NA,NA,NA
"subtlex_uk",4,11790,"bigram","JH","token",2.99999999999998,4.00000000000001,0,NA,NA,NA,NA,NA,NA
"subtlex_uk",4,11790,"bigram","JI","token",4470,23.0000000000001,650.000000000003,NA,NA,NA,NA,NA,NA
"subtlex_uk",4,11790,"bigram","JJ","token",1.99999999999998,0,91.0000000000009,NA,NA,NA,NA,NA,NA
"subtlex_uk",4,11790,"bigram","JK","token",0,0,27.9999999999999,NA,NA,NA,NA,NA,NA
"subtlex_uk",4,11790,"bigram","JL","token",0,0,0,NA,NA,NA,NA,NA,NA
"subtlex_uk",4,11790,"bigram","JM","token",0,0,2.99999999999998,NA,NA,NA,NA,NA,NA
"subtlex_uk",4,11790,"bigram","JN","token",0,0,4.99999999999995,NA,NA,NA,NA,NA,NA
"subtlex_uk",4,11790,"bigram","JO","token",136224,8.0000000000001,548,NA,NA,NA,NA,NA,NA
"subtlex_uk",4,11790,"bigram","JP","token",6.99999999999993,0,0,NA,NA,NA,NA,NA,NA
"subtlex_uk",4,11790,"bigram","JQ","token",0,0,0,NA,NA,NA,NA,NA,NA
"subtlex_uk",4,11790,"bigram","JR","token",0,0,1.99999999999998,NA,NA,NA,NA,NA,NA
"subtlex_uk",4,11790,"bigram","JS","token",6.00000000000005,0,27,NA,NA,NA,NA,NA,NA
"subtlex_uk",4,11790,"bigram","JT","token",6.00000000000005,0,0,NA,NA,NA,NA,NA,NA
"subtlex_uk",4,11790,"bigram","JU","token",759519.000000009,29.9999999999998,56,NA,NA,NA,NA,NA,NA
"subtlex_uk",4,11790,"bigram","JV","token",0,0,0,NA,NA,NA,NA,NA,NA
"subtlex_uk",4,11790,"bigram","JW","token",0,0,0,NA,NA,NA,NA,NA,NA
"subtlex_uk",4,11790,"bigram","JX","token",0,0,0,NA,NA,NA,NA,NA,NA
"subtlex_uk",4,11790,"bigram","JY","token",0,0,0,NA,NA,NA,NA,NA,NA
"subtlex_uk",4,11790,"bigram","JZ","token",0,0,0,NA,NA,NA,NA,NA,NA
"subtlex_uk",4,11790,"bigram","KA","token",17811.0000000001,810.000000000002,1058,NA,NA,NA,NA,NA,NA
"subtlex_uk",4,11790,"bigram","KB","token",0,24.0000000000001,0,NA,NA,NA,NA,NA,NA
"subtlex_uk",4,11790,"bigram","KC","token",1.99999999999998,15.9999999999998,0,NA,NA,NA,NA,NA,NA
"subtlex_uk",4,11790,"bigram","KD","token",0,0,0,NA,NA,NA,NA,NA,NA
"subtlex_uk",4,11790,"bigram","KE","token",155447,968.000000000001,1298627.00000001,NA,NA,NA,NA,NA,NA
"subtlex_uk",4,11790,"bigram","KF","token",10.9999999999999,4.00000000000001,0,NA,NA,NA,NA,NA,NA
"subtlex_uk",4,11790,"bigram","KG","token",0,0,0,NA,NA,NA,NA,NA,NA
"subtlex_uk",4,11790,"bigram","KH","token",1892.99999999999,13,424.000000000001,NA,NA,NA,NA,NA,NA
"subtlex_uk",4,11790,"bigram","KI","token",185564,16357.9999999999,1721,NA,NA,NA,NA,NA,NA
"subtlex_uk",4,11790,"bigram","KJ","token",0,0,0,NA,NA,NA,NA,NA,NA
"subtlex_uk",4,11790,"bigram","KK","token",0,298.000000000001,1.99999999999998,NA,NA,NA,NA,NA,NA
"subtlex_uk",4,11790,"bigram","KL","token",304.000000000002,17.0000000000001,0,NA,NA,NA,NA,NA,NA
"subtlex_uk",4,11790,"bigram","KM","token",1.99999999999998,0,0,NA,NA,NA,NA,NA,NA
"subtlex_uk",4,11790,"bigram","KN","token",589351.000000006,10.0000000000001,0,NA,NA,NA,NA,NA,NA
"subtlex_uk",4,11790,"bigram","KO","token",3985.00000000001,94.0000000000003,1512,NA,NA,NA,NA,NA,NA
"subtlex_uk",4,11790,"bigram","KP","token",88.0000000000004,31.0000000000001,4.99999999999995,NA,NA,NA,NA,NA,NA
"subtlex_uk",4,11790,"bigram","KQ","token",0,0,0,NA,NA,NA,NA,NA,NA
"subtlex_uk",4,11790,"bigram","KR","token",783.000000000007,148.999999999999,16.0000000000001,NA,NA,NA,NA,NA,NA
"subtlex_uk",4,11790,"bigram","KS","token",4.00000000000001,6.99999999999994,2926.99999999999,NA,NA,NA,NA,NA,NA
"subtlex_uk",4,11790,"bigram","KT","token",1.99999999999998,21.9999999999998,1.99999999999998,NA,NA,NA,NA,NA,NA
"subtlex_uk",4,11790,"bigram","KU","token",2056.00000000002,318.999999999999,153,NA,NA,NA,NA,NA,NA
"subtlex_uk",4,11790,"bigram","KV","token",0,6.99999999999993,0,NA,NA,NA,NA,NA,NA
"subtlex_uk",4,11790,"bigram","KW","token",283.000000000001,3.99999999999996,0,NA,NA,NA,NA,NA,NA
"subtlex_uk",4,11790,"bigram","KX","token",0,0,4.00000000000001,NA,NA,NA,NA,NA,NA
"subtlex_uk",4,11790,"bigram","KY","token",1422.00000000001,648.999999999994,494.000000000004,NA,NA,NA,NA,NA,NA
"subtlex_uk",4,11790,"bigram","KZ","token",0,0,0,NA,NA,NA,NA,NA,NA
"subtlex_uk",4,11790,"bigram","LA","token",345988.000000002,206900,9319.99999999999,NA,NA,NA,NA,NA,NA
"subtlex_uk",4,11790,"bigram","LB","token",1.99999999999998,247.000000000001,965.999999999996,NA,NA,NA,NA,NA,NA
"subtlex_uk",4,11790,"bigram","LC","token",11.9999999999999,6.99999999999999,91.0000000000003,NA,NA,NA,NA,NA,NA
"subtlex_uk",4,11790,"bigram","LD","token",2.99999999999998,2541.00000000002,223075,NA,NA,NA,NA,NA,NA
"subtlex_uk",4,11790,"bigram","LE","token",205132.000000001,31469.0000000001,168060,NA,NA,NA,NA,NA,NA
"subtlex_uk",4,11790,"bigram","LF","token",42.0000000000003,205.999999999999,99642.9999999997,NA,NA,NA,NA,NA,NA
"subtlex_uk",4,11790,"bigram","LG","token",24,358.000000000002,38.9999999999998,NA,NA,NA,NA,NA,NA
"subtlex_uk",4,11790,"bigram","LH","token",1.99999999999998,2.99999999999998,11.0000000000001,NA,NA,NA,NA,NA,NA
"subtlex_uk",4,11790,"bigram","LI","token",1041486,13891,3086,NA,NA,NA,NA,NA,NA
"subtlex_uk",4,11790,"bigram","LJ","token",0,0,0,NA,NA,NA,NA,NA,NA
"subtlex_uk",4,11790,"bigram","LK","token",0,72.0000000000004,116548.999999999,NA,NA,NA,NA,NA,NA
"subtlex_uk",4,11790,"bigram","LL","token",206,5283,1828616,NA,NA,NA,NA,NA,NA
"subtlex_uk",4,11790,"bigram","LM","token",1.99999999999998,596.000000000001,50003.9999999999,NA,NA,NA,NA,NA,NA
"subtlex_uk",4,11790,"bigram","LN","token",21.0000000000002,76.9999999999996,371.000000000004,NA,NA,NA,NA,NA,NA
"subtlex_uk",4,11790,"bigram","LO","token",817955.999999998,43325.0000000002,6999.00000000003,NA,NA,NA,NA,NA,NA
"subtlex_uk",4,11790,"bigram","LP","token",14.0000000000001,687.000000000008,114978.999999999,NA,NA,NA,NA,NA,NA
"subtlex_uk",4,11790,"bigram","LQ","token",0,0,0,NA,NA,NA,NA,NA,NA
"subtlex_uk",4,11790,"bigram","LR","token",7.99999999999993,35.0000000000001,5.99999999999999,NA,NA,NA,NA,NA,NA
"subtlex_uk",4,11790,"bigram","LS","token",0,194631,4052,NA,NA,NA,NA,NA,NA
"subtlex_uk",4,11790,"bigram","LT","token",17.0000000000001,169.999999999999,54006.0000000001,NA,NA,NA,NA,NA,NA
"subtlex_uk",4,11790,"bigram","LU","token",59954.9999999998,85048.0000000002,2452.00000000001,NA,NA,NA,NA,NA,NA
"subtlex_uk",4,11790,"bigram","LV","token",15.9999999999999,95.9999999999993,80.9999999999996,NA,NA,NA,NA,NA,NA
"subtlex_uk",4,11790,"bigram","LW","token",8.99999999999991,17,0,NA,NA,NA,NA,NA,NA
"subtlex_uk",4,11790,"bigram","LX","token",0,0,5.99999999999995,NA,NA,NA,NA,NA,NA
"subtlex_uk",4,11790,"bigram","LY","token",3739.00000000001,814.999999999997,236371.999999998,NA,NA,NA,NA,NA,NA
"subtlex_uk",4,11790,"bigram","LZ","token",0,0,35.0000000000001,NA,NA,NA,NA,NA,NA
"subtlex_uk",4,11790,"bigram","MA","token",764903.000000004,1659,13096.9999999999,NA,NA,NA,NA,NA,NA
"subtlex_uk",4,11790,"bigram","MB","token",26.9999999999999,48.0000000000001,19875,NA,NA,NA,NA,NA,NA
"subtlex_uk",4,11790,"bigram","MC","token",22,173.999999999998,5.99999999999999,NA,NA,NA,NA,NA,NA
"subtlex_uk",4,11790,"bigram","MD","token",109,25.9999999999999,6.99999999999993,NA,NA,NA,NA,NA,NA
"subtlex_uk",4,11790,"bigram","ME","token",201298.000000001,2248.99999999999,1691382.00000001,NA,NA,NA,NA,NA,NA
"subtlex_uk",4,11790,"bigram","MF","token",17.9999999999999,6.99999999999994,33.0000000000001,NA,NA,NA,NA,NA,NA
"subtlex_uk",4,11790,"bigram","MG","token",20,0,75.0000000000006,NA,NA,NA,NA,NA,NA
"subtlex_uk",4,11790,"bigram","MH","token",89.0000000000003,6.00000000000005,19.9999999999998,NA,NA,NA,NA,NA,NA
"subtlex_uk",4,11790,"bigram","MI","token",176326,2613,10765,NA,NA,NA,NA,NA,NA
"subtlex_uk",4,11790,"bigram","MJ","token",0,0,0,NA,NA,NA,NA,NA,NA
"subtlex_uk",4,11790,"bigram","MK","token",0,0,0,NA,NA,NA,NA,NA,NA
"subtlex_uk",4,11790,"bigram","ML","token",617.000000000006,64.0000000000002,24.0000000000001,NA,NA,NA,NA,NA,NA
"subtlex_uk",4,11790,"bigram","MM","token",895.999999999994,9631.99999999993,2888,NA,NA,NA,NA,NA,NA
"subtlex_uk",4,11790,"bigram","MN","token",10,46,4910.99999999999,NA,NA,NA,NA,NA,NA
"subtlex_uk",4,11790,"bigram","MO","token",659914.999999995,912.000000000001,2760,NA,NA,NA,NA,NA,NA
"subtlex_uk",4,11790,"bigram","MP","token",35.9999999999999,587.000000000001,41864.0000000002,NA,NA,NA,NA,NA,NA
"subtlex_uk",4,11790,"bigram","MQ","token",0,397.999999999998,0,NA,NA,NA,NA,NA,NA
"subtlex_uk",4,11790,"bigram","MR","token",117.999999999999,591.000000000001,1.99999999999998,NA,NA,NA,NA,NA,NA
"subtlex_uk",4,11790,"bigram","MS","token",699.000000000003,7.99999999999997,26675.9999999999,NA,NA,NA,NA,NA,NA
"subtlex_uk",4,11790,"bigram","MT","token",2.99999999999998,111.000000000001,29.0000000000001,NA,NA,NA,NA,NA,NA
"subtlex_uk",4,11790,"bigram","MU","token",364699,818.999999999994,143.000000000001,NA,NA,NA,NA,NA,NA
"subtlex_uk",4,11790,"bigram","MV","token",0,0,0,NA,NA,NA,NA,NA,NA
"subtlex_uk",4,11790,"bigram","MW","token",1530.99999999999,35.0000000000002,0,NA,NA,NA,NA,NA,NA
"subtlex_uk",4,11790,"bigram","MX","token",0,6.99999999999993,0,NA,NA,NA,NA,NA,NA
"subtlex_uk",4,11790,"bigram","MY","token",2065.99999999998,73,16658,NA,NA,NA,NA,NA,NA
"subtlex_uk",4,11790,"bigram","MZ","token",0,0,15,NA,NA,NA,NA,NA,NA
"subtlex_uk",4,11790,"bigram","NA","token",100078.000000001,3421.00000000002,18623,NA,NA,NA,NA,NA,NA
"subtlex_uk",4,11790,"bigram","NB","token",0,20.0000000000002,15.9999999999998,NA,NA,NA,NA,NA,NA
"subtlex_uk",4,11790,"bigram","NC","token",43.0000000000001,68935.0000000002,626,NA,NA,NA,NA,NA,NA
"subtlex_uk",4,11790,"bigram","ND","token",1.99999999999998,26289,481623,NA,NA,NA,NA,NA,NA
"subtlex_uk",4,11790,"bigram","NE","token",501292.999999997,78999.9999999999,533071,NA,NA,NA,NA,NA,NA
"subtlex_uk",4,11790,"bigram","NF","token",3.99999999999996,224.999999999998,34.0000000000001,NA,NA,NA,NA,NA,NA
"subtlex_uk",4,11790,"bigram","NG","token",176.000000000001,370.000000000002,285948.999999999,NA,NA,NA,NA,NA,NA
"subtlex_uk",4,11790,"bigram","NH","token",89.000000000001,10.0000000000001,227.000000000001,NA,NA,NA,NA,NA,NA
"subtlex_uk",4,11790,"bigram","NI","token",188816.999999999,10366,10015,NA,NA,NA,NA,NA,NA
"subtlex_uk",4,11790,"bigram","NJ","token",0,44.9999999999997,271.000000000001,NA,NA,NA,NA,NA,NA
"subtlex_uk",4,11790,"bigram","NK","token",6.99999999999993,205,109378,NA,NA,NA,NA,NA,NA
"subtlex_uk",4,11790,"bigram","NL","token",0,210764.999999998,7.99999999999997,NA,NA,NA,NA,NA,NA
"subtlex_uk",4,11790,"bigram","NM","token",0,3.99999999999996,8.0000000000001,NA,NA,NA,NA,NA,NA
"subtlex_uk",4,11790,"bigram","NN","token",50.0000000000003,15727.0000000001,8548.00000000001,NA,NA,NA,NA,NA,NA
"subtlex_uk",4,11790,"bigram","NO","token",45038.0000000002,552770.000000007,3701.00000000002,NA,NA,NA,NA,NA,NA
"subtlex_uk",4,11790,"bigram","NP","token",15,112,0,NA,NA,NA,NA,NA,NA
"subtlex_uk",4,11790,"bigram","NQ","token",0,1.99999999999998,94.0000000000004,NA,NA,NA,NA,NA,NA
"subtlex_uk",4,11790,"bigram","NR","token",11.9999999999999,65.0000000000002,0,NA,NA,NA,NA,NA,NA
"subtlex_uk",4,11790,"bigram","NS","token",0,252,63071.0000000002,NA,NA,NA,NA,NA,NA
"subtlex_uk",4,11790,"bigram","NT","token",5.99999999999999,315412.000000002,504133.000000004,NA,NA,NA,NA,NA,NA
"subtlex_uk",4,11790,"bigram","NU","token",6690.99999999995,1567.00000000001,5025.00000000002,NA,NA,NA,NA,NA,NA
"subtlex_uk",4,11790,"bigram","NV","token",18.9999999999999,888,0,NA,NA,NA,NA,NA,NA
"subtlex_uk",4,11790,"bigram","NW","token",4.99999999999996,0,0,NA,NA,NA,NA,NA,NA
"subtlex_uk",4,11790,"bigram","NX","token",0,20.0000000000001,950.000000000007,NA,NA,NA,NA,NA,NA
"subtlex_uk",4,11790,"bigram","NY","token",211.000000000001,482.000000000002,187372.999999999,NA,NA,NA,NA,NA,NA
"subtlex_uk",4,11790,"bigram","NZ","token",0,139,345,NA,NA,NA,NA,NA,NA
"subtlex_uk",4,11790,"bigram","OA","token",1931,117198,16315.0000000001,NA,NA,NA,NA,NA,NA
"subtlex_uk",4,11790,"bigram","OB","token",1120,35503.9999999998,2104,NA,NA,NA,NA,NA,NA
"subtlex_uk",4,11790,"bigram","OC","token",438.000000000001,37363,999.999999999999,NA,NA,NA,NA,NA,NA
"subtlex_uk",4,11790,"bigram","OD","token",3025.00000000001,46877.0000000004,532431.999999999,NA,NA,NA,NA,NA,NA
"subtlex_uk",4,11790,"bigram","OE","token",370.000000000002,317203.999999999,3247.00000000002,NA,NA,NA,NA,NA,NA
"subtlex_uk",4,11790,"bigram","OF","token",2514.00000000002,16520,15144,NA,NA,NA,NA,NA,NA
"subtlex_uk",4,11790,"bigram","OG","token",609,22032,8519,NA,NA,NA,NA,NA,NA
"subtlex_uk",4,11790,"bigram","OH","token",2350,59981.0000000001,6124.00000000003,NA,NA,NA,NA,NA,NA
"subtlex_uk",4,11790,"bigram","OI","token",2275.00000000001,41349.9999999999,483.000000000003,NA,NA,NA,NA,NA,NA
"subtlex_uk",4,11790,"bigram","OJ","token",12.0000000000001,765,4.99999999999996,NA,NA,NA,NA,NA,NA
"subtlex_uk",4,11790,"bigram","OK","token",1374,13890,456536.000000001,NA,NA,NA,NA,NA,NA
"subtlex_uk",4,11790,"bigram","OL","token",3923.00000000002,278893,41505.9999999998,NA,NA,NA,NA,NA,NA
"subtlex_uk",4,11790,"bigram","OM","token",1218,906778.000000002,728918.999999997,NA,NA,NA,NA,NA,NA
"subtlex_uk",4,11790,"bigram","ON","token",322417.999999999,512881.999999999,83728.0000000006,NA,NA,NA,NA,NA,NA
"subtlex_uk",4,11790,"bigram","OO","token",8083.00000000002,1285933,8578.00000000001,NA,NA,NA,NA,NA,NA
"subtlex_uk",4,11790,"bigram","OP","token",52898.0000000001,104930,122989,NA,NA,NA,NA,NA,NA
"subtlex_uk",4,11790,"bigram","OQ","token",0,0,0,NA,NA,NA,NA,NA,NA
"subtlex_uk",4,11790,"bigram","OR","token",1907,880966.999999998,61914.0000000001,NA,NA,NA,NA,NA,NA
"subtlex_uk",4,11790,"bigram","OS","token",652.999999999997,349064,3923.00000000001,NA,NA,NA,NA,NA,NA
"subtlex_uk",4,11790,"bigram","OT","token",525.000000000002,167580.000000001,93262.9999999999,NA,NA,NA,NA,NA,NA
"subtlex_uk",4,11790,"bigram","OU","token",7332.99999999995,808757.000000006,2279.99999999999,NA,NA,NA,NA,NA,NA
"subtlex_uk",4,11790,"bigram","OV","token",287531,216611.999999998,12.9999999999999,NA,NA,NA,NA,NA,NA
"subtlex_uk",4,11790,"bigram","OW","token",8827.99999999995,304177.999999999,716958.000000006,NA,NA,NA,NA,NA,NA
"subtlex_uk",4,11790,"bigram","OX","token",222.999999999999,2955.00000000001,822.999999999998,NA,NA,NA,NA,NA,NA
"subtlex_uk",4,11790,"bigram","OY","token",117.000000000001,38138.9999999998,1928,NA,NA,NA,NA,NA,NA
"subtlex_uk",4,11790,"bigram","OZ","token",354.000000000002,517.000000000001,86.0000000000001,NA,NA,NA,NA,NA,NA
"subtlex_uk",4,11790,"bigram","PA","token",331156.000000001,2742.99999999998,1925.00000000001,NA,NA,NA,NA,NA,NA
"subtlex_uk",4,11790,"bigram","PB","token",12.0000000000001,60.0000000000001,499.999999999996,NA,NA,NA,NA,NA,NA
"subtlex_uk",4,11790,"bigram","PC","token",284.999999999999,372.000000000003,7.99999999999997,NA,NA,NA,NA,NA,NA
"subtlex_uk",4,11790,"bigram","PD","token",35.0000000000001,4.99999999999995,121,NA,NA,NA,NA,NA,NA
"subtlex_uk",4,11790,"bigram","PE","token",29612,53996.0000000001,123385,NA,NA,NA,NA,NA,NA
"subtlex_uk",4,11790,"bigram","PF","token",284.000000000002,0,14,NA,NA,NA,NA,NA,NA
"subtlex_uk",4,11790,"bigram","PG","token",25.0000000000001,30.0000000000001,0,NA,NA,NA,NA,NA,NA
"subtlex_uk",4,11790,"bigram","PH","token",17330.0000000001,6.00000000000005,413,NA,NA,NA,NA,NA,NA
"subtlex_uk",4,11790,"bigram","PI","token",73242.0000000001,9450.00000000005,166,NA,NA,NA,NA,NA,NA
"subtlex_uk",4,11790,"bigram","PJ","token",0,0,0,NA,NA,NA,NA,NA,NA
"subtlex_uk",4,11790,"bigram","PK","token",1.99999999999998,0,0,NA,NA,NA,NA,NA,NA
"subtlex_uk",4,11790,"bigram","PL","token",152488,32,22,NA,NA,NA,NA,NA,NA
"subtlex_uk",4,11790,"bigram","PM","token",398.999999999998,85.0000000000007,15.0000000000001,NA,NA,NA,NA,NA,NA
"subtlex_uk",4,11790,"bigram","PN","token",0,50.9999999999996,22,NA,NA,NA,NA,NA,NA
"subtlex_uk",4,11790,"bigram","PO","token",100591,31851.0000000001,453.999999999999,NA,NA,NA,NA,NA,NA
"subtlex_uk",4,11790,"bigram","PP","token",29,702.000000000005,989.999999999994,NA,NA,NA,NA,NA,NA
"subtlex_uk",4,11790,"bigram","PQ","token",0,13.9999999999999,0,NA,NA,NA,NA,NA,NA
"subtlex_uk",4,11790,"bigram","PR","token",14341,119,114,NA,NA,NA,NA,NA,NA
"subtlex_uk",4,11790,"bigram","PS","token",824.999999999995,4868.00000000001,30995.0000000001,NA,NA,NA,NA,NA,NA
"subtlex_uk",4,11790,"bigram","PT","token",114,90.0000000000006,22239.9999999998,NA,NA,NA,NA,NA,NA
"subtlex_uk",4,11790,"bigram","PU","token",60132.0000000001,1986.99999999999,69.9999999999996,NA,NA,NA,NA,NA,NA
"subtlex_uk",4,11790,"bigram","PV","token",0,108,4.00000000000001,NA,NA,NA,NA,NA,NA
"subtlex_uk",4,11790,"bigram","PW","token",40.0000000000001,38.0000000000001,2.99999999999998,NA,NA,NA,NA,NA,NA
"subtlex_uk",4,11790,"bigram","PX","token",0,0,0,NA,NA,NA,NA,NA,NA
"subtlex_uk",4,11790,"bigram","PY","token",169,6.99999999999993,4983.99999999998,NA,NA,NA,NA,NA,NA
"subtlex_uk",4,11790,"bigram","PZ","token",0,0,1.99999999999998,NA,NA,NA,NA,NA,NA
"subtlex_uk",4,11790,"bigram","QA","token",130,4.99999999999995,2.99999999999998,NA,NA,NA,NA,NA,NA
"subtlex_uk",4,11790,"bigram","QB","token",0,0,0,NA,NA,NA,NA,NA,NA
"subtlex_uk",4,11790,"bigram","QC","token",2.99999999999998,0,0,NA,NA,NA,NA,NA,NA
"subtlex_uk",4,11790,"bigram","QD","token",0,0,0,NA,NA,NA,NA,NA,NA
"subtlex_uk",4,11790,"bigram","QE","token",39.0000000000002,0,0,NA,NA,NA,NA,NA,NA
"subtlex_uk",4,11790,"bigram","QF","token",0,0,0,NA,NA,NA,NA,NA,NA
"subtlex_uk",4,11790,"bigram","QG","token",0,0,0,NA,NA,NA,NA,NA,NA
"subtlex_uk",4,11790,"bigram","QH","token",0,0,0,NA,NA,NA,NA,NA,NA
"subtlex_uk",4,11790,"bigram","QI","token",128,13,28.0000000000001,NA,NA,NA,NA,NA,NA
"subtlex_uk",4,11790,"bigram","QJ","token",0,0,0,NA,NA,NA,NA,NA,NA
"subtlex_uk",4,11790,"bigram","QK","token",0,0,0,NA,NA,NA,NA,NA,NA
"subtlex_uk",4,11790,"bigram","QL","token",0,0,0,NA,NA,NA,NA,NA,NA
"subtlex_uk",4,11790,"bigram","QM","token",0,0,2.99999999999998,NA,NA,NA,NA,NA,NA
"subtlex_uk",4,11790,"bigram","QN","token",0,0,0,NA,NA,NA,NA,NA,NA
"subtlex_uk",4,11790,"bigram","QO","token",0,0,0,NA,NA,NA,NA,NA,NA
"subtlex_uk",4,11790,"bigram","QP","token",0,0,0,NA,NA,NA,NA,NA,NA
"subtlex_uk",4,11790,"bigram","QQ","token",0,0,0,NA,NA,NA,NA,NA,NA
"subtlex_uk",4,11790,"bigram","QR","token",0,18.9999999999999,13.9999999999999,NA,NA,NA,NA,NA,NA
"subtlex_uk",4,11790,"bigram","QS","token",0,27,420.999999999998,NA,NA,NA,NA,NA,NA
"subtlex_uk",4,11790,"bigram","QT","token",0,0,1.99999999999998,NA,NA,NA,NA,NA,NA
"subtlex_uk",4,11790,"bigram","QU","token",21743.9999999999,279,1.99999999999998,NA,NA,NA,NA,NA,NA
"subtlex_uk",4,11790,"bigram","QV","token",0,0,0,NA,NA,NA,NA,NA,NA
"subtlex_uk",4,11790,"bigram","QW","token",0,0,0,NA,NA,NA,NA,NA,NA
"subtlex_uk",4,11790,"bigram","QX","token",0,0,0,NA,NA,NA,NA,NA,NA
"subtlex_uk",4,11790,"bigram","QY","token",0,0,0,NA,NA,NA,NA,NA,NA
"subtlex_uk",4,11790,"bigram","QZ","token",0,0,0,NA,NA,NA,NA,NA,NA
"subtlex_uk",4,11790,"bigram","RA","token",104008,67804.0000000003,12368,NA,NA,NA,NA,NA,NA
"subtlex_uk",4,11790,"bigram","RB","token",26.0000000000002,97.9999999999993,2732.99999999999,NA,NA,NA,NA,NA,NA
"subtlex_uk",4,11790,"bigram","RC","token",13.9999999999999,1874.00000000002,2119.00000000001,NA,NA,NA,NA,NA,NA
"subtlex_uk",4,11790,"bigram","RD","token",42.0000000000004,237,187084.999999999,NA,NA,NA,NA,NA,NA
"subtlex_uk",4,11790,"bigram","RE","token",166638,151116,1695603,NA,NA,NA,NA,NA,NA
"subtlex_uk",4,11790,"bigram","RF","token",6.00000000000005,55.9999999999998,2793.99999999999,NA,NA,NA,NA,NA,NA
"subtlex_uk",4,11790,"bigram","RG","token",2.99999999999998,9760.00000000004,865.000000000004,NA,NA,NA,NA,NA,NA
"subtlex_uk",4,11790,"bigram","RH","token",3161.00000000001,12.0000000000001,50.0000000000001,NA,NA,NA,NA,NA,NA
"subtlex_uk",4,11790,"bigram","RI","token",93170.0000000002,35414.9999999999,3266,NA,NA,NA,NA,NA,NA
"subtlex_uk",4,11790,"bigram","RJ","token",0,0,91.0000000000001,NA,NA,NA,NA,NA,NA
"subtlex_uk",4,11790,"bigram","RK","token",1.99999999999998,56,311700.000000002,NA,NA,NA,NA,NA,NA
"subtlex_uk",4,11790,"bigram","RL","token",4.00000000000001,398,48168.9999999997,NA,NA,NA,NA,NA,NA
"subtlex_uk",4,11790,"bigram","RM","token",33.0000000000003,27849.9999999999,90962.0000000002,NA,NA,NA,NA,NA,NA
"subtlex_uk",4,11790,"bigram","RN","token",369.000000000004,401.999999999999,108623,NA,NA,NA,NA,NA,NA
"subtlex_uk",4,11790,"bigram","RO","token",225413,685397.999999997,21206.0000000001,NA,NA,NA,NA,NA,NA
"subtlex_uk",4,11790,"bigram","RP","token",27.0000000000001,21,2153,NA,NA,NA,NA,NA,NA
"subtlex_uk",4,11790,"bigram","RQ","token",4.99999999999995,0,0,NA,NA,NA,NA,NA,NA
"subtlex_uk",4,11790,"bigram","RR","token",237.999999999998,1482.00000000001,4938.00000000001,NA,NA,NA,NA,NA,NA
"subtlex_uk",4,11790,"bigram","RS","token",510.999999999996,2394.99999999999,37851.0000000001,NA,NA,NA,NA,NA,NA
"subtlex_uk",4,11790,"bigram","RT","token",10.0000000000001,6297,210282.000000001,NA,NA,NA,NA,NA,NA
"subtlex_uk",4,11790,"bigram","RU","token",45218.0000000001,56670.9999999999,1453.00000000001,NA,NA,NA,NA,NA,NA
"subtlex_uk",4,11790,"bigram","RV","token",0,73.0000000000004,505.000000000003,NA,NA,NA,NA,NA,NA
"subtlex_uk",4,11790,"bigram","RW","token",7.99999999999992,1.99999999999998,17,NA,NA,NA,NA,NA,NA
"subtlex_uk",4,11790,"bigram","RX","token",0,0,482.000000000003,NA,NA,NA,NA,NA,NA
"subtlex_uk",4,11790,"bigram","RY","token",7643.99999999995,1099.99999999999,561599.000000002,NA,NA,NA,NA,NA,NA
"subtlex_uk",4,11790,"bigram","RZ","token",0,28.9999999999998,68,NA,NA,NA,NA,NA,NA
"subtlex_uk",4,11790,"bigram","SA","token",492261.000000001,1029.00000000001,10262,NA,NA,NA,NA,NA,NA
"subtlex_uk",4,11790,"bigram","SB","token",0,825.000000000001,14.9999999999999,NA,NA,NA,NA,NA,NA
"subtlex_uk",4,11790,"bigram","SC","token",7137.00000000003,72.9999999999998,1384.99999999999,NA,NA,NA,NA,NA,NA
"subtlex_uk",4,11790,"bigram","SD","token",1300.99999999999,518.000000000004,69.9999999999998,NA,NA,NA,NA,NA,NA
"subtlex_uk",4,11790,"bigram","SE","token",262681,100857.000000001,210603,NA,NA,NA,NA,NA,NA
"subtlex_uk",4,11790,"bigram","SF","token",54,24.0000000000001,60.0000000000001,NA,NA,NA,NA,NA,NA
"subtlex_uk",4,11790,"bigram","SG","token",15,0,0,NA,NA,NA,NA,NA,NA
"subtlex_uk",4,11790,"bigram","SH","token",224768.999999999,668.000000000004,151633,NA,NA,NA,NA,NA,NA
"subtlex_uk",4,11790,"bigram","SI","token",177641,3735.00000000002,488,NA,NA,NA,NA,NA,NA
"subtlex_uk",4,11790,"bigram","SJ","token",0,18.9999999999999,0,NA,NA,NA,NA,NA,NA
"subtlex_uk",4,11790,"bigram","SK","token",16096.9999999999,2279,36821.0000000001,NA,NA,NA,NA,NA,NA
"subtlex_uk",4,11790,"bigram","SL","token",28215.0000000001,3775,16,NA,NA,NA,NA,NA,NA
"subtlex_uk",4,11790,"bigram","SM","token",996.999999999996,230.000000000002,79,NA,NA,NA,NA,NA,NA
"subtlex_uk",4,11790,"bigram","SN","token",18965.0000000002,459.999999999997,22,NA,NA,NA,NA,NA,NA
"subtlex_uk",4,11790,"bigram","SO","token",598227.000000001,75.0000000000003,132427.999999999,NA,NA,NA,NA,NA,NA
"subtlex_uk",4,11790,"bigram","SP","token",31908.0000000001,1233,1446.99999999999,NA,NA,NA,NA,NA,NA
"subtlex_uk",4,11790,"bigram","SQ","token",5.99999999999995,0,0,NA,NA,NA,NA,NA,NA
"subtlex_uk",4,11790,"bigram","SR","token",33.0000000000001,15,178,NA,NA,NA,NA,NA,NA
"subtlex_uk",4,11790,"bigram","SS","token",847.000000000005,1322,175329,NA,NA,NA,NA,NA,NA
"subtlex_uk",4,11790,"bigram","ST","token",181260,340.000000000002,1627911.00000001,NA,NA,NA,NA,NA,NA
"subtlex_uk",4,11790,"bigram","SU","token",209494,26.0000000000002,145,NA,NA,NA,NA,NA,NA
"subtlex_uk",4,11790,"bigram","SV","token",569.999999999995,15.9999999999998,1.99999999999998,NA,NA,NA,NA,NA,NA
"subtlex_uk",4,11790,"bigram","SW","token",12605,0,0,NA,NA,NA,NA,NA,NA
"subtlex_uk",4,11790,"bigram","SX","token",0,0,0,NA,NA,NA,NA,NA,NA
"subtlex_uk",4,11790,"bigram","SY","token",2530.00000000001,0,70800.0000000004,NA,NA,NA,NA,NA,NA
"subtlex_uk",4,11790,"bigram","SZ","token",0,0,7.99999999999997,NA,NA,NA,NA,NA,NA
"subtlex_uk",4,11790,"bigram","TA","token",356437.000000001,76301.9999999996,9957.99999999999,NA,NA,NA,NA,NA,NA
"subtlex_uk",4,11790,"bigram","TB","token",0,0,0,NA,NA,NA,NA,NA,NA
"subtlex_uk",4,11790,"bigram","TC","token",16.9999999999999,522.000000000002,8.00000000000003,NA,NA,NA,NA,NA,NA
"subtlex_uk",4,11790,"bigram","TD","token",5.99999999999995,34.0000000000001,46.9999999999997,NA,NA,NA,NA,NA,NA
"subtlex_uk",4,11790,"bigram","TE","token",303072,38490.0000000001,195579.000000001,NA,NA,NA,NA,NA,NA
"subtlex_uk",4,11790,"bigram","TF","token",0,71.0000000000004,0,NA,NA,NA,NA,NA,NA
"subtlex_uk",4,11790,"bigram","TG","token",4.99999999999995,0,0,NA,NA,NA,NA,NA,NA
"subtlex_uk",4,11790,"bigram","TH","token",7034898.00000005,47,1244812.99999999,NA,NA,NA,NA,NA,NA
"subtlex_uk",4,11790,"bigram","TI","token",509986.000000005,4151.99999999997,7875.99999999994,NA,NA,NA,NA,NA,NA
"subtlex_uk",4,11790,"bigram","TJ","token",0,0,0,NA,NA,NA,NA,NA,NA
"subtlex_uk",4,11790,"bigram","TK","token",7.99999999999997,9.9999999999999,0,NA,NA,NA,NA,NA,NA
"subtlex_uk",4,11790,"bigram","TL","token",1.99999999999998,23.0000000000001,0,NA,NA,NA,NA,NA,NA
"subtlex_uk",4,11790,"bigram","TM","token",2.99999999999998,98.9999999999999,11.0000000000001,NA,NA,NA,NA,NA,NA
"subtlex_uk",4,11790,"bigram","TN","token",1.99999999999998,121,17.9999999999998,NA,NA,NA,NA,NA,NA
"subtlex_uk",4,11790,"bigram","TO","token",227602,73728,313223.000000002,NA,NA,NA,NA,NA,NA
"subtlex_uk",4,11790,"bigram","TP","token",40.0000000000001,16.9999999999999,78.0000000000002,NA,NA,NA,NA,NA,NA
"subtlex_uk",4,11790,"bigram","TQ","token",0,0,0,NA,NA,NA,NA,NA,NA
"subtlex_uk",4,11790,"bigram","TR","token",85988.0000000001,122.000000000001,105,NA,NA,NA,NA,NA,NA
"subtlex_uk",4,11790,"bigram","TS","token",356.000000000003,486.000000000002,203610,NA,NA,NA,NA,NA,NA
"subtlex_uk",4,11790,"bigram","TT","token",44.0000000000003,618.000000000003,16217.0000000001,NA,NA,NA,NA,NA,NA
"subtlex_uk",4,11790,"bigram","TU","token",72382.9999999995,1436.00000000001,712.000000000003,NA,NA,NA,NA,NA,NA
"subtlex_uk",4,11790,"bigram","TV","token",4.99999999999995,46.0000000000001,2934.00000000001,NA,NA,NA,NA,NA,NA
"subtlex_uk",4,11790,"bigram","TW","token",3956.99999999999,1.99999999999998,49.0000000000001,NA,NA,NA,NA,NA,NA
"subtlex_uk",4,11790,"bigram","TX","token",0,0,0,NA,NA,NA,NA,NA,NA
"subtlex_uk",4,11790,"bigram","TY","token",19447.0000000001,38.0000000000004,63643.0000000006,NA,NA,NA,NA,NA,NA
"subtlex_uk",4,11790,"bigram","TZ","token",16.0000000000001,15.0000000000002,714.999999999998,NA,NA,NA,NA,NA,NA
"subtlex_uk",4,11790,"bigram","UA","token",35,3627,284,NA,NA,NA,NA,NA,NA
"subtlex_uk",4,11790,"bigram","UB","token",225,14614,26269.0000000002,NA,NA,NA,NA,NA,NA
"subtlex_uk",4,11790,"bigram","UC","token",241.999999999998,394720.999999999,43.0000000000002,NA,NA,NA,NA,NA,NA
"subtlex_uk",4,11790,"bigram","UD","token",27,14829,8634.99999999995,NA,NA,NA,NA,NA,NA
"subtlex_uk",4,11790,"bigram","UE","token",262,11756,83845.9999999999,NA,NA,NA,NA,NA,NA
"subtlex_uk",4,11790,"bigram","UF","token",173.000000000002,5122.00000000001,172.000000000001,NA,NA,NA,NA,NA,NA
"subtlex_uk",4,11790,"bigram","UG","token",3489.00000000003,51856.0000000004,12512,NA,NA,NA,NA,NA,NA
"subtlex_uk",4,11790,"bigram","UH","token",111,150,117,NA,NA,NA,NA,NA,NA
"subtlex_uk",4,11790,"bigram","UI","token",169,32418.9999999999,278.000000000001,NA,NA,NA,NA,NA,NA
"subtlex_uk",4,11790,"bigram","UJ","token",20,195.000000000001,96.0000000000009,NA,NA,NA,NA,NA,NA
"subtlex_uk",4,11790,"bigram","UK","token",1260.00000000001,11504.0000000001,114.999999999999,NA,NA,NA,NA,NA,NA
"subtlex_uk",4,11790,"bigram","UL","token",130,105301,49918.0000000005,NA,NA,NA,NA,NA,NA
"subtlex_uk",4,11790,"bigram","UM","token",314.000000000001,32895.0000000002,8013.99999999999,NA,NA,NA,NA,NA,NA
"subtlex_uk",4,11790,"bigram","UN","token",9195.00000000005,74373.0000000002,2668.00000000001,NA,NA,NA,NA,NA,NA
"subtlex_uk",4,11790,"bigram","UO","token",14.0000000000001,769.999999999998,0,NA,NA,NA,NA,NA,NA
"subtlex_uk",4,11790,"bigram","UP","token",16004.0000000001,3640.00000000003,6177.99999999995,NA,NA,NA,NA,NA,NA
"subtlex_uk",4,11790,"bigram","UQ","token",0,28.0000000000001,0,NA,NA,NA,NA,NA,NA
"subtlex_uk",4,11790,"bigram","UR","token",3922.00000000003,236119,782873.000000006,NA,NA,NA,NA,NA,NA
"subtlex_uk",4,11790,"bigram","US","token",100940.000000001,878833.000000009,17036.0000000001,NA,NA,NA,NA,NA,NA
"subtlex_uk",4,11790,"bigram","UT","token",471.999999999999,60224.0000000003,17101.0000000001,NA,NA,NA,NA,NA,NA
"subtlex_uk",4,11790,"bigram","UU","token",28.0000000000001,99.0000000000004,9.9999999999999,NA,NA,NA,NA,NA,NA
"subtlex_uk",4,11790,"bigram","UV","token",1.99999999999998,67.9999999999999,1033,NA,NA,NA,NA,NA,NA
"subtlex_uk",4,11790,"bigram","UW","token",11.9999999999999,32,32.0000000000002,NA,NA,NA,NA,NA,NA
"subtlex_uk",4,11790,"bigram","UX","token",0,49.0000000000003,1762.00000000001,NA,NA,NA,NA,NA,NA
"subtlex_uk",4,11790,"bigram","UY","token",0,48550.0000000002,15.9999999999998,NA,NA,NA,NA,NA,NA
"subtlex_uk",4,11790,"bigram","UZ","token",23.9999999999999,5414.00000000005,283.999999999999,NA,NA,NA,NA,NA,NA
"subtlex_uk",4,11790,"bigram","VA","token",15205,2283.99999999999,2682.00000000001,NA,NA,NA,NA,NA,NA
"subtlex_uk",4,11790,"bigram","VB","token",0,0,0,NA,NA,NA,NA,NA,NA
"subtlex_uk",4,11790,"bigram","VC","token",34.9999999999998,6.00000000000005,106,NA,NA,NA,NA,NA,NA
"subtlex_uk",4,11790,"bigram","VD","token",0,662.000000000001,10.9999999999999,NA,NA,NA,NA,NA,NA
"subtlex_uk",4,11790,"bigram","VE","token",526491.000000002,527159,2194247.99999999,NA,NA,NA,NA,NA,NA
"subtlex_uk",4,11790,"bigram","VF","token",0,0,0,NA,NA,NA,NA,NA,NA
"subtlex_uk",4,11790,"bigram","VG","token",0,1.99999999999998,0,NA,NA,NA,NA,NA,NA
"subtlex_uk",4,11790,"bigram","VH","token",4.00000000000001,0,6.00000000000005,NA,NA,NA,NA,NA,NA
"subtlex_uk",4,11790,"bigram","VI","token",37628.0000000001,7048.00000000002,1020,NA,NA,NA,NA,NA,NA
"subtlex_uk",4,11790,"bigram","VJ","token",0,0,0,NA,NA,NA,NA,NA,NA
"subtlex_uk",4,11790,"bigram","VK","token",0,0,0,NA,NA,NA,NA,NA,NA
"subtlex_uk",4,11790,"bigram","VL","token",907.00000000001,285.000000000001,0,NA,NA,NA,NA,NA,NA
"subtlex_uk",4,11790,"bigram","VM","token",8.99999999999999,0,0,NA,NA,NA,NA,NA,NA
"subtlex_uk",4,11790,"bigram","VN","token",0,24.0000000000001,0,NA,NA,NA,NA,NA,NA
"subtlex_uk",4,11790,"bigram","VO","token",32001.0000000003,1356.99999999999,449.000000000002,NA,NA,NA,NA,NA,NA
"subtlex_uk",4,11790,"bigram","VP","token",6.00000000000005,0,15.9999999999998,NA,NA,NA,NA,NA,NA
"subtlex_uk",4,11790,"bigram","VQ","token",0,20.9999999999999,0,NA,NA,NA,NA,NA,NA
"subtlex_uk",4,11790,"bigram","VR","token",31,170.000000000001,1.99999999999998,NA,NA,NA,NA,NA,NA
"subtlex_uk",4,11790,"bigram","VS","token",1.99999999999998,1.99999999999998,407,NA,NA,NA,NA,NA,NA
"subtlex_uk",4,11790,"bigram","VT","token",19,0,8.0000000000001,NA,NA,NA,NA,NA,NA
"subtlex_uk",4,11790,"bigram","VU","token",32,6.00000000000005,5.99999999999995,NA,NA,NA,NA,NA,NA
"subtlex_uk",4,11790,"bigram","VV","token",3.99999999999996,0,0,NA,NA,NA,NA,NA,NA
"subtlex_uk",4,11790,"bigram","VW","token",0,0,0,NA,NA,NA,NA,NA,NA
"subtlex_uk",4,11790,"bigram","VX","token",4.99999999999995,0,0,NA,NA,NA,NA,NA,NA
"subtlex_uk",4,11790,"bigram","VY","token",12,1.99999999999998,7001.99999999998,NA,NA,NA,NA,NA,NA
"subtlex_uk",4,11790,"bigram","VZ","token",0,0,0,NA,NA,NA,NA,NA,NA
"subtlex_uk",4,11790,"bigram","WA","token",518924.000000003,149837.999999998,426.000000000004,NA,NA,NA,NA,NA,NA
"subtlex_uk",4,11790,"bigram","WB","token",6.99999999999994,0,50.0000000000002,NA,NA,NA,NA,NA,NA
"subtlex_uk",4,11790,"bigram","WC","token",6.00000000000005,11.9999999999999,0,NA,NA,NA,NA,NA,NA
"subtlex_uk",4,11790,"bigram","WD","token",8.99999999999991,13.0000000000001,237.999999999999,NA,NA,NA,NA,NA,NA
"subtlex_uk",4,11790,"bigram","WE","token",1242585,7222.99999999999,1566.00000000001,NA,NA,NA,NA,NA,NA
"subtlex_uk",4,11790,"bigram","WF","token",0,24,10.0000000000001,NA,NA,NA,NA,NA,NA
"subtlex_uk",4,11790,"bigram","WG","token",0,0,83.0000000000006,NA,NA,NA,NA,NA,NA
"subtlex_uk",4,11790,"bigram","WH","token",1682496.99999999,22,4.00000000000001,NA,NA,NA,NA,NA,NA
"subtlex_uk",4,11790,"bigram","WI","token",2002459.99999999,8324.00000000003,461.999999999998,NA,NA,NA,NA,NA,NA
"subtlex_uk",4,11790,"bigram","WJ","token",42.0000000000003,4.00000000000001,0,NA,NA,NA,NA,NA,NA
"subtlex_uk",4,11790,"bigram","WK","token",0,4.99999999999995,961.999999999993,NA,NA,NA,NA,NA,NA
"subtlex_uk",4,11790,"bigram","WL","token",56.0000000000005,1106,11175.9999999999,NA,NA,NA,NA,NA,NA
"subtlex_uk",4,11790,"bigram","WM","token",22.9999999999998,0,0,NA,NA,NA,NA,NA,NA
"subtlex_uk",4,11790,"bigram","WN","token",3.99999999999996,2259.99999999998,291827.999999999,NA,NA,NA,NA,NA,NA
"subtlex_uk",4,11790,"bigram","WO","token",271665.000000001,1072,13.0000000000001,NA,NA,NA,NA,NA,NA
"subtlex_uk",4,11790,"bigram","WP","token",15,1.99999999999998,78.9999999999998,NA,NA,NA,NA,NA,NA
"subtlex_uk",4,11790,"bigram","WQ","token",0,0,0,NA,NA,NA,NA,NA,NA
"subtlex_uk",4,11790,"bigram","WR","token",3648.00000000002,182.999999999999,248,NA,NA,NA,NA,NA,NA
"subtlex_uk",4,11790,"bigram","WS","token",33.0000000000001,0,68987.0000000005,NA,NA,NA,NA,NA,NA
"subtlex_uk",4,11790,"bigram","WT","token",6.99999999999993,0,926.999999999995,NA,NA,NA,NA,NA,NA
"subtlex_uk",4,11790,"bigram","WU","token",269.999999999999,190.999999999999,24.0000000000001,NA,NA,NA,NA,NA,NA
"subtlex_uk",4,11790,"bigram","WV","token",0,0,0,NA,NA,NA,NA,NA,NA
"subtlex_uk",4,11790,"bigram","WW","token",170.000000000001,636.000000000005,658.000000000004,NA,NA,NA,NA,NA,NA
"subtlex_uk",4,11790,"bigram","WX","token",1.99999999999998,0,0,NA,NA,NA,NA,NA,NA
"subtlex_uk",4,11790,"bigram","WY","token",218,397.000000000001,102.000000000001,NA,NA,NA,NA,NA,NA
"subtlex_uk",4,11790,"bigram","WZ","token",2.99999999999998,0,0,NA,NA,NA,NA,NA,NA
"subtlex_uk",4,11790,"bigram","XA","token",188.999999999999,2571,36.9999999999999,NA,NA,NA,NA,NA,NA
"subtlex_uk",4,11790,"bigram","XB","token",252.000000000001,2.99999999999998,0,NA,NA,NA,NA,NA,NA
"subtlex_uk",4,11790,"bigram","XC","token",6.00000000000005,9.99999999999996,0,NA,NA,NA,NA,NA,NA
"subtlex_uk",4,11790,"bigram","XD","token",0,0,0,NA,NA,NA,NA,NA,NA
"subtlex_uk",4,11790,"bigram","XE","token",57,1018,67.0000000000003,NA,NA,NA,NA,NA,NA
"subtlex_uk",4,11790,"bigram","XF","token",4.00000000000001,0,0,NA,NA,NA,NA,NA,NA
"subtlex_uk",4,11790,"bigram","XG","token",0,0,0,NA,NA,NA,NA,NA,NA
"subtlex_uk",4,11790,"bigram","XH","token",0,0,0,NA,NA,NA,NA,NA,NA
"subtlex_uk",4,11790,"bigram","XI","token",126.999999999999,2618.99999999999,5029,NA,NA,NA,NA,NA,NA
"subtlex_uk",4,11790,"bigram","XJ","token",0,0,0,NA,NA,NA,NA,NA,NA
"subtlex_uk",4,11790,"bigram","XK","token",1.99999999999998,0,0,NA,NA,NA,NA,NA,NA
"subtlex_uk",4,11790,"bigram","XL","token",2.99999999999998,171,2.99999999999998,NA,NA,NA,NA,NA,NA
"subtlex_uk",4,11790,"bigram","XM","token",36.0000000000003,0,0,NA,NA,NA,NA,NA,NA
"subtlex_uk",4,11790,"bigram","XN","token",0,0,0,NA,NA,NA,NA,NA,NA
"subtlex_uk",4,11790,"bigram","XO","token",4.99999999999996,95,60.0000000000002,NA,NA,NA,NA,NA,NA
"subtlex_uk",4,11790,"bigram","XP","token",0,129.999999999999,0,NA,NA,NA,NA,NA,NA
"subtlex_uk",4,11790,"bigram","XQ","token",0,0,0,NA,NA,NA,NA,NA,NA
"subtlex_uk",4,11790,"bigram","XR","token",14.0000000000001,4.99999999999995,0,NA,NA,NA,NA,NA,NA
"subtlex_uk",4,11790,"bigram","XS","token",0,0,119,NA,NA,NA,NA,NA,NA
"subtlex_uk",4,11790,"bigram","XT","token",15.0000000000002,0,161847.999999998,NA,NA,NA,NA,NA,NA
"subtlex_uk",4,11790,"bigram","XU","token",0,0,4.99999999999995,NA,NA,NA,NA,NA,NA
"subtlex_uk",4,11790,"bigram","XV","token",0,0,0,NA,NA,NA,NA,NA,NA
"subtlex_uk",4,11790,"bigram","XW","token",0,1.99999999999998,0,NA,NA,NA,NA,NA,NA
"subtlex_uk",4,11790,"bigram","XX","token",13.9999999999999,12,167,NA,NA,NA,NA,NA,NA
"subtlex_uk",4,11790,"bigram","XY","token",0,1.99999999999998,6704.99999999998,NA,NA,NA,NA,NA,NA
"subtlex_uk",4,11790,"bigram","XZ","token",0,0,0,NA,NA,NA,NA,NA,NA
"subtlex_uk",4,11790,"bigram","YA","token",6658.99999999997,7999.99999999995,7387.00000000002,NA,NA,NA,NA,NA,NA
"subtlex_uk",4,11790,"bigram","YB","token",13,27.0000000000002,0,NA,NA,NA,NA,NA,NA
"subtlex_uk",4,11790,"bigram","YC","token",0,331.000000000003,0,NA,NA,NA,NA,NA,NA
"subtlex_uk",4,11790,"bigram","YD","token",0,972,585.000000000004,NA,NA,NA,NA,NA,NA
"subtlex_uk",4,11790,"bigram","YE","token",543566.000000004,34816.0000000004,2130.99999999999,NA,NA,NA,NA,NA,NA
"subtlex_uk",4,11790,"bigram","YF","token",0,68.0000000000001,8.99999999999996,NA,NA,NA,NA,NA,NA
"subtlex_uk",4,11790,"bigram","YG","token",0,8.0000000000001,0,NA,NA,NA,NA,NA,NA
"subtlex_uk",4,11790,"bigram","YH","token",0,1.99999999999998,0,NA,NA,NA,NA,NA,NA
"subtlex_uk",4,11790,"bigram","YI","token",194,208,30,NA,NA,NA,NA,NA,NA
"subtlex_uk",4,11790,"bigram","YJ","token",0,2.99999999999998,0,NA,NA,NA,NA,NA,NA
"subtlex_uk",4,11790,"bigram","YK","token",0,552.000000000003,29,NA,NA,NA,NA,NA,NA
"subtlex_uk",4,11790,"bigram","YL","token",4.00000000000001,1695.00000000001,348.000000000002,NA,NA,NA,NA,NA,NA
"subtlex_uk",4,11790,"bigram","YM","token",167.999999999999,1511.99999999999,15.9999999999999,NA,NA,NA,NA,NA,NA
"subtlex_uk",4,11790,"bigram","YN","token",69.0000000000005,3876.00000000002,1861.99999999999,NA,NA,NA,NA,NA,NA
"subtlex_uk",4,11790,"bigram","YO","token",656807.000000006,557.000000000001,444.000000000002,NA,NA,NA,NA,NA,NA
"subtlex_uk",4,11790,"bigram","YP","token",0,17760.0000000001,1.99999999999998,NA,NA,NA,NA,NA,NA
"subtlex_uk",4,11790,"bigram","YQ","token",0,0,0,NA,NA,NA,NA,NA,NA
"subtlex_uk",4,11790,"bigram","YR","token",0,2298.00000000001,88.0000000000003,NA,NA,NA,NA,NA,NA
"subtlex_uk",4,11790,"bigram","YS","token",2.99999999999998,229,255472,NA,NA,NA,NA,NA,NA
"subtlex_uk",4,11790,"bigram","YT","token",0,1846.99999999999,210.000000000002,NA,NA,NA,NA,NA,NA
"subtlex_uk",4,11790,"bigram","YU","token",1525,83.0000000000003,10.0000000000001,NA,NA,NA,NA,NA,NA
"subtlex_uk",4,11790,"bigram","YV","token",148.000000000001,0,0,NA,NA,NA,NA,NA,NA
"subtlex_uk",4,11790,"bigram","YW","token",6.99999999999993,11.0000000000001,0,NA,NA,NA,NA,NA,NA
"subtlex_uk",4,11790,"bigram","YX","token",0,0,257.999999999999,NA,NA,NA,NA,NA,NA
"subtlex_uk",4,11790,"bigram","YY","token",0,5.99999999999999,7.99999999999997,NA,NA,NA,NA,NA,NA
"subtlex_uk",4,11790,"bigram","YZ","token",0,0,93.0000000000001,NA,NA,NA,NA,NA,NA
"subtlex_uk",4,11790,"bigram","ZA","token",3784.99999999999,95,2330.00000000001,NA,NA,NA,NA,NA,NA
"subtlex_uk",4,11790,"bigram","ZB","token",8.99999999999997,0,18.9999999999999,NA,NA,NA,NA,NA,NA
"subtlex_uk",4,11790,"bigram","ZC","token",0,0,0,NA,NA,NA,NA,NA,NA
"subtlex_uk",4,11790,"bigram","ZD","token",0,2.99999999999998,0,NA,NA,NA,NA,NA,NA
"subtlex_uk",4,11790,"bigram","ZE","token",6678.00000000005,2.99999999999998,27225,NA,NA,NA,NA,NA,NA
"subtlex_uk",4,11790,"bigram","ZF","token",0,0,0,NA,NA,NA,NA,NA,NA
"subtlex_uk",4,11790,"bigram","ZG","token",0,0,0,NA,NA,NA,NA,NA,NA
"subtlex_uk",4,11790,"bigram","ZH","token",78.0000000000004,0,0,NA,NA,NA,NA,NA,NA
"subtlex_uk",4,11790,"bigram","ZI","token",2507,191,2061,NA,NA,NA,NA,NA,NA
"subtlex_uk",4,11790,"bigram","ZJ","token",0,0,0,NA,NA,NA,NA,NA,NA
"subtlex_uk",4,11790,"bigram","ZK","token",0,0,0,NA,NA,NA,NA,NA,NA
"subtlex_uk",4,11790,"bigram","ZL","token",0,0,12.0000000000001,NA,NA,NA,NA,NA,NA
"subtlex_uk",4,11790,"bigram","ZM","token",0,20.9999999999999,0,NA,NA,NA,NA,NA,NA
"subtlex_uk",4,11790,"bigram","ZN","token",0,0,0,NA,NA,NA,NA,NA,NA
"subtlex_uk",4,11790,"bigram","ZO","token",9686.99999999994,1.99999999999998,359.000000000001,NA,NA,NA,NA,NA,NA
"subtlex_uk",4,11790,"bigram","ZP","token",0,0,0,NA,NA,NA,NA,NA,NA
"subtlex_uk",4,11790,"bigram","ZQ","token",0,0,0,NA,NA,NA,NA,NA,NA
"subtlex_uk",4,11790,"bigram","ZR","token",0,70.0000000000007,2.99999999999998,NA,NA,NA,NA,NA,NA
"subtlex_uk",4,11790,"bigram","ZS","token",1.99999999999998,0,8.99999999999991,NA,NA,NA,NA,NA,NA
"subtlex_uk",4,11790,"bigram","ZT","token",0,0,8.99999999999999,NA,NA,NA,NA,NA,NA
"subtlex_uk",4,11790,"bigram","ZU","token",724,31,72.0000000000001,NA,NA,NA,NA,NA,NA
"subtlex_uk",4,11790,"bigram","ZV","token",11.0000000000001,0,0,NA,NA,NA,NA,NA,NA
"subtlex_uk",4,11790,"bigram","ZW","token",78.0000000000005,0,0,NA,NA,NA,NA,NA,NA
"subtlex_uk",4,11790,"bigram","ZX","token",17,0,0,NA,NA,NA,NA,NA,NA
"subtlex_uk",4,11790,"bigram","ZY","token",0,0,4174,NA,NA,NA,NA,NA,NA
"subtlex_uk",4,11790,"bigram","ZZ","token",53.0000000000001,999.000000000003,8538.00000000004,NA,NA,NA,NA,NA,NA
"subtlex_uk",5,19318,"bigram","AA","token",4416.99999999999,2349,2794,510.000000000001,NA,NA,NA,NA,NA
"subtlex_uk",5,19318,"bigram","AB","token",689196.000000005,43156.0000000002,5477.99999999999,1562.00000000001,NA,NA,NA,NA,NA
"subtlex_uk",5,19318,"bigram","AC","token",14941.0000000001,47800,302360.999999999,1816.00000000001,NA,NA,NA,NA,NA
"subtlex_uk",5,19318,"bigram","AD","token",30595.0000000001,58299.0000000002,128788,57382.9999999999,NA,NA,NA,NA,NA
"subtlex_uk",5,19318,"bigram","AE","token",121.000000000001,3403.00000000001,202,1077,NA,NA,NA,NA,NA
"subtlex_uk",5,19318,"bigram","AF","token",175849.999999999,5552.00000000001,24803.9999999999,186.000000000001,NA,NA,NA,NA,NA
"subtlex_uk",5,19318,"bigram","AG","token",173962,34049,44541.0000000003,446.000000000003,NA,NA,NA,NA,NA
"subtlex_uk",5,19318,"bigram","AH","token",31502.9999999998,2718.00000000001,473.000000000002,18178.9999999999,NA,NA,NA,NA,NA
"subtlex_uk",5,19318,"bigram","AI","token",6420.00000000001,96452.0000000001,245058,2283,NA,NA,NA,NA,NA
"subtlex_uk",5,19318,"bigram","AJ","token",81.0000000000002,22918,55.9999999999996,166,NA,NA,NA,NA,NA
"subtlex_uk",5,19318,"bigram","AK","token",1097.00000000001,167145.999999999,26600.0000000001,69622.0000000002,NA,NA,NA,NA,NA
"subtlex_uk",5,19318,"bigram","AL","token",130862,173436,145209,265568,NA,NA,NA,NA,NA
"subtlex_uk",5,19318,"bigram","AM","token",15813,113425,87817.0000000004,51112,NA,NA,NA,NA,NA
"subtlex_uk",5,19318,"bigram","AN","token",44172.0000000002,238987.000000001,402132.000000001,160163,NA,NA,NA,NA,NA
"subtlex_uk",5,19318,"bigram","AO","token",219,2669.00000000001,6313.99999999995,71.0000000000005,NA,NA,NA,NA,NA
"subtlex_uk",5,19318,"bigram","AP","token",37887.0000000002,105493.000000001,26065,13638,NA,NA,NA,NA,NA
"subtlex_uk",5,19318,"bigram","AQ","token",25.9999999999999,75.0000000000004,688.999999999997,43.0000000000001,NA,NA,NA,NA,NA
"subtlex_uk",5,19318,"bigram","AR","token",44107.9999999999,351329,608812.000000004,85879.0000000002,NA,NA,NA,NA,NA
"subtlex_uk",5,19318,"bigram","AS","token",56139.0000000002,117334,149140,47947.9999999998,NA,NA,NA,NA,NA
"subtlex_uk",5,19318,"bigram","AT","token",5849.99999999998,295897.000000001,104681,222618.000000002,NA,NA,NA,NA,NA
"subtlex_uk",5,19318,"bigram","AU","token",2912.00000000002,68224.0000000001,8156.99999999999,262.000000000001,NA,NA,NA,NA,NA
"subtlex_uk",5,19318,"bigram","AV","token",10525.0000000001,93162.9999999997,97792,4.99999999999996,NA,NA,NA,NA,NA
"subtlex_uk",5,19318,"bigram","AW","token",35815.0000000001,2107.00000000001,14832,3240.99999999998,NA,NA,NA,NA,NA
"subtlex_uk",5,19318,"bigram","AX","token",183.999999999999,7543.00000000001,27.0000000000001,6594.00000000002,NA,NA,NA,NA,NA
"subtlex_uk",5,19318,"bigram","AY","token",454.000000000002,100540,13717,198107.999999998,NA,NA,NA,NA,NA
"subtlex_uk",5,19318,"bigram","AZ","token",462.000000000004,5871.99999999997,16071,193.999999999999,NA,NA,NA,NA,NA
"subtlex_uk",5,19318,"bigram","BA","token",118865,8380.00000000003,6303.00000000001,4635.99999999999,NA,NA,NA,NA,NA
"subtlex_uk",5,19318,"bigram","BB","token",11,4796,11764,433.000000000002,NA,NA,NA,NA,NA
"subtlex_uk",5,19318,"bigram","BC","token",1.99999999999998,11,0,6.99999999999993,NA,NA,NA,NA,NA
"subtlex_uk",5,19318,"bigram","BD","token",0,984.000000000005,1.99999999999998,10.9999999999999,NA,NA,NA,NA,NA
"subtlex_uk",5,19318,"bigram","BE","token",258809.999999999,774.999999999998,18702,88130.9999999997,NA,NA,NA,NA,NA
"subtlex_uk",5,19318,"bigram","BF","token",9.00000000000002,2.99999999999998,0,0,NA,NA,NA,NA,NA
"subtlex_uk",5,19318,"bigram","BG","token",0,23.9999999999999,63.9999999999994,74.9999999999997,NA,NA,NA,NA,NA
"subtlex_uk",5,19318,"bigram","BH","token",134,76.0000000000001,25.9999999999999,39.0000000000001,NA,NA,NA,NA,NA
"subtlex_uk",5,19318,"bigram","BI","token",52448.0000000001,1081,14132,1536,NA,NA,NA,NA,NA
"subtlex_uk",5,19318,"bigram","BJ","token",339.000000000001,17.0000000000001,0,0,NA,NA,NA,NA,NA
"subtlex_uk",5,19318,"bigram","BK","token",0,0,4.00000000000001,0,NA,NA,NA,NA,NA
"subtlex_uk",5,19318,"bigram","BL","token",133540,35.0000000000001,37226.0000000003,50.9999999999996,NA,NA,NA,NA,NA
"subtlex_uk",5,19318,"bigram","BM","token",8.99999999999997,0,4.00000000000001,0,NA,NA,NA,NA,NA
"subtlex_uk",5,19318,"bigram","BN","token",0,656.000000000003,0,0,NA,NA,NA,NA,NA
"subtlex_uk",5,19318,"bigram","BO","token",117667,676532.000000005,5833,3899.00000000001,NA,NA,NA,NA,NA
"subtlex_uk",5,19318,"bigram","BP","token",5.99999999999999,0,0,0,NA,NA,NA,NA,NA
"subtlex_uk",5,19318,"bigram","BQ","token",0,0,0,0,NA,NA,NA,NA,NA
"subtlex_uk",5,19318,"bigram","BR","token",216427,444.999999999999,3539,0,NA,NA,NA,NA,NA
"subtlex_uk",5,19318,"bigram","BS","token",779.999999999999,51.9999999999995,59.9999999999999,22489.9999999999,NA,NA,NA,NA,NA
"subtlex_uk",5,19318,"bigram","BT","token",4.99999999999996,0,2454.00000000001,15763.0000000001,NA,NA,NA,NA,NA
"subtlex_uk",5,19318,"bigram","BU","token",86481.0000000004,5663.00000000002,10709,112.999999999999,NA,NA,NA,NA,NA
"subtlex_uk",5,19318,"bigram","BV","token",0,0,0,0,NA,NA,NA,NA,NA
"subtlex_uk",5,19318,"bigram","BW","token",159,0,0,0,NA,NA,NA,NA,NA
"subtlex_uk",5,19318,"bigram","BX","token",0,0,0,0,NA,NA,NA,NA,NA
"subtlex_uk",5,19318,"bigram","BY","token",2641.00000000001,233.999999999998,5123.99999999998,28768,NA,NA,NA,NA,NA
"subtlex_uk",5,19318,"bigram","BZ","token",26.0000000000001,0,0,4.00000000000001,NA,NA,NA,NA,NA
"subtlex_uk",5,19318,"bigram","CA","token",134626,25728,69216.0000000003,4208.99999999999,NA,NA,NA,NA,NA
"subtlex_uk",5,19318,"bigram","CB","token",0,4.00000000000001,2.99999999999998,0,NA,NA,NA,NA,NA
"subtlex_uk",5,19318,"bigram","CC","token",11.9999999999999,1926,2236,159,NA,NA,NA,NA,NA
"subtlex_uk",5,19318,"bigram","CD","token",0,0,4.99999999999995,0,NA,NA,NA,NA,NA
"subtlex_uk",5,19318,"bigram","CE","token",8029.00000000004,22916.0000000001,25077,442409,NA,NA,NA,NA,NA
"subtlex_uk",5,19318,"bigram","CF","token",0,333.999999999997,0,0,NA,NA,NA,NA,NA
"subtlex_uk",5,19318,"bigram","CG","token",0,154.999999999999,0,1.99999999999998,NA,NA,NA,NA,NA
"subtlex_uk",5,19318,"bigram","CH","token",208491,902.000000000003,6686.00000000001,605292.000000003,NA,NA,NA,NA,NA
"subtlex_uk",5,19318,"bigram","CI","token",14029,2132,1861.00000000001,1704,NA,NA,NA,NA,NA
"subtlex_uk",5,19318,"bigram","CJ","token",0,0,0,0,NA,NA,NA,NA,NA
"subtlex_uk",5,19318,"bigram","CK","token",1.99999999999998,565.000000000001,71074.0000000002,250225,NA,NA,NA,NA,NA
"subtlex_uk",5,19318,"bigram","CL","token",235377,13.9999999999999,10584,0,NA,NA,NA,NA,NA
"subtlex_uk",5,19318,"bigram","CM","token",0,2.99999999999998,0,0,NA,NA,NA,NA,NA
"subtlex_uk",5,19318,"bigram","CN","token",0,33.9999999999998,6.00000000000005,0,NA,NA,NA,NA,NA
"subtlex_uk",5,19318,"bigram","CO","token",561740,40739,10822.0000000001,7020.00000000002,NA,NA,NA,NA,NA
"subtlex_uk",5,19318,"bigram","CP","token",0,0,1.99999999999998,4.00000000000001,NA,NA,NA,NA,NA
"subtlex_uk",5,19318,"bigram","CQ","token",0,6.00000000000005,11,1.99999999999998,NA,NA,NA,NA,NA
"subtlex_uk",5,19318,"bigram","CR","token",136072,13353,3106.00000000001,30.9999999999998,NA,NA,NA,NA,NA
"subtlex_uk",5,19318,"bigram","CS","token",2.99999999999998,903.000000000008,4.00000000000001,1416.00000000001,NA,NA,NA,NA,NA
"subtlex_uk",5,19318,"bigram","CT","token",6.00000000000005,9101.00000000005,5845.99999999994,8109.00000000001,NA,NA,NA,NA,NA
"subtlex_uk",5,19318,"bigram","CU","token",14248,1779.99999999999,14350.9999999999,0,NA,NA,NA,NA,NA
"subtlex_uk",5,19318,"bigram","CV","token",0,48.9999999999999,4.00000000000001,0,NA,NA,NA,NA,NA
"subtlex_uk",5,19318,"bigram","CW","token",37.9999999999998,0,0,0,NA,NA,NA,NA,NA
"subtlex_uk",5,19318,"bigram","CX","token",0,0,0,0,NA,NA,NA,NA,NA
"subtlex_uk",5,19318,"bigram","CY","token",7941.00000000002,0,5.99999999999999,24113.0000000002,NA,NA,NA,NA,NA
"subtlex_uk",5,19318,"bigram","CZ","token",947.999999999993,0,10.0000000000001,0,NA,NA,NA,NA,NA
"subtlex_uk",5,19318,"bigram","DA","token",145213,4487.00000000002,204223.999999998,16084,NA,NA,NA,NA,NA
"subtlex_uk",5,19318,"bigram","DB","token",1.99999999999998,0,14.9999999999999,1.99999999999998,NA,NA,NA,NA,NA
"subtlex_uk",5,19318,"bigram","DC","token",0,0,0,0,NA,NA,NA,NA,NA
"subtlex_uk",5,19318,"bigram","DD","token",0,16056.0000000002,22514,45.0000000000004,NA,NA,NA,NA,NA
"subtlex_uk",5,19318,"bigram","DE","token",83093,23092.9999999999,193685,56560.0000000001,NA,NA,NA,NA,NA
"subtlex_uk",5,19318,"bigram","DF","token",1.99999999999998,2.99999999999998,0,0,NA,NA,NA,NA,NA
"subtlex_uk",5,19318,"bigram","DG","token",0,3065.99999999999,24194,1.99999999999998,NA,NA,NA,NA,NA
"subtlex_uk",5,19318,"bigram","DH","token",563.999999999999,1.99999999999998,149.000000000001,110,NA,NA,NA,NA,NA
"subtlex_uk",5,19318,"bigram","DI","token",33265.0000000001,5699.00000000002,46407.0000000002,4373.99999999998,NA,NA,NA,NA,NA
"subtlex_uk",5,19318,"bigram","DJ","token",88.9999999999993,25,100,0,NA,NA,NA,NA,NA
"subtlex_uk",5,19318,"bigram","DK","token",0,4.99999999999995,1605,0,NA,NA,NA,NA,NA
"subtlex_uk",5,19318,"bigram","DL","token",0,253,17094,107.000000000001,NA,NA,NA,NA,NA
"subtlex_uk",5,19318,"bigram","DM","token",0,6555.99999999995,1.99999999999998,1.99999999999998,NA,NA,NA,NA,NA
"subtlex_uk",5,19318,"bigram","DN","token",0,6.99999999999999,22.9999999999999,403.000000000004,NA,NA,NA,NA,NA
"subtlex_uk",5,19318,"bigram","DO","token",209882,3862.00000000002,3930,2615.00000000001,NA,NA,NA,NA,NA
"subtlex_uk",5,19318,"bigram","DP","token",15,0,0,4.99999999999995,NA,NA,NA,NA,NA
"subtlex_uk",5,19318,"bigram","DQ","token",0,0,0,0,NA,NA,NA,NA,NA
"subtlex_uk",5,19318,"bigram","DR","token",133523,112,2253,1.99999999999998,NA,NA,NA,NA,NA
"subtlex_uk",5,19318,"bigram","DS","token",0,30.0000000000001,869.999999999999,257207.000000001,NA,NA,NA,NA,NA
"subtlex_uk",5,19318,"bigram","DT","token",1.99999999999998,0,852,149,NA,NA,NA,NA,NA
"subtlex_uk",5,19318,"bigram","DU","token",16946,5179.00000000004,1015,740.999999999999,NA,NA,NA,NA,NA
"subtlex_uk",5,19318,"bigram","DV","token",0,3.99999999999996,84.9999999999996,0,NA,NA,NA,NA,NA
"subtlex_uk",5,19318,"bigram","DW","token",1695,699.000000000005,10,0,NA,NA,NA,NA,NA
"subtlex_uk",5,19318,"bigram","DX","token",0,0,0,0,NA,NA,NA,NA,NA
"subtlex_uk",5,19318,"bigram","DY","token",8888.99999999993,196.999999999998,91,124139,NA,NA,NA,NA,NA
"subtlex_uk",5,19318,"bigram","DZ","token",99.0000000000011,0,0,41.9999999999996,NA,NA,NA,NA,NA
"subtlex_uk",5,19318,"bigram","EA","token",74434.0000000002,759699.000000004,499166.000000002,2571.99999999999,NA,NA,NA,NA,NA
"subtlex_uk",5,19318,"bigram","EB","token",926.999999999999,10269,604,727.000000000002,NA,NA,NA,NA,NA
"subtlex_uk",5,19318,"bigram","EC","token",95.9999999999997,10238,69833.0000000001,233.000000000002,NA,NA,NA,NA,NA
"subtlex_uk",5,19318,"bigram","ED","token",10086.0000000001,27128.9999999999,72256.0000000006,359778.000000001,NA,NA,NA,NA,NA
"subtlex_uk",5,19318,"bigram","EE","token",725.000000000001,201717,192249.999999999,206057.000000002,NA,NA,NA,NA,NA
"subtlex_uk",5,19318,"bigram","EF","token",157,4572.99999999999,6861.99999999996,21171.9999999999,NA,NA,NA,NA,NA
"subtlex_uk",5,19318,"bigram","EG","token",5283.00000000002,49547.0000000002,11136.0000000001,156,NA,NA,NA,NA,NA
"subtlex_uk",5,19318,"bigram","EH","token",25,993.000000000002,268,220.000000000001,NA,NA,NA,NA,NA
"subtlex_uk",5,19318,"bigram","EI","token",33894.9999999998,191822.999999999,385739,101,NA,NA,NA,NA,NA
"subtlex_uk",5,19318,"bigram","EJ","token",136,183.999999999999,1.99999999999998,9.00000000000002,NA,NA,NA,NA,NA
"subtlex_uk",5,19318,"bigram","EK","token",41.0000000000001,82.9999999999999,40978.0000000001,16874.0000000001,NA,NA,NA,NA,NA
"subtlex_uk",5,19318,"bigram","EL","token",20120.0000000001,192913,67431,102552,NA,NA,NA,NA,NA
"subtlex_uk",5,19318,"bigram","EM","token",16008.9999999999,16381.9999999999,70678.0000000001,2050,NA,NA,NA,NA,NA
"subtlex_uk",5,19318,"bigram","EN","token",48089.0000000002,110533,112368.000000001,314028.999999999,NA,NA,NA,NA,NA
"subtlex_uk",5,19318,"bigram","EO","token",21.9999999999998,3876,212,9442.99999999995,NA,NA,NA,NA,NA
"subtlex_uk",5,19318,"bigram","EP","token",675.000000000002,7868.00000000004,25707,33433.9999999999,NA,NA,NA,NA,NA
"subtlex_uk",5,19318,"bigram","EQ","token",4272.99999999996,0,1.99999999999998,4.99999999999995,NA,NA,NA,NA,NA
"subtlex_uk",5,19318,"bigram","ER","token",5900.99999999998,100005,1451561,1086752,NA,NA,NA,NA,NA
"subtlex_uk",5,19318,"bigram","ES","token",5474.99999999997,26013.9999999999,371888.000000001,787229.999999998,NA,NA,NA,NA,NA
"subtlex_uk",5,19318,"bigram","ET","token",2558.00000000001,51433.9999999999,16591.9999999999,62342.9999999998,NA,NA,NA,NA,NA
"subtlex_uk",5,19318,"bigram","EU","token",3930,1473,3575.00000000002,177,NA,NA,NA,NA,NA
"subtlex_uk",5,19318,"bigram","EV","token",128397,242288,19908.0000000002,31.9999999999999,NA,NA,NA,NA,NA
"subtlex_uk",5,19318,"bigram","EW","token",760.999999999997,16439,13739.9999999999,7417.99999999998,NA,NA,NA,NA,NA
"subtlex_uk",5,19318,"bigram","EX","token",33100.0000000002,3430.99999999999,314.000000000002,6328.99999999998,NA,NA,NA,NA,NA
"subtlex_uk",5,19318,"bigram","EY","token",55.0000000000002,1109.99999999999,1871.00000000001,168865.999999999,NA,NA,NA,NA,NA
"subtlex_uk",5,19318,"bigram","EZ","token",0,264,108,1598.00000000001,NA,NA,NA,NA,NA
"subtlex_uk",5,19318,"bigram","FA","token",93019,23.9999999999999,1365,662.999999999997,NA,NA,NA,NA,NA
"subtlex_uk",5,19318,"bigram","FB","token",0,0,0,0,NA,NA,NA,NA,NA
"subtlex_uk",5,19318,"bigram","FC","token",0,509.999999999996,0,0,NA,NA,NA,NA,NA
"subtlex_uk",5,19318,"bigram","FD","token",0,0,0,14.9999999999999,NA,NA,NA,NA,NA
"subtlex_uk",5,19318,"bigram","FE","token",46546.9999999999,9.99999999999995,24854.0000000002,7009.00000000005,NA,NA,NA,NA,NA
"subtlex_uk",5,19318,"bigram","FF","token",221.000000000001,19461.0000000002,4160,81900.9999999998,NA,NA,NA,NA,NA
"subtlex_uk",5,19318,"bigram","FG","token",0,272.000000000001,0,4.99999999999995,NA,NA,NA,NA,NA
"subtlex_uk",5,19318,"bigram","FH","token",32.0000000000002,2.99999999999998,0,0,NA,NA,NA,NA,NA
"subtlex_uk",5,19318,"bigram","FI","token",452249,255,6303.00000000003,586.000000000001,NA,NA,NA,NA,NA
"subtlex_uk",5,19318,"bigram","FJ","token",145.000000000001,0,0,0,NA,NA,NA,NA,NA
"subtlex_uk",5,19318,"bigram","FK","token",0,0,64.0000000000006,0,NA,NA,NA,NA,NA
"subtlex_uk",5,19318,"bigram","FL","token",71849.9999999998,3.99999999999996,1151,16.9999999999999,NA,NA,NA,NA,NA
"subtlex_uk",5,19318,"bigram","FM","token",1.99999999999998,1.99999999999998,0,0,NA,NA,NA,NA,NA
"subtlex_uk",5,19318,"bigram","FN","token",0,0,4.00000000000001,0,NA,NA,NA,NA,NA
"subtlex_uk",5,19318,"bigram","FO","token",130166,308.000000000003,364.999999999999,63.0000000000006,NA,NA,NA,NA,NA
"subtlex_uk",5,19318,"bigram","FP","token",13,58.9999999999998,33.9999999999998,4.00000000000001,NA,NA,NA,NA,NA
"subtlex_uk",5,19318,"bigram","FQ","token",0,0,0,0,NA,NA,NA,NA,NA
"subtlex_uk",5,19318,"bigram","FR","token",121107,197,583.000000000001,25.9999999999998,NA,NA,NA,NA,NA
"subtlex_uk",5,19318,"bigram","FS","token",0,0,1.99999999999998,6807.99999999995,NA,NA,NA,NA,NA
"subtlex_uk",5,19318,"bigram","FT","token",0,206367.999999999,10903,17266.0000000001,NA,NA,NA,NA,NA
"subtlex_uk",5,19318,"bigram","FU","token",41559.0000000001,4.99999999999996,12799.0000000001,195.000000000001,NA,NA,NA,NA,NA
"subtlex_uk",5,19318,"bigram","FV","token",0,0,0,0,NA,NA,NA,NA,NA
"subtlex_uk",5,19318,"bigram","FW","token",3.99999999999996,38.9999999999998,0,0,NA,NA,NA,NA,NA
"subtlex_uk",5,19318,"bigram","FX","token",0,0,0,0,NA,NA,NA,NA,NA
"subtlex_uk",5,19318,"bigram","FY","token",131.000000000001,5.99999999999994,195.000000000002,4359.00000000001,NA,NA,NA,NA,NA
"subtlex_uk",5,19318,"bigram","FZ","token",0,15.9999999999998,0,0,NA,NA,NA,NA,NA
"subtlex_uk",5,19318,"bigram","GA","token",45785.0000000002,138776,54100.0000000002,4476.00000000001,NA,NA,NA,NA,NA
"subtlex_uk",5,19318,"bigram","GB","token",68.0000000000007,0,9456.00000000009,0,NA,NA,NA,NA,NA
"subtlex_uk",5,19318,"bigram","GC","token",809.000000000007,4.00000000000001,0,0,NA,NA,NA,NA,NA
"subtlex_uk",5,19318,"bigram","GD","token",0,108,273.000000000001,4.00000000000001,NA,NA,NA,NA,NA
"subtlex_uk",5,19318,"bigram","GE","token",14635,6209,42157,113083.000000001,NA,NA,NA,NA,NA
"subtlex_uk",5,19318,"bigram","GF","token",0,0,0,0,NA,NA,NA,NA,NA
"subtlex_uk",5,19318,"bigram","GG","token",0,938,10612,9040.00000000007,NA,NA,NA,NA,NA
"subtlex_uk",5,19318,"bigram","GH","token",4174.00000000002,88.0000000000004,803016.999999999,57845.0000000002,NA,NA,NA,NA,NA
"subtlex_uk",5,19318,"bigram","GI","token",123657.999999999,561.000000000001,31834.0000000002,1764,NA,NA,NA,NA,NA
"subtlex_uk",5,19318,"bigram","GJ","token",0,0,0,0,NA,NA,NA,NA,NA
"subtlex_uk",5,19318,"bigram","GK","token",0,0,0,0,NA,NA,NA,NA,NA
"subtlex_uk",5,19318,"bigram","GL","token",33129.9999999999,242.000000000001,10582,11.0000000000001,NA,NA,NA,NA,NA
"subtlex_uk",5,19318,"bigram","GM","token",34.0000000000003,0,672,8.0000000000001,NA,NA,NA,NA,NA
"subtlex_uk",5,19318,"bigram","GN","token",556.999999999996,1036.99999999999,7733.00000000002,2053.00000000001,NA,NA,NA,NA,NA
"subtlex_uk",5,19318,"bigram","GO","token",656934.999999994,1214.99999999999,2520.00000000001,10674,NA,NA,NA,NA,NA
"subtlex_uk",5,19318,"bigram","GP","token",0,0,0,0,NA,NA,NA,NA,NA
"subtlex_uk",5,19318,"bigram","GQ","token",0,0,0,0,NA,NA,NA,NA,NA
"subtlex_uk",5,19318,"bigram","GR","token",355048.000000002,25627,10788,0,NA,NA,NA,NA,NA
"subtlex_uk",5,19318,"bigram","GS","token",8.00000000000003,0,434.999999999998,48584.0000000003,NA,NA,NA,NA,NA
"subtlex_uk",5,19318,"bigram","GT","token",1.99999999999998,8.99999999999999,30.9999999999999,152.999999999999,NA,NA,NA,NA,NA
"subtlex_uk",5,19318,"bigram","GU","token",56171.0000000001,72.9999999999996,16252,383,NA,NA,NA,NA,NA
"subtlex_uk",5,19318,"bigram","GV","token",0,0,0,0,NA,NA,NA,NA,NA
"subtlex_uk",5,19318,"bigram","GW","token",877.999999999998,18,0,0,NA,NA,NA,NA,NA
"subtlex_uk",5,19318,"bigram","GX","token",0,0,0,0,NA,NA,NA,NA,NA
"subtlex_uk",5,19318,"bigram","GY","token",1303.00000000001,5087.00000000002,31.0000000000001,12891,NA,NA,NA,NA,NA
"subtlex_uk",5,19318,"bigram","GZ","token",0,0,0,18,NA,NA,NA,NA,NA
"subtlex_uk",5,19318,"bigram","HA","token",171473.000000001,303176,3086.00000000001,14991.9999999999,NA,NA,NA,NA,NA
"subtlex_uk",5,19318,"bigram","HB","token",0,0,134.000000000001,0,NA,NA,NA,NA,NA
"subtlex_uk",5,19318,"bigram","HC","token",0,0,28.9999999999998,0,NA,NA,NA,NA,NA
"subtlex_uk",5,19318,"bigram","HD","token",0,0,183.999999999999,1.99999999999998,NA,NA,NA,NA,NA
"subtlex_uk",5,19318,"bigram","HE","token",242520,2098984,195284,3515.00000000001,NA,NA,NA,NA,NA
"subtlex_uk",5,19318,"bigram","HF","token",2.99999999999998,1.99999999999998,0,0,NA,NA,NA,NA,NA
"subtlex_uk",5,19318,"bigram","HG","token",4.00000000000001,0,0,13.9999999999999,NA,NA,NA,NA,NA
"subtlex_uk",5,19318,"bigram","HH","token",0,927.999999999996,1224,1558,NA,NA,NA,NA,NA
"subtlex_uk",5,19318,"bigram","HI","token",16521,1428109.00000001,1085,2712,NA,NA,NA,NA,NA
"subtlex_uk",5,19318,"bigram","HJ","token",0,0,0,0,NA,NA,NA,NA,NA
"subtlex_uk",5,19318,"bigram","HK","token",0,0,93.9999999999993,0,NA,NA,NA,NA,NA
"subtlex_uk",5,19318,"bigram","HL","token",4.00000000000001,3024,107,80.0000000000001,NA,NA,NA,NA,NA
"subtlex_uk",5,19318,"bigram","HM","token",136.999999999999,1046.00000000001,32,8.99999999999991,NA,NA,NA,NA,NA
"subtlex_uk",5,19318,"bigram","HN","token",7.99999999999992,100,2013,55.0000000000001,NA,NA,NA,NA,NA
"subtlex_uk",5,19318,"bigram","HO","token",268759.000000001,423145,1738.00000000001,2758,NA,NA,NA,NA,NA
"subtlex_uk",5,19318,"bigram","HP","token",1.99999999999998,0,0,8.00000000000003,NA,NA,NA,NA,NA
"subtlex_uk",5,19318,"bigram","HQ","token",0,0,0,0,NA,NA,NA,NA,NA
"subtlex_uk",5,19318,"bigram","HR","token",21.9999999999998,225874.000000002,348.000000000001,39.9999999999997,NA,NA,NA,NA,NA
"subtlex_uk",5,19318,"bigram","HS","token",4.00000000000001,85.0000000000008,1.99999999999998,11162,NA,NA,NA,NA,NA
"subtlex_uk",5,19318,"bigram","HT","token",7.99999999999992,15.0000000000001,78.9999999999993,801766.999999999,NA,NA,NA,NA,NA
"subtlex_uk",5,19318,"bigram","HU","token",37745.0000000003,9804.00000000002,196,180.000000000001,NA,NA,NA,NA,NA
"subtlex_uk",5,19318,"bigram","HV","token",1.99999999999998,0,38.0000000000001,0,NA,NA,NA,NA,NA
"subtlex_uk",5,19318,"bigram","HW","token",91.0000000000002,34.9999999999998,39.9999999999999,0,NA,NA,NA,NA,NA
"subtlex_uk",5,19318,"bigram","HX","token",0,0,0,0,NA,NA,NA,NA,NA
"subtlex_uk",5,19318,"bigram","HY","token",2854,3976.00000000003,15.9999999999999,5820.99999999999,NA,NA,NA,NA,NA
"subtlex_uk",5,19318,"bigram","HZ","token",0,0,0,0,NA,NA,NA,NA,NA
"subtlex_uk",5,19318,"bigram","IA","token",65.0000000000002,27656.9999999999,23908,38466,NA,NA,NA,NA,NA
"subtlex_uk",5,19318,"bigram","IB","token",919.000000000001,12260,2068.00000000001,465.000000000001,NA,NA,NA,NA,NA
"subtlex_uk",5,19318,"bigram","IC","token",2465,25640,533043.000000002,89081.0000000005,NA,NA,NA,NA,NA
"subtlex_uk",5,19318,"bigram","ID","token",27070.9999999999,40901,30444,90015.9999999997,NA,NA,NA,NA,NA
"subtlex_uk",5,19318,"bigram","IE","token",406.000000000002,73401.0000000001,93377.9999999998,68899.0000000001,NA,NA,NA,NA,NA
"subtlex_uk",5,19318,"bigram","IF","token",71.9999999999999,9394.00000000002,24284.0000000001,408.999999999999,NA,NA,NA,NA,NA
"subtlex_uk",5,19318,"bigram","IG","token",301,824471.999999999,8907.00000000001,7671.00000000004,NA,NA,NA,NA,NA
"subtlex_uk",5,19318,"bigram","IH","token",24.9999999999999,399.000000000002,11.9999999999999,25.0000000000002,NA,NA,NA,NA,NA
"subtlex_uk",5,19318,"bigram","II","token",0,92.0000000000005,93.0000000000003,125,NA,NA,NA,NA,NA
"subtlex_uk",5,19318,"bigram","IJ","token",0,572.000000000002,172.999999999999,4.00000000000001,NA,NA,NA,NA,NA
"subtlex_uk",5,19318,"bigram","IK","token",7.99999999999993,33165.0000000003,3786,656.000000000003,NA,NA,NA,NA,NA
"subtlex_uk",5,19318,"bigram","IL","token",319.000000000001,101747,364495,86631.9999999998,NA,NA,NA,NA,NA
"subtlex_uk",5,19318,"bigram","IM","token",10542,96211.9999999996,58547.0000000004,10701.0000000001,NA,NA,NA,NA,NA
"subtlex_uk",5,19318,"bigram","IN","token",22577,233022,2032700.99999999,258998,NA,NA,NA,NA,NA
"subtlex_uk",5,19318,"bigram","IO","token",99.0000000000002,9578.00000000006,27583.9999999999,18386.0000000001,NA,NA,NA,NA,NA
"subtlex_uk",5,19318,"bigram","IP","token",206.000000000001,9649.00000000004,16979,3451.00000000002,NA,NA,NA,NA,NA
"subtlex_uk",5,19318,"bigram","IQ","token",65.0000000000001,190.999999999999,11.0000000000001,791.999999999997,NA,NA,NA,NA,NA
"subtlex_uk",5,19318,"bigram","IR","token",14830.9999999999,395225,72249.9999999998,405485,NA,NA,NA,NA,NA
"subtlex_uk",5,19318,"bigram","IS","token",37169.9999999999,41223,75368.0000000001,75904.0000000004,NA,NA,NA,NA,NA
"subtlex_uk",5,19318,"bigram","IT","token",24297,50075.0000000003,277075.000000002,63224.9999999998,NA,NA,NA,NA,NA
"subtlex_uk",5,19318,"bigram","IU","token",10,33.0000000000002,1164.00000000001,6.99999999999993,NA,NA,NA,NA,NA
"subtlex_uk",5,19318,"bigram","IV","token",2396.00000000001,161992,41915.9999999999,16,NA,NA,NA,NA,NA
"subtlex_uk",5,19318,"bigram","IW","token",3.99999999999996,173.000000000002,15.0000000000002,20,NA,NA,NA,NA,NA
"subtlex_uk",5,19318,"bigram","IX","token",10.9999999999999,20189,39.0000000000003,2116.99999999999,NA,NA,NA,NA,NA
"subtlex_uk",5,19318,"bigram","IY","token",0,72.0000000000002,238.000000000001,1.99999999999998,NA,NA,NA,NA,NA
"subtlex_uk",5,19318,"bigram","IZ","token",296.999999999998,13969,16293.9999999999,211,NA,NA,NA,NA,NA
"subtlex_uk",5,19318,"bigram","JA","token",68089.9999999997,36.9999999999999,629.000000000001,1559.00000000001,NA,NA,NA,NA,NA
"subtlex_uk",5,19318,"bigram","JB","token",0,0,0,0,NA,NA,NA,NA,NA
"subtlex_uk",5,19318,"bigram","JC","token",0,0,0,0,NA,NA,NA,NA,NA
"subtlex_uk",5,19318,"bigram","JD","token",0,1.99999999999998,4.00000000000001,0,NA,NA,NA,NA,NA
"subtlex_uk",5,19318,"bigram","JE","token",24641.0000000001,109,179,50.0000000000002,NA,NA,NA,NA,NA
"subtlex_uk",5,19318,"bigram","JF","token",0,0,0,0,NA,NA,NA,NA,NA
"subtlex_uk",5,19318,"bigram","JG","token",0,0,0,0,NA,NA,NA,NA,NA
"subtlex_uk",5,19318,"bigram","JH","token",0,0,3.99999999999996,0,NA,NA,NA,NA,NA
"subtlex_uk",5,19318,"bigram","JI","token",9142.00000000005,125.999999999999,376.999999999999,326.999999999999,NA,NA,NA,NA,NA
"subtlex_uk",5,19318,"bigram","JJ","token",0,0,6.99999999999993,0,NA,NA,NA,NA,NA
"subtlex_uk",5,19318,"bigram","JK","token",0,0,0,1.99999999999998,NA,NA,NA,NA,NA
"subtlex_uk",5,19318,"bigram","JL","token",0,0,43.9999999999996,8.99999999999999,NA,NA,NA,NA,NA
"subtlex_uk",5,19318,"bigram","JM","token",0,51.0000000000001,0,0,NA,NA,NA,NA,NA
"subtlex_uk",5,19318,"bigram","JN","token",0,0,0,0,NA,NA,NA,NA,NA
"subtlex_uk",5,19318,"bigram","JO","token",42576.9999999999,493.000000000001,45335.0000000002,528.999999999997,NA,NA,NA,NA,NA
"subtlex_uk",5,19318,"bigram","JP","token",8.0000000000001,0,0,0,NA,NA,NA,NA,NA
"subtlex_uk",5,19318,"bigram","JQ","token",0,0,0,0,NA,NA,NA,NA,NA
"subtlex_uk",5,19318,"bigram","JR","token",1.99999999999998,0,4.99999999999996,0,NA,NA,NA,NA,NA
"subtlex_uk",5,19318,"bigram","JS","token",0,0,0,0,NA,NA,NA,NA,NA
"subtlex_uk",5,19318,"bigram","JT","token",0,0,0,0,NA,NA,NA,NA,NA
"subtlex_uk",5,19318,"bigram","JU","token",30032,22.0000000000002,305.999999999999,4.00000000000001,NA,NA,NA,NA,NA
"subtlex_uk",5,19318,"bigram","JV","token",0,0,0,0,NA,NA,NA,NA,NA
"subtlex_uk",5,19318,"bigram","JW","token",0,0,6.00000000000005,0,NA,NA,NA,NA,NA
"subtlex_uk",5,19318,"bigram","JX","token",0,0,0,0,NA,NA,NA,NA,NA
"subtlex_uk",5,19318,"bigram","JY","token",1.99999999999998,0,0,21.9999999999998,NA,NA,NA,NA,NA
"subtlex_uk",5,19318,"bigram","JZ","token",0,0,0,0,NA,NA,NA,NA,NA
"subtlex_uk",5,19318,"bigram","KA","token",17193.0000000001,1438.00000000001,762.000000000004,11444,NA,NA,NA,NA,NA
"subtlex_uk",5,19318,"bigram","KB","token",0,174.000000000002,0,0,NA,NA,NA,NA,NA
"subtlex_uk",5,19318,"bigram","KC","token",0,0,0,0,NA,NA,NA,NA,NA
"subtlex_uk",5,19318,"bigram","KD","token",0,0,0,0,NA,NA,NA,NA,NA
"subtlex_uk",5,19318,"bigram","KE","token",42691.9999999999,261.000000000001,240317,61687.0000000001,NA,NA,NA,NA,NA
"subtlex_uk",5,19318,"bigram","KF","token",11.0000000000001,0,36.9999999999999,0,NA,NA,NA,NA,NA
"subtlex_uk",5,19318,"bigram","KG","token",0,0,0,0,NA,NA,NA,NA,NA
"subtlex_uk",5,19318,"bigram","KH","token",469.000000000003,49.9999999999999,278.000000000001,0,NA,NA,NA,NA,NA
"subtlex_uk",5,19318,"bigram","KI","token",19614,12842,1320,5067.00000000001,NA,NA,NA,NA,NA
"subtlex_uk",5,19318,"bigram","KJ","token",8.00000000000002,0,0,0,NA,NA,NA,NA,NA
"subtlex_uk",5,19318,"bigram","KK","token",0,2.99999999999998,7727.00000000002,0,NA,NA,NA,NA,NA
"subtlex_uk",5,19318,"bigram","KL","token",992.999999999998,1.99999999999998,1902.99999999998,1.99999999999998,NA,NA,NA,NA,NA
"subtlex_uk",5,19318,"bigram","KM","token",6.00000000000005,100,6.99999999999993,0,NA,NA,NA,NA,NA
"subtlex_uk",5,19318,"bigram","KN","token",98840.0000000006,7.99999999999993,0,0,NA,NA,NA,NA,NA
"subtlex_uk",5,19318,"bigram","KO","token",4733.99999999999,360.000000000001,217.999999999999,1740,NA,NA,NA,NA,NA
"subtlex_uk",5,19318,"bigram","KP","token",15.9999999999999,43.9999999999999,35.9999999999998,0,NA,NA,NA,NA,NA
"subtlex_uk",5,19318,"bigram","KQ","token",0,0,0,0,NA,NA,NA,NA,NA
"subtlex_uk",5,19318,"bigram","KR","token",1053,86.0000000000005,25.0000000000001,4.99999999999995,NA,NA,NA,NA,NA
"subtlex_uk",5,19318,"bigram","KS","token",0,37.0000000000002,54.0000000000003,247247,NA,NA,NA,NA,NA
"subtlex_uk",5,19318,"bigram","KT","token",1.99999999999998,357.000000000004,34.0000000000002,6.99999999999993,NA,NA,NA,NA,NA
"subtlex_uk",5,19318,"bigram","KU","token",771.000000000001,2762.99999999998,191,109,NA,NA,NA,NA,NA
"subtlex_uk",5,19318,"bigram","KV","token",1.99999999999998,0,0,0,NA,NA,NA,NA,NA
"subtlex_uk",5,19318,"bigram","KW","token",126,20,0,0,NA,NA,NA,NA,NA
"subtlex_uk",5,19318,"bigram","KX","token",0,0,0,0,NA,NA,NA,NA,NA
"subtlex_uk",5,19318,"bigram","KY","token",1337,307.000000000003,1859,56928.0000000001,NA,NA,NA,NA,NA
"subtlex_uk",5,19318,"bigram","KZ","token",0,0,0,0,NA,NA,NA,NA,NA
"subtlex_uk",5,19318,"bigram","LA","token",141898,340583.999999999,32418,16806,NA,NA,NA,NA,NA
"subtlex_uk",5,19318,"bigram","LB","token",0,8833.99999999999,3056.99999999998,0,NA,NA,NA,NA,NA
"subtlex_uk",5,19318,"bigram","LC","token",0,205.000000000001,815.999999999998,0,NA,NA,NA,NA,NA
"subtlex_uk",5,19318,"bigram","LD","token",0,12923,7617.00000000004,1169843,NA,NA,NA,NA,NA
"subtlex_uk",5,19318,"bigram","LE","token",200404.000000001,117528,148422,266907,NA,NA,NA,NA,NA
"subtlex_uk",5,19318,"bigram","LF","token",8.99999999999999,4584.00000000004,1032,2864.99999999999,NA,NA,NA,NA,NA
"subtlex_uk",5,19318,"bigram","LG","token",0,1657,420.000000000002,16.9999999999998,NA,NA,NA,NA,NA
"subtlex_uk",5,19318,"bigram","LH","token",57.0000000000003,17.9999999999999,769.999999999997,0,NA,NA,NA,NA,NA
"subtlex_uk",5,19318,"bigram","LI","token",166330,77558.9999999998,48298,1138,NA,NA,NA,NA,NA
"subtlex_uk",5,19318,"bigram","LJ","token",0,0,0,0,NA,NA,NA,NA,NA
"subtlex_uk",5,19318,"bigram","LK","token",4.00000000000001,75.0000000000001,15756.0000000001,2818.99999999999,NA,NA,NA,NA,NA
"subtlex_uk",5,19318,"bigram","LL","token",3771.00000000002,25425,252365,311790,NA,NA,NA,NA,NA
"subtlex_uk",5,19318,"bigram","LM","token",15.0000000000002,188.000000000001,11786.0000000001,807.000000000004,NA,NA,NA,NA,NA
"subtlex_uk",5,19318,"bigram","LN","token",0,35.9999999999998,467.999999999999,0,NA,NA,NA,NA,NA
"subtlex_uk",5,19318,"bigram","LO","token",239554,250588,36023.9999999999,85993.9999999999,NA,NA,NA,NA,NA
"subtlex_uk",5,19318,"bigram","LP","token",4.00000000000001,1122,9907.00000000001,434.999999999998,NA,NA,NA,NA,NA
"subtlex_uk",5,19318,"bigram","LQ","token",0,0,0,0,NA,NA,NA,NA,NA
"subtlex_uk",5,19318,"bigram","LR","token",5.99999999999999,22.0000000000001,7.99999999999997,0,NA,NA,NA,NA,NA
"subtlex_uk",5,19318,"bigram","LS","token",0,753.000000000008,36984.0000000001,182080,NA,NA,NA,NA,NA
"subtlex_uk",5,19318,"bigram","LT","token",0,3955,11930,50577.0000000002,NA,NA,NA,NA,NA
"subtlex_uk",5,19318,"bigram","LU","token",42842,34278.9999999998,21389.0000000002,10,NA,NA,NA,NA,NA
"subtlex_uk",5,19318,"bigram","LV","token",0,3602,6265.00000000005,0,NA,NA,NA,NA,NA
"subtlex_uk",5,19318,"bigram","LW","token",4.00000000000001,620,31.0000000000001,0,NA,NA,NA,NA,NA
"subtlex_uk",5,19318,"bigram","LX","token",0,0,0,0,NA,NA,NA,NA,NA
"subtlex_uk",5,19318,"bigram","LY","token",13417,4019.99999999999,337.000000000002,173554.000000001,NA,NA,NA,NA,NA
"subtlex_uk",5,19318,"bigram","LZ","token",0,4.99999999999996,4.99999999999996,9.99999999999989,NA,NA,NA,NA,NA
"subtlex_uk",5,19318,"bigram","MA","token",293749.999999999,75539.9999999994,68651.9999999999,24581.0000000001,NA,NA,NA,NA,NA
"subtlex_uk",5,19318,"bigram","MB","token",73.0000000000001,2256,11582.9999999999,8107,NA,NA,NA,NA,NA
"subtlex_uk",5,19318,"bigram","MC","token",1706,14.0000000000001,14.0000000000001,0,NA,NA,NA,NA,NA
"subtlex_uk",5,19318,"bigram","MD","token",47.0000000000003,15.9999999999999,44.0000000000003,5.99999999999995,NA,NA,NA,NA,NA
"subtlex_uk",5,19318,"bigram","ME","token",133857,15854.0000000001,279063.999999999,97706.0000000005,NA,NA,NA,NA,NA
"subtlex_uk",5,19318,"bigram","MF","token",4.00000000000001,21.0000000000002,1180.00000000001,12.0000000000001,NA,NA,NA,NA,NA
"subtlex_uk",5,19318,"bigram","MG","token",0,0,0,0,NA,NA,NA,NA,NA
"subtlex_uk",5,19318,"bigram","MH","token",51.0000000000003,17.0000000000001,8.00000000000003,428.999999999998,NA,NA,NA,NA,NA
"subtlex_uk",5,19318,"bigram","MI","token",198056.000000001,26972,28793.9999999999,3592.00000000002,NA,NA,NA,NA,NA
"subtlex_uk",5,19318,"bigram","MJ","token",0,168.000000000001,1.99999999999998,0,NA,NA,NA,NA,NA
"subtlex_uk",5,19318,"bigram","MK","token",0,0,13,0,NA,NA,NA,NA,NA
"subtlex_uk",5,19318,"bigram","ML","token",0,150.000000000001,119,0,NA,NA,NA,NA,NA
"subtlex_uk",5,19318,"bigram","MM","token",533,1051,36985,797.999999999999,NA,NA,NA,NA,NA
"subtlex_uk",5,19318,"bigram","MN","token",0,90.0000000000003,670.999999999999,0,NA,NA,NA,NA,NA
"subtlex_uk",5,19318,"bigram","MO","token",265218.999999999,17608,24762,1099,NA,NA,NA,NA,NA
"subtlex_uk",5,19318,"bigram","MP","token",19.0000000000001,10572.9999999999,12618,12631,NA,NA,NA,NA,NA
"subtlex_uk",5,19318,"bigram","MQ","token",0,1.99999999999998,0,0,NA,NA,NA,NA,NA
"subtlex_uk",5,19318,"bigram","MR","token",2.99999999999998,471,2732.00000000001,0,NA,NA,NA,NA,NA
"subtlex_uk",5,19318,"bigram","MS","token",6.99999999999993,11.0000000000001,160,160391.000000001,NA,NA,NA,NA,NA
"subtlex_uk",5,19318,"bigram","MT","token",0,0,114,141,NA,NA,NA,NA,NA
"subtlex_uk",5,19318,"bigram","MU","token",61915.0000000006,462,760.000000000002,34.9999999999999,NA,NA,NA,NA,NA
"subtlex_uk",5,19318,"bigram","MV","token",4.99999999999995,0,0,0,NA,NA,NA,NA,NA
"subtlex_uk",5,19318,"bigram","MW","token",47.0000000000002,4.00000000000001,0,0,NA,NA,NA,NA,NA
"subtlex_uk",5,19318,"bigram","MX","token",0,1.99999999999998,0,0,NA,NA,NA,NA,NA
"subtlex_uk",5,19318,"bigram","MY","token",1602,208.999999999998,84.0000000000004,35378,NA,NA,NA,NA,NA
"subtlex_uk",5,19318,"bigram","MZ","token",6.99999999999993,0,340,0,NA,NA,NA,NA,NA
"subtlex_uk",5,19318,"bigram","NA","token",49785.9999999999,8973.99999999997,67155.9999999999,79545.0000000007,NA,NA,NA,NA,NA
"subtlex_uk",5,19318,"bigram","NB","token",0,151,592,0,NA,NA,NA,NA,NA
"subtlex_uk",5,19318,"bigram","NC","token",2.99999999999998,7780.00000000004,143259,763.999999999994,NA,NA,NA,NA,NA
"subtlex_uk",5,19318,"bigram","ND","token",79.0000000000004,103504,102581,328768.999999999,NA,NA,NA,NA,NA
"subtlex_uk",5,19318,"bigram","NE","token",221865.000000001,12212.9999999999,229245.999999999,123157.000000001,NA,NA,NA,NA,NA
"subtlex_uk",5,19318,"bigram","NF","token",0,728.000000000003,67.0000000000006,10.0000000000001,NA,NA,NA,NA,NA
"subtlex_uk",5,19318,"bigram","NG","token",33.0000000000001,28408.0000000002,58417.0000000002,1397342.99999999,NA,NA,NA,NA,NA
"subtlex_uk",5,19318,"bigram","NH","token",0,71.9999999999996,86.0000000000006,98.0000000000008,NA,NA,NA,NA,NA
"subtlex_uk",5,19318,"bigram","NI","token",112001,39211,22919,2843,NA,NA,NA,NA,NA
"subtlex_uk",5,19318,"bigram","NJ","token",10.9999999999999,22640.0000000003,1781.00000000001,0,NA,NA,NA,NA,NA
"subtlex_uk",5,19318,"bigram","NK","token",40.0000000000003,1946.99999999998,34812.9999999999,853422,NA,NA,NA,NA,NA
"subtlex_uk",5,19318,"bigram","NL","token",0,522.000000000004,688.999999999995,6.99999999999994,NA,NA,NA,NA,NA
"subtlex_uk",5,19318,"bigram","NM","token",4.99999999999995,99.9999999999996,0,0,NA,NA,NA,NA,NA
"subtlex_uk",5,19318,"bigram","NN","token",29,12807,120532.000000001,3905.00000000001,NA,NA,NA,NA,NA
"subtlex_uk",5,19318,"bigram","NO","token",80502.0000000007,89995.0000000005,12407.0000000001,12082,NA,NA,NA,NA,NA
"subtlex_uk",5,19318,"bigram","NP","token",0,928.000000000001,0,0,NA,NA,NA,NA,NA
"subtlex_uk",5,19318,"bigram","NQ","token",0,0,0,0,NA,NA,NA,NA,NA
"subtlex_uk",5,19318,"bigram","NR","token",0,143.000000000001,11272.0000000001,6.00000000000005,NA,NA,NA,NA,NA
"subtlex_uk",5,19318,"bigram","NS","token",143,685,39300,152137,NA,NA,NA,NA,NA
"subtlex_uk",5,19318,"bigram","NT","token",4.99999999999995,61318.9999999998,92752.9999999995,281128.000000001,NA,NA,NA,NA,NA
"subtlex_uk",5,19318,"bigram","NU","token",7978.99999999996,1515.00000000001,22413,142,NA,NA,NA,NA,NA
"subtlex_uk",5,19318,"bigram","NV","token",0,507.000000000001,2.99999999999998,0,NA,NA,NA,NA,NA
"subtlex_uk",5,19318,"bigram","NW","token",4.99999999999995,213,254.999999999999,4.00000000000001,NA,NA,NA,NA,NA
"subtlex_uk",5,19318,"bigram","NX","token",0,0,20.0000000000001,174.999999999999,NA,NA,NA,NA,NA
"subtlex_uk",5,19318,"bigram","NY","token",595.000000000001,23.9999999999999,4946,74028.0000000001,NA,NA,NA,NA,NA
"subtlex_uk",5,19318,"bigram","NZ","token",7.99999999999997,81.9999999999997,649.000000000001,767,NA,NA,NA,NA,NA
"subtlex_uk",5,19318,"bigram","OA","token",1169.00000000001,95759.0000000003,7354,1479.00000000001,NA,NA,NA,NA,NA
"subtlex_uk",5,19318,"bigram","OB","token",8437.00000000003,22801,5798.00000000002,1782.00000000001,NA,NA,NA,NA,NA
"subtlex_uk",5,19318,"bigram","OC","token",7727.99999999998,85639.0000000002,54786.0000000001,865.000000000001,NA,NA,NA,NA,NA
"subtlex_uk",5,19318,"bigram","OD","token",1311.00000000001,205364.999999998,15221,31868.0000000001,NA,NA,NA,NA,NA
"subtlex_uk",5,19318,"bigram","OE","token",20,2736.00000000001,10415.0000000001,4066,NA,NA,NA,NA,NA
"subtlex_uk",5,19318,"bigram","OF","token",51042.0000000001,1971,4163,4751.99999999998,NA,NA,NA,NA,NA
"subtlex_uk",5,19318,"bigram","OG","token",290.000000000001,18334.9999999999,2765,202.999999999999,NA,NA,NA,NA,NA
"subtlex_uk",5,19318,"bigram","OH","token",2591,2395,443.000000000002,2814.99999999999,NA,NA,NA,NA,NA
"subtlex_uk",5,19318,"bigram","OI","token",306.000000000002,871943.999999994,14828.0000000001,102.000000000001,NA,NA,NA,NA,NA
"subtlex_uk",5,19318,"bigram","OJ","token",26.0000000000002,87.9999999999998,151.000000000001,18,NA,NA,NA,NA,NA
"subtlex_uk",5,19318,"bigram","OK","token",192,10044,130064.999999999,2667.00000000001,NA,NA,NA,NA,NA
"subtlex_uk",5,19318,"bigram","OL","token",18291,75085.0000000001,83604.9999999997,8138.99999999996,NA,NA,NA,NA,NA
"subtlex_uk",5,19318,"bigram","OM","token",957.999999999997,176884.999999999,16424.0000000002,8002.99999999999,NA,NA,NA,NA,NA
"subtlex_uk",5,19318,"bigram","ON","token",4189,278195.999999999,267420,89712.9999999999,NA,NA,NA,NA,NA
"subtlex_uk",5,19318,"bigram","OO","token",1964.99999999999,182238.999999999,85610.9999999998,3623.99999999999,NA,NA,NA,NA,NA
"subtlex_uk",5,19318,"bigram","OP","token",9530.00000000004,21406,25866,5284,NA,NA,NA,NA,NA
"subtlex_uk",5,19318,"bigram","OQ","token",0,75.0000000000007,0,1.99999999999998,NA,NA,NA,NA,NA
"subtlex_uk",5,19318,"bigram","OR","token",32820,544979.000000003,170447,79105.9999999998,NA,NA,NA,NA,NA
"subtlex_uk",5,19318,"bigram","OS","token",5966.99999999999,34446,292045.999999999,12314,NA,NA,NA,NA,NA
"subtlex_uk",5,19318,"bigram","OT","token",191707,74232,66001.0000000002,23374,NA,NA,NA,NA,NA
"subtlex_uk",5,19318,"bigram","OU","token",9284.99999999996,1633694,738964.000000006,6906.00000000004,NA,NA,NA,NA,NA
"subtlex_uk",5,19318,"bigram","OV","token",1223,99444.0000000003,37779.0000000002,175,NA,NA,NA,NA,NA
"subtlex_uk",5,19318,"bigram","OW","token",15130.9999999999,76012.9999999997,170816,44180.9999999999,NA,NA,NA,NA,NA
"subtlex_uk",5,19318,"bigram","OX","token",730.999999999995,11694.0000000001,273.999999999998,1227.99999999999,NA,NA,NA,NA,NA
"subtlex_uk",5,19318,"bigram","OY","token",4.99999999999995,33257.9999999999,4351.00000000002,25334.0000000003,NA,NA,NA,NA,NA
"subtlex_uk",5,19318,"bigram","OZ","token",237.000000000002,3023.99999999997,2475,26,NA,NA,NA,NA,NA
"subtlex_uk",5,19318,"bigram","PA","token",181679,74548.0000000004,8417.00000000007,2216,NA,NA,NA,NA,NA
"subtlex_uk",5,19318,"bigram","PB","token",0,49.9999999999998,117,35.9999999999998,NA,NA,NA,NA,NA
"subtlex_uk",5,19318,"bigram","PC","token",99.000000000001,6.99999999999993,1650.99999999999,0,NA,NA,NA,NA,NA
"subtlex_uk",5,19318,"bigram","PD","token",0,1.99999999999998,1.99999999999998,3.99999999999996,NA,NA,NA,NA,NA
"subtlex_uk",5,19318,"bigram","PE","token",67668.9999999998,111394,66518.9999999999,21860,NA,NA,NA,NA,NA
"subtlex_uk",5,19318,"bigram","PF","token",113,4.99999999999995,2.99999999999998,60.9999999999995,NA,NA,NA,NA,NA
"subtlex_uk",5,19318,"bigram","PG","token",0,1.99999999999998,22.9999999999999,1.99999999999998,NA,NA,NA,NA,NA
"subtlex_uk",5,19318,"bigram","PH","token",40595.0000000002,118,1131,4411.00000000001,NA,NA,NA,NA,NA
"subtlex_uk",5,19318,"bigram","PI","token",78171,14606,5915,131,NA,NA,NA,NA,NA
"subtlex_uk",5,19318,"bigram","PJ","token",0,0,2.99999999999998,0,NA,NA,NA,NA,NA
"subtlex_uk",5,19318,"bigram","PK","token",0,0,2.99999999999998,0,NA,NA,NA,NA,NA
"subtlex_uk",5,19318,"bigram","PL","token",196549,9717,16470.0000000001,22.9999999999999,NA,NA,NA,NA,NA
"subtlex_uk",5,19318,"bigram","PM","token",6.99999999999994,0,0,11,NA,NA,NA,NA,NA
"subtlex_uk",5,19318,"bigram","PN","token",0,10.0000000000001,47.0000000000003,0,NA,NA,NA,NA,NA
"subtlex_uk",5,19318,"bigram","PO","token",154649,39402.0000000001,941.000000000001,2352.00000000001,NA,NA,NA,NA,NA
"subtlex_uk",5,19318,"bigram","PP","token",0,17717.0000000001,82454.0000000009,257.000000000001,NA,NA,NA,NA,NA
"subtlex_uk",5,19318,"bigram","PQ","token",0,0,0,0,NA,NA,NA,NA,NA
"subtlex_uk",5,19318,"bigram","PR","token",162224,10186,346.999999999999,1.99999999999998,NA,NA,NA,NA,NA
"subtlex_uk",5,19318,"bigram","PS","token",388.999999999999,10535,2695.00000000001,79620.9999999999,NA,NA,NA,NA,NA
"subtlex_uk",5,19318,"bigram","PT","token",8.99999999999991,1191.99999999999,12711.9999999999,14816.0000000001,NA,NA,NA,NA,NA
"subtlex_uk",5,19318,"bigram","PU","token",20188.0000000001,1621,1424,38.9999999999999,NA,NA,NA,NA,NA
"subtlex_uk",5,19318,"bigram","PV","token",0,0,0,0,NA,NA,NA,NA,NA
"subtlex_uk",5,19318,"bigram","PW","token",10.9999999999999,47.9999999999996,24,8.99999999999999,NA,NA,NA,NA,NA
"subtlex_uk",5,19318,"bigram","PX","token",0,0,0,0,NA,NA,NA,NA,NA
"subtlex_uk",5,19318,"bigram","PY","token",532.000000000002,20.0000000000001,172.999999999999,83105.0000000009,NA,NA,NA,NA,NA
"subtlex_uk",5,19318,"bigram","PZ","token",1.99999999999998,0,0,6.99999999999993,NA,NA,NA,NA,NA
"subtlex_uk",5,19318,"bigram","QA","token",2956,32,119.000000000001,78.0000000000002,NA,NA,NA,NA,NA
"subtlex_uk",5,19318,"bigram","QB","token",0,65.0000000000001,6.00000000000005,0,NA,NA,NA,NA,NA
"subtlex_uk",5,19318,"bigram","QC","token",0,0,0,0,NA,NA,NA,NA,NA
"subtlex_uk",5,19318,"bigram","QD","token",0,0,0,0,NA,NA,NA,NA,NA
"subtlex_uk",5,19318,"bigram","QE","token",0,0,0,0,NA,NA,NA,NA,NA
"subtlex_uk",5,19318,"bigram","QF","token",0,0,0,0,NA,NA,NA,NA,NA
"subtlex_uk",5,19318,"bigram","QG","token",0,0,0,0,NA,NA,NA,NA,NA
"subtlex_uk",5,19318,"bigram","QH","token",0,0,0,0,NA,NA,NA,NA,NA
"subtlex_uk",5,19318,"bigram","QI","token",70.9999999999995,0,13,686.999999999997,NA,NA,NA,NA,NA
"subtlex_uk",5,19318,"bigram","QJ","token",0,0,0,0,NA,NA,NA,NA,NA
"subtlex_uk",5,19318,"bigram","QK","token",0,0,0,0,NA,NA,NA,NA,NA
"subtlex_uk",5,19318,"bigram","QL","token",0,0,0,0,NA,NA,NA,NA,NA
"subtlex_uk",5,19318,"bigram","QM","token",0,0,0,0,NA,NA,NA,NA,NA
"subtlex_uk",5,19318,"bigram","QN","token",0,0,0,0,NA,NA,NA,NA,NA
"subtlex_uk",5,19318,"bigram","QO","token",0,0,0,2.99999999999998,NA,NA,NA,NA,NA
"subtlex_uk",5,19318,"bigram","QP","token",0,0,0,0,NA,NA,NA,NA,NA
"subtlex_uk",5,19318,"bigram","QQ","token",0,0,0,0,NA,NA,NA,NA,NA
"subtlex_uk",5,19318,"bigram","QR","token",0,0,0,0,NA,NA,NA,NA,NA
"subtlex_uk",5,19318,"bigram","QS","token",2.99999999999998,0,1.99999999999998,4.99999999999996,NA,NA,NA,NA,NA
"subtlex_uk",5,19318,"bigram","QT","token",0,0,0,6.00000000000005,NA,NA,NA,NA,NA
"subtlex_uk",5,19318,"bigram","QU","token",250012.000000001,11285.9999999999,375,3.99999999999996,NA,NA,NA,NA,NA
"subtlex_uk",5,19318,"bigram","QV","token",0,0,0,0,NA,NA,NA,NA,NA
"subtlex_uk",5,19318,"bigram","QW","token",17.0000000000001,0,0,0,NA,NA,NA,NA,NA
"subtlex_uk",5,19318,"bigram","QX","token",0,0,0,0,NA,NA,NA,NA,NA
"subtlex_uk",5,19318,"bigram","QY","token",0,0,0,0,NA,NA,NA,NA,NA
"subtlex_uk",5,19318,"bigram","QZ","token",0,0,0,0,NA,NA,NA,NA,NA
"subtlex_uk",5,19318,"bigram","RA","token",74594.0000000003,258975,47070,44218.0000000002,NA,NA,NA,NA,NA
"subtlex_uk",5,19318,"bigram","RB","token",25.9999999999999,3813,9729.99999999998,74.0000000000002,NA,NA,NA,NA,NA
"subtlex_uk",5,19318,"bigram","RC","token",0,154.000000000001,40243.0000000001,105,NA,NA,NA,NA,NA
"subtlex_uk",5,19318,"bigram","RD","token",0,28753,63865.0000000001,130784,NA,NA,NA,NA,NA
"subtlex_uk",5,19318,"bigram","RE","token",114873,443461.000000002,272360.000000002,1415397,NA,NA,NA,NA,NA
"subtlex_uk",5,19318,"bigram","RF","token",6.99999999999993,37,259,2462,NA,NA,NA,NA,NA
"subtlex_uk",5,19318,"bigram","RG","token",0,9447,38129.0000000002,299.000000000001,NA,NA,NA,NA,NA
"subtlex_uk",5,19318,"bigram","RH","token",4930.00000000002,13,23.0000000000002,137,NA,NA,NA,NA,NA
"subtlex_uk",5,19318,"bigram","RI","token",517680.999999999,347668.999999999,68229.0000000004,3189.00000000001,NA,NA,NA,NA,NA
"subtlex_uk",5,19318,"bigram","RJ","token",0,201.999999999999,60.0000000000001,0,NA,NA,NA,NA,NA
"subtlex_uk",5,19318,"bigram","RK","token",0,115,40080.0000000003,8767,NA,NA,NA,NA,NA
"subtlex_uk",5,19318,"bigram","RL","token",1.99999999999998,137,235531.000000001,4277.00000000001,NA,NA,NA,NA,NA
"subtlex_uk",5,19318,"bigram","RM","token",1.99999999999998,6902.99999999995,46886.0000000003,14208.9999999999,NA,NA,NA,NA,NA
"subtlex_uk",5,19318,"bigram","RN","token",0,1480.00000000001,26109.0000000001,24670.0000000001,NA,NA,NA,NA,NA
"subtlex_uk",5,19318,"bigram","RO","token",225195.999999999,330644.000000001,36403.9999999999,8986.00000000001,NA,NA,NA,NA,NA
"subtlex_uk",5,19318,"bigram","RP","token",9.99999999999995,47,1350.99999999999,7752.99999999995,NA,NA,NA,NA,NA
"subtlex_uk",5,19318,"bigram","RQ","token",0,0,67.0000000000001,0,NA,NA,NA,NA,NA
"subtlex_uk",5,19318,"bigram","RR","token",121,6813.99999999997,205883.000000001,939.000000000001,NA,NA,NA,NA,NA
"subtlex_uk",5,19318,"bigram","RS","token",1368.99999999999,881.999999999997,376945,318153.000000003,NA,NA,NA,NA,NA
"subtlex_uk",5,19318,"bigram","RT","token",2.99999999999998,1271,229496,267203.000000001,NA,NA,NA,NA,NA
"subtlex_uk",5,19318,"bigram","RU","token",39691.0000000002,101925,10340,2796.00000000001,NA,NA,NA,NA,NA
"subtlex_uk",5,19318,"bigram","RV","token",0,41.0000000000001,15409.9999999999,4.00000000000001,NA,NA,NA,NA,NA
"subtlex_uk",5,19318,"bigram","RW","token",0,436,73.9999999999995,0,NA,NA,NA,NA,NA
"subtlex_uk",5,19318,"bigram","RX","token",0,0,0,0,NA,NA,NA,NA,NA
"subtlex_uk",5,19318,"bigram","RY","token",1240,3151,3029.99999999998,416248.000000001,NA,NA,NA,NA,NA
"subtlex_uk",5,19318,"bigram","RZ","token",0,4.00000000000001,85.0000000000002,17.9999999999999,NA,NA,NA,NA,NA
"subtlex_uk",5,19318,"bigram","SA","token",95488.0000000002,4113.99999999999,7280.00000000005,4083.00000000002,NA,NA,NA,NA,NA
"subtlex_uk",5,19318,"bigram","SB","token",2.99999999999998,180.999999999999,227,0,NA,NA,NA,NA,NA
"subtlex_uk",5,19318,"bigram","SC","token",92693.0000000002,5433.99999999999,5305.00000000003,15.0000000000002,NA,NA,NA,NA,NA
"subtlex_uk",5,19318,"bigram","SD","token",0,5.99999999999999,5.99999999999999,0,NA,NA,NA,NA,NA
"subtlex_uk",5,19318,"bigram","SE","token",143350,1892,73030,836079.000000001,NA,NA,NA,NA,NA
"subtlex_uk",5,19318,"bigram","SF","token",0,0,0,0,NA,NA,NA,NA,NA
"subtlex_uk",5,19318,"bigram","SG","token",50.9999999999995,161.999999999999,8.99999999999999,0,NA,NA,NA,NA,NA
"subtlex_uk",5,19318,"bigram","SH","token",270281.000000001,2597.99999999999,6418.99999999998,83948.0000000001,NA,NA,NA,NA,NA
"subtlex_uk",5,19318,"bigram","SI","token",133084,39101.0000000001,89412.0000000005,1866.00000000001,NA,NA,NA,NA,NA
"subtlex_uk",5,19318,"bigram","SJ","token",0,0,0,0,NA,NA,NA,NA,NA
"subtlex_uk",5,19318,"bigram","SK","token",17330,40198.0000000002,9971.00000000004,2770.00000000001,NA,NA,NA,NA,NA
"subtlex_uk",5,19318,"bigram","SL","token",42755,5004.99999999997,1257,18.9999999999999,NA,NA,NA,NA,NA
"subtlex_uk",5,19318,"bigram","SM","token",107572.999999999,251.000000000001,149,594,NA,NA,NA,NA,NA
"subtlex_uk",5,19318,"bigram","SN","token",15540.9999999999,153.000000000001,344.000000000001,13,NA,NA,NA,NA,NA
"subtlex_uk",5,19318,"bigram","SO","token",212542.000000001,19.0000000000001,11927.0000000001,970.000000000002,NA,NA,NA,NA,NA
"subtlex_uk",5,19318,"bigram","SP","token",227999.000000001,1828.99999999999,1460.99999999999,3617.00000000001,NA,NA,NA,NA,NA
"subtlex_uk",5,19318,"bigram","SQ","token",7015.99999999997,162,2.99999999999998,0,NA,NA,NA,NA,NA
"subtlex_uk",5,19318,"bigram","SR","token",1.99999999999998,25.9999999999999,431.000000000003,0,NA,NA,NA,NA,NA
"subtlex_uk",5,19318,"bigram","SS","token",272,39072.9999999999,10312,138537,NA,NA,NA,NA,NA
"subtlex_uk",5,19318,"bigram","ST","token",745533.000000002,2482.99999999999,76538.0000000003,457467,NA,NA,NA,NA,NA
"subtlex_uk",5,19318,"bigram","SU","token",50329.0000000001,11293,39860.9999999999,72,NA,NA,NA,NA,NA
"subtlex_uk",5,19318,"bigram","SV","token",12,4.00000000000001,0,0,NA,NA,NA,NA,NA
"subtlex_uk",5,19318,"bigram","SW","token",49049.9999999999,91.0000000000007,14.0000000000001,0,NA,NA,NA,NA,NA
"subtlex_uk",5,19318,"bigram","SX","token",0,0,0,0,NA,NA,NA,NA,NA
"subtlex_uk",5,19318,"bigram","SY","token",6348.99999999998,212,4.99999999999995,22854,NA,NA,NA,NA,NA
"subtlex_uk",5,19318,"bigram","SZ","token",21.9999999999998,0,195.999999999999,65.0000000000003,NA,NA,NA,NA,NA
"subtlex_uk",5,19318,"bigram","TA","token",168574,281790.000000001,41629.9999999999,27395.0000000001,NA,NA,NA,NA,NA
"subtlex_uk",5,19318,"bigram","TB","token",0,0,23.9999999999998,0,NA,NA,NA,NA,NA
"subtlex_uk",5,19318,"bigram","TC","token",36.0000000000001,594.000000000004,119943,0,NA,NA,NA,NA,NA
"subtlex_uk",5,19318,"bigram","TD","token",0,0,159.999999999999,35.9999999999997,NA,NA,NA,NA,NA
"subtlex_uk",5,19318,"bigram","TE","token",121840,66623.0000000003,461759.999999999,338955.000000002,NA,NA,NA,NA,NA
"subtlex_uk",5,19318,"bigram","TF","token",0,0,6.99999999999993,0,NA,NA,NA,NA,NA
"subtlex_uk",5,19318,"bigram","TG","token",0,0,0,0,NA,NA,NA,NA,NA
"subtlex_uk",5,19318,"bigram","TH","token",3098319,193099,11513,309018.000000001,NA,NA,NA,NA,NA
"subtlex_uk",5,19318,"bigram","TI","token",110310,204449,67441.9999999997,6548.00000000002,NA,NA,NA,NA,NA
"subtlex_uk",5,19318,"bigram","TJ","token",0,0,0,0,NA,NA,NA,NA,NA
"subtlex_uk",5,19318,"bigram","TK","token",65.0000000000001,89.9999999999998,213.999999999999,0,NA,NA,NA,NA,NA
"subtlex_uk",5,19318,"bigram","TL","token",4.99999999999996,512.999999999996,12340.0000000001,34,NA,NA,NA,NA,NA
"subtlex_uk",5,19318,"bigram","TM","token",4.00000000000001,69.0000000000003,22.9999999999999,4.00000000000001,NA,NA,NA,NA,NA
"subtlex_uk",5,19318,"bigram","TN","token",0,0,39,0,NA,NA,NA,NA,NA
"subtlex_uk",5,19318,"bigram","TO","token",300190.999999998,114441,19315,10800.0000000001,NA,NA,NA,NA,NA
"subtlex_uk",5,19318,"bigram","TP","token",47.9999999999998,35,39.9999999999999,0,NA,NA,NA,NA,NA
"subtlex_uk",5,19318,"bigram","TQ","token",0,0,0,0,NA,NA,NA,NA,NA
"subtlex_uk",5,19318,"bigram","TR","token",206433,8072.00000000001,32601.0000000002,29,NA,NA,NA,NA,NA
"subtlex_uk",5,19318,"bigram","TS","token",210.000000000001,4.99999999999996,1463,198846,NA,NA,NA,NA,NA
"subtlex_uk",5,19318,"bigram","TT","token",1.99999999999998,6138.99999999995,28810,11807.0000000001,NA,NA,NA,NA,NA
"subtlex_uk",5,19318,"bigram","TU","token",22873.0000000001,76180,1405,113,NA,NA,NA,NA,NA
"subtlex_uk",5,19318,"bigram","TV","token",0,0,4.99999999999996,0,NA,NA,NA,NA,NA
"subtlex_uk",5,19318,"bigram","TW","token",24531,58.9999999999997,99.9999999999998,0,NA,NA,NA,NA,NA
"subtlex_uk",5,19318,"bigram","TX","token",0,0,0,0,NA,NA,NA,NA,NA
"subtlex_uk",5,19318,"bigram","TY","token",11553,19350.0000000003,386.000000000002,128564,NA,NA,NA,NA,NA
"subtlex_uk",5,19318,"bigram","TZ","token",2.99999999999998,31.0000000000002,596.000000000002,3201.00000000001,NA,NA,NA,NA,NA
"subtlex_uk",5,19318,"bigram","UA","token",0,11591.9999999999,21281.9999999999,392.999999999999,NA,NA,NA,NA,NA
"subtlex_uk",5,19318,"bigram","UB","token",101,6163.99999999999,22711.0000000001,1258.00000000001,NA,NA,NA,NA,NA
"subtlex_uk",5,19318,"bigram","UC","token",56.0000000000001,30945.0000000001,67073.9999999999,14.0000000000001,NA,NA,NA,NA,NA
"subtlex_uk",5,19318,"bigram","UD","token",142.000000000001,21421,12463,36714.0000000001,NA,NA,NA,NA,NA
"subtlex_uk",5,19318,"bigram","UE","token",6.99999999999993,68605,18001.9999999999,67792.0000000001,NA,NA,NA,NA,NA
"subtlex_uk",5,19318,"bigram","UF","token",29,3608,51778.9999999999,306,NA,NA,NA,NA,NA
"subtlex_uk",5,19318,"bigram","UG","token",68.0000000000004,29302.0000000002,61351.0000000003,224,NA,NA,NA,NA,NA
"subtlex_uk",5,19318,"bigram","UH","token",715,833.999999999997,32.0000000000003,688.999999999999,NA,NA,NA,NA,NA
"subtlex_uk",5,19318,"bigram","UI","token",21.0000000000001,287453.000000001,19678.9999999999,96.9999999999997,NA,NA,NA,NA,NA
"subtlex_uk",5,19318,"bigram","UJ","token",4.99999999999995,82,167,0,NA,NA,NA,NA,NA
"subtlex_uk",5,19318,"bigram","UK","token",77.0000000000002,797.999999999999,862.999999999996,69.9999999999998,NA,NA,NA,NA,NA
"subtlex_uk",5,19318,"bigram","UL","token",972.999999999999,50500.0000000002,977549.000000001,14317.0000000001,NA,NA,NA,NA,NA
"subtlex_uk",5,19318,"bigram","UM","token",156.000000000001,44454.0000000003,11012,13666,NA,NA,NA,NA,NA
"subtlex_uk",5,19318,"bigram","UN","token",160466,72282,322705.999999998,7824.00000000001,NA,NA,NA,NA,NA
"subtlex_uk",5,19318,"bigram","UO","token",0,3794,30.0000000000001,20.9999999999999,NA,NA,NA,NA,NA
"subtlex_uk",5,19318,"bigram","UP","token",14640,17486.9999999999,928.000000000002,32818.0000000001,NA,NA,NA,NA,NA
"subtlex_uk",5,19318,"bigram","UQ","token",0,3.99999999999996,0,0,NA,NA,NA,NA,NA
"subtlex_uk",5,19318,"bigram","UR","token",4842,71007.0000000001,92109,8443.99999999996,NA,NA,NA,NA,NA
"subtlex_uk",5,19318,"bigram","US","token",46127.0000000001,60827.0000000006,194751.000000001,48722.9999999999,NA,NA,NA,NA,NA
"subtlex_uk",5,19318,"bigram","UT","token",1547.99999999999,13819,93179.0000000004,672611.000000005,NA,NA,NA,NA,NA
"subtlex_uk",5,19318,"bigram","UU","token",41.0000000000003,81.0000000000003,55,52.9999999999996,NA,NA,NA,NA,NA
"subtlex_uk",5,19318,"bigram","UV","token",8.99999999999991,646,139.999999999999,101.999999999999,NA,NA,NA,NA,NA
"subtlex_uk",5,19318,"bigram","UW","token",0,6.00000000000005,8.0000000000001,4.99999999999996,NA,NA,NA,NA,NA
"subtlex_uk",5,19318,"bigram","UX","token",0,95.9999999999991,2.99999999999998,612,NA,NA,NA,NA,NA
"subtlex_uk",5,19318,"bigram","UY","token",0,2789.00000000001,75.0000000000005,24.0000000000001,NA,NA,NA,NA,NA
"subtlex_uk",5,19318,"bigram","UZ","token",42.9999999999999,1242,182.000000000001,60.0000000000004,NA,NA,NA,NA,NA
"subtlex_uk",5,19318,"bigram","VA","token",26520.0000000002,4031.00000000002,6477,1121,NA,NA,NA,NA,NA
"subtlex_uk",5,19318,"bigram","VB","token",0,0,0,0,NA,NA,NA,NA,NA
"subtlex_uk",5,19318,"bigram","VC","token",0,0,0,0,NA,NA,NA,NA,NA
"subtlex_uk",5,19318,"bigram","VD","token",0,0,70.0000000000007,0,NA,NA,NA,NA,NA
"subtlex_uk",5,19318,"bigram","VE","token",13722,125747,480118,197557,NA,NA,NA,NA,NA
"subtlex_uk",5,19318,"bigram","VF","token",6.99999999999993,0,0,0,NA,NA,NA,NA,NA
"subtlex_uk",5,19318,"bigram","VG","token",0,0,0,0,NA,NA,NA,NA,NA
"subtlex_uk",5,19318,"bigram","VH","token",0,0,0,0,NA,NA,NA,NA,NA
"subtlex_uk",5,19318,"bigram","VI","token",60927.9999999999,907,106652,99.0000000000001,NA,NA,NA,NA,NA
"subtlex_uk",5,19318,"bigram","VJ","token",0,0,0,0,NA,NA,NA,NA,NA
"subtlex_uk",5,19318,"bigram","VK","token",0,0,1.99999999999998,0,NA,NA,NA,NA,NA
"subtlex_uk",5,19318,"bigram","VL","token",0,0,1.99999999999998,0,NA,NA,NA,NA,NA
"subtlex_uk",5,19318,"bigram","VM","token",4.00000000000001,0,0,0,NA,NA,NA,NA,NA
"subtlex_uk",5,19318,"bigram","VN","token",0,0,0,0,NA,NA,NA,NA,NA
"subtlex_uk",5,19318,"bigram","VO","token",38733,11436.0000000001,6892,1496,NA,NA,NA,NA,NA
"subtlex_uk",5,19318,"bigram","VP","token",2.99999999999998,0,4.00000000000001,0,NA,NA,NA,NA,NA
"subtlex_uk",5,19318,"bigram","VQ","token",0,0,0,0,NA,NA,NA,NA,NA
"subtlex_uk",5,19318,"bigram","VR","token",1016.99999999999,359.999999999997,163.000000000001,0,NA,NA,NA,NA,NA
"subtlex_uk",5,19318,"bigram","VS","token",1.99999999999998,0,1.99999999999998,218.000000000001,NA,NA,NA,NA,NA
"subtlex_uk",5,19318,"bigram","VT","token",0,31.0000000000003,0,0,NA,NA,NA,NA,NA
"subtlex_uk",5,19318,"bigram","VU","token",49.0000000000002,5.99999999999999,135,6.99999999999993,NA,NA,NA,NA,NA
"subtlex_uk",5,19318,"bigram","VV","token",0,0,1230,0,NA,NA,NA,NA,NA
"subtlex_uk",5,19318,"bigram","VW","token",8.0000000000001,0,0,0,NA,NA,NA,NA,NA
"subtlex_uk",5,19318,"bigram","VX","token",0,0,0,0,NA,NA,NA,NA,NA
"subtlex_uk",5,19318,"bigram","VY","token",290,0,28.0000000000001,20089.0000000001,NA,NA,NA,NA,NA
"subtlex_uk",5,19318,"bigram","VZ","token",0,0,0,0,NA,NA,NA,NA,NA
"subtlex_uk",5,19318,"bigram","WA","token",258468,29227.9999999999,1642,196,NA,NA,NA,NA,NA
"subtlex_uk",5,19318,"bigram","WB","token",0,0,58.0000000000003,0,NA,NA,NA,NA,NA
"subtlex_uk",5,19318,"bigram","WC","token",0,0,9.9999999999999,0,NA,NA,NA,NA,NA
"subtlex_uk",5,19318,"bigram","WD","token",0,4.99999999999995,797.999999999997,11707.9999999999,NA,NA,NA,NA,NA
"subtlex_uk",5,19318,"bigram","WE","token",84421.0000000003,34867.9999999998,71664.9999999997,1086.00000000001,NA,NA,NA,NA,NA
"subtlex_uk",5,19318,"bigram","WF","token",0,12068.0000000001,4.00000000000001,3.99999999999996,NA,NA,NA,NA,NA
"subtlex_uk",5,19318,"bigram","WG","token",0,0,0,0,NA,NA,NA,NA,NA
"subtlex_uk",5,19318,"bigram","WH","token",839741.000000006,19.9999999999999,19.9999999999998,13,NA,NA,NA,NA,NA
"subtlex_uk",5,19318,"bigram","WI","token",40816.0000000001,32574.0000000001,8502.99999999997,15.0000000000001,NA,NA,NA,NA,NA
"subtlex_uk",5,19318,"bigram","WJ","token",0,0,0,0,NA,NA,NA,NA,NA
"subtlex_uk",5,19318,"bigram","WK","token",0,0,510.000000000002,0,NA,NA,NA,NA,NA
"subtlex_uk",5,19318,"bigram","WL","token",4.00000000000001,170,4981.00000000002,2240.00000000001,NA,NA,NA,NA,NA
"subtlex_uk",5,19318,"bigram","WM","token",1.99999999999998,9.00000000000002,0,6.99999999999993,NA,NA,NA,NA,NA
"subtlex_uk",5,19318,"bigram","WN","token",0,14114.9999999999,7043.99999999998,103841,NA,NA,NA,NA,NA
"subtlex_uk",5,19318,"bigram","WO","token",960721.000000001,4374.99999999999,23,27.0000000000001,NA,NA,NA,NA,NA
"subtlex_uk",5,19318,"bigram","WP","token",2.99999999999998,1.99999999999998,2.99999999999998,6.99999999999999,NA,NA,NA,NA,NA
"subtlex_uk",5,19318,"bigram","WQ","token",0,0,0,0,NA,NA,NA,NA,NA
"subtlex_uk",5,19318,"bigram","WR","token",110815,30.9999999999998,906.999999999999,34.9999999999998,NA,NA,NA,NA,NA
"subtlex_uk",5,19318,"bigram","WS","token",0,5.99999999999995,44.0000000000001,78892,NA,NA,NA,NA,NA
"subtlex_uk",5,19318,"bigram","WT","token",2.99999999999998,26.9999999999998,183.999999999998,1.99999999999998,NA,NA,NA,NA,NA
"subtlex_uk",5,19318,"bigram","WU","token",310.000000000001,596.000000000001,0,226.000000000003,NA,NA,NA,NA,NA
"subtlex_uk",5,19318,"bigram","WV","token",0,0,0,0,NA,NA,NA,NA,NA
"subtlex_uk",5,19318,"bigram","WW","token",1.99999999999998,101,138,130,NA,NA,NA,NA,NA
"subtlex_uk",5,19318,"bigram","WX","token",0,0,0,0,NA,NA,NA,NA,NA
"subtlex_uk",5,19318,"bigram","WY","token",713.000000000003,185,1196.00000000001,1681.99999999999,NA,NA,NA,NA,NA
"subtlex_uk",5,19318,"bigram","WZ","token",0,1.99999999999998,17.0000000000001,0,NA,NA,NA,NA,NA
"subtlex_uk",5,19318,"bigram","XA","token",18.0000000000001,4810.99999999998,1664.99999999999,247.000000000002,NA,NA,NA,NA,NA
"subtlex_uk",5,19318,"bigram","XB","token",2.99999999999998,17.0000000000001,8.00000000000002,0,NA,NA,NA,NA,NA
"subtlex_uk",5,19318,"bigram","XC","token",0,373,6.00000000000005,0,NA,NA,NA,NA,NA
"subtlex_uk",5,19318,"bigram","XD","token",0,2.99999999999998,0,0,NA,NA,NA,NA,NA
"subtlex_uk",5,19318,"bigram","XE","token",181,287.000000000002,30176.0000000001,2.99999999999998,NA,NA,NA,NA,NA
"subtlex_uk",5,19318,"bigram","XF","token",0,255.999999999997,0,0,NA,NA,NA,NA,NA
"subtlex_uk",5,19318,"bigram","XG","token",0,0,0,0,NA,NA,NA,NA,NA
"subtlex_uk",5,19318,"bigram","XH","token",23.0000000000002,64.0000000000006,4.00000000000001,0,NA,NA,NA,NA,NA
"subtlex_uk",5,19318,"bigram","XI","token",162,6632.00000000006,3475.00000000001,58.9999999999997,NA,NA,NA,NA,NA
"subtlex_uk",5,19318,"bigram","XJ","token",1.99999999999998,0,0,0,NA,NA,NA,NA,NA
"subtlex_uk",5,19318,"bigram","XK","token",8.99999999999997,0,1.99999999999998,0,NA,NA,NA,NA,NA
"subtlex_uk",5,19318,"bigram","XL","token",0,64.9999999999997,7.99999999999993,0,NA,NA,NA,NA,NA
"subtlex_uk",5,19318,"bigram","XM","token",0,0,0,0,NA,NA,NA,NA,NA
"subtlex_uk",5,19318,"bigram","XN","token",0,4.00000000000001,6.99999999999993,0,NA,NA,NA,NA,NA
"subtlex_uk",5,19318,"bigram","XO","token",2.99999999999998,12.0000000000001,3459.99999999998,25.0000000000001,NA,NA,NA,NA,NA
"subtlex_uk",5,19318,"bigram","XP","token",0,278.000000000001,8.99999999999999,0,NA,NA,NA,NA,NA
"subtlex_uk",5,19318,"bigram","XQ","token",0,0,0,0,NA,NA,NA,NA,NA
"subtlex_uk",5,19318,"bigram","XR","token",0,0,1.99999999999998,0,NA,NA,NA,NA,NA
"subtlex_uk",5,19318,"bigram","XS","token",2.99999999999998,2.99999999999998,1.99999999999998,18.0000000000001,NA,NA,NA,NA,NA
"subtlex_uk",5,19318,"bigram","XT","token",0,21089.0000000002,3952.99999999997,30.0000000000002,NA,NA,NA,NA,NA
"subtlex_uk",5,19318,"bigram","XU","token",0,43,246,0,NA,NA,NA,NA,NA
"subtlex_uk",5,19318,"bigram","XV","token",10.0000000000001,0,0,0,NA,NA,NA,NA,NA
"subtlex_uk",5,19318,"bigram","XW","token",0,0,0,0,NA,NA,NA,NA,NA
"subtlex_uk",5,19318,"bigram","XX","token",4.00000000000001,93.0000000000002,1.99999999999998,1.99999999999998,NA,NA,NA,NA,NA
"subtlex_uk",5,19318,"bigram","XY","token",30,0,29.9999999999998,279.999999999998,NA,NA,NA,NA,NA
"subtlex_uk",5,19318,"bigram","XZ","token",0,0,0,0,NA,NA,NA,NA,NA
"subtlex_uk",5,19318,"bigram","YA","token",7549.99999999997,636.000000000003,28726.9999999999,11203,NA,NA,NA,NA,NA
"subtlex_uk",5,19318,"bigram","YB","token",0,936.999999999999,82205.9999999997,782.999999999999,NA,NA,NA,NA,NA
"subtlex_uk",5,19318,"bigram","YC","token",0,3634,4063.99999999997,0,NA,NA,NA,NA,NA
"subtlex_uk",5,19318,"bigram","YD","token",6.00000000000005,2693,2435.99999999999,4407.00000000002,NA,NA,NA,NA,NA
"subtlex_uk",5,19318,"bigram","YE","token",205243.000000003,975.999999999999,10666,318.000000000001,NA,NA,NA,NA,NA
"subtlex_uk",5,19318,"bigram","YF","token",2.99999999999998,182.000000000001,4.99999999999996,0,NA,NA,NA,NA,NA
"subtlex_uk",5,19318,"bigram","YG","token",0,661.000000000004,0,0,NA,NA,NA,NA,NA
"subtlex_uk",5,19318,"bigram","YH","token",0,4.99999999999995,0,0,NA,NA,NA,NA,NA
"subtlex_uk",5,19318,"bigram","YI","token",1421.00000000001,16516,1097,0,NA,NA,NA,NA,NA
"subtlex_uk",5,19318,"bigram","YJ","token",0,0,0,0,NA,NA,NA,NA,NA
"subtlex_uk",5,19318,"bigram","YK","token",0,533.999999999998,14.0000000000001,37.0000000000004,NA,NA,NA,NA,NA
"subtlex_uk",5,19318,"bigram","YL","token",13.9999999999999,7131.00000000001,23169.0000000003,2505.99999999999,NA,NA,NA,NA,NA
"subtlex_uk",5,19318,"bigram","YM","token",4.00000000000001,3915.00000000001,3388.00000000002,0,NA,NA,NA,NA,NA
"subtlex_uk",5,19318,"bigram","YN","token",0,2568,6429.00000000003,1480.00000000001,NA,NA,NA,NA,NA
"subtlex_uk",5,19318,"bigram","YO","token",90212.9999999996,714.999999999997,11754,1362,NA,NA,NA,NA,NA
"subtlex_uk",5,19318,"bigram","YP","token",97.9999999999999,6607.00000000004,5545.00000000002,36.0000000000003,NA,NA,NA,NA,NA
"subtlex_uk",5,19318,"bigram","YQ","token",2.99999999999998,0,0,0,NA,NA,NA,NA,NA
"subtlex_uk",5,19318,"bigram","YR","token",0,11519,178,35.0000000000003,NA,NA,NA,NA,NA
"subtlex_uk",5,19318,"bigram","YS","token",216,1249,311.999999999999,15796,NA,NA,NA,NA,NA
"subtlex_uk",5,19318,"bigram","YT","token",0,755.999999999999,881.999999999999,17.0000000000002,NA,NA,NA,NA,NA
"subtlex_uk",5,19318,"bigram","YU","token",3226.00000000003,54.0000000000003,42.0000000000004,32.0000000000001,NA,NA,NA,NA,NA
"subtlex_uk",5,19318,"bigram","YV","token",0,36.9999999999999,10.0000000000001,0,NA,NA,NA,NA,NA
"subtlex_uk",5,19318,"bigram","YW","token",0,605.000000000001,8.00000000000003,0,NA,NA,NA,NA,NA
"subtlex_uk",5,19318,"bigram","YX","token",0,6.99999999999993,1.99999999999998,13,NA,NA,NA,NA,NA
"subtlex_uk",5,19318,"bigram","YY","token",0,7.99999999999997,27,38,NA,NA,NA,NA,NA
"subtlex_uk",5,19318,"bigram","YZ","token",0,1.99999999999998,0,0,NA,NA,NA,NA,NA
"subtlex_uk",5,19318,"bigram","ZA","token",687.000000000003,70.9999999999999,351.000000000001,5656.99999999999,NA,NA,NA,NA,NA
"subtlex_uk",5,19318,"bigram","ZB","token",0,17.9999999999998,2.99999999999998,0,NA,NA,NA,NA,NA
"subtlex_uk",5,19318,"bigram","ZC","token",0,0,22.0000000000001,0,NA,NA,NA,NA,NA
"subtlex_uk",5,19318,"bigram","ZD","token",0,0,96.0000000000001,0,NA,NA,NA,NA,NA
"subtlex_uk",5,19318,"bigram","ZE","token",1488,1053.99999999999,12436,20308.9999999999,NA,NA,NA,NA,NA
"subtlex_uk",5,19318,"bigram","ZF","token",0,0,0,0,NA,NA,NA,NA,NA
"subtlex_uk",5,19318,"bigram","ZG","token",0,0,0,0,NA,NA,NA,NA,NA
"subtlex_uk",5,19318,"bigram","ZH","token",126.000000000001,122,2.99999999999998,4.00000000000001,NA,NA,NA,NA,NA
"subtlex_uk",5,19318,"bigram","ZI","token",1565,10.9999999999999,2280.99999999999,800.000000000002,NA,NA,NA,NA,NA
"subtlex_uk",5,19318,"bigram","ZJ","token",0,0,0,0,NA,NA,NA,NA,NA
"subtlex_uk",5,19318,"bigram","ZK","token",0,0,1.99999999999998,0,NA,NA,NA,NA,NA
"subtlex_uk",5,19318,"bigram","ZL","token",23.0000000000002,0,34.9999999999999,0,NA,NA,NA,NA,NA
"subtlex_uk",5,19318,"bigram","ZM","token",0,34.0000000000001,171.999999999998,0,NA,NA,NA,NA,NA
"subtlex_uk",5,19318,"bigram","ZN","token",0,21.9999999999999,0,0,NA,NA,NA,NA,NA
"subtlex_uk",5,19318,"bigram","ZO","token",2640.00000000001,139.000000000001,1495,573,NA,NA,NA,NA,NA
"subtlex_uk",5,19318,"bigram","ZP","token",1.99999999999998,0,0,0,NA,NA,NA,NA,NA
"subtlex_uk",5,19318,"bigram","ZQ","token",0,0,0,0,NA,NA,NA,NA,NA
"subtlex_uk",5,19318,"bigram","ZR","token",0,2.99999999999998,1.99999999999998,0,NA,NA,NA,NA,NA
"subtlex_uk",5,19318,"bigram","ZS","token",0,0,6.99999999999993,5.99999999999995,NA,NA,NA,NA,NA
"subtlex_uk",5,19318,"bigram","ZT","token",2.99999999999998,217.000000000003,0,207.999999999999,NA,NA,NA,NA,NA
"subtlex_uk",5,19318,"bigram","ZU","token",366.000000000001,65.0000000000003,25,24.0000000000001,NA,NA,NA,NA,NA
"subtlex_uk",5,19318,"bigram","ZV","token",0,0,1.99999999999998,0,NA,NA,NA,NA,NA
"subtlex_uk",5,19318,"bigram","ZW","token",4.99999999999996,0,1.99999999999998,0,NA,NA,NA,NA,NA
"subtlex_uk",5,19318,"bigram","ZX","token",0,0,0,0,NA,NA,NA,NA,NA
"subtlex_uk",5,19318,"bigram","ZY","token",14,0,0,16466,NA,NA,NA,NA,NA
"subtlex_uk",5,19318,"bigram","ZZ","token",39.0000000000003,429,8007.99999999997,987.00000000001,NA,NA,NA,NA,NA
"subtlex_uk",6,24674,"bigram","AA","token",1791.00000000001,2094.00000000001,985.999999999998,1153,201,NA,NA,NA,NA
"subtlex_uk",6,24674,"bigram","AB","token",14458,69021.9999999997,16883,1335,2054,NA,NA,NA,NA
"subtlex_uk",6,24674,"bigram","AC","token",141661,78013,50652.9999999998,52802.9999999999,1596.00000000001,NA,NA,NA,NA
"subtlex_uk",6,24674,"bigram","AD","token",35413,41752.0000000001,54098,25616,17172,NA,NA,NA,NA
"subtlex_uk",6,24674,"bigram","AE","token",1290,2904,1892.00000000002,5088.99999999997,4325,NA,NA,NA,NA
"subtlex_uk",6,24674,"bigram","AF","token",63031,23942.0000000001,2894,734.000000000003,133,NA,NA,NA,NA
"subtlex_uk",6,24674,"bigram","AG","token",29530,14813,39234.9999999999,36957.0000000001,822.000000000001,NA,NA,NA,NA
"subtlex_uk",6,24674,"bigram","AH","token",206,2589,7282.00000000007,398,8390.00000000003,NA,NA,NA,NA
"subtlex_uk",6,24674,"bigram","AI","token",5025.00000000001,72380.9999999998,44622,82364.9999999997,1455,NA,NA,NA,NA
"subtlex_uk",6,24674,"bigram","AJ","token",22,628.000000000004,265,102,99.0000000000003,NA,NA,NA,NA
"subtlex_uk",6,24674,"bigram","AK","token",149,144637.000000001,15116,12386,2849.99999999999,NA,NA,NA,NA
"subtlex_uk",6,24674,"bigram","AL","token",197314.999999999,191458,443440,52761.9999999999,149289,NA,NA,NA,NA
"subtlex_uk",6,24674,"bigram","AM","token",34796,186008.000000001,18327,39376.0000000001,21892.0000000001,NA,NA,NA,NA
"subtlex_uk",6,24674,"bigram","AN","token",197761.999999999,214164.000000001,268041.000000002,59738.9999999999,82664,NA,NA,NA,NA
"subtlex_uk",6,24674,"bigram","AO","token",152.999999999998,320,156,19.9999999999999,262.000000000002,NA,NA,NA,NA
"subtlex_uk",6,24674,"bigram","AP","token",22396,63060.0000000001,19786.9999999999,11379.0000000001,959.999999999995,NA,NA,NA,NA
"subtlex_uk",6,24674,"bigram","AQ","token",26.0000000000001,157.999999999999,1742.00000000001,0,95.0000000000002,NA,NA,NA,NA
"subtlex_uk",6,24674,"bigram","AR","token",198472,326592,153505,64249.0000000001,31924.0000000002,NA,NA,NA,NA
"subtlex_uk",6,24674,"bigram","AS","token",48984,120155,72388,112050,26383.9999999999,NA,NA,NA,NA
"subtlex_uk",6,24674,"bigram","AT","token",24203.9999999998,246283.000000001,51687.0000000001,84775.0000000002,28138,NA,NA,NA,NA
"subtlex_uk",6,24674,"bigram","AU","token",21367,58228,13855,296.000000000001,1677.00000000001,NA,NA,NA,NA
"subtlex_uk",6,24674,"bigram","AV","token",2830.00000000001,117518.000000001,43347,3215.00000000002,498.000000000001,NA,NA,NA,NA
"subtlex_uk",6,24674,"bigram","AW","token",4836.00000000003,8866.99999999999,5069.00000000001,2206.99999999999,2075.99999999998,NA,NA,NA,NA
"subtlex_uk",6,24674,"bigram","AX","token",71.9999999999998,3093,510.000000000002,1325.00000000001,1062,NA,NA,NA,NA
"subtlex_uk",6,24674,"bigram","AY","token",478.000000000001,106281.999999999,67625,120381.999999999,88521.9999999999,NA,NA,NA,NA
"subtlex_uk",6,24674,"bigram","AZ","token",258,3367.99999999999,11341,450.000000000003,206,NA,NA,NA,NA
"subtlex_uk",6,24674,"bigram","BA","token",96847.0000000001,753.999999999999,20263,14747.0000000001,1259,NA,NA,NA,NA
"subtlex_uk",6,24674,"bigram","BB","token",0,815,32975.0000000001,2442.00000000002,20,NA,NA,NA,NA
"subtlex_uk",6,24674,"bigram","BC","token",0,0,371.999999999999,0,0,NA,NA,NA,NA
"subtlex_uk",6,24674,"bigram","BD","token",0,89.9999999999998,239,25.0000000000001,3.99999999999996,NA,NA,NA,NA
"subtlex_uk",6,24674,"bigram","BE","token",462066,440.000000000001,22102,110516,2255.00000000001,NA,NA,NA,NA
"subtlex_uk",6,24674,"bigram","BF","token",1.99999999999998,0,8.99999999999991,0,0,NA,NA,NA,NA
"subtlex_uk",6,24674,"bigram","BG","token",0,10.9999999999999,12.9999999999999,153.999999999999,24.9999999999999,NA,NA,NA,NA
"subtlex_uk",6,24674,"bigram","BH","token",721.000000000001,28.0000000000002,45.0000000000003,0,1.99999999999998,NA,NA,NA,NA
"subtlex_uk",6,24674,"bigram","BI","token",44681,104.000000000001,18559,19791.0000000001,372,NA,NA,NA,NA
"subtlex_uk",6,24674,"bigram","BJ","token",4.99999999999996,6199,1.99999999999998,0,0,NA,NA,NA,NA
"subtlex_uk",6,24674,"bigram","BK","token",0,0,1.99999999999998,0,0,NA,NA,NA,NA
"subtlex_uk",6,24674,"bigram","BL","token",28144,533.999999999999,65985.9999999995,68870.0000000003,31.9999999999997,NA,NA,NA,NA
"subtlex_uk",6,24674,"bigram","BM","token",24.9999999999998,0,590.000000000004,0,0,NA,NA,NA,NA
"subtlex_uk",6,24674,"bigram","BN","token",0,0,108.000000000001,20,0,NA,NA,NA,NA
"subtlex_uk",6,24674,"bigram","BO","token",136117,3045.99999999999,74072.9999999994,15827.0000000001,416.000000000001,NA,NA,NA,NA
"subtlex_uk",6,24674,"bigram","BP","token",0,0,0,0,0,NA,NA,NA,NA
"subtlex_uk",6,24674,"bigram","BQ","token",0,0,0,0,0,NA,NA,NA,NA
"subtlex_uk",6,24674,"bigram","BR","token",110649,4739.00000000003,5666.00000000001,638.000000000002,1.99999999999998,NA,NA,NA,NA
"subtlex_uk",6,24674,"bigram","BS","token",0,2851.99999999999,2409.99999999999,24.0000000000001,5525.99999999998,NA,NA,NA,NA
"subtlex_uk",6,24674,"bigram","BT","token",0,662.999999999993,1871.99999999999,1834.99999999998,19.9999999999999,NA,NA,NA,NA
"subtlex_uk",6,24674,"bigram","BU","token",110199,2115,5551,1067,233,NA,NA,NA,NA
"subtlex_uk",6,24674,"bigram","BV","token",0,0,0,0,0,NA,NA,NA,NA
"subtlex_uk",6,24674,"bigram","BW","token",34,8.99999999999999,426.000000000001,4.00000000000001,1.99999999999998,NA,NA,NA,NA
"subtlex_uk",6,24674,"bigram","BX","token",0,0,0,0,0,NA,NA,NA,NA
"subtlex_uk",6,24674,"bigram","BY","token",1125.00000000001,8.0000000000001,1617.99999999999,81.0000000000003,8673.99999999998,NA,NA,NA,NA
"subtlex_uk",6,24674,"bigram","BZ","token",57.9999999999994,0,1.99999999999998,0,0,NA,NA,NA,NA
"subtlex_uk",6,24674,"bigram","CA","token",232475,17509,50802.0000000001,9110.99999999999,17705.9999999999,NA,NA,NA,NA
"subtlex_uk",6,24674,"bigram","CB","token",0,63.0000000000002,0,0,0,NA,NA,NA,NA
"subtlex_uk",6,24674,"bigram","CC","token",0,32259,1501,247,0,NA,NA,NA,NA
"subtlex_uk",6,24674,"bigram","CD","token",0,76.0000000000003,13,0,0,NA,NA,NA,NA
"subtlex_uk",6,24674,"bigram","CE","token",44109.9999999999,7970.99999999993,70281.9999999998,122137,276288,NA,NA,NA,NA
"subtlex_uk",6,24674,"bigram","CF","token",0,87.9999999999994,4.00000000000001,0,0,NA,NA,NA,NA
"subtlex_uk",6,24674,"bigram","CG","token",0,407.999999999999,0,0,0,NA,NA,NA,NA
"subtlex_uk",6,24674,"bigram","CH","token",288311.000000002,69278.0000000007,22299,8933.00000000003,98677.9999999998,NA,NA,NA,NA
"subtlex_uk",6,24674,"bigram","CI","token",20469.9999999999,1483,67019,6012.00000000002,328.000000000001,NA,NA,NA,NA
"subtlex_uk",6,24674,"bigram","CJ","token",0,0,0,0,0,NA,NA,NA,NA
"subtlex_uk",6,24674,"bigram","CK","token",0,98.9999999999998,126617,45642,26617.9999999999,NA,NA,NA,NA
"subtlex_uk",6,24674,"bigram","CL","token",79438.0000000001,619.999999999998,2336,7714.99999999998,0,NA,NA,NA,NA
"subtlex_uk",6,24674,"bigram","CM","token",0,357.000000000003,15.9999999999999,6.99999999999993,0,NA,NA,NA,NA
"subtlex_uk",6,24674,"bigram","CN","token",4.99999999999995,156,2205.00000000001,0,0,NA,NA,NA,NA
"subtlex_uk",6,24674,"bigram","CO","token",428232,28998,164451.000000001,7196.99999999999,5951.99999999997,NA,NA,NA,NA
"subtlex_uk",6,24674,"bigram","CP","token",0,132,1.99999999999998,0,0,NA,NA,NA,NA
"subtlex_uk",6,24674,"bigram","CQ","token",0,44.9999999999999,554.000000000004,0,3.99999999999996,NA,NA,NA,NA
"subtlex_uk",6,24674,"bigram","CR","token",86438.0000000002,79204.9999999995,19640.0000000002,450.000000000001,0,NA,NA,NA,NA
"subtlex_uk",6,24674,"bigram","CS","token",1.99999999999998,6.99999999999994,99.9999999999994,1.99999999999998,7528.00000000001,NA,NA,NA,NA
"subtlex_uk",6,24674,"bigram","CT","token",1.99999999999998,48344.0000000002,59900.0000000004,720.999999999997,89667,NA,NA,NA,NA
"subtlex_uk",6,24674,"bigram","CU","token",13201,760.000000000003,24144.0000000002,16147,22,NA,NA,NA,NA
"subtlex_uk",6,24674,"bigram","CV","token",0,0,0,0,0,NA,NA,NA,NA
"subtlex_uk",6,24674,"bigram","CW","token",9.00000000000002,11,13.9999999999999,0,0,NA,NA,NA,NA
"subtlex_uk",6,24674,"bigram","CX","token",0,0,0,0,0,NA,NA,NA,NA
"subtlex_uk",6,24674,"bigram","CY","token",2272,120,4.00000000000001,49.0000000000002,32620.0000000002,NA,NA,NA,NA
"subtlex_uk",6,24674,"bigram","CZ","token",120.000000000001,132.000000000001,6.99999999999993,0,1.99999999999998,NA,NA,NA,NA
"subtlex_uk",6,24674,"bigram","DA","token",77698.0000000001,169.000000000001,9485.00000000001,48290,17020,NA,NA,NA,NA
"subtlex_uk",6,24674,"bigram","DB","token",0,43.0000000000004,91.0000000000003,21,0,NA,NA,NA,NA
"subtlex_uk",6,24674,"bigram","DC","token",0,34.0000000000003,327,0,73.0000000000006,NA,NA,NA,NA
"subtlex_uk",6,24674,"bigram","DD","token",8.00000000000002,5430.00000000003,71239,1204,956.000000000003,NA,NA,NA,NA
"subtlex_uk",6,24674,"bigram","DE","token",172906,710.999999999995,73066.9999999998,253079,87963.9999999998,NA,NA,NA,NA
"subtlex_uk",6,24674,"bigram","DF","token",0,6.00000000000005,259.999999999999,36,0,NA,NA,NA,NA
"subtlex_uk",6,24674,"bigram","DG","token",0,602.000000000001,51536,17955.9999999999,0,NA,NA,NA,NA
"subtlex_uk",6,24674,"bigram","DH","token",92.0000000000005,187.999999999998,1193,935.999999999998,456.000000000003,NA,NA,NA,NA
"subtlex_uk",6,24674,"bigram","DI","token",53482.0000000003,7745.00000000001,77410,33992.0000000001,553.000000000002,NA,NA,NA,NA
"subtlex_uk",6,24674,"bigram","DJ","token",156,1107,70.9999999999999,0,0,NA,NA,NA,NA
"subtlex_uk",6,24674,"bigram","DK","token",0,143,80.9999999999999,0,0,NA,NA,NA,NA
"subtlex_uk",6,24674,"bigram","DL","token",0,60.0000000000001,3769,79099.9999999999,13,NA,NA,NA,NA
"subtlex_uk",6,24674,"bigram","DM","token",173.000000000001,3404.99999999998,1008,3.99999999999996,0,NA,NA,NA,NA
"subtlex_uk",6,24674,"bigram","DN","token",0,4.00000000000001,6418.99999999997,30.0000000000001,9.9999999999999,NA,NA,NA,NA
"subtlex_uk",6,24674,"bigram","DO","token",76370.0000000004,1311.99999999999,3408.99999999999,103491.000000001,2324.00000000001,NA,NA,NA,NA
"subtlex_uk",6,24674,"bigram","DP","token",0,0,27,0,0,NA,NA,NA,NA
"subtlex_uk",6,24674,"bigram","DQ","token",0,0,0,0,0,NA,NA,NA,NA
"subtlex_uk",6,24674,"bigram","DR","token",44306.0000000001,2630.99999999998,20258.0000000002,4373.99999999999,17.0000000000001,NA,NA,NA,NA
"subtlex_uk",6,24674,"bigram","DS","token",0,0,1661.00000000001,323.999999999998,93393.0000000001,NA,NA,NA,NA
"subtlex_uk",6,24674,"bigram","DT","token",0,0,42.0000000000001,4.00000000000001,57,NA,NA,NA,NA
"subtlex_uk",6,24674,"bigram","DU","token",51091.0000000004,3835.99999999999,8895.00000000007,1053,144.000000000001,NA,NA,NA,NA
"subtlex_uk",6,24674,"bigram","DV","token",81.9999999999992,18246,7.99999999999997,0,0,NA,NA,NA,NA
"subtlex_uk",6,24674,"bigram","DW","token",839.000000000004,5577.00000000005,1223,18,0,NA,NA,NA,NA
"subtlex_uk",6,24674,"bigram","DX","token",0,0,0,0,0,NA,NA,NA,NA
"subtlex_uk",6,24674,"bigram","DY","token",456.000000000002,23.0000000000002,28.9999999999999,568.000000000004,60376.9999999999,NA,NA,NA,NA
"subtlex_uk",6,24674,"bigram","DZ","token",0,8.99999999999991,48.9999999999995,0,7.99999999999992,NA,NA,NA,NA
"subtlex_uk",6,24674,"bigram","EA","token",45486.0000000003,678329,168937,71631,5187.00000000003,NA,NA,NA,NA
"subtlex_uk",6,24674,"bigram","EB","token",209,26945,4065.00000000001,2417,119.000000000001,NA,NA,NA,NA
"subtlex_uk",6,24674,"bigram","EC","token",1418.00000000001,282679.000000001,20268,91801.0000000001,354.000000000001,NA,NA,NA,NA
"subtlex_uk",6,24674,"bigram","ED","token",13608.0000000001,23024.0000000001,47541.9999999999,13962,1022913,NA,NA,NA,NA
"subtlex_uk",6,24674,"bigram","EE","token",221,97703.0000000001,85392.0000000002,106229,23917.0000000001,NA,NA,NA,NA
"subtlex_uk",6,24674,"bigram","EF","token",25870.0000000002,182513,14592,1119,12912,NA,NA,NA,NA
"subtlex_uk",6,24674,"bigram","EG","token",444,51956.0000000001,1127,365,646.000000000007,NA,NA,NA,NA
"subtlex_uk",6,24674,"bigram","EH","token",17.0000000000001,62055.9999999996,184.000000000001,39,48,NA,NA,NA,NA
"subtlex_uk",6,24674,"bigram","EI","token",34622.0000000004,27605,34502.0000000002,2125,1245,NA,NA,NA,NA
"subtlex_uk",6,24674,"bigram","EJ","token",12.0000000000001,2247.00000000001,14.9999999999999,10.9999999999999,48.0000000000001,NA,NA,NA,NA
"subtlex_uk",6,24674,"bigram","EK","token",49.0000000000002,915.000000000002,2676.00000000001,7188.00000000003,253.000000000001,NA,NA,NA,NA
"subtlex_uk",6,24674,"bigram","EL","token",9604.99999999998,94782,28416.0000000001,264603.999999999,71428.0000000001,NA,NA,NA,NA
"subtlex_uk",6,24674,"bigram","EM","token",11647,78636.0000000002,18390,23587,41804.0000000001,NA,NA,NA,NA
"subtlex_uk",6,24674,"bigram","EN","token",154152.000000001,130847,104176,208208,284215,NA,NA,NA,NA
"subtlex_uk",6,24674,"bigram","EO","token",40.0000000000004,476874.999999999,5828.99999999998,4530.00000000001,869.000000000005,NA,NA,NA,NA
"subtlex_uk",6,24674,"bigram","EP","token",221,51011.0000000001,12600.9999999999,30335.9999999999,4882,NA,NA,NA,NA
"subtlex_uk",6,24674,"bigram","EQ","token",2104.99999999999,491.999999999997,2619.00000000002,0,0,NA,NA,NA,NA
"subtlex_uk",6,24674,"bigram","ER","token",4215,168009,41069.0000000003,222712.000000001,1279552,NA,NA,NA,NA
"subtlex_uk",6,24674,"bigram","ES","token",24584.0000000002,93358.0000000001,15101,126489,494942,NA,NA,NA,NA
"subtlex_uk",6,24674,"bigram","ET","token",2199.99999999999,204636,74689.9999999996,30766.0000000001,245147,NA,NA,NA,NA
"subtlex_uk",6,24674,"bigram","EU","token",26624,1403.00000000001,1430,8633.00000000009,47.0000000000002,NA,NA,NA,NA
"subtlex_uk",6,24674,"bigram","EV","token",14433.9999999999,46877.9999999999,21621.0000000001,2404.00000000002,66.9999999999999,NA,NA,NA,NA
"subtlex_uk",6,24674,"bigram","EW","token",38,17696.0000000001,4338,1393,28196.0000000001,NA,NA,NA,NA
"subtlex_uk",6,24674,"bigram","EX","token",84499.9999999999,9879.99999999993,802.000000000004,838.000000000007,4627,NA,NA,NA,NA
"subtlex_uk",6,24674,"bigram","EY","token",495.999999999996,14672,389,1140,96761,NA,NA,NA,NA
"subtlex_uk",6,24674,"bigram","EZ","token",2.99999999999998,60.9999999999996,679.000000000004,9198.00000000007,1418.00000000001,NA,NA,NA,NA
"subtlex_uk",6,24674,"bigram","FA","token",240573.000000001,3.99999999999996,10862,1193.00000000001,120,NA,NA,NA,NA
"subtlex_uk",6,24674,"bigram","FB","token",0,0,1.99999999999998,1.99999999999998,1.99999999999998,NA,NA,NA,NA
"subtlex_uk",6,24674,"bigram","FC","token",0,0,18,0,0,NA,NA,NA,NA
"subtlex_uk",6,24674,"bigram","FD","token",0,0,0,4.00000000000001,0,NA,NA,NA,NA
"subtlex_uk",6,24674,"bigram","FE","token",30096.0000000001,22,57121.0000000003,28091,1210.00000000001,NA,NA,NA,NA
"subtlex_uk",6,24674,"bigram","FF","token",21.9999999999999,81437.0000000001,24044.0000000001,6313,1534,NA,NA,NA,NA
"subtlex_uk",6,24674,"bigram","FG","token",0,3274.99999999999,0,0,0,NA,NA,NA,NA
"subtlex_uk",6,24674,"bigram","FH","token",6.00000000000005,0,0,0,0,NA,NA,NA,NA
"subtlex_uk",6,24674,"bigram","FI","token",100358,754.999999999993,30701.9999999999,28905.9999999999,675.000000000003,NA,NA,NA,NA
"subtlex_uk",6,24674,"bigram","FJ","token",77.9999999999996,0,0,0,0,NA,NA,NA,NA
"subtlex_uk",6,24674,"bigram","FK","token",0,0,0,15.9999999999998,0,NA,NA,NA,NA
"subtlex_uk",6,24674,"bigram","FL","token",46337,485.999999999997,1426.00000000001,2872,2.99999999999998,NA,NA,NA,NA
"subtlex_uk",6,24674,"bigram","FM","token",0,28.0000000000001,4.99999999999996,0,29.0000000000001,NA,NA,NA,NA
"subtlex_uk",6,24674,"bigram","FN","token",0,0,85.9999999999999,17.0000000000001,1.99999999999998,NA,NA,NA,NA
"subtlex_uk",6,24674,"bigram","FO","token",133450,36.0000000000001,192795,149,6.00000000000005,NA,NA,NA,NA
"subtlex_uk",6,24674,"bigram","FP","token",15.0000000000001,11,98.9999999999997,10.9999999999999,0,NA,NA,NA,NA
"subtlex_uk",6,24674,"bigram","FQ","token",0,161,0,0,0,NA,NA,NA,NA
"subtlex_uk",6,24674,"bigram","FR","token",124798.999999999,36072.9999999999,1617.99999999999,178,14.9999999999998,NA,NA,NA,NA
"subtlex_uk",6,24674,"bigram","FS","token",0,459.000000000002,448.000000000002,0,3950.99999999999,NA,NA,NA,NA
"subtlex_uk",6,24674,"bigram","FT","token",0,110.999999999999,6905,4828.00000000001,802.999999999999,NA,NA,NA,NA
"subtlex_uk",6,24674,"bigram","FU","token",51774.9999999997,1.99999999999998,4744.99999999999,8421.00000000007,11.9999999999999,NA,NA,NA,NA
"subtlex_uk",6,24674,"bigram","FV","token",0,0,0,0,0,NA,NA,NA,NA
"subtlex_uk",6,24674,"bigram","FW","token",5.99999999999999,0,0,0,0,NA,NA,NA,NA
"subtlex_uk",6,24674,"bigram","FX","token",0,0,0,0,0,NA,NA,NA,NA
"subtlex_uk",6,24674,"bigram","FY","token",29.9999999999999,7.99999999999992,484.000000000001,97.0000000000007,4637.00000000001,NA,NA,NA,NA
"subtlex_uk",6,24674,"bigram","FZ","token",0,0,0,0,0,NA,NA,NA,NA
"subtlex_uk",6,24674,"bigram","GA","token",78045.9999999996,1435,15091,10888,3330.99999999997,NA,NA,NA,NA
"subtlex_uk",6,24674,"bigram","GB","token",104.000000000001,53.0000000000001,67.0000000000003,318,0,NA,NA,NA,NA
"subtlex_uk",6,24674,"bigram","GC","token",0,0,8.99999999999999,0,0,NA,NA,NA,NA
"subtlex_uk",6,24674,"bigram","GD","token",64.0000000000001,1.99999999999998,202,1.99999999999998,3.99999999999996,NA,NA,NA,NA
"subtlex_uk",6,24674,"bigram","GE","token",58404.0000000004,14990,25681.0000000001,203738,179937.000000001,NA,NA,NA,NA
"subtlex_uk",6,24674,"bigram","GF","token",0,0,28.0000000000001,2.99999999999998,0,NA,NA,NA,NA
"subtlex_uk",6,24674,"bigram","GG","token",2.99999999999998,293,44097.9999999999,4110.99999999997,30.0000000000003,NA,NA,NA,NA
"subtlex_uk",6,24674,"bigram","GH","token",1800.00000000001,116,66232.0000000002,118375,149730.000000001,NA,NA,NA,NA
"subtlex_uk",6,24674,"bigram","GI","token",38634.0000000001,117.000000000001,34915,19467,66.0000000000003,NA,NA,NA,NA
"subtlex_uk",6,24674,"bigram","GJ","token",0,0,13,0,0,NA,NA,NA,NA
"subtlex_uk",6,24674,"bigram","GK","token",0,0,46.9999999999995,4.99999999999995,0,NA,NA,NA,NA
"subtlex_uk",6,24674,"bigram","GL","token",20188.0000000001,177,4911.00000000001,45460.0000000001,15,NA,NA,NA,NA
"subtlex_uk",6,24674,"bigram","GM","token",0,51,137,806.000000000003,77.9999999999996,NA,NA,NA,NA
"subtlex_uk",6,24674,"bigram","GN","token",492.000000000001,3837.00000000002,16397.0000000001,257,13887,NA,NA,NA,NA
"subtlex_uk",6,24674,"bigram","GO","token",34971.0000000002,46.9999999999999,2465.00000000001,12523,1104,NA,NA,NA,NA
"subtlex_uk",6,24674,"bigram","GP","token",0,0,388.000000000002,0,29.9999999999998,NA,NA,NA,NA
"subtlex_uk",6,24674,"bigram","GQ","token",0,0,0,0,0,NA,NA,NA,NA
"subtlex_uk",6,24674,"bigram","GR","token",106437,13591,11266.0000000001,7721.99999999999,1.99999999999998,NA,NA,NA,NA
"subtlex_uk",6,24674,"bigram","GS","token",6.99999999999993,0,1275.99999999999,38.9999999999999,187068.999999998,NA,NA,NA,NA
"subtlex_uk",6,24674,"bigram","GT","token",0,0,61.0000000000005,5753.00000000001,26.9999999999998,NA,NA,NA,NA
"subtlex_uk",6,24674,"bigram","GU","token",34118.0000000001,320.999999999997,24020.0000000001,27243.9999999999,4.99999999999995,NA,NA,NA,NA
"subtlex_uk",6,24674,"bigram","GV","token",1.99999999999998,0,2.99999999999998,4.99999999999995,0,NA,NA,NA,NA
"subtlex_uk",6,24674,"bigram","GW","token",237,0,156.000000000001,13,0,NA,NA,NA,NA
"subtlex_uk",6,24674,"bigram","GX","token",0,0,0,23.0000000000002,0,NA,NA,NA,NA
"subtlex_uk",6,24674,"bigram","GY","token",93.0000000000005,3.99999999999996,676.000000000004,18.0000000000001,23968.0000000003,NA,NA,NA,NA
"subtlex_uk",6,24674,"bigram","GZ","token",0,0,483.000000000003,0,6.99999999999993,NA,NA,NA,NA
"subtlex_uk",6,24674,"bigram","HA","token",211848.000000001,250636.000000002,9673.00000000002,23957,6746,NA,NA,NA,NA
"subtlex_uk",6,24674,"bigram","HB","token",0,0,29.0000000000001,4.99999999999996,0,NA,NA,NA,NA
"subtlex_uk",6,24674,"bigram","HC","token",0,0,10.0000000000001,2.99999999999998,0,NA,NA,NA,NA
"subtlex_uk",6,24674,"bigram","HD","token",0,0,17.9999999999998,11.0000000000001,1.99999999999998,NA,NA,NA,NA
"subtlex_uk",6,24674,"bigram","HE","token",95848.9999999998,66767.0000000001,40627.0000000004,236465.000000002,4003.00000000001,NA,NA,NA,NA
"subtlex_uk",6,24674,"bigram","HF","token",0,0,29,0,0,NA,NA,NA,NA
"subtlex_uk",6,24674,"bigram","HG","token",0,0,6.99999999999994,0,0,NA,NA,NA,NA
"subtlex_uk",6,24674,"bigram","HH","token",0,278.000000000001,330.000000000001,604.999999999999,733,NA,NA,NA,NA
"subtlex_uk",6,24674,"bigram","HI","token",47735.0000000001,238742.999999998,56042.9999999996,46163.0000000002,914.999999999997,NA,NA,NA,NA
"subtlex_uk",6,24674,"bigram","HJ","token",0,0,0,0,0,NA,NA,NA,NA
"subtlex_uk",6,24674,"bigram","HK","token",0,1.99999999999998,6.99999999999999,113,0,NA,NA,NA,NA
"subtlex_uk",6,24674,"bigram","HL","token",0,109,3218.99999999999,7829.00000000009,52.9999999999997,NA,NA,NA,NA
"subtlex_uk",6,24674,"bigram","HM","token",20.0000000000001,25.0000000000001,718.000000000004,2287,3640.99999999999,NA,NA,NA,NA
"subtlex_uk",6,24674,"bigram","HN","token",1.99999999999998,12.0000000000001,6558.00000000003,4856.99999999999,121.000000000001,NA,NA,NA,NA
"subtlex_uk",6,24674,"bigram","HO","token",111892,360650.000000001,61656.0000000006,13521,1160.00000000001,NA,NA,NA,NA
"subtlex_uk",6,24674,"bigram","HP","token",0,3.99999999999996,4.00000000000001,8.0000000000001,0,NA,NA,NA,NA
"subtlex_uk",6,24674,"bigram","HQ","token",0,0,0,0,0,NA,NA,NA,NA
"subtlex_uk",6,24674,"bigram","HR","token",11.9999999999999,42053,1161,439.000000000002,23.0000000000001,NA,NA,NA,NA
"subtlex_uk",6,24674,"bigram","HS","token",0,0,12.0000000000001,8.99999999999991,60028.9999999997,NA,NA,NA,NA
"subtlex_uk",6,24674,"bigram","HT","token",0,71.9999999999999,961.000000000002,36189.0000000001,112865,NA,NA,NA,NA
"subtlex_uk",6,24674,"bigram","HU","token",36906,28743,441,9756.99999999995,188,NA,NA,NA,NA
"subtlex_uk",6,24674,"bigram","HV","token",0,1.99999999999998,4.00000000000001,0,0,NA,NA,NA,NA
"subtlex_uk",6,24674,"bigram","HW","token",8.99999999999991,439,126,20.9999999999999,0,NA,NA,NA,NA
"subtlex_uk",6,24674,"bigram","HX","token",0,0,0,0,0,NA,NA,NA,NA
"subtlex_uk",6,24674,"bigram","HY","token",1108,5238.99999999999,4.99999999999995,83.0000000000002,17717.0000000001,NA,NA,NA,NA
"subtlex_uk",6,24674,"bigram","HZ","token",0,0,8.0000000000001,0,0,NA,NA,NA,NA
"subtlex_uk",6,24674,"bigram","IA","token",17.0000000000001,8824.99999999999,3197.00000000001,44209.9999999998,22577,NA,NA,NA,NA
"subtlex_uk",6,24674,"bigram","IB","token",162,8499.99999999999,3345,554,136,NA,NA,NA,NA
"subtlex_uk",6,24674,"bigram","IC","token",2791.99999999997,69268.9999999999,47888.0000000001,196940,100944.999999999,NA,NA,NA,NA
"subtlex_uk",6,24674,"bigram","ID","token",1527.99999999999,74098.9999999998,39427.9999999999,75623.9999999998,45338.0000000001,NA,NA,NA,NA
"subtlex_uk",6,24674,"bigram","IE","token",203,34169,51995.9999999998,151250,85507.0000000001,NA,NA,NA,NA
"subtlex_uk",6,24674,"bigram","IF","token",17.9999999999999,6107.00000000001,5001.99999999999,3267.00000000001,249.000000000001,NA,NA,NA,NA
"subtlex_uk",6,24674,"bigram","IG","token",4059.00000000001,125767,56642.9999999999,15192,691.000000000001,NA,NA,NA,NA
"subtlex_uk",6,24674,"bigram","IH","token",0,113,67.0000000000003,28.0000000000001,0,NA,NA,NA,NA
"subtlex_uk",6,24674,"bigram","II","token",4.99999999999995,8.99999999999992,1334.99999999999,6.99999999999994,1631.00000000001,NA,NA,NA,NA
"subtlex_uk",6,24674,"bigram","IJ","token",4.00000000000001,243.000000000001,177.999999999999,36.0000000000001,1.99999999999998,NA,NA,NA,NA
"subtlex_uk",6,24674,"bigram","IK","token",0,21838.9999999999,2301,17480,406.999999999998,NA,NA,NA,NA
"subtlex_uk",6,24674,"bigram","IL","token",287.999999999999,99581.9999999999,83155,131963.000000001,40122.9999999998,NA,NA,NA,NA
"subtlex_uk",6,24674,"bigram","IM","token",24817.9999999999,56043.9999999998,27555.9999999999,14874,10575,NA,NA,NA,NA
"subtlex_uk",6,24674,"bigram","IN","token",130817,215581.000000001,314419.999999998,1061328,126954,NA,NA,NA,NA
"subtlex_uk",6,24674,"bigram","IO","token",226.000000000002,4860.00000000001,10360.9999999999,109848,14670.0000000001,NA,NA,NA,NA
"subtlex_uk",6,24674,"bigram","IP","token",769.999999999998,11289,4286.00000000002,10554,9223.99999999995,NA,NA,NA,NA
"subtlex_uk",6,24674,"bigram","IQ","token",0,4311.99999999999,9328.00000000001,0,74.0000000000006,NA,NA,NA,NA
"subtlex_uk",6,24674,"bigram","IR","token",2388.00000000001,43025.9999999999,34882,44256.0000000001,12523,NA,NA,NA,NA
"subtlex_uk",6,24674,"bigram","IS","token",47055,130064,64810.9999999997,84008.0000000001,43170,NA,NA,NA,NA
"subtlex_uk",6,24674,"bigram","IT","token",21593.9999999999,316672.000000003,59848.0000000001,31572.9999999999,61314.9999999999,NA,NA,NA,NA
"subtlex_uk",6,24674,"bigram","IU","token",0,172.000000000001,10.9999999999999,14769.9999999999,4.00000000000001,NA,NA,NA,NA
"subtlex_uk",6,24674,"bigram","IV","token",160,83976.0000000004,27764,17417.0000000001,26.0000000000001,NA,NA,NA,NA
"subtlex_uk",6,24674,"bigram","IW","token",3.99999999999996,179.000000000001,464.000000000003,0,5.99999999999999,NA,NA,NA,NA
"subtlex_uk",6,24674,"bigram","IX","token",0,4077,263.999999999999,0,680.000000000001,NA,NA,NA,NA
"subtlex_uk",6,24674,"bigram","IY","token",0,191,64.9999999999998,301.999999999999,31.0000000000001,NA,NA,NA,NA
"subtlex_uk",6,24674,"bigram","IZ","token",162,6481.00000000002,5067.99999999998,343.999999999998,40.0000000000002,NA,NA,NA,NA
"subtlex_uk",6,24674,"bigram","JA","token",20123,104,456.000000000002,1841.00000000001,120,NA,NA,NA,NA
"subtlex_uk",6,24674,"bigram","JB","token",0,2.99999999999998,0,0,0,NA,NA,NA,NA
"subtlex_uk",6,24674,"bigram","JC","token",0,0,1.99999999999998,0,0,NA,NA,NA,NA
"subtlex_uk",6,24674,"bigram","JD","token",0,0,0,0,0,NA,NA,NA,NA
"subtlex_uk",6,24674,"bigram","JE","token",19959,67.0000000000003,8069.99999999999,399.999999999998,80.0000000000008,NA,NA,NA,NA
"subtlex_uk",6,24674,"bigram","JF","token",0,0,0,0,0,NA,NA,NA,NA
"subtlex_uk",6,24674,"bigram","JG","token",0,0,0,0,0,NA,NA,NA,NA
"subtlex_uk",6,24674,"bigram","JH","token",17.9999999999999,24.0000000000001,0,0,0,NA,NA,NA,NA
"subtlex_uk",6,24674,"bigram","JI","token",3226.99999999999,6.00000000000005,221.000000000001,302,512.999999999998,NA,NA,NA,NA
"subtlex_uk",6,24674,"bigram","JJ","token",0,0,48.0000000000002,0,0,NA,NA,NA,NA
"subtlex_uk",6,24674,"bigram","JK","token",0,0,2.99999999999998,4.99999999999995,0,NA,NA,NA,NA
"subtlex_uk",6,24674,"bigram","JL","token",0,0,6.99999999999993,0,0,NA,NA,NA,NA
"subtlex_uk",6,24674,"bigram","JM","token",0,0,4.99999999999995,0,0,NA,NA,NA,NA
"subtlex_uk",6,24674,"bigram","JN","token",0,0,4.99999999999995,0,1.99999999999998,NA,NA,NA,NA
"subtlex_uk",6,24674,"bigram","JO","token",42544,84.9999999999996,4943,152.999999999999,2332.99999999999,NA,NA,NA,NA
"subtlex_uk",6,24674,"bigram","JP","token",0,0,1.99999999999998,0,0,NA,NA,NA,NA
"subtlex_uk",6,24674,"bigram","JQ","token",0,0,0,0,0,NA,NA,NA,NA
"subtlex_uk",6,24674,"bigram","JR","token",0,0,62.9999999999998,0,0,NA,NA,NA,NA
"subtlex_uk",6,24674,"bigram","JS","token",0,0,0,0,0,NA,NA,NA,NA
"subtlex_uk",6,24674,"bigram","JT","token",0,8.99999999999999,66.0000000000005,0,0,NA,NA,NA,NA
"subtlex_uk",6,24674,"bigram","JU","token",45435.9999999999,0,9051.00000000002,25,0,NA,NA,NA,NA
"subtlex_uk",6,24674,"bigram","JV","token",0,0,0,0,0,NA,NA,NA,NA
"subtlex_uk",6,24674,"bigram","JW","token",0,4.00000000000001,0,0,0,NA,NA,NA,NA
"subtlex_uk",6,24674,"bigram","JX","token",0,0,0,0,0,NA,NA,NA,NA
"subtlex_uk",6,24674,"bigram","JY","token",0,0,0,0,0,NA,NA,NA,NA
"subtlex_uk",6,24674,"bigram","JZ","token",0,0,0,8.99999999999999,0,NA,NA,NA,NA
"subtlex_uk",6,24674,"bigram","KA","token",5146.99999999999,1226,676.000000000002,1499.00000000001,3297.00000000001,NA,NA,NA,NA
"subtlex_uk",6,24674,"bigram","KB","token",0,4.99999999999995,0,160.999999999999,0,NA,NA,NA,NA
"subtlex_uk",6,24674,"bigram","KC","token",0,0,0,0,0,NA,NA,NA,NA
"subtlex_uk",6,24674,"bigram","KD","token",0,0,0,0,0,NA,NA,NA,NA
"subtlex_uk",6,24674,"bigram","KE","token",14355,1941.00000000001,23817,323549.999999999,24814,NA,NA,NA,NA
"subtlex_uk",6,24674,"bigram","KF","token",0,0,0,0,0,NA,NA,NA,NA
"subtlex_uk",6,24674,"bigram","KG","token",0,0,0,13.9999999999999,0,NA,NA,NA,NA
"subtlex_uk",6,24674,"bigram","KH","token",1151.00000000001,101,228.999999999999,162.000000000002,498.000000000001,NA,NA,NA,NA
"subtlex_uk",6,24674,"bigram","KI","token",45062.9999999998,15867,167534.000000001,15904,548.999999999998,NA,NA,NA,NA
"subtlex_uk",6,24674,"bigram","KJ","token",4.00000000000001,0,15.0000000000002,0,0,NA,NA,NA,NA
"subtlex_uk",6,24674,"bigram","KK","token",0,0,608.999999999999,89.9999999999998,0,NA,NA,NA,NA
"subtlex_uk",6,24674,"bigram","KL","token",499.000000000003,23.0000000000001,1455.99999999999,15649,0,NA,NA,NA,NA
"subtlex_uk",6,24674,"bigram","KM","token",0,0,15.9999999999999,0,0,NA,NA,NA,NA
"subtlex_uk",6,24674,"bigram","KN","token",6147.99999999997,4.99999999999996,734.999999999993,41,0,NA,NA,NA,NA
"subtlex_uk",6,24674,"bigram","KO","token",2959.00000000001,262.000000000002,604.000000000001,14079,300,NA,NA,NA,NA
"subtlex_uk",6,24674,"bigram","KP","token",13.9999999999999,9.99999999999996,47.0000000000001,0,0,NA,NA,NA,NA
"subtlex_uk",6,24674,"bigram","KQ","token",0,0,0,0,0,NA,NA,NA,NA
"subtlex_uk",6,24674,"bigram","KR","token",933.000000000002,93.0000000000002,87.0000000000003,46.0000000000003,64.0000000000006,NA,NA,NA,NA
"subtlex_uk",6,24674,"bigram","KS","token",2.99999999999998,13.0000000000001,42.0000000000001,282.000000000001,134174,NA,NA,NA,NA
"subtlex_uk",6,24674,"bigram","KT","token",0,0,405.999999999998,27.0000000000001,0,NA,NA,NA,NA
"subtlex_uk",6,24674,"bigram","KU","token",919,395,234,841.000000000001,130,NA,NA,NA,NA
"subtlex_uk",6,24674,"bigram","KV","token",6.00000000000005,0,4.00000000000001,10.0000000000001,0,NA,NA,NA,NA
"subtlex_uk",6,24674,"bigram","KW","token",624.000000000002,46,34.0000000000003,0,0,NA,NA,NA,NA
"subtlex_uk",6,24674,"bigram","KX","token",0,0,0,0,13,NA,NA,NA,NA
"subtlex_uk",6,24674,"bigram","KY","token",96.0000000000006,139.000000000001,246.000000000002,66.0000000000004,26229.0000000002,NA,NA,NA,NA
"subtlex_uk",6,24674,"bigram","KZ","token",0,0,0,0,0,NA,NA,NA,NA
"subtlex_uk",6,24674,"bigram","LA","token",136099.999999999,162119,46962.9999999999,16387,16401,NA,NA,NA,NA
"subtlex_uk",6,24674,"bigram","LB","token",0,8585.99999999997,1300,342.000000000001,0,NA,NA,NA,NA
"subtlex_uk",6,24674,"bigram","LC","token",0,359.000000000003,1444,93.0000000000006,2.99999999999998,NA,NA,NA,NA
"subtlex_uk",6,24674,"bigram","LD","token",0,7564.99999999998,19584,10054,214156,NA,NA,NA,NA
"subtlex_uk",6,24674,"bigram","LE","token",122963,142459,42687.0000000002,273981,1036176,NA,NA,NA,NA
"subtlex_uk",6,24674,"bigram","LF","token",0,1568.99999999999,2554.00000000001,77.9999999999999,64630.9999999999,NA,NA,NA,NA
"subtlex_uk",6,24674,"bigram","LG","token",0,19,1057,22.9999999999999,13.9999999999999,NA,NA,NA,NA
"subtlex_uk",6,24674,"bigram","LH","token",17.0000000000001,0,1798,2.99999999999998,0,NA,NA,NA,NA
"subtlex_uk",6,24674,"bigram","LI","token",356608.000000003,45013.9999999999,140079,101593.999999999,6183.00000000003,NA,NA,NA,NA
"subtlex_uk",6,24674,"bigram","LJ","token",0,2.99999999999998,38.9999999999997,47.0000000000003,0,NA,NA,NA,NA
"subtlex_uk",6,24674,"bigram","LK","token",2.99999999999998,248,25199.0000000001,979.000000000005,4.99999999999996,NA,NA,NA,NA
"subtlex_uk",6,24674,"bigram","LL","token",1066,9663.00000000002,232403,436879,14298,NA,NA,NA,NA
"subtlex_uk",6,24674,"bigram","LM","token",0,50558.0000000002,14945,828.000000000004,113.000000000001,NA,NA,NA,NA
"subtlex_uk",6,24674,"bigram","LN","token",0,4.99999999999995,1581,1.99999999999998,3.99999999999996,NA,NA,NA,NA
"subtlex_uk",6,24674,"bigram","LO","token",276405,95416.0000000003,41649.9999999999,63583.0000000001,2304.99999999999,NA,NA,NA,NA
"subtlex_uk",6,24674,"bigram","LP","token",0,774.999999999997,14244,673,0,NA,NA,NA,NA
"subtlex_uk",6,24674,"bigram","LQ","token",0,0,0,0,0,NA,NA,NA,NA
"subtlex_uk",6,24674,"bigram","LR","token",0,321.000000000003,935.000000000005,4.99999999999996,23.0000000000002,NA,NA,NA,NA
"subtlex_uk",6,24674,"bigram","LS","token",0,9185.99999999995,9532.00000000002,8720.99999999997,88820.9999999999,NA,NA,NA,NA
"subtlex_uk",6,24674,"bigram","LT","token",0,357.000000000001,21175,45940.9999999999,26611.0000000001,NA,NA,NA,NA
"subtlex_uk",6,24674,"bigram","LU","token",7543.99999999998,9258.99999999999,12756,3738.00000000003,342.000000000002,NA,NA,NA,NA
"subtlex_uk",6,24674,"bigram","LV","token",1.99999999999998,168,33478.0000000001,1665.00000000001,0,NA,NA,NA,NA
"subtlex_uk",6,24674,"bigram","LW","token",0,117242.999999999,881,0,0,NA,NA,NA,NA
"subtlex_uk",6,24674,"bigram","LX","token",1.99999999999998,0,0,0,4.00000000000001,NA,NA,NA,NA
"subtlex_uk",6,24674,"bigram","LY","token",2601.00000000001,14465,206,1369.99999999999,812129.000000001,NA,NA,NA,NA
"subtlex_uk",6,24674,"bigram","LZ","token",0,0,70.0000000000005,0,28.0000000000001,NA,NA,NA,NA
"subtlex_uk",6,24674,"bigram","MA","token",251986,14412,72896.9999999999,81626.9999999999,10760,NA,NA,NA,NA
"subtlex_uk",6,24674,"bigram","MB","token",1.99999999999998,2130.00000000001,119651,4057.99999999998,176,NA,NA,NA,NA
"subtlex_uk",6,24674,"bigram","MC","token",3999.00000000001,9.9999999999999,81,0,0,NA,NA,NA,NA
"subtlex_uk",6,24674,"bigram","MD","token",0,0,489.999999999996,1.99999999999998,0,NA,NA,NA,NA
"subtlex_uk",6,24674,"bigram","ME","token",81304.9999999998,10004,103965,120332.000000001,98419.0000000001,NA,NA,NA,NA
"subtlex_uk",6,24674,"bigram","MF","token",0,4.99999999999996,36.0000000000002,0,0,NA,NA,NA,NA
"subtlex_uk",6,24674,"bigram","MG","token",1.99999999999998,0,105.999999999999,0,0,NA,NA,NA,NA
"subtlex_uk",6,24674,"bigram","MH","token",21,18,2.99999999999998,0,30.9999999999999,NA,NA,NA,NA
"subtlex_uk",6,24674,"bigram","MI","token",127285.000000001,5910.00000000001,240391,11616,463,NA,NA,NA,NA
"subtlex_uk",6,24674,"bigram","MJ","token",0,0,57.9999999999998,0,0,NA,NA,NA,NA
"subtlex_uk",6,24674,"bigram","MK","token",0,0,10.9999999999999,18,0,NA,NA,NA,NA
"subtlex_uk",6,24674,"bigram","ML","token",282,43.0000000000002,1741.00000000001,2847.99999999999,0,NA,NA,NA,NA
"subtlex_uk",6,24674,"bigram","MM","token",1277,1061.99999999999,55530.0000000005,1408,1289,NA,NA,NA,NA
"subtlex_uk",6,24674,"bigram","MN","token",10.0000000000001,182.000000000002,2923.99999999999,156.999999999999,7052.99999999998,NA,NA,NA,NA
"subtlex_uk",6,24674,"bigram","MO","token",280180.000000001,33088.9999999999,103099,21861,750.000000000005,NA,NA,NA,NA
"subtlex_uk",6,24674,"bigram","MP","token",15,24646,62669.9999999997,6383.00000000001,1203,NA,NA,NA,NA
"subtlex_uk",6,24674,"bigram","MQ","token",0,0,0,0,0,NA,NA,NA,NA
"subtlex_uk",6,24674,"bigram","MR","token",0,30,364.999999999999,18,0,NA,NA,NA,NA
"subtlex_uk",6,24674,"bigram","MS","token",0,15.9999999999999,2551,1121.99999999999,22139.0000000001,NA,NA,NA,NA
"subtlex_uk",6,24674,"bigram","MT","token",13.9999999999999,74.0000000000004,225,1513.99999999999,1129.00000000001,NA,NA,NA,NA
"subtlex_uk",6,24674,"bigram","MU","token",47117.0000000001,1084,3342.00000000001,1341,39.0000000000002,NA,NA,NA,NA
"subtlex_uk",6,24674,"bigram","MV","token",0,0,15.0000000000002,0,0,NA,NA,NA,NA
"subtlex_uk",6,24674,"bigram","MW","token",5.99999999999994,0,1071,0,0,NA,NA,NA,NA
"subtlex_uk",6,24674,"bigram","MX","token",0,24.9999999999998,0,0,0,NA,NA,NA,NA
"subtlex_uk",6,24674,"bigram","MY","token",39795,105.999999999999,339.000000000001,29.9999999999999,11763.9999999999,NA,NA,NA,NA
"subtlex_uk",6,24674,"bigram","MZ","token",40.9999999999999,0,168,0,0,NA,NA,NA,NA
"subtlex_uk",6,24674,"bigram","NA","token",41961,12406,35653.0000000001,16183.0000000001,16364,NA,NA,NA,NA
"subtlex_uk",6,24674,"bigram","NB","token",0,392.000000000001,788.999999999999,316.999999999998,0,NA,NA,NA,NA
"subtlex_uk",6,24674,"bigram","NC","token",0,14108,26245,139017,23,NA,NA,NA,NA
"subtlex_uk",6,24674,"bigram","ND","token",0,57891.0000000001,171362.000000001,72522.0000000001,428109.999999999,NA,NA,NA,NA
"subtlex_uk",6,24674,"bigram","NE","token",76887.0000000001,24079.0000000003,49631.0000000001,229623,116299,NA,NA,NA,NA
"subtlex_uk",6,24674,"bigram","NF","token",0,7359.00000000004,2313.00000000001,1.99999999999998,0,NA,NA,NA,NA
"subtlex_uk",6,24674,"bigram","NG","token",20.9999999999998,20877,119188,268044.999999999,976590.000000001,NA,NA,NA,NA
"subtlex_uk",6,24674,"bigram","NH","token",34.0000000000003,431.000000000001,1315,10.0000000000001,1.99999999999998,NA,NA,NA,NA
"subtlex_uk",6,24674,"bigram","NI","token",26561.9999999999,64481,85036,37063,2658.99999999999,NA,NA,NA,NA
"subtlex_uk",6,24674,"bigram","NJ","token",0,9846.00000000001,1455.00000000001,529.999999999998,11.0000000000001,NA,NA,NA,NA
"subtlex_uk",6,24674,"bigram","NK","token",1.99999999999998,1064.99999999999,20855,84339.0000000005,1457,NA,NA,NA,NA
"subtlex_uk",6,24674,"bigram","NL","token",0,28513.0000000002,2772.00000000001,8067.99999999999,0,NA,NA,NA,NA
"subtlex_uk",6,24674,"bigram","NM","token",0,354.999999999999,1843.00000000001,13,0,NA,NA,NA,NA
"subtlex_uk",6,24674,"bigram","NN","token",10.9999999999999,5801.99999999996,91354.0000000001,18976.0000000001,1975.00000000001,NA,NA,NA,NA
"subtlex_uk",6,24674,"bigram","NO","token",91113.9999999999,93209.0000000011,15452,10301,3052,NA,NA,NA,NA
"subtlex_uk",6,24674,"bigram","NP","token",214.000000000002,1159,86.0000000000007,0,0,NA,NA,NA,NA
"subtlex_uk",6,24674,"bigram","NQ","token",0,3.99999999999996,114.999999999999,2.99999999999998,0,NA,NA,NA,NA
"subtlex_uk",6,24674,"bigram","NR","token",0,1848.00000000001,2023.00000000001,3.99999999999996,0,NA,NA,NA,NA
"subtlex_uk",6,24674,"bigram","NS","token",1.99999999999998,141212.999999999,12042,513.000000000001,61463.9999999999,NA,NA,NA,NA
"subtlex_uk",6,24674,"bigram","NT","token",0,22715,201689,119972,169750,NA,NA,NA,NA
"subtlex_uk",6,24674,"bigram","NU","token",80358.0000000001,513.999999999998,42105.0000000004,4510.00000000001,68.0000000000002,NA,NA,NA,NA
"subtlex_uk",6,24674,"bigram","NV","token",0,9872.00000000005,3584.99999999997,1.99999999999998,0,NA,NA,NA,NA
"subtlex_uk",6,24674,"bigram","NW","token",0,1941.00000000001,1708,22,0,NA,NA,NA,NA
"subtlex_uk",6,24674,"bigram","NX","token",0,0,75.9999999999997,3.99999999999996,209.000000000001,NA,NA,NA,NA
"subtlex_uk",6,24674,"bigram","NY","token",169,68298.9999999996,1534,319.999999999999,16628.0000000001,NA,NA,NA,NA
"subtlex_uk",6,24674,"bigram","NZ","token",2.99999999999998,117.000000000001,1484.99999999999,5930,89.0000000000003,NA,NA,NA,NA
"subtlex_uk",6,24674,"bigram","OA","token",648.000000000002,13604,4832.99999999999,9096.00000000004,205.000000000001,NA,NA,NA,NA
"subtlex_uk",6,24674,"bigram","OB","token",7441.99999999999,60579.9999999999,9528.00000000008,995.999999999998,138.000000000001,NA,NA,NA,NA
"subtlex_uk",6,24674,"bigram","OC","token",2796.99999999999,72336.9999999999,9516.99999999999,3515.00000000001,83.0000000000002,NA,NA,NA,NA
"subtlex_uk",6,24674,"bigram","OD","token",529.000000000002,43622,10958,38157.9999999998,25031.9999999999,NA,NA,NA,NA
"subtlex_uk",6,24674,"bigram","OE","token",76.0000000000002,4304.99999999998,1272,5277,1528.00000000001,NA,NA,NA,NA
"subtlex_uk",6,24674,"bigram","OF","token",33690.9999999999,14188,19693.9999999999,285,335.999999999998,NA,NA,NA,NA
"subtlex_uk",6,24674,"bigram","OG","token",189.000000000001,4868.00000000001,7446.00000000006,236.000000000001,287,NA,NA,NA,NA
"subtlex_uk",6,24674,"bigram","OH","token",112.000000000001,6539.00000000004,381.000000000001,44,590.999999999998,NA,NA,NA,NA
"subtlex_uk",6,24674,"bigram","OI","token",126.999999999999,80221.0000000003,25317.0000000001,4773.00000000001,96.9999999999998,NA,NA,NA,NA
"subtlex_uk",6,24674,"bigram","OJ","token",16,2452.99999999999,216.000000000001,2272.99999999999,8.0000000000001,NA,NA,NA,NA
"subtlex_uk",6,24674,"bigram","OK","token",33,5987.00000000006,85592.9999999997,7030.00000000002,305.000000000001,NA,NA,NA,NA
"subtlex_uk",6,24674,"bigram","OL","token",12919,182057,16672,16553,69125.0000000006,NA,NA,NA,NA
"subtlex_uk",6,24674,"bigram","OM","token",257.000000000002,236159,16892,50598,30977.0000000002,NA,NA,NA,NA
"subtlex_uk",6,24674,"bigram","ON","token",13182,239789,39869,221194,403514.000000001,NA,NA,NA,NA
"subtlex_uk",6,24674,"bigram","OO","token",1177,102069,59154.0000000003,64423.0000000006,5517.00000000001,NA,NA,NA,NA
"subtlex_uk",6,24674,"bigram","OP","token",23868,44502.9999999997,478207.999999999,35670,7619.00000000007,NA,NA,NA,NA
"subtlex_uk",6,24674,"bigram","OQ","token",0,10.9999999999999,123,0,38.0000000000001,NA,NA,NA,NA
"subtlex_uk",6,24674,"bigram","OR","token",22176,264641,82578.0000000005,282723,101585,NA,NA,NA,NA
"subtlex_uk",6,24674,"bigram","OS","token",1857,54546,36691.0000000002,134849,12299,NA,NA,NA,NA
"subtlex_uk",6,24674,"bigram","OT","token",28479.0000000003,136130.000000001,17593,17093,19749,NA,NA,NA,NA
"subtlex_uk",6,24674,"bigram","OU","token",7986.99999999998,336457.000000001,567284.000000001,120398.999999999,155.999999999999,NA,NA,NA,NA
"subtlex_uk",6,24674,"bigram","OV","token",935.999999999998,139936,17215,8266.00000000002,825.000000000002,NA,NA,NA,NA
"subtlex_uk",6,24674,"bigram","OW","token",7069.00000000001,41041.0000000001,58010.0000000001,14329.0000000001,80826,NA,NA,NA,NA
"subtlex_uk",6,24674,"bigram","OX","token",8485.99999999995,5076.99999999998,21.0000000000001,4.00000000000001,967.999999999999,NA,NA,NA,NA
"subtlex_uk",6,24674,"bigram","OY","token",1358.00000000001,4710.00000000001,1024,1844.99999999999,6934.99999999998,NA,NA,NA,NA
"subtlex_uk",6,24674,"bigram","OZ","token",33,3567.99999999999,4504.99999999997,359,15,NA,NA,NA,NA
"subtlex_uk",6,24674,"bigram","PA","token",103244,6492.99999999999,22685.9999999999,1183,690.000000000005,NA,NA,NA,NA
"subtlex_uk",6,24674,"bigram","PB","token",2.99999999999998,591.999999999999,57.9999999999996,47.9999999999996,19.9999999999999,NA,NA,NA,NA
"subtlex_uk",6,24674,"bigram","PC","token",0,1.99999999999998,19.0000000000001,0,0,NA,NA,NA,NA
"subtlex_uk",6,24674,"bigram","PD","token",1.99999999999998,2256.00000000001,35.0000000000003,0,3.99999999999996,NA,NA,NA,NA
"subtlex_uk",6,24674,"bigram","PE","token",537593.999999999,36042.0000000001,77954,145981,42789.0000000001,NA,NA,NA,NA
"subtlex_uk",6,24674,"bigram","PF","token",148.999999999999,3.99999999999996,28.0000000000001,0,8.99999999999991,NA,NA,NA,NA
"subtlex_uk",6,24674,"bigram","PG","token",0,0,2.99999999999998,2.99999999999998,4.00000000000001,NA,NA,NA,NA
"subtlex_uk",6,24674,"bigram","PH","token",24719,3439,11929,8137.00000000009,3819.99999999996,NA,NA,NA,NA
"subtlex_uk",6,24674,"bigram","PI","token",51844.0000000001,20451,44513.9999999998,15684.0000000001,443.999999999998,NA,NA,NA,NA
"subtlex_uk",6,24674,"bigram","PJ","token",0,1.99999999999998,0,12.0000000000001,0,NA,NA,NA,NA
"subtlex_uk",6,24674,"bigram","PK","token",0,209,575.000000000004,11,0,NA,NA,NA,NA
"subtlex_uk",6,24674,"bigram","PL","token",239793,5862.00000000002,7758.99999999998,565754.999999999,12.9999999999999,NA,NA,NA,NA
"subtlex_uk",6,24674,"bigram","PM","token",0,15.0000000000001,94.0000000000008,0,4.00000000000001,NA,NA,NA,NA
"subtlex_uk",6,24674,"bigram","PN","token",2.99999999999998,56.0000000000004,29,34.0000000000003,0,NA,NA,NA,NA
"subtlex_uk",6,24674,"bigram","PO","token",210229,26243,32142.0000000001,6965.99999999997,491.000000000003,NA,NA,NA,NA
"subtlex_uk",6,24674,"bigram","PP","token",8.00000000000003,20984,78056,4984.00000000001,27.0000000000002,NA,NA,NA,NA
"subtlex_uk",6,24674,"bigram","PQ","token",0,0,0,0,0,NA,NA,NA,NA
"subtlex_uk",6,24674,"bigram","PR","token",169960.999999999,22688.0000000001,1623.99999999999,227.000000000001,0,NA,NA,NA,NA
"subtlex_uk",6,24674,"bigram","PS","token",1357.00000000001,3155.00000000003,564.000000000002,894.999999999997,27934,NA,NA,NA,NA
"subtlex_uk",6,24674,"bigram","PT","token",8.00000000000003,9038.99999999999,3769.00000000001,1265,25683.9999999999,NA,NA,NA,NA
"subtlex_uk",6,24674,"bigram","PU","token",96132.9999999995,147.000000000001,6279.00000000008,2546,19,NA,NA,NA,NA
"subtlex_uk",6,24674,"bigram","PV","token",1.99999999999998,0,0,0,0,NA,NA,NA,NA
"subtlex_uk",6,24674,"bigram","PW","token",8.0000000000001,305.000000000001,9.99999999999996,27.0000000000002,0,NA,NA,NA,NA
"subtlex_uk",6,24674,"bigram","PX","token",0,0,0,0,0,NA,NA,NA,NA
"subtlex_uk",6,24674,"bigram","PY","token",1311,648.999999999998,14.0000000000001,4.00000000000001,13360,NA,NA,NA,NA
"subtlex_uk",6,24674,"bigram","PZ","token",0,0,4.99999999999995,0,0,NA,NA,NA,NA
"subtlex_uk",6,24674,"bigram","QA","token",787.000000000004,4.99999999999995,1.99999999999998,21.0000000000001,1.99999999999998,NA,NA,NA,NA
"subtlex_uk",6,24674,"bigram","QB","token",0,0,0,0,0,NA,NA,NA,NA
"subtlex_uk",6,24674,"bigram","QC","token",0,0,0,0,0,NA,NA,NA,NA
"subtlex_uk",6,24674,"bigram","QD","token",0,0,0,0,0,NA,NA,NA,NA
"subtlex_uk",6,24674,"bigram","QE","token",21.0000000000002,0,0,0,0,NA,NA,NA,NA
"subtlex_uk",6,24674,"bigram","QF","token",0,0,0,0,0,NA,NA,NA,NA
"subtlex_uk",6,24674,"bigram","QG","token",0,0,0,0,0,NA,NA,NA,NA
"subtlex_uk",6,24674,"bigram","QH","token",0,0,0,0,0,NA,NA,NA,NA
"subtlex_uk",6,24674,"bigram","QI","token",5.99999999999994,0,1.99999999999998,228.999999999998,0,NA,NA,NA,NA
"subtlex_uk",6,24674,"bigram","QJ","token",0,0,0,0,0,NA,NA,NA,NA
"subtlex_uk",6,24674,"bigram","QK","token",0,0,0,0,0,NA,NA,NA,NA
"subtlex_uk",6,24674,"bigram","QL","token",0,0,0,6.99999999999993,0,NA,NA,NA,NA
"subtlex_uk",6,24674,"bigram","QM","token",0,0,0,0,0,NA,NA,NA,NA
"subtlex_uk",6,24674,"bigram","QN","token",0,0,0,0,0,NA,NA,NA,NA
"subtlex_uk",6,24674,"bigram","QO","token",0,0,21.9999999999998,0,0,NA,NA,NA,NA
"subtlex_uk",6,24674,"bigram","QP","token",0,0,0,0,0,NA,NA,NA,NA
"subtlex_uk",6,24674,"bigram","QQ","token",0,0,0,0,0,NA,NA,NA,NA
"subtlex_uk",6,24674,"bigram","QR","token",0,0,0,0,0,NA,NA,NA,NA
"subtlex_uk",6,24674,"bigram","QS","token",0,0,0,0,2.99999999999998,NA,NA,NA,NA
"subtlex_uk",6,24674,"bigram","QT","token",0,0,0,0,0,NA,NA,NA,NA
"subtlex_uk",6,24674,"bigram","QU","token",12661,20464,5165.99999999999,16678,0,NA,NA,NA,NA
"subtlex_uk",6,24674,"bigram","QV","token",0,0,0,0,0,NA,NA,NA,NA
"subtlex_uk",6,24674,"bigram","QW","token",33.0000000000004,21.9999999999998,0,0,0,NA,NA,NA,NA
"subtlex_uk",6,24674,"bigram","QX","token",0,0,0,0,0,NA,NA,NA,NA
"subtlex_uk",6,24674,"bigram","QY","token",0,0,0,0,0,NA,NA,NA,NA
"subtlex_uk",6,24674,"bigram","QZ","token",0,0,0,0,0,NA,NA,NA,NA
"subtlex_uk",6,24674,"bigram","RA","token",113167.000000001,136632,61114,21793.0000000001,22482.9999999999,NA,NA,NA,NA
"subtlex_uk",6,24674,"bigram","RB","token",1.99999999999998,373,14258.0000000001,3599.99999999997,6929.00000000006,NA,NA,NA,NA
"subtlex_uk",6,24674,"bigram","RC","token",0,7664.00000000002,35735.9999999999,44064.9999999999,1.99999999999998,NA,NA,NA,NA
"subtlex_uk",6,24674,"bigram","RD","token",0,6104.00000000001,104905,13503.0000000001,70901.0000000002,NA,NA,NA,NA
"subtlex_uk",6,24674,"bigram","RE","token",725518,199840,170081,156780,336116,NA,NA,NA,NA
"subtlex_uk",6,24674,"bigram","RF","token",0,69.9999999999993,1451,444.000000000002,3.99999999999996,NA,NA,NA,NA
"subtlex_uk",6,24674,"bigram","RG","token",1.99999999999998,8265.00000000003,63008.9999999998,68408.0000000008,203,NA,NA,NA,NA
"subtlex_uk",6,24674,"bigram","RH","token",6783.99999999999,8.99999999999991,2281.99999999999,5.99999999999995,4.99999999999996,NA,NA,NA,NA
"subtlex_uk",6,24674,"bigram","RI","token",47536.9999999998,220876,188887,33346.9999999999,2950.99999999999,NA,NA,NA,NA
"subtlex_uk",6,24674,"bigram","RJ","token",0,0,304.999999999998,0,24.0000000000001,NA,NA,NA,NA
"subtlex_uk",6,24674,"bigram","RK","token",0,868.999999999993,85839.9999999998,10384,1600,NA,NA,NA,NA
"subtlex_uk",6,24674,"bigram","RL","token",0,724,21408.9999999999,41224.0000000002,70,NA,NA,NA,NA
"subtlex_uk",6,24674,"bigram","RM","token",0,4694.00000000002,82872.0000000002,3840.00000000001,10433,NA,NA,NA,NA
"subtlex_uk",6,24674,"bigram","RN","token",0,2643,73599.0000000001,9732.99999999999,42562,NA,NA,NA,NA
"subtlex_uk",6,24674,"bigram","RO","token",66837,312073.999999999,164308.999999999,42627,2808,NA,NA,NA,NA
"subtlex_uk",6,24674,"bigram","RP","token",15.9999999999999,469.000000000001,13435,1132.99999999999,12.9999999999999,NA,NA,NA,NA
"subtlex_uk",6,24674,"bigram","RQ","token",0,4.00000000000001,278,0,4.00000000000001,NA,NA,NA,NA
"subtlex_uk",6,24674,"bigram","RR","token",108,14368,65278.0000000001,9003.00000000001,312.000000000001,NA,NA,NA,NA
"subtlex_uk",6,24674,"bigram","RS","token",1.99999999999998,753.000000000004,75640.0000000004,95702.0000000002,156399.000000001,NA,NA,NA,NA
"subtlex_uk",6,24674,"bigram","RT","token",0,19102.9999999999,52026.0000000001,50481,90627.0000000002,NA,NA,NA,NA
"subtlex_uk",6,24674,"bigram","RU","token",34636,22374,10786,5220.99999999999,198,NA,NA,NA,NA
"subtlex_uk",6,24674,"bigram","RV","token",0,757.000000000003,26265,941.000000000002,0,NA,NA,NA,NA
"subtlex_uk",6,24674,"bigram","RW","token",453.999999999997,365,5551.99999999997,0,0,NA,NA,NA,NA
"subtlex_uk",6,24674,"bigram","RX","token",0,0,10.0000000000001,0,0,NA,NA,NA,NA
"subtlex_uk",6,24674,"bigram","RY","token",114,84948.9999999994,207.999999999999,3455.00000000001,62434,NA,NA,NA,NA
"subtlex_uk",6,24674,"bigram","RZ","token",0,0,1077,47.0000000000002,22.9999999999998,NA,NA,NA,NA
"subtlex_uk",6,24674,"bigram","SA","token",138994,1457,6765.99999999999,6019.00000000001,2454.00000000001,NA,NA,NA,NA
"subtlex_uk",6,24674,"bigram","SB","token",5.99999999999999,101,819.999999999999,607.000000000002,0,NA,NA,NA,NA
"subtlex_uk",6,24674,"bigram","SC","token",135509.000000001,11522.0000000001,20277,1516,0,NA,NA,NA,NA
"subtlex_uk",6,24674,"bigram","SD","token",6.00000000000005,1.99999999999998,1819.00000000001,0,1.99999999999998,NA,NA,NA,NA
"subtlex_uk",6,24674,"bigram","SE","token",284605.000000001,6758.00000000007,90709,179302,271223,NA,NA,NA,NA
"subtlex_uk",6,24674,"bigram","SF","token",27.0000000000001,0,59.9999999999994,0,0,NA,NA,NA,NA
"subtlex_uk",6,24674,"bigram","SG","token",21,56.0000000000003,20.9999999999999,1.99999999999998,0,NA,NA,NA,NA
"subtlex_uk",6,24674,"bigram","SH","token",283037,4603.99999999999,36306,3035,44574.0000000002,NA,NA,NA,NA
"subtlex_uk",6,24674,"bigram","SI","token",141037,354.000000000001,133082,34327.0000000001,469,NA,NA,NA,NA
"subtlex_uk",6,24674,"bigram","SJ","token",4.99999999999995,0,18.9999999999999,0,0,NA,NA,NA,NA
"subtlex_uk",6,24674,"bigram","SK","token",19834,19736.9999999999,5703.99999999999,3972,205.000000000001,NA,NA,NA,NA
"subtlex_uk",6,24674,"bigram","SL","token",29843.0000000001,22888.9999999999,10045,1675,0,NA,NA,NA,NA
"subtlex_uk",6,24674,"bigram","SM","token",20447,235,2410.00000000001,667.999999999998,2518,NA,NA,NA,NA
"subtlex_uk",6,24674,"bigram","SN","token",9695,1.99999999999998,1933,84.0000000000005,1.99999999999998,NA,NA,NA,NA
"subtlex_uk",6,24674,"bigram","SO","token",83494.9999999998,954.999999999994,6211.00000000001,147267,646.000000000001,NA,NA,NA,NA
"subtlex_uk",6,24674,"bigram","SP","token",101514,4843,2528.00000000001,3882,0,NA,NA,NA,NA
"subtlex_uk",6,24674,"bigram","SQ","token",18360,1.99999999999998,2173.99999999999,0,0,NA,NA,NA,NA
"subtlex_uk",6,24674,"bigram","SR","token",1.99999999999998,4238.99999999997,10.9999999999999,73.0000000000003,0,NA,NA,NA,NA
"subtlex_uk",6,24674,"bigram","SS","token",81,35897.0000000002,78601.0000000001,4797.99999999999,97606.9999999998,NA,NA,NA,NA
"subtlex_uk",6,24674,"bigram","ST","token",279811,15459.0000000001,204286,24525,174368,NA,NA,NA,NA
"subtlex_uk",6,24674,"bigram","SU","token",99817.0000000004,18,71849.0000000003,9848.99999999995,18.9999999999999,NA,NA,NA,NA
"subtlex_uk",6,24674,"bigram","SV","token",84.0000000000002,0,0,0,0,NA,NA,NA,NA
"subtlex_uk",6,24674,"bigram","SW","token",14890.9999999999,368.000000000004,73007.9999999994,0,0,NA,NA,NA,NA
"subtlex_uk",6,24674,"bigram","SX","token",0,0,0,0,0,NA,NA,NA,NA
"subtlex_uk",6,24674,"bigram","SY","token",45999.0000000002,2241.00000000002,74.9999999999994,56.0000000000005,7165,NA,NA,NA,NA
"subtlex_uk",6,24674,"bigram","SZ","token",6.00000000000005,0,99.0000000000007,0,130.000000000001,NA,NA,NA,NA
"subtlex_uk",6,24674,"bigram","TA","token",140616,80252.0000000001,56135.9999999999,25991,3886,NA,NA,NA,NA
"subtlex_uk",6,24674,"bigram","TB","token",0,0,722.999999999999,601.000000000002,0,NA,NA,NA,NA
"subtlex_uk",6,24674,"bigram","TC","token",15,995,4696.00000000002,11037,0,NA,NA,NA,NA
"subtlex_uk",6,24674,"bigram","TD","token",0,1.99999999999998,77.0000000000007,0,9.99999999999995,NA,NA,NA,NA
"subtlex_uk",6,24674,"bigram","TE","token",28942.0000000001,18381.0000000001,51653.9999999999,579544.000000001,109877.000000001,NA,NA,NA,NA
"subtlex_uk",6,24674,"bigram","TF","token",1.99999999999998,3.99999999999996,2991.99999999997,0,0,NA,NA,NA,NA
"subtlex_uk",6,24674,"bigram","TG","token",0,0,28.0000000000001,0,0,NA,NA,NA,NA
"subtlex_uk",6,24674,"bigram","TH","token",361628.999999999,30620.0000000003,227137.000000002,67038.9999999997,88931,NA,NA,NA,NA
"subtlex_uk",6,24674,"bigram","TI","token",32117,11957,145172,55383,907.000000000002,NA,NA,NA,NA
"subtlex_uk",6,24674,"bigram","TJ","token",0,0,22.0000000000001,0,0,NA,NA,NA,NA
"subtlex_uk",6,24674,"bigram","TK","token",55.9999999999998,762.999999999998,440.000000000001,15.0000000000001,1.99999999999998,NA,NA,NA,NA
"subtlex_uk",6,24674,"bigram","TL","token",10.0000000000001,3.99999999999996,9854.99999999998,292713.000000003,6.00000000000005,NA,NA,NA,NA
"subtlex_uk",6,24674,"bigram","TM","token",18,488.000000000002,2146,1.99999999999998,0,NA,NA,NA,NA
"subtlex_uk",6,24674,"bigram","TN","token",0,0,881.000000000002,109,0,NA,NA,NA,NA
"subtlex_uk",6,24674,"bigram","TO","token",39090.9999999999,22287.0000000001,7676.99999999996,123275.000000001,12435,NA,NA,NA,NA
"subtlex_uk",6,24674,"bigram","TP","token",30.9999999999997,12.9999999999999,1407,0,0,NA,NA,NA,NA
"subtlex_uk",6,24674,"bigram","TQ","token",0,0,0,0,0,NA,NA,NA,NA
"subtlex_uk",6,24674,"bigram","TR","token",157645,112099,28492,42583.9999999999,12.0000000000001,NA,NA,NA,NA
"subtlex_uk",6,24674,"bigram","TS","token",562.999999999997,21208.9999999999,3579.99999999999,182.000000000001,214979,NA,NA,NA,NA
"subtlex_uk",6,24674,"bigram","TT","token",0,21315.9999999998,504526.000000002,70359.9999999996,2249,NA,NA,NA,NA
"subtlex_uk",6,24674,"bigram","TU","token",56314.0000000003,34709.0000000003,89998.9999999997,9957.99999999995,35.9999999999998,NA,NA,NA,NA
"subtlex_uk",6,24674,"bigram","TV","token",12.0000000000001,0,206.000000000002,0,0,NA,NA,NA,NA
"subtlex_uk",6,24674,"bigram","TW","token",4604,111,274,8.00000000000003,0,NA,NA,NA,NA
"subtlex_uk",6,24674,"bigram","TX","token",0,0,0,0,0,NA,NA,NA,NA
"subtlex_uk",6,24674,"bigram","TY","token",2679,2068.00000000002,28,1730.00000000001,163947,NA,NA,NA,NA
"subtlex_uk",6,24674,"bigram","TZ","token",0,4.00000000000001,49.9999999999998,229,650.000000000001,NA,NA,NA,NA
"subtlex_uk",6,24674,"bigram","UA","token",18,7244,23328.0000000001,23347.9999999999,1085,NA,NA,NA,NA
"subtlex_uk",6,24674,"bigram","UB","token",9.99999999999989,73783.9999999996,28837.0000000003,1015,228.999999999999,NA,NA,NA,NA
"subtlex_uk",6,24674,"bigram","UC","token",2.99999999999998,14928,3943.99999999999,14320.0000000001,0,NA,NA,NA,NA
"subtlex_uk",6,24674,"bigram","UD","token",118.999999999999,67140.0000000001,16527.0000000001,8136,631.000000000001,NA,NA,NA,NA
"subtlex_uk",6,24674,"bigram","UE","token",0,13295,2187,37983.0000000002,59934,NA,NA,NA,NA
"subtlex_uk",6,24674,"bigram","UF","token",56,9209,3440.00000000001,238,47.9999999999998,NA,NA,NA,NA
"subtlex_uk",6,24674,"bigram","UG","token",763.000000000007,16602.0000000001,69014.9999999999,147820.000000001,275,NA,NA,NA,NA
"subtlex_uk",6,24674,"bigram","UH","token",11.0000000000001,273,4.99999999999995,8.00000000000003,23.9999999999999,NA,NA,NA,NA
"subtlex_uk",6,24674,"bigram","UI","token",1.99999999999998,28583.0000000001,14672.9999999999,3869.99999999999,1277,NA,NA,NA,NA
"subtlex_uk",6,24674,"bigram","UJ","token",0,53.0000000000001,13.9999999999999,0,0,NA,NA,NA,NA
"subtlex_uk",6,24674,"bigram","UK","token",1.99999999999998,178.000000000001,232.000000000001,368.999999999999,306,NA,NA,NA,NA
"subtlex_uk",6,24674,"bigram","UL","token",9440.99999999995,26579.0000000001,9708,226182,8580.00000000007,NA,NA,NA,NA
"subtlex_uk",6,24674,"bigram","UM","token",569.000000000003,132071,7401.99999999998,16789,21572.0000000001,NA,NA,NA,NA
"subtlex_uk",6,24674,"bigram","UN","token",76217.0000000004,71430,81625,206004.999999999,611.000000000003,NA,NA,NA,NA
"subtlex_uk",6,24674,"bigram","UO","token",1.99999999999998,2409.00000000001,88.0000000000004,623.000000000004,53.0000000000001,NA,NA,NA,NA
"subtlex_uk",6,24674,"bigram","UP","token",9553.00000000005,22439.0000000001,65509.0000000005,10216.9999999999,4971,NA,NA,NA,NA
"subtlex_uk",6,24674,"bigram","UQ","token",0,2.99999999999998,1.99999999999998,0,29.0000000000001,NA,NA,NA,NA
"subtlex_uk",6,24674,"bigram","UR","token",4658.00000000001,177531.000000001,144028,127083,102878.999999999,NA,NA,NA,NA
"subtlex_uk",6,24674,"bigram","US","token",7121.00000000007,57714.0000000001,41423.0000000001,30567.0000000002,56471.9999999999,NA,NA,NA,NA
"subtlex_uk",6,24674,"bigram","UT","token",955.999999999998,87314.9999999996,8809.99999999998,53939.0000000005,7207.99999999998,NA,NA,NA,NA
"subtlex_uk",6,24674,"bigram","UU","token",23.0000000000001,50,33,1484,2.99999999999998,NA,NA,NA,NA
"subtlex_uk",6,24674,"bigram","UV","token",13,440,221,15,0,NA,NA,NA,NA
"subtlex_uk",6,24674,"bigram","UW","token",0,345,0,33.0000000000004,0,NA,NA,NA,NA
"subtlex_uk",6,24674,"bigram","UX","token",0,4034.99999999997,2.99999999999998,150.999999999999,634.000000000005,NA,NA,NA,NA
"subtlex_uk",6,24674,"bigram","UY","token",0,17001.9999999999,50.0000000000001,26.0000000000002,122,NA,NA,NA,NA
"subtlex_uk",6,24674,"bigram","UZ","token",17.0000000000002,4945.99999999999,57.9999999999998,36.0000000000002,45,NA,NA,NA,NA
"subtlex_uk",6,24674,"bigram","VA","token",20763.9999999999,781.999999999998,5532.99999999999,2866.99999999998,1230,NA,NA,NA,NA
"subtlex_uk",6,24674,"bigram","VB","token",0,0,0,0,0,NA,NA,NA,NA
"subtlex_uk",6,24674,"bigram","VC","token",0,0,0,0,0,NA,NA,NA,NA
"subtlex_uk",6,24674,"bigram","VD","token",0,0,0,28.0000000000002,0,NA,NA,NA,NA
"subtlex_uk",6,24674,"bigram","VE","token",15349,16551,144034.999999999,153378,30971.0000000001,NA,NA,NA,NA
"subtlex_uk",6,24674,"bigram","VF","token",0,0,0,0,0,NA,NA,NA,NA
"subtlex_uk",6,24674,"bigram","VG","token",0,13,0,0,0,NA,NA,NA,NA
"subtlex_uk",6,24674,"bigram","VH","token",0,0,2.99999999999998,0,0,NA,NA,NA,NA
"subtlex_uk",6,24674,"bigram","VI","token",34700,357.999999999999,254755.000000002,12944,44.0000000000004,NA,NA,NA,NA
"subtlex_uk",6,24674,"bigram","VJ","token",0,0,0,0,0,NA,NA,NA,NA
"subtlex_uk",6,24674,"bigram","VK","token",0,0,10.0000000000001,0,0,NA,NA,NA,NA
"subtlex_uk",6,24674,"bigram","VL","token",149.000000000001,0,428.000000000001,57.0000000000003,0,NA,NA,NA,NA
"subtlex_uk",6,24674,"bigram","VM","token",0,0,0,0,0,NA,NA,NA,NA
"subtlex_uk",6,24674,"bigram","VN","token",0,0,78.9999999999996,0,2.99999999999998,NA,NA,NA,NA
"subtlex_uk",6,24674,"bigram","VO","token",23721.0000000002,2356.00000000001,12282.9999999999,3426.00000000002,525.000000000001,NA,NA,NA,NA
"subtlex_uk",6,24674,"bigram","VP","token",0,0,0,0,0,NA,NA,NA,NA
"subtlex_uk",6,24674,"bigram","VQ","token",0,0,0,0,0,NA,NA,NA,NA
"subtlex_uk",6,24674,"bigram","VR","token",280.000000000001,12.0000000000001,372.000000000001,220,0,NA,NA,NA,NA
"subtlex_uk",6,24674,"bigram","VS","token",0,0,12.0000000000001,0,6.00000000000005,NA,NA,NA,NA
"subtlex_uk",6,24674,"bigram","VT","token",0,1.99999999999998,1.99999999999998,0,0,NA,NA,NA,NA
"subtlex_uk",6,24674,"bigram","VU","token",545.999999999997,1.99999999999998,15.9999999999998,28.9999999999998,6.00000000000005,NA,NA,NA,NA
"subtlex_uk",6,24674,"bigram","VV","token",0,0,361.000000000002,154,0,NA,NA,NA,NA
"subtlex_uk",6,24674,"bigram","VW","token",0,0,0,0,0,NA,NA,NA,NA
"subtlex_uk",6,24674,"bigram","VX","token",0,0,0,0,0,NA,NA,NA,NA
"subtlex_uk",6,24674,"bigram","VY","token",43.0000000000002,0,21.0000000000002,1028.99999999999,1312,NA,NA,NA,NA
"subtlex_uk",6,24674,"bigram","VZ","token",0,0,0,0,0,NA,NA,NA,NA
"subtlex_uk",6,24674,"bigram","WA","token",135426,7569.00000000003,136172.999999999,36989.9999999998,183.999999999999,NA,NA,NA,NA
"subtlex_uk",6,24674,"bigram","WB","token",0,6.99999999999993,2384,2.99999999999998,0,NA,NA,NA,NA
"subtlex_uk",6,24674,"bigram","WC","token",0,0,0,21.0000000000002,0,NA,NA,NA,NA
"subtlex_uk",6,24674,"bigram","WD","token",0,0,3375.00000000001,3217.99999999997,489.000000000002,NA,NA,NA,NA
"subtlex_uk",6,24674,"bigram","WE","token",35059,9044.99999999998,25427.0000000001,108716.999999999,38,NA,NA,NA,NA
"subtlex_uk",6,24674,"bigram","WF","token",0,0,414.999999999997,2.99999999999998,0,NA,NA,NA,NA
"subtlex_uk",6,24674,"bigram","WG","token",0,0,748.000000000002,0,0,NA,NA,NA,NA
"subtlex_uk",6,24674,"bigram","WH","token",25059,254.000000000002,288.000000000001,14.0000000000001,25.0000000000002,NA,NA,NA,NA
"subtlex_uk",6,24674,"bigram","WI","token",111906,8471.99999999995,9768.00000000003,3007,405.999999999998,NA,NA,NA,NA
"subtlex_uk",6,24674,"bigram","WJ","token",0,0,0,0,0,NA,NA,NA,NA
"subtlex_uk",6,24674,"bigram","WK","token",0,0,468.000000000002,2.99999999999998,843.999999999992,NA,NA,NA,NA
"subtlex_uk",6,24674,"bigram","WL","token",0,93.9999999999996,4219,8046.00000000004,191.000000000001,NA,NA,NA,NA
"subtlex_uk",6,24674,"bigram","WM","token",0,2.99999999999998,920.999999999999,4.99999999999995,0,NA,NA,NA,NA
"subtlex_uk",6,24674,"bigram","WN","token",0,7082.00000000001,1291,3273.00000000001,7455.00000000009,NA,NA,NA,NA
"subtlex_uk",6,24674,"bigram","WO","token",76240.0000000002,1049,663,33,2.99999999999998,NA,NA,NA,NA
"subtlex_uk",6,24674,"bigram","WP","token",0,0,126,1.99999999999998,0,NA,NA,NA,NA
"subtlex_uk",6,24674,"bigram","WQ","token",0,0,0,0,0,NA,NA,NA,NA
"subtlex_uk",6,24674,"bigram","WR","token",10499.9999999999,8.99999999999997,597.000000000004,17.0000000000002,14,NA,NA,NA,NA
"subtlex_uk",6,24674,"bigram","WS","token",0,6.00000000000005,1669.00000000001,516.000000000004,8296.00000000004,NA,NA,NA,NA
"subtlex_uk",6,24674,"bigram","WT","token",0,2.99999999999998,2326,16218.0000000001,33.0000000000004,NA,NA,NA,NA
"subtlex_uk",6,24674,"bigram","WU","token",252,2.99999999999998,0,5.99999999999999,2.99999999999998,NA,NA,NA,NA
"subtlex_uk",6,24674,"bigram","WV","token",0,0,0,0,0,NA,NA,NA,NA
"subtlex_uk",6,24674,"bigram","WW","token",0,34.0000000000002,55,47,47,NA,NA,NA,NA
"subtlex_uk",6,24674,"bigram","WX","token",0,0,0,0,0,NA,NA,NA,NA
"subtlex_uk",6,24674,"bigram","WY","token",178,84.0000000000002,3707.99999999997,1668.99999999999,84.0000000000002,NA,NA,NA,NA
"subtlex_uk",6,24674,"bigram","WZ","token",0,0,137,2.99999999999998,10.0000000000001,NA,NA,NA,NA
"subtlex_uk",6,24674,"bigram","XA","token",575.000000000002,33.9999999999998,112,6.99999999999993,0,NA,NA,NA,NA
"subtlex_uk",6,24674,"bigram","XB","token",8.99999999999999,1.99999999999998,2.99999999999998,0,0,NA,NA,NA,NA
"subtlex_uk",6,24674,"bigram","XC","token",0,26472.0000000002,28.0000000000002,0,0,NA,NA,NA,NA
"subtlex_uk",6,24674,"bigram","XD","token",0,0,0,0,0,NA,NA,NA,NA
"subtlex_uk",6,24674,"bigram","XE","token",12.0000000000001,2211.00000000001,928,455.000000000001,949.000000000006,NA,NA,NA,NA
"subtlex_uk",6,24674,"bigram","XF","token",0,4753.99999999998,25.0000000000001,0,0,NA,NA,NA,NA
"subtlex_uk",6,24674,"bigram","XG","token",0,0,0,0,0,NA,NA,NA,NA
"subtlex_uk",6,24674,"bigram","XH","token",1.99999999999998,96.0000000000005,141.000000000001,0,0,NA,NA,NA,NA
"subtlex_uk",6,24674,"bigram","XI","token",137,2543.99999999999,12432,801.000000000002,37.0000000000002,NA,NA,NA,NA
"subtlex_uk",6,24674,"bigram","XJ","token",0,0,0,0,0,NA,NA,NA,NA
"subtlex_uk",6,24674,"bigram","XK","token",0,0,0,0,0,NA,NA,NA,NA
"subtlex_uk",6,24674,"bigram","XL","token",0,46.9999999999995,372.999999999998,0,0,NA,NA,NA,NA
"subtlex_uk",6,24674,"bigram","XM","token",0,416.999999999999,678.999999999998,0,0,NA,NA,NA,NA
"subtlex_uk",6,24674,"bigram","XN","token",0,0,0,0,0,NA,NA,NA,NA
"subtlex_uk",6,24674,"bigram","XO","token",0,2828.99999999998,638.000000000003,399.000000000002,0,NA,NA,NA,NA
"subtlex_uk",6,24674,"bigram","XP","token",0,41222.9999999998,10.0000000000001,0,0,NA,NA,NA,NA
"subtlex_uk",6,24674,"bigram","XQ","token",0,0,0,0,0,NA,NA,NA,NA
"subtlex_uk",6,24674,"bigram","XR","token",0,0,0,0,0,NA,NA,NA,NA
"subtlex_uk",6,24674,"bigram","XS","token",1.99999999999998,0,11,0,0,NA,NA,NA,NA
"subtlex_uk",6,24674,"bigram","XT","token",18.0000000000002,8865.99999999995,2645.00000000001,0,0,NA,NA,NA,NA
"subtlex_uk",6,24674,"bigram","XU","token",4.99999999999996,71.0000000000003,7886.99999999993,24.0000000000001,0,NA,NA,NA,NA
"subtlex_uk",6,24674,"bigram","XV","token",0,0,0,0,0,NA,NA,NA,NA
"subtlex_uk",6,24674,"bigram","XW","token",0,23,0,0,0,NA,NA,NA,NA
"subtlex_uk",6,24674,"bigram","XX","token",0,0,1.99999999999998,0,0,NA,NA,NA,NA
"subtlex_uk",6,24674,"bigram","XY","token",6.99999999999993,3468.99999999997,0,1.99999999999998,1359.00000000001,NA,NA,NA,NA
"subtlex_uk",6,24674,"bigram","XZ","token",0,0,0,0,0,NA,NA,NA,NA
"subtlex_uk",6,24674,"bigram","YA","token",2163.00000000001,219.000000000001,3210.00000000001,2477.99999999999,844.000000000001,NA,NA,NA,NA
"subtlex_uk",6,24674,"bigram","YB","token",0,859.000000000004,224,0,0,NA,NA,NA,NA
"subtlex_uk",6,24674,"bigram","YC","token",0,1239,1324.00000000001,17.0000000000001,0,NA,NA,NA,NA
"subtlex_uk",6,24674,"bigram","YD","token",0,2312,2308,1223,110.000000000001,NA,NA,NA,NA
"subtlex_uk",6,24674,"bigram","YE","token",16681,1064.99999999999,8554.99999999997,70553.9999999999,339.999999999999,NA,NA,NA,NA
"subtlex_uk",6,24674,"bigram","YF","token",0,105,465.000000000004,34.0000000000003,0,NA,NA,NA,NA
"subtlex_uk",6,24674,"bigram","YG","token",0,429.000000000002,3489.99999999997,1.99999999999998,0,NA,NA,NA,NA
"subtlex_uk",6,24674,"bigram","YH","token",0,60.0000000000001,1294,0,0,NA,NA,NA,NA
"subtlex_uk",6,24674,"bigram","YI","token",1098.00000000001,15.0000000000001,197655.999999999,484,36.0000000000001,NA,NA,NA,NA
"subtlex_uk",6,24674,"bigram","YJ","token",0,136.000000000001,0,36.9999999999999,0,NA,NA,NA,NA
"subtlex_uk",6,24674,"bigram","YK","token",0,42.0000000000004,27.9999999999999,19.9999999999999,46.0000000000002,NA,NA,NA,NA
"subtlex_uk",6,24674,"bigram","YL","token",0,2001,11469.0000000001,1103.00000000001,2788.00000000001,NA,NA,NA,NA
"subtlex_uk",6,24674,"bigram","YM","token",4.00000000000001,3719.00000000002,1486,123.000000000001,47.9999999999996,NA,NA,NA,NA
"subtlex_uk",6,24674,"bigram","YN","token",0,1271,1941,657,5646.99999999998,NA,NA,NA,NA
"subtlex_uk",6,24674,"bigram","YO","token",4304.99999999998,128,55004.9999999998,1052,303.000000000002,NA,NA,NA,NA
"subtlex_uk",6,24674,"bigram","YP","token",0,2013,232,75.9999999999998,0,NA,NA,NA,NA
"subtlex_uk",6,24674,"bigram","YQ","token",0,0,0,1.99999999999998,0,NA,NA,NA,NA
"subtlex_uk",6,24674,"bigram","YR","token",0,6025,223.000000000001,73.0000000000004,377.000000000004,NA,NA,NA,NA
"subtlex_uk",6,24674,"bigram","YS","token",124,77489.0000000002,1075,292.000000000001,123680.999999999,NA,NA,NA,NA
"subtlex_uk",6,24674,"bigram","YT","token",0,1057,5249.99999999999,144,0,NA,NA,NA,NA
"subtlex_uk",6,24674,"bigram","YU","token",202,28.0000000000001,77.0000000000003,3.99999999999996,53.0000000000002,NA,NA,NA,NA
"subtlex_uk",6,24674,"bigram","YV","token",1509.00000000001,114.999999999999,11,2.99999999999998,0,NA,NA,NA,NA
"subtlex_uk",6,24674,"bigram","YW","token",0,114,29373.9999999999,0,0,NA,NA,NA,NA
"subtlex_uk",6,24674,"bigram","YX","token",0,4.00000000000001,0,0,39.0000000000003,NA,NA,NA,NA
"subtlex_uk",6,24674,"bigram","YY","token",0,6.99999999999993,35.0000000000001,3.99999999999996,5.99999999999994,NA,NA,NA,NA
"subtlex_uk",6,24674,"bigram","YZ","token",0,1.99999999999998,12.9999999999999,112,10.0000000000001,NA,NA,NA,NA
"subtlex_uk",6,24674,"bigram","ZA","token",2514,48.0000000000003,5306,2233,462.000000000001,NA,NA,NA,NA
"subtlex_uk",6,24674,"bigram","ZB","token",0,17.0000000000002,8.99999999999991,0,0,NA,NA,NA,NA
"subtlex_uk",6,24674,"bigram","ZC","token",0,0,6.99999999999993,18,0,NA,NA,NA,NA
"subtlex_uk",6,24674,"bigram","ZD","token",4.00000000000001,0,0,0,0,NA,NA,NA,NA
"subtlex_uk",6,24674,"bigram","ZE","token",743.000000000001,149,2523,19003,14074.0000000001,NA,NA,NA,NA
"subtlex_uk",6,24674,"bigram","ZF","token",0,0,0,0,0,NA,NA,NA,NA
"subtlex_uk",6,24674,"bigram","ZG","token",0,0,0,0,0,NA,NA,NA,NA
"subtlex_uk",6,24674,"bigram","ZH","token",27.0000000000002,0,36,0,0,NA,NA,NA,NA
"subtlex_uk",6,24674,"bigram","ZI","token",1181,45.9999999999999,1193,6346.99999999997,111,NA,NA,NA,NA
"subtlex_uk",6,24674,"bigram","ZJ","token",0,0,0,0,0,NA,NA,NA,NA
"subtlex_uk",6,24674,"bigram","ZK","token",0,0,6.99999999999999,2.99999999999998,0,NA,NA,NA,NA
"subtlex_uk",6,24674,"bigram","ZL","token",40.0000000000001,0,12,4315,25.0000000000001,NA,NA,NA,NA
"subtlex_uk",6,24674,"bigram","ZM","token",0,0,196.000000000002,0,0,NA,NA,NA,NA
"subtlex_uk",6,24674,"bigram","ZN","token",0,0,43.0000000000001,26,0,NA,NA,NA,NA
"subtlex_uk",6,24674,"bigram","ZO","token",1466.00000000001,61,119,1584.00000000002,109,NA,NA,NA,NA
"subtlex_uk",6,24674,"bigram","ZP","token",0,0,8.0000000000001,0,0,NA,NA,NA,NA
"subtlex_uk",6,24674,"bigram","ZQ","token",0,0,0,0,0,NA,NA,NA,NA
"subtlex_uk",6,24674,"bigram","ZR","token",0,0,9.9999999999999,6.99999999999993,0,NA,NA,NA,NA
"subtlex_uk",6,24674,"bigram","ZS","token",0,0,17,0,10,NA,NA,NA,NA
"subtlex_uk",6,24674,"bigram","ZT","token",0,132,0,4.00000000000001,0,NA,NA,NA,NA
"subtlex_uk",6,24674,"bigram","ZU","token",439.999999999999,4.00000000000001,308.999999999998,32.9999999999998,14.0000000000001,NA,NA,NA,NA
"subtlex_uk",6,24674,"bigram","ZV","token",4.00000000000001,0,24.0000000000001,0,0,NA,NA,NA,NA
"subtlex_uk",6,24674,"bigram","ZW","token",13,18,18.0000000000001,0,0,NA,NA,NA,NA
"subtlex_uk",6,24674,"bigram","ZX","token",0,0,0,0,0,NA,NA,NA,NA
"subtlex_uk",6,24674,"bigram","ZY","token",46.0000000000002,6.00000000000005,111.000000000001,1.99999999999998,2519.00000000001,NA,NA,NA,NA
"subtlex_uk",6,24674,"bigram","ZZ","token",17.0000000000001,237,8977,706.000000000004,98.9999999999996,NA,NA,NA,NA
"subtlex_uk",7,26018,"bigram","AA","token",826.000000000002,1395,957.000000000003,509.000000000002,1173,180.000000000001,NA,NA,NA
"subtlex_uk",7,26018,"bigram","AB","token",17454.0000000001,23024.9999999999,8620,9487.99999999998,1759.00000000001,189,NA,NA,NA
"subtlex_uk",7,26018,"bigram","AC","token",39650,69985,91239.9999999999,12620,46574.9999999999,1363,NA,NA,NA
"subtlex_uk",7,26018,"bigram","AD","token",29489,26056,75210.9999999998,14576,64264.0000000001,23515,NA,NA,NA
"subtlex_uk",7,26018,"bigram","AE","token",324.000000000001,1094,681.000000000002,2131.99999999999,29881.9999999999,394.000000000001,NA,NA,NA
"subtlex_uk",7,26018,"bigram","AF","token",13079.0000000001,2722.00000000001,10993,1789.99999999999,5240.99999999996,80.9999999999999,NA,NA,NA
"subtlex_uk",7,26018,"bigram","AG","token",69152.9999999999,15501,40592.9999999999,45220.9999999998,95286.0000000003,1779,NA,NA,NA
"subtlex_uk",7,26018,"bigram","AH","token",92.0000000000005,2316,739.000000000002,1592,956,4208,NA,NA,NA
"subtlex_uk",7,26018,"bigram","AI","token",11779.0000000001,85764.0000000004,91087.9999999999,34424.0000000001,124885.000000001,828.000000000003,NA,NA,NA
"subtlex_uk",7,26018,"bigram","AJ","token",15.9999999999999,4511,13.9999999999999,54.0000000000002,50,1.99999999999998,NA,NA,NA
"subtlex_uk",7,26018,"bigram","AK","token",75,5660.99999999997,28638.9999999999,9318.00000000002,14986.0000000001,1450.99999999999,NA,NA,NA
"subtlex_uk",7,26018,"bigram","AL","token",95669.0000000001,172360.000000001,109233,90957.0000000002,48823.9999999998,241854,NA,NA,NA
"subtlex_uk",7,26018,"bigram","AM","token",84719.0000000003,58918.0000000001,47505.9999999999,14665,8063.99999999998,26908,NA,NA,NA
"subtlex_uk",7,26018,"bigram","AN","token",229095.999999999,153787,148972.000000001,79801,205024,64867.9999999999,NA,NA,NA
"subtlex_uk",7,26018,"bigram","AO","token",5.99999999999995,97.9999999999998,1013.99999999999,660.000000000006,401.000000000003,82.0000000000001,NA,NA,NA
"subtlex_uk",7,26018,"bigram","AP","token",18662.9999999999,76993.9999999996,26880.0000000001,12389.0000000001,36212.0000000002,701.000000000002,NA,NA,NA
"subtlex_uk",7,26018,"bigram","AQ","token",568.999999999996,104.000000000001,404.000000000004,185.999999999998,0,49.9999999999999,NA,NA,NA
"subtlex_uk",7,26018,"bigram","AR","token",44474,323612,203384,79308.0000000001,163259,55207.9999999999,NA,NA,NA
"subtlex_uk",7,26018,"bigram","AS","token",14733,93478.0000000001,84103.9999999998,28029.0000000002,28702.9999999999,23701.9999999999,NA,NA,NA
"subtlex_uk",7,26018,"bigram","AT","token",21628,110087,86049.0000000001,81885.9999999999,48030,5662.99999999998,NA,NA,NA
"subtlex_uk",7,26018,"bigram","AU","token",34161.0000000001,26617,2529,338053.000000002,1320,3055,NA,NA,NA
"subtlex_uk",7,26018,"bigram","AV","token",13459.9999999999,13231,47825.0000000001,5474.99999999999,731.000000000002,169.000000000001,NA,NA,NA
"subtlex_uk",7,26018,"bigram","AW","token",12874.9999999999,5539.00000000002,11813,1733,783.000000000002,1336,NA,NA,NA
"subtlex_uk",7,26018,"bigram","AX","token",47.0000000000002,7189.00000000002,631.999999999997,4338.99999999997,59.9999999999998,1953,NA,NA,NA
"subtlex_uk",7,26018,"bigram","AY","token",500.000000000002,13095,91672.0000000001,3595,3372.00000000002,58059,NA,NA,NA
"subtlex_uk",7,26018,"bigram","AZ","token",125,2021,49165.0000000001,365,284.999999999999,62,NA,NA,NA
"subtlex_uk",7,26018,"bigram","BA","token",84556.9999999999,1613,9240,32752,5983,531.000000000001,NA,NA,NA
"subtlex_uk",7,26018,"bigram","BB","token",6.99999999999993,58.9999999999996,27804.9999999999,6294.99999999999,56.9999999999997,0,NA,NA,NA
"subtlex_uk",7,26018,"bigram","BC","token",0,6.99999999999993,240,0,0,1.99999999999998,NA,NA,NA
"subtlex_uk",7,26018,"bigram","BD","token",0,582.000000000001,296.000000000001,48.0000000000002,0,3.99999999999996,NA,NA,NA
"subtlex_uk",7,26018,"bigram","BE","token",589247.000000001,1451,24956,51393.0000000001,20625.9999999999,2274,NA,NA,NA
"subtlex_uk",7,26018,"bigram","BF","token",1.99999999999998,0,0,0,0,0,NA,NA,NA
"subtlex_uk",7,26018,"bigram","BG","token",0,0,1.99999999999998,12.9999999999999,50.9999999999996,7.99999999999992,NA,NA,NA
"subtlex_uk",7,26018,"bigram","BH","token",235.000000000001,15.0000000000001,25.9999999999999,872.000000000009,0,13.0000000000001,NA,NA,NA
"subtlex_uk",7,26018,"bigram","BI","token",70199.0000000002,9988.0000000001,15692,25698.9999999999,3365,483.999999999998,NA,NA,NA
"subtlex_uk",7,26018,"bigram","BJ","token",0,4232,11150,0,13,0,NA,NA,NA
"subtlex_uk",7,26018,"bigram","BK","token",0,0,0,3.99999999999996,6.00000000000005,0,NA,NA,NA
"subtlex_uk",7,26018,"bigram","BL","token",21992,954.999999999995,6310.99999999998,84257.0000000008,39604.9999999999,13.9999999999999,NA,NA,NA
"subtlex_uk",7,26018,"bigram","BM","token",18.9999999999999,0,15,17,0,0,NA,NA,NA
"subtlex_uk",7,26018,"bigram","BN","token",0,0,120,142.000000000001,0,0,NA,NA,NA
"subtlex_uk",7,26018,"bigram","BO","token",41142,715.999999999996,8718.00000000004,29849.9999999998,5808.99999999999,436.999999999998,NA,NA,NA
"subtlex_uk",7,26018,"bigram","BP","token",6.00000000000005,0,40.0000000000001,0,0,0,NA,NA,NA
"subtlex_uk",7,26018,"bigram","BQ","token",0,0,0,0,0,0,NA,NA,NA
"subtlex_uk",7,26018,"bigram","BR","token",224297.000000001,1040,12655,3215.99999999998,968.000000000002,0,NA,NA,NA
"subtlex_uk",7,26018,"bigram","BS","token",0,6814.00000000002,16539.9999999999,8.99999999999991,4.99999999999996,1486,NA,NA,NA
"subtlex_uk",7,26018,"bigram","BT","token",0,8.99999999999999,241.000000000001,452.999999999996,17.9999999999999,138.999999999999,NA,NA,NA
"subtlex_uk",7,26018,"bigram","BU","token",47164,1223,4080.99999999998,8896.00000000004,1337.00000000001,38.0000000000004,NA,NA,NA
"subtlex_uk",7,26018,"bigram","BV","token",0,8892.00000000007,50.0000000000004,0,0,0,NA,NA,NA
"subtlex_uk",7,26018,"bigram","BW","token",3.99999999999996,0,347.000000000001,0,0,0,NA,NA,NA
"subtlex_uk",7,26018,"bigram","BX","token",0,0,0,0,0,0,NA,NA,NA
"subtlex_uk",7,26018,"bigram","BY","token",6202.00000000003,132.000000000001,915.000000000005,3.99999999999996,17764.9999999999,3545.00000000001,NA,NA,NA
"subtlex_uk",7,26018,"bigram","BZ","token",6.99999999999993,0,23.0000000000002,0,0,1.99999999999998,NA,NA,NA
"subtlex_uk",7,26018,"bigram","CA","token",175873,13082,349914.000000002,8908,44646.0000000001,30408.0000000002,NA,NA,NA
"subtlex_uk",7,26018,"bigram","CB","token",0,234.999999999998,799.999999999992,0,0,0,NA,NA,NA
"subtlex_uk",7,26018,"bigram","CC","token",0,18133.0000000001,22257.9999999999,383,5583.99999999998,1.99999999999998,NA,NA,NA
"subtlex_uk",7,26018,"bigram","CD","token",0,13,192,0,0,0,NA,NA,NA
"subtlex_uk",7,26018,"bigram","CE","token",83391,5426.00000000002,14203,73307.9999999998,57025,152892,NA,NA,NA
"subtlex_uk",7,26018,"bigram","CF","token",0,0,0,0,0,0,NA,NA,NA
"subtlex_uk",7,26018,"bigram","CG","token",0,992.000000000002,15.0000000000001,0,0,0,NA,NA,NA
"subtlex_uk",7,26018,"bigram","CH","token",209528.000000001,30771,80820,106362,6594.00000000002,28316,NA,NA,NA
"subtlex_uk",7,26018,"bigram","CI","token",7118.99999999999,14554.9999999999,84007.0000000003,93900.9999999999,39762,41,NA,NA,NA
"subtlex_uk",7,26018,"bigram","CJ","token",0,0,0,0,0,0,NA,NA,NA
"subtlex_uk",7,26018,"bigram","CK","token",0,314.999999999999,98477.9999999999,86829,9061.99999999999,32258.0000000001,NA,NA,NA
"subtlex_uk",7,26018,"bigram","CL","token",104364,1401,33838,5055.99999999998,15440.9999999999,0,NA,NA,NA
"subtlex_uk",7,26018,"bigram","CM","token",0,358.999999999998,6.00000000000005,8.99999999999999,0,0,NA,NA,NA
"subtlex_uk",7,26018,"bigram","CN","token",0,396.000000000002,422.000000000001,0,0,0,NA,NA,NA
"subtlex_uk",7,26018,"bigram","CO","token",461864.999999998,39012.0000000003,68476.0000000003,70057.9999999995,1994,2686.00000000002,NA,NA,NA
"subtlex_uk",7,26018,"bigram","CP","token",0,43.0000000000002,26.0000000000002,0,0,0,NA,NA,NA
"subtlex_uk",7,26018,"bigram","CQ","token",0,1026,1240,18.9999999999998,0,4.00000000000001,NA,NA,NA
"subtlex_uk",7,26018,"bigram","CR","token",74689.0000000002,12897,5985.00000000001,581.000000000001,55,0,NA,NA,NA
"subtlex_uk",7,26018,"bigram","CS","token",4.00000000000001,586.999999999999,0,2.99999999999998,0,9893.00000000003,NA,NA,NA
"subtlex_uk",7,26018,"bigram","CT","token",0,14019.9999999999,109603,60258.9999999999,19425,195651,NA,NA,NA
"subtlex_uk",7,26018,"bigram","CU","token",60375.0000000002,1287,17019,21751,1616,10.0000000000001,NA,NA,NA
"subtlex_uk",7,26018,"bigram","CV","token",0,109,0,0,0,0,NA,NA,NA
"subtlex_uk",7,26018,"bigram","CW","token",122.000000000001,1.99999999999998,0,0,6.00000000000005,0,NA,NA,NA
"subtlex_uk",7,26018,"bigram","CX","token",0,0,6.99999999999993,0,0,0,NA,NA,NA
"subtlex_uk",7,26018,"bigram","CY","token",5816,29,2481.99999999999,64.0000000000003,43.0000000000001,6103.99999999998,NA,NA,NA
"subtlex_uk",7,26018,"bigram","CZ","token",34.0000000000002,0,0,49.0000000000001,0,6.00000000000005,NA,NA,NA
"subtlex_uk",7,26018,"bigram","DA","token",47106.9999999998,2433.99999999999,2446.99999999999,14100,34883.0000000001,6241.99999999999,NA,NA,NA
"subtlex_uk",7,26018,"bigram","DB","token",0,0,1247.00000000001,12961.9999999999,601.000000000007,0,NA,NA,NA
"subtlex_uk",7,26018,"bigram","DC","token",0,0,168,163.000000000001,0,0,NA,NA,NA
"subtlex_uk",7,26018,"bigram","DD","token",2.99999999999998,10877,54714.0000000001,5342.00000000002,432.000000000002,340.000000000003,NA,NA,NA
"subtlex_uk",7,26018,"bigram","DE","token",196529.000000001,1935.99999999998,15927.9999999999,60117,87412.0000000003,82134.9999999999,NA,NA,NA
"subtlex_uk",7,26018,"bigram","DF","token",0,0,1444.00000000001,2888.99999999998,1.99999999999998,0,NA,NA,NA
"subtlex_uk",7,26018,"bigram","DG","token",0,121.000000000001,11318,5301.00000000001,715.999999999995,0,NA,NA,NA
"subtlex_uk",7,26018,"bigram","DH","token",35.9999999999999,113,319.999999999999,413,0,209.000000000001,NA,NA,NA
"subtlex_uk",7,26018,"bigram","DI","token",61686.9999999998,3948.00000000002,18622.0000000001,189737,5830.00000000002,508.000000000002,NA,NA,NA
"subtlex_uk",7,26018,"bigram","DJ","token",112.999999999999,140,7.99999999999992,46.0000000000004,0,32.0000000000002,NA,NA,NA
"subtlex_uk",7,26018,"bigram","DK","token",0,0,21.9999999999999,1.99999999999998,0,0,NA,NA,NA
"subtlex_uk",7,26018,"bigram","DL","token",1.99999999999998,0,2639,17778,6955.99999999997,2.99999999999998,NA,NA,NA
"subtlex_uk",7,26018,"bigram","DM","token",2.99999999999998,2577,255.000000000002,1479,2386.00000000003,0,NA,NA,NA
"subtlex_uk",7,26018,"bigram","DN","token",8.0000000000001,0,4240.99999999998,533.999999999999,72,6.99999999999993,NA,NA,NA
"subtlex_uk",7,26018,"bigram","DO","token",38089.9999999999,2988.00000000002,5799.99999999997,23241,26384.9999999999,3627,NA,NA,NA
"subtlex_uk",7,26018,"bigram","DP","token",0,0,227,178.999999999999,3247.99999999998,0,NA,NA,NA
"subtlex_uk",7,26018,"bigram","DQ","token",0,0,0,0,0,0,NA,NA,NA
"subtlex_uk",7,26018,"bigram","DR","token",66261.0000000001,113.000000000001,34445,7712.99999999999,1665.00000000001,10.0000000000001,NA,NA,NA
"subtlex_uk",7,26018,"bigram","DS","token",0,3.99999999999996,1086,4418.00000000001,43.0000000000004,147385,NA,NA,NA
"subtlex_uk",7,26018,"bigram","DT","token",0,0,1453.99999999999,15,572,116.000000000001,NA,NA,NA
"subtlex_uk",7,26018,"bigram","DU","token",8532.00000000001,994.000000000004,7730.99999999997,23224,923.000000000001,73.0000000000002,NA,NA,NA
"subtlex_uk",7,26018,"bigram","DV","token",0,10968,4.00000000000001,0,2.99999999999998,0,NA,NA,NA
"subtlex_uk",7,26018,"bigram","DW","token",448.000000000002,1722,2928,1200,153.999999999999,0,NA,NA,NA
"subtlex_uk",7,26018,"bigram","DX","token",0,0,0,0,0,0,NA,NA,NA
"subtlex_uk",7,26018,"bigram","DY","token",2630,1057.00000000001,1060,472.000000000003,101,89975.9999999999,NA,NA,NA
"subtlex_uk",7,26018,"bigram","DZ","token",0,0,16.9999999999998,6.99999999999993,0,430.000000000001,NA,NA,NA
"subtlex_uk",7,26018,"bigram","EA","token",38026.9999999999,330802,128750,94969,40430.9999999999,9228.00000000001,NA,NA,NA
"subtlex_uk",7,26018,"bigram","EB","token",12.9999999999999,26614.9999999998,3516,1652,1664,33,NA,NA,NA
"subtlex_uk",7,26018,"bigram","EC","token",30900.0000000003,453487.000000002,68690.0000000002,22330,163334,83.0000000000003,NA,NA,NA
"subtlex_uk",7,26018,"bigram","ED","token",7208.00000000002,64089.0000000002,18510.0000000001,11666.9999999999,9113.99999999997,849516.000000001,NA,NA,NA
"subtlex_uk",7,26018,"bigram","EE","token",27.9999999999997,123770.999999999,27949.9999999999,22402.0000000001,94295.9999999996,17602,NA,NA,NA
"subtlex_uk",7,26018,"bigram","EF","token",8776.00000000001,52913.0000000002,1178,32826.0000000003,1408,115.000000000001,NA,NA,NA
"subtlex_uk",7,26018,"bigram","EG","token",2040.99999999998,31036,3997.00000000001,11647,9423.99999999999,165,NA,NA,NA
"subtlex_uk",7,26018,"bigram","EH","token",8.99999999999991,9209.99999999992,432.000000000003,7113.00000000005,22,506.999999999997,NA,NA,NA
"subtlex_uk",7,26018,"bigram","EI","token",87,22915,1336,22009.0000000001,3804,120,NA,NA,NA
"subtlex_uk",7,26018,"bigram","EJ","token",310,663.999999999997,11.0000000000001,107,50.0000000000004,0,NA,NA,NA
"subtlex_uk",7,26018,"bigram","EK","token",0,243.000000000002,23723.9999999998,1134,224.000000000001,1018,NA,NA,NA
"subtlex_uk",7,26018,"bigram","EL","token",25636.0000000001,269630,92048.9999999995,18514,82796.9999999998,50294.9999999999,NA,NA,NA
"subtlex_uk",7,26018,"bigram","EM","token",15336.0000000001,57569.0000000002,19521.0000000001,17641,16954,65483.0000000007,NA,NA,NA
"subtlex_uk",7,26018,"bigram","EN","token",110026.000000001,176971,54997.0000000003,158512,166701,167644,NA,NA,NA
"subtlex_uk",7,26018,"bigram","EO","token",1.99999999999998,8711.99999999999,148,68971.9999999999,3276.99999999998,429.999999999999,NA,NA,NA
"subtlex_uk",7,26018,"bigram","EP","token",4365,31481,44873.0000000001,2935,3688.00000000001,314.000000000001,NA,NA,NA
"subtlex_uk",7,26018,"bigram","EQ","token",4159.00000000001,6608,1091,1.99999999999998,0,0,NA,NA,NA
"subtlex_uk",7,26018,"bigram","ER","token",2774,258072,71917.0000000001,187363,404247,634076.999999999,NA,NA,NA
"subtlex_uk",7,26018,"bigram","ES","token",9014.99999999998,145431.000000001,54806.0000000003,17666,227750,443625.000000001,NA,NA,NA
"subtlex_uk",7,26018,"bigram","ET","token",2135.00000000002,252109.999999999,79019.9999999997,21476,106935,31806.9999999999,NA,NA,NA
"subtlex_uk",7,26018,"bigram","EU","token",370.000000000001,4833,1261.99999999999,926.000000000003,4247.99999999999,97.0000000000006,NA,NA,NA
"subtlex_uk",7,26018,"bigram","EV","token",32955.0000000003,44326.0000000001,7789.00000000001,34473.9999999999,83106.0000000001,281,NA,NA,NA
"subtlex_uk",7,26018,"bigram","EW","token",2.99999999999998,5076.99999999999,13208,3623,3535.99999999999,7294.99999999999,NA,NA,NA
"subtlex_uk",7,26018,"bigram","EX","token",144790,6065.99999999997,1151.00000000001,159,4019.00000000004,5882.00000000006,NA,NA,NA
"subtlex_uk",7,26018,"bigram","EY","token",1360,2917.99999999999,461.000000000002,200.999999999999,11015,63198.9999999998,NA,NA,NA
"subtlex_uk",7,26018,"bigram","EZ","token",73.0000000000005,323.000000000002,305,2377.00000000001,5064.00000000003,870.000000000003,NA,NA,NA
"subtlex_uk",7,26018,"bigram","FA","token",70690.0000000002,6.99999999999994,6312.00000000004,26909.9999999999,1408.00000000001,154,NA,NA,NA
"subtlex_uk",7,26018,"bigram","FB","token",0,0,55.0000000000005,4.00000000000001,0,0,NA,NA,NA
"subtlex_uk",7,26018,"bigram","FC","token",0,0,33.0000000000002,0,0,0,NA,NA,NA
"subtlex_uk",7,26018,"bigram","FD","token",0,0,6.00000000000005,85.0000000000006,0,0,NA,NA,NA
"subtlex_uk",7,26018,"bigram","FE","token",65763.9999999997,35.0000000000001,42010.0000000001,43940.0000000002,6213.99999999999,2577.99999999999,NA,NA,NA
"subtlex_uk",7,26018,"bigram","FF","token",35.9999999999997,42615.0000000001,12286,16254.9999999999,2759.99999999999,14313,NA,NA,NA
"subtlex_uk",7,26018,"bigram","FG","token",0,677.999999999994,1.99999999999998,0,0,0,NA,NA,NA
"subtlex_uk",7,26018,"bigram","FH","token",6.00000000000005,0,28.9999999999998,11,0,0,NA,NA,NA
"subtlex_uk",7,26018,"bigram","FI","token",117380,7.99999999999997,26174.0000000001,21004,23523.0000000001,5578.99999999996,NA,NA,NA
"subtlex_uk",7,26018,"bigram","FJ","token",0,0,0,0,0,0,NA,NA,NA
"subtlex_uk",7,26018,"bigram","FK","token",0,0,53.0000000000002,6.00000000000005,4.99999999999995,0,NA,NA,NA
"subtlex_uk",7,26018,"bigram","FL","token",40517.0000000002,0,5777,1994.00000000001,5134.99999999998,0,NA,NA,NA
"subtlex_uk",7,26018,"bigram","FM","token",0,0,75.0000000000006,384.999999999998,0,0,NA,NA,NA
"subtlex_uk",7,26018,"bigram","FN","token",1.99999999999998,0,180,44.0000000000002,8.99999999999999,0,NA,NA,NA
"subtlex_uk",7,26018,"bigram","FO","token",110928,18.9999999999998,9721.99999999998,27578.0000000001,194,22.0000000000001,NA,NA,NA
"subtlex_uk",7,26018,"bigram","FP","token",1.99999999999998,1.99999999999998,5.99999999999994,55.9999999999998,6.99999999999994,0,NA,NA,NA
"subtlex_uk",7,26018,"bigram","FQ","token",0,0,0,0,0,0,NA,NA,NA
"subtlex_uk",7,26018,"bigram","FR","token",79656.0000000004,5962.99999999999,1677,3050,15.9999999999999,0,NA,NA,NA
"subtlex_uk",7,26018,"bigram","FS","token",0,42.9999999999999,1295.00000000001,31.0000000000001,1.99999999999998,1956,NA,NA,NA
"subtlex_uk",7,26018,"bigram","FT","token",0,17.9999999999998,3873,4309.99999999999,478.999999999998,265.000000000001,NA,NA,NA
"subtlex_uk",7,26018,"bigram","FU","token",62867.9999999999,11,7611.00000000004,2640.99999999999,30491.0000000001,0,NA,NA,NA
"subtlex_uk",7,26018,"bigram","FV","token",0,0,0,0,0,0,NA,NA,NA
"subtlex_uk",7,26018,"bigram","FW","token",6.99999999999999,0,3.99999999999996,6100.99999999999,12.0000000000001,0,NA,NA,NA
"subtlex_uk",7,26018,"bigram","FX","token",0,0,0,0,0,0,NA,NA,NA
"subtlex_uk",7,26018,"bigram","FY","token",139,21.9999999999998,319.999999999998,1.99999999999998,0,7782.99999999999,NA,NA,NA
"subtlex_uk",7,26018,"bigram","FZ","token",0,0,0,1.99999999999998,0,0,NA,NA,NA
"subtlex_uk",7,26018,"bigram","GA","token",31612,67926.9999999999,10959.0000000001,17848,9872.00000000001,312.000000000001,NA,NA,NA
"subtlex_uk",7,26018,"bigram","GB","token",0,4.99999999999995,247,167,1.99999999999998,0,NA,NA,NA
"subtlex_uk",7,26018,"bigram","GC","token",0,0,9.9999999999999,1.99999999999998,0,0,NA,NA,NA
"subtlex_uk",7,26018,"bigram","GD","token",0,0,58.0000000000001,8092.00000000006,80,2.99999999999998,NA,NA,NA
"subtlex_uk",7,26018,"bigram","GE","token",164807,511.999999999997,9387.99999999998,103692,135597,121598,NA,NA,NA
"subtlex_uk",7,26018,"bigram","GF","token",0,0,281.000000000001,18.0000000000001,0,0,NA,NA,NA
"subtlex_uk",7,26018,"bigram","GG","token",0,1978.99999999998,60002.0000000002,8344.00000000001,120.999999999999,200.999999999999,NA,NA,NA
"subtlex_uk",7,26018,"bigram","GH","token",1259,20,28698,21977,245478.999999999,180879.000000001,NA,NA,NA
"subtlex_uk",7,26018,"bigram","GI","token",8407.99999999999,496.000000000001,12915,84361.0000000001,3927.99999999999,168.999999999999,NA,NA,NA
"subtlex_uk",7,26018,"bigram","GJ","token",0,0,0,0,0,0,NA,NA,NA
"subtlex_uk",7,26018,"bigram","GK","token",0,0,1.99999999999998,524.000000000004,2.99999999999998,0,NA,NA,NA
"subtlex_uk",7,26018,"bigram","GL","token",23869,160.999999999999,76610.0000000007,13027,2786.99999999999,1.99999999999998,NA,NA,NA
"subtlex_uk",7,26018,"bigram","GM","token",0,0,874,563.000000000002,24,6.00000000000005,NA,NA,NA
"subtlex_uk",7,26018,"bigram","GN","token",784.999999999999,2458.00000000001,7488,716.999999999999,3476,11692.0000000001,NA,NA,NA
"subtlex_uk",7,26018,"bigram","GO","token",24629.9999999999,121,3167.00000000003,6717.99999999998,9705.99999999999,3173.00000000001,NA,NA,NA
"subtlex_uk",7,26018,"bigram","GP","token",0,0,408.000000000002,42.0000000000004,5.99999999999995,0,NA,NA,NA
"subtlex_uk",7,26018,"bigram","GQ","token",0,0,0,0,0,0,NA,NA,NA
"subtlex_uk",7,26018,"bigram","GR","token",67375.9999999999,259,13478,2087,567.000000000001,0,NA,NA,NA
"subtlex_uk",7,26018,"bigram","GS","token",0,0,288,841.000000000006,7950.00000000003,17373,NA,NA,NA
"subtlex_uk",7,26018,"bigram","GT","token",0,0,155,2433.00000000002,21.9999999999999,17.9999999999999,NA,NA,NA
"subtlex_uk",7,26018,"bigram","GU","token",8209.00000000001,215.000000000001,31890.0000000001,4378,1746,105,NA,NA,NA
"subtlex_uk",7,26018,"bigram","GV","token",0,0,0,1.99999999999998,8.0000000000001,0,NA,NA,NA
"subtlex_uk",7,26018,"bigram","GW","token",814.000000000002,0,489.000000000001,201.000000000001,8.99999999999999,0,NA,NA,NA
"subtlex_uk",7,26018,"bigram","GX","token",0,0,0,0,8.99999999999991,0,NA,NA,NA
"subtlex_uk",7,26018,"bigram","GY","token",861.999999999999,14.0000000000001,32,8.99999999999991,11.9999999999999,7041.99999999999,NA,NA,NA
"subtlex_uk",7,26018,"bigram","GZ","token",0,0,51.0000000000001,0,0,0,NA,NA,NA
"subtlex_uk",7,26018,"bigram","HA","token",99741.9999999998,160947.000000001,10278,96523.0000000002,12936,2504.00000000001,NA,NA,NA
"subtlex_uk",7,26018,"bigram","HB","token",0,0,30.0000000000002,19,21.0000000000002,0,NA,NA,NA
"subtlex_uk",7,26018,"bigram","HC","token",0,1.99999999999998,0,0,0,0,NA,NA,NA
"subtlex_uk",7,26018,"bigram","HD","token",0,0,394.000000000001,842.999999999992,6.99999999999993,0,NA,NA,NA
"subtlex_uk",7,26018,"bigram","HE","token",92501.9999999997,107810,6444.99999999999,31381,426852.999999999,6997,NA,NA,NA
"subtlex_uk",7,26018,"bigram","HF","token",0,4.00000000000001,246.999999999998,299.000000000001,20,0,NA,NA,NA
"subtlex_uk",7,26018,"bigram","HG","token",0,0,0,48.9999999999998,0,0,NA,NA,NA
"subtlex_uk",7,26018,"bigram","HH","token",0,154,152,271.000000000001,355.000000000001,472.000000000001,NA,NA,NA
"subtlex_uk",7,26018,"bigram","HI","token",91276,59883,17432.9999999999,146285.999999999,8772.00000000001,1921,NA,NA,NA
"subtlex_uk",7,26018,"bigram","HJ","token",6.99999999999993,0,18.9999999999999,0,0,0,NA,NA,NA
"subtlex_uk",7,26018,"bigram","HK","token",0,0,0,175,17.9999999999998,6.99999999999993,NA,NA,NA
"subtlex_uk",7,26018,"bigram","HL","token",0,28.0000000000001,3663,337.000000000001,5274.00000000002,2.99999999999998,NA,NA,NA
"subtlex_uk",7,26018,"bigram","HM","token",10.0000000000001,14.9999999999999,779,403.999999999999,1056,6.99999999999993,NA,NA,NA
"subtlex_uk",7,26018,"bigram","HN","token",0,0,6947.00000000001,336.000000000001,205.999999999998,0,NA,NA,NA
"subtlex_uk",7,26018,"bigram","HO","token",83756.9999999999,200607.999999999,18483,70569.9999999994,19795.0000000001,486.000000000001,NA,NA,NA
"subtlex_uk",7,26018,"bigram","HP","token",0,1.99999999999998,8.0000000000001,36.9999999999998,0,0,NA,NA,NA
"subtlex_uk",7,26018,"bigram","HQ","token",0,0,0,15.0000000000002,0,0,NA,NA,NA
"subtlex_uk",7,26018,"bigram","HR","token",6.99999999999999,184303.000000001,1342,1330,132,24,NA,NA,NA
"subtlex_uk",7,26018,"bigram","HS","token",0,4.99999999999995,0,94.0000000000002,5.99999999999994,3161.00000000002,NA,NA,NA
"subtlex_uk",7,26018,"bigram","HT","token",0,2.99999999999998,445.999999999999,13333,10790,245083.999999999,NA,NA,NA
"subtlex_uk",7,26018,"bigram","HU","token",43641.0000000001,10023,237,1654.00000000001,1535.00000000001,9.00000000000002,NA,NA,NA
"subtlex_uk",7,26018,"bigram","HV","token",0,0,0,54.0000000000002,4.99999999999995,0,NA,NA,NA
"subtlex_uk",7,26018,"bigram","HW","token",0,51.0000000000001,111.000000000001,1916.00000000001,0,0,NA,NA,NA
"subtlex_uk",7,26018,"bigram","HX","token",0,0,0,0,0,0,NA,NA,NA
"subtlex_uk",7,26018,"bigram","HY","token",1111,3956,3.99999999999996,5.99999999999995,689.999999999998,18101,NA,NA,NA
"subtlex_uk",7,26018,"bigram","HZ","token",0,0,0,79.9999999999997,0,0,NA,NA,NA
"subtlex_uk",7,26018,"bigram","IA","token",25,9611.00000000002,927,7486.99999999999,96113,18262,NA,NA,NA
"subtlex_uk",7,26018,"bigram","IB","token",319.000000000002,25957,5332.00000000004,8676.99999999999,115,36.0000000000002,NA,NA,NA
"subtlex_uk",7,26018,"bigram","IC","token",2575,148179,62726.9999999999,93437.0000000002,107044.000000001,64044.9999999999,NA,NA,NA
"subtlex_uk",7,26018,"bigram","ID","token",2590.99999999999,19995.9999999999,11937,60947.0000000003,70639.9999999998,4319,NA,NA,NA
"subtlex_uk",7,26018,"bigram","IE","token",1.99999999999998,11211,68024.0000000003,139065,202736,38121.0000000002,NA,NA,NA
"subtlex_uk",7,26018,"bigram","IF","token",4.00000000000001,4459.99999999999,8462.99999999997,3830.00000000002,18659,10.9999999999999,NA,NA,NA
"subtlex_uk",7,26018,"bigram","IG","token",2583.00000000001,93800.0000000003,14762,68549.0000000006,13098.0000000001,628.999999999999,NA,NA,NA
"subtlex_uk",7,26018,"bigram","IH","token",0,503.999999999998,31.0000000000001,38.0000000000001,20.0000000000001,1.99999999999998,NA,NA,NA
"subtlex_uk",7,26018,"bigram","II","token",0,0,29,42.0000000000001,0,295.000000000002,NA,NA,NA
"subtlex_uk",7,26018,"bigram","IJ","token",0,142,2419.00000000002,17.9999999999998,67,0,NA,NA,NA
"subtlex_uk",7,26018,"bigram","IK","token",15.9999999999999,2434.99999999999,130,6530.99999999997,1564,652.000000000005,NA,NA,NA
"subtlex_uk",7,26018,"bigram","IL","token",8662.00000000003,144739,60741.0000000001,28371.0000000001,43293.9999999999,31995.9999999999,NA,NA,NA
"subtlex_uk",7,26018,"bigram","IM","token",44008.0000000001,56010.9999999998,44934.9999999999,20966,14845,2095,NA,NA,NA
"subtlex_uk",7,26018,"bigram","IN","token",85861.0000000001,227141.000000001,80741.0000000002,118952,1965220,140273.000000001,NA,NA,NA
"subtlex_uk",7,26018,"bigram","IO","token",55.0000000000002,10944.0000000001,494.000000000003,80618.9999999999,205516,3358.99999999999,NA,NA,NA
"subtlex_uk",7,26018,"bigram","IP","token",1989.00000000002,11053,13378,6002.00000000004,1836.00000000001,3694.00000000002,NA,NA,NA
"subtlex_uk",7,26018,"bigram","IQ","token",9.99999999999989,785,45.0000000000004,4508.99999999998,44.9999999999995,12.0000000000001,NA,NA,NA
"subtlex_uk",7,26018,"bigram","IR","token",32331.9999999999,33729,13594,11163,32881.0000000001,3293,NA,NA,NA
"subtlex_uk",7,26018,"bigram","IS","token",10270,141293,36270,27739,169377,7507.00000000001,NA,NA,NA
"subtlex_uk",7,26018,"bigram","IT","token",8702.99999999999,140238,207101.000000001,60750.0000000001,109458,39197.0000000003,NA,NA,NA
"subtlex_uk",7,26018,"bigram","IU","token",0,11.0000000000001,2067.99999999999,353.999999999998,14761.9999999999,6.99999999999999,NA,NA,NA
"subtlex_uk",7,26018,"bigram","IV","token",172.000000000001,10148,44448,34375.0000000001,46300.0000000001,20,NA,NA,NA
"subtlex_uk",7,26018,"bigram","IW","token",64.0000000000006,1.99999999999998,3.99999999999996,7.99999999999997,11.0000000000001,16.0000000000001,NA,NA,NA
"subtlex_uk",7,26018,"bigram","IX","token",0,6177.99999999996,589.000000000004,60.0000000000002,49.9999999999995,1759,NA,NA,NA
"subtlex_uk",7,26018,"bigram","IY","token",0,0,0,130,14.0000000000001,6.99999999999999,NA,NA,NA
"subtlex_uk",7,26018,"bigram","IZ","token",0,5427.00000000003,4345.99999999999,3696.99999999999,1085,1155,NA,NA,NA
"subtlex_uk",7,26018,"bigram","JA","token",25442.9999999999,74.9999999999992,1045,206,254.999999999999,165.000000000001,NA,NA,NA
"subtlex_uk",7,26018,"bigram","JB","token",0,0,0,0,0,0,NA,NA,NA
"subtlex_uk",7,26018,"bigram","JC","token",0,0,0,0,0,0,NA,NA,NA
"subtlex_uk",7,26018,"bigram","JD","token",0,0,0,15.0000000000002,0,0,NA,NA,NA
"subtlex_uk",7,26018,"bigram","JE","token",10505,311,8656,28991,256.999999999997,10.0000000000001,NA,NA,NA
"subtlex_uk",7,26018,"bigram","JF","token",0,0,0,0,0,0,NA,NA,NA
"subtlex_uk",7,26018,"bigram","JG","token",0,0,0,0,0,0,NA,NA,NA
"subtlex_uk",7,26018,"bigram","JH","token",0,0,0,42.0000000000003,0,0,NA,NA,NA
"subtlex_uk",7,26018,"bigram","JI","token",1093,22,201,2490.00000000002,142,54.9999999999997,NA,NA,NA
"subtlex_uk",7,26018,"bigram","JJ","token",0,0,42.0000000000003,0,0,0,NA,NA,NA
"subtlex_uk",7,26018,"bigram","JK","token",0,0,0,0,1.99999999999998,6.00000000000005,NA,NA,NA
"subtlex_uk",7,26018,"bigram","JL","token",0,0,0,0,0,0,NA,NA,NA
"subtlex_uk",7,26018,"bigram","JM","token",0,0,0,0,0,0,NA,NA,NA
"subtlex_uk",7,26018,"bigram","JN","token",0,0,24.9999999999998,2.99999999999998,0,4.99999999999996,NA,NA,NA
"subtlex_uk",7,26018,"bigram","JO","token",36926.9999999999,68,12915,1073,215.000000000001,80,NA,NA,NA
"subtlex_uk",7,26018,"bigram","JP","token",0,0,0,0,0,0,NA,NA,NA
"subtlex_uk",7,26018,"bigram","JQ","token",0,0,0,0,0,0,NA,NA,NA
"subtlex_uk",7,26018,"bigram","JR","token",0,0,0,0,0,0,NA,NA,NA
"subtlex_uk",7,26018,"bigram","JS","token",0,0,0,0,0,1.99999999999998,NA,NA,NA
"subtlex_uk",7,26018,"bigram","JT","token",0,0,4.99999999999995,0,0,0,NA,NA,NA
"subtlex_uk",7,26018,"bigram","JU","token",27475.0000000001,8.99999999999996,7456.00000000003,567.999999999998,1.99999999999998,1.99999999999998,NA,NA,NA
"subtlex_uk",7,26018,"bigram","JV","token",0,0,0,15.9999999999998,0,0,NA,NA,NA
"subtlex_uk",7,26018,"bigram","JW","token",0,0,0,0,0,0,NA,NA,NA
"subtlex_uk",7,26018,"bigram","JX","token",0,0,0,0,0,0,NA,NA,NA
"subtlex_uk",7,26018,"bigram","JY","token",0,0,0,0,0,4.00000000000001,NA,NA,NA
"subtlex_uk",7,26018,"bigram","JZ","token",0,0,0,0,0,0,NA,NA,NA
"subtlex_uk",7,26018,"bigram","KA","token",3535,1482,381.000000000002,6189.00000000005,1733,1211,NA,NA,NA
"subtlex_uk",7,26018,"bigram","KB","token",0,0,6.00000000000005,78.0000000000001,0,0,NA,NA,NA
"subtlex_uk",7,26018,"bigram","KC","token",0,0,0,1.99999999999998,2.99999999999998,0,NA,NA,NA
"subtlex_uk",7,26018,"bigram","KD","token",0,0,37.0000000000003,266.999999999999,0,0,NA,NA,NA
"subtlex_uk",7,26018,"bigram","KE","token",27894.0000000001,966,5434.99999999997,94777.9999999996,89278.0000000002,16313.0000000001,NA,NA,NA
"subtlex_uk",7,26018,"bigram","KF","token",0,0,2.99999999999998,49.0000000000002,0,0,NA,NA,NA
"subtlex_uk",7,26018,"bigram","KG","token",2.99999999999998,0,0,0,0,0,NA,NA,NA
"subtlex_uk",7,26018,"bigram","KH","token",215,13,361.999999999999,2760.00000000001,78.0000000000005,61.0000000000002,NA,NA,NA
"subtlex_uk",7,26018,"bigram","KI","token",64451.9999999999,6625.99999999998,2217.99999999999,393564.000000001,6214.00000000004,247.999999999999,NA,NA,NA
"subtlex_uk",7,26018,"bigram","KJ","token",0,0,0,13.9999999999999,0,0,NA,NA,NA
"subtlex_uk",7,26018,"bigram","KK","token",0,1.99999999999998,175,154.000000000001,4.99999999999995,0,NA,NA,NA
"subtlex_uk",7,26018,"bigram","KL","token",419.000000000001,0,626.000000000001,8432.99999999999,36237.9999999999,0,NA,NA,NA
"subtlex_uk",7,26018,"bigram","KM","token",0,0,28.9999999999998,1338,0,0,NA,NA,NA
"subtlex_uk",7,26018,"bigram","KN","token",19376,0,2795.99999999999,1777.00000000001,0,0,NA,NA,NA
"subtlex_uk",7,26018,"bigram","KO","token",730.999999999999,127,266.000000000002,5109.00000000001,688.000000000004,76.0000000000004,NA,NA,NA
"subtlex_uk",7,26018,"bigram","KP","token",0,15.9999999999999,11.9999999999999,7508.99999999997,0,0,NA,NA,NA
"subtlex_uk",7,26018,"bigram","KQ","token",0,0,0,0,0,0,NA,NA,NA
"subtlex_uk",7,26018,"bigram","KR","token",986.999999999998,1182.00000000001,319.000000000002,85.0000000000003,8.99999999999996,0,NA,NA,NA
"subtlex_uk",7,26018,"bigram","KS","token",24.0000000000001,2.99999999999998,176.000000000001,5158.99999999997,384.000000000003,7020.00000000003,NA,NA,NA
"subtlex_uk",7,26018,"bigram","KT","token",0,0,27.0000000000001,562.000000000003,0,0,NA,NA,NA
"subtlex_uk",7,26018,"bigram","KU","token",538.000000000001,250.999999999998,35.0000000000001,96.9999999999998,265.999999999999,26.9999999999999,NA,NA,NA
"subtlex_uk",7,26018,"bigram","KV","token",104,0,1.99999999999998,0,0,0,NA,NA,NA
"subtlex_uk",7,26018,"bigram","KW","token",90.0000000000002,22.9999999999999,3762.99999999998,340.000000000001,2.99999999999998,0,NA,NA,NA
"subtlex_uk",7,26018,"bigram","KX","token",0,0,0,0,0,0,NA,NA,NA
"subtlex_uk",7,26018,"bigram","KY","token",0,822.999999999999,15,73.0000000000005,5.99999999999994,5097.99999999997,NA,NA,NA
"subtlex_uk",7,26018,"bigram","KZ","token",0,0,0,0,0,0,NA,NA,NA
"subtlex_uk",7,26018,"bigram","LA","token",38686.0000000001,173269,37679,147130,52794.9999999999,12219,NA,NA,NA
"subtlex_uk",7,26018,"bigram","LB","token",0,635,2797.00000000001,565.000000000002,18,0,NA,NA,NA
"subtlex_uk",7,26018,"bigram","LC","token",0,6901.00000000008,60254.9999999994,381.000000000002,198.000000000001,0,NA,NA,NA
"subtlex_uk",7,26018,"bigram","LD","token",0,4437.99999999999,23155,7667.99999999994,2681.00000000002,4173.99999999998,NA,NA,NA
"subtlex_uk",7,26018,"bigram","LE","token",99691.0000000001,81184.0000000005,31718,70518,229000.000000001,111644,NA,NA,NA
"subtlex_uk",7,26018,"bigram","LF","token",0,241,25938.9999999999,913.999999999995,67.9999999999999,42159.9999999997,NA,NA,NA
"subtlex_uk",7,26018,"bigram","LG","token",0,663.000000000002,3396.99999999999,193.000000000001,734.000000000001,40.9999999999999,NA,NA,NA
"subtlex_uk",7,26018,"bigram","LH","token",0,23.0000000000002,260.999999999999,59.0000000000001,38.9999999999998,0,NA,NA,NA
"subtlex_uk",7,26018,"bigram","LI","token",51268,30989,124844,430229,27668.0000000001,4697.99999999997,NA,NA,NA
"subtlex_uk",7,26018,"bigram","LJ","token",4.00000000000001,4.00000000000001,38.0000000000003,69.0000000000004,0,0,NA,NA,NA
"subtlex_uk",7,26018,"bigram","LK","token",4.99999999999995,52.0000000000002,81062.0000000005,745.999999999998,47.0000000000002,5435.00000000002,NA,NA,NA
"subtlex_uk",7,26018,"bigram","LL","token",119,33272,263899,28322.9999999999,79515.0000000002,29353.9999999999,NA,NA,NA
"subtlex_uk",7,26018,"bigram","LM","token",0,831.000000000003,10308,663.999999999997,4.99999999999996,3596.00000000001,NA,NA,NA
"subtlex_uk",7,26018,"bigram","LN","token",0,135.000000000001,3152.00000000003,80.0000000000002,0,2014.00000000002,NA,NA,NA
"subtlex_uk",7,26018,"bigram","LO","token",171611,59755.0000000001,42471.9999999999,47231.9999999999,13263,2964,NA,NA,NA
"subtlex_uk",7,26018,"bigram","LP","token",0,416.999999999997,20494.9999999999,431.000000000001,376,6.00000000000005,NA,NA,NA
"subtlex_uk",7,26018,"bigram","LQ","token",0,6.00000000000005,17.0000000000001,10.0000000000001,0,0,NA,NA,NA
"subtlex_uk",7,26018,"bigram","LR","token",0,58245.0000000001,283.000000000003,754.000000000003,1853.00000000001,0,NA,NA,NA
"subtlex_uk",7,26018,"bigram","LS","token",0,182.000000000001,6488.99999999996,6936,408.000000000002,78309.9999999999,NA,NA,NA
"subtlex_uk",7,26018,"bigram","LT","token",0,787.000000000002,15560.0000000001,19842,27892.9999999999,6494.00000000002,NA,NA,NA
"subtlex_uk",7,26018,"bigram","LU","token",9094.99999999997,10984,6985.99999999997,12281,1839.99999999999,349.000000000003,NA,NA,NA
"subtlex_uk",7,26018,"bigram","LV","token",0,115,3475,3261.99999999998,4962.00000000002,0,NA,NA,NA
"subtlex_uk",7,26018,"bigram","LW","token",0,6.99999999999994,473.000000000001,8646.99999999997,6.00000000000005,0,NA,NA,NA
"subtlex_uk",7,26018,"bigram","LX","token",0,0,0,0,0,0,NA,NA,NA
"subtlex_uk",7,26018,"bigram","LY","token",1277,15414.9999999999,1976.00000000001,1788.99999999999,2274.00000000001,239632,NA,NA,NA
"subtlex_uk",7,26018,"bigram","LZ","token",0,6.00000000000005,121.000000000001,27.0000000000001,20.0000000000001,1.99999999999998,NA,NA,NA
"subtlex_uk",7,26018,"bigram","MA","token",195409,87742,30852,67861.9999999997,20618,5297.00000000002,NA,NA,NA
"subtlex_uk",7,26018,"bigram","MB","token",41.0000000000001,4106.00000000003,57490.0000000001,12391.9999999999,1297.99999999999,205.000000000002,NA,NA,NA
"subtlex_uk",7,26018,"bigram","MC","token",5990,0,83.0000000000004,13,1.99999999999998,0,NA,NA,NA
"subtlex_uk",7,26018,"bigram","MD","token",0,0,109,128,0,0,NA,NA,NA
"subtlex_uk",7,26018,"bigram","ME","token",111331,25878.0000000003,110562,27888.0000000001,42771.0000000001,84212.9999999994,NA,NA,NA
"subtlex_uk",7,26018,"bigram","MF","token",0,0,4783.00000000005,680.000000000005,15.0000000000002,4.00000000000001,NA,NA,NA
"subtlex_uk",7,26018,"bigram","MG","token",0,0,27.0000000000002,0,1.99999999999998,0,NA,NA,NA
"subtlex_uk",7,26018,"bigram","MH","token",4.00000000000001,11,38.9999999999999,30.0000000000001,11.0000000000001,0,NA,NA,NA
"subtlex_uk",7,26018,"bigram","MI","token",201300,5329.00000000003,28471.0000000001,51893.9999999999,8023,1701,NA,NA,NA
"subtlex_uk",7,26018,"bigram","MJ","token",9.9999999999999,0,8.0000000000001,0,0,0,NA,NA,NA
"subtlex_uk",7,26018,"bigram","MK","token",44.9999999999995,0,543.999999999997,27.9999999999998,0,0,NA,NA,NA
"subtlex_uk",7,26018,"bigram","ML","token",0,26.0000000000001,532.000000000002,1536,38,0,NA,NA,NA
"subtlex_uk",7,26018,"bigram","MM","token",551.999999999997,3235.99999999999,28240,8363.00000000002,1582.99999999999,583.999999999997,NA,NA,NA
"subtlex_uk",7,26018,"bigram","MN","token",0,862.999999999994,1167,1819,841.000000000009,1382,NA,NA,NA
"subtlex_uk",7,26018,"bigram","MO","token",101431,18580,13631,35877.0000000001,916.000000000005,636.000000000002,NA,NA,NA
"subtlex_uk",7,26018,"bigram","MP","token",0,21330.0000000001,80633.0000000001,42875.9999999999,10756,98.9999999999992,NA,NA,NA
"subtlex_uk",7,26018,"bigram","MQ","token",0,0,56.9999999999999,0,0,0,NA,NA,NA
"subtlex_uk",7,26018,"bigram","MR","token",0,0,317,15.0000000000002,0,0,NA,NA,NA
"subtlex_uk",7,26018,"bigram","MS","token",0,87.0000000000004,33054.9999999998,2015.00000000001,0,24975,NA,NA,NA
"subtlex_uk",7,26018,"bigram","MT","token",1.99999999999998,0,337.999999999998,6.99999999999999,18,13.9999999999999,NA,NA,NA
"subtlex_uk",7,26018,"bigram","MU","token",31341,1760.99999999999,1126,5161.00000000002,11856,44.0000000000003,NA,NA,NA
"subtlex_uk",7,26018,"bigram","MV","token",0,0,11,0,0,0,NA,NA,NA
"subtlex_uk",7,26018,"bigram","MW","token",2.99999999999998,0,34.0000000000001,115.999999999999,0,0,NA,NA,NA
"subtlex_uk",7,26018,"bigram","MX","token",0,0,0,0,0,0,NA,NA,NA
"subtlex_uk",7,26018,"bigram","MY","token",10736,48.0000000000002,8.0000000000001,37.0000000000003,107,34308.0000000003,NA,NA,NA
"subtlex_uk",7,26018,"bigram","MZ","token",0,0,0,0,0,0,NA,NA,NA
"subtlex_uk",7,26018,"bigram","NA","token",33808.0000000001,9185.00000000001,92026,20908,11023,11338,NA,NA,NA
"subtlex_uk",7,26018,"bigram","NB","token",0,701.999999999998,1213,3259.99999999998,86.0000000000004,0,NA,NA,NA
"subtlex_uk",7,26018,"bigram","NC","token",0,19024,53784.9999999998,50861.9999999999,74528.9999999999,170,NA,NA,NA
"subtlex_uk",7,26018,"bigram","ND","token",19,11673,94086,38286,97350.0000000006,163660,NA,NA,NA
"subtlex_uk",7,26018,"bigram","NE","token",46194.9999999998,7620.99999999999,62020.0000000001,60596.9999999999,109347,155019,NA,NA,NA
"subtlex_uk",7,26018,"bigram","NF","token",11.0000000000001,4059,9034.00000000001,4165.00000000005,0,0,NA,NA,NA
"subtlex_uk",7,26018,"bigram","NG","token",4.99999999999995,86008.0000000007,77073.0000000001,69544.0000000003,35685.9999999999,1858043,NA,NA,NA
"subtlex_uk",7,26018,"bigram","NH","token",0,5716.00000000002,691.000000000002,910.000000000005,236.999999999999,0,NA,NA,NA
"subtlex_uk",7,26018,"bigram","NI","token",6278.99999999999,33134.9999999999,75852.0000000005,259511.000000001,17554.0000000001,3297.00000000001,NA,NA,NA
"subtlex_uk",7,26018,"bigram","NJ","token",15.0000000000002,19462,1546.99999999999,89.9999999999998,82.0000000000003,0,NA,NA,NA
"subtlex_uk",7,26018,"bigram","NK","token",12,3782,22187,15940.0000000001,385.000000000003,1090.99999999999,NA,NA,NA
"subtlex_uk",7,26018,"bigram","NL","token",0,4719.99999999996,1118.00000000001,3967.00000000001,800.999999999997,0,NA,NA,NA
"subtlex_uk",7,26018,"bigram","NM","token",0,639.000000000003,1622,276.000000000001,1.99999999999998,0,NA,NA,NA
"subtlex_uk",7,26018,"bigram","NN","token",13,4992.99999999997,90108.0000000003,22722.0000000001,6674.99999999999,702,NA,NA,NA
"subtlex_uk",7,26018,"bigram","NO","token",117935.999999999,148096.999999999,7143,36273.0000000003,4824.99999999999,3823.99999999999,NA,NA,NA
"subtlex_uk",7,26018,"bigram","NP","token",0,45.0000000000001,79.9999999999996,12,0,0,NA,NA,NA
"subtlex_uk",7,26018,"bigram","NQ","token",0,10122.0000000001,2900.99999999999,0,0,0,NA,NA,NA
"subtlex_uk",7,26018,"bigram","NR","token",0,1011,1139,210.999999999999,252.000000000001,0,NA,NA,NA
"subtlex_uk",7,26018,"bigram","NS","token",0,49765.0000000002,32014.0000000001,13260,76442.9999999999,157819,NA,NA,NA
"subtlex_uk",7,26018,"bigram","NT","token",0,20925,152418,128386.999999999,45969.9999999997,128161,NA,NA,NA
"subtlex_uk",7,26018,"bigram","NU","token",32194.9999999999,14353.0000000001,71733.0000000002,1764,5960.00000000002,80.0000000000006,NA,NA,NA
"subtlex_uk",7,26018,"bigram","NV","token",0,11431,3122.99999999998,1.99999999999998,0,0,NA,NA,NA
"subtlex_uk",7,26018,"bigram","NW","token",4.00000000000001,1746.99999999999,813.000000000001,340,112,0,NA,NA,NA
"subtlex_uk",7,26018,"bigram","NX","token",0,4413.00000000001,23.0000000000001,13,1.99999999999998,52.9999999999996,NA,NA,NA
"subtlex_uk",7,26018,"bigram","NY","token",38.9999999999999,25597.9999999999,1472,70.0000000000002,460.999999999999,58212.9999999999,NA,NA,NA
"subtlex_uk",7,26018,"bigram","NZ","token",0,191.999999999998,658.000000000002,437.000000000002,934.999999999998,26.0000000000002,NA,NA,NA
"subtlex_uk",7,26018,"bigram","OA","token",516.999999999999,17447.9999999999,4301.99999999998,1163.99999999999,875.000000000003,86.0000000000002,NA,NA,NA
"subtlex_uk",7,26018,"bigram","OB","token",19824.0000000001,16275,67230.0000000008,5264.99999999998,400,58.0000000000002,NA,NA,NA
"subtlex_uk",7,26018,"bigram","OC","token",6612,52427.9999999999,42199.9999999999,1464,21857,5.99999999999999,NA,NA,NA
"subtlex_uk",7,26018,"bigram","OD","token",622.000000000004,8594.00000000002,35701.9999999999,2833.00000000001,33657.9999999998,4059.00000000002,NA,NA,NA
"subtlex_uk",7,26018,"bigram","OE","token",102.000000000001,749.000000000001,7837.00000000005,123,1038,734.999999999999,NA,NA,NA
"subtlex_uk",7,26018,"bigram","OF","token",27456,1898.00000000001,8399.99999999996,253.999999999999,3206,208,NA,NA,NA
"subtlex_uk",7,26018,"bigram","OG","token",96.0000000000005,5722.00000000001,1805,1067.00000000001,5803.99999999999,1231,NA,NA,NA
"subtlex_uk",7,26018,"bigram","OH","token",45.9999999999997,8954,31.9999999999999,6722.00000000008,13.9999999999999,1763.99999999999,NA,NA,NA
"subtlex_uk",7,26018,"bigram","OI","token",114,17850.0000000001,6109.00000000006,6530.00000000002,5128.99999999998,81.9999999999998,NA,NA,NA
"subtlex_uk",7,26018,"bigram","OJ","token",0,60.0000000000001,17757,1.99999999999998,41.0000000000001,0,NA,NA,NA
"subtlex_uk",7,26018,"bigram","OK","token",101.999999999999,212.000000000001,170996,6022.00000000001,1689,2221,NA,NA,NA
"subtlex_uk",7,26018,"bigram","OL","token",15284.9999999999,103375,19708,8840.00000000003,37248.0000000001,41884.9999999999,NA,NA,NA
"subtlex_uk",7,26018,"bigram","OM","token",745.999999999999,167388,23371.9999999999,12610.0000000001,95141.9999999997,40002,NA,NA,NA
"subtlex_uk",7,26018,"bigram","ON","token",9032.00000000001,190571,46440.0000000003,46197.0000000003,165555,294005.000000001,NA,NA,NA
"subtlex_uk",7,26018,"bigram","OO","token",1166.99999999999,207657,12592,20255,37318.0000000001,5516.99999999998,NA,NA,NA
"subtlex_uk",7,26018,"bigram","OP","token",37529,29407.9999999998,34651,3367.00000000001,2003,9845.00000000003,NA,NA,NA
"subtlex_uk",7,26018,"bigram","OQ","token",0,10.0000000000001,337.999999999998,495,15.0000000000002,0,NA,NA,NA
"subtlex_uk",7,26018,"bigram","OR","token",13319,349520,47418.0000000001,45502.0000000001,166212,21838.0000000001,NA,NA,NA
"subtlex_uk",7,26018,"bigram","OS","token",7969.00000000007,21476,28640.0000000001,12718,34073.9999999999,5072,NA,NA,NA
"subtlex_uk",7,26018,"bigram","OT","token",600.999999999996,140900.999999999,197883.999999999,10175,10898,12760,NA,NA,NA
"subtlex_uk",7,26018,"bigram","OU","token",54429.9999999997,237290.999999999,216679.999999999,207189.000000001,162720.999999999,404.999999999998,NA,NA,NA
"subtlex_uk",7,26018,"bigram","OV","token",11707.9999999999,18770,16378.0000000001,13615,10551.0000000001,689.000000000002,NA,NA,NA
"subtlex_uk",7,26018,"bigram","OW","token",20,64195.9999999998,76882,20698.9999999999,22983.9999999999,24082,NA,NA,NA
"subtlex_uk",7,26018,"bigram","OX","token",99.9999999999999,1655,1237.00000000001,111,1.99999999999998,1993,NA,NA,NA
"subtlex_uk",7,26018,"bigram","OY","token",1281,4621.00000000001,1393,14292.9999999999,1805.99999999999,5915.00000000003,NA,NA,NA
"subtlex_uk",7,26018,"bigram","OZ","token",4.00000000000001,246,270,43.0000000000001,1580.99999999999,151.000000000001,NA,NA,NA
"subtlex_uk",7,26018,"bigram","PA","token",140981,12168,8355,50475.0000000001,634,3304.99999999998,NA,NA,NA
"subtlex_uk",7,26018,"bigram","PB","token",0,14.9999999999999,307.999999999999,94.9999999999999,35.9999999999997,3.99999999999996,NA,NA,NA
"subtlex_uk",7,26018,"bigram","PC","token",0,40.0000000000003,1391,23.9999999999998,0,0,NA,NA,NA
"subtlex_uk",7,26018,"bigram","PD","token",0,1117.99999999999,11,443.999999999999,0,1.99999999999998,NA,NA,NA
"subtlex_uk",7,26018,"bigram","PE","token",118004,77511,37246,64564.0000000001,76504,384,NA,NA,NA
"subtlex_uk",7,26018,"bigram","PF","token",39,645,25,3259.99999999997,0,4.00000000000001,NA,NA,NA
"subtlex_uk",7,26018,"bigram","PG","token",0,824.999999999995,11.9999999999999,17.9999999999998,0,0,NA,NA,NA
"subtlex_uk",7,26018,"bigram","PH","token",7886.00000000004,635.999999999999,2140,17071.9999999999,169,2561.99999999999,NA,NA,NA
"subtlex_uk",7,26018,"bigram","PI","token",55020.0000000003,21125,24609,86805.0000000001,16556.9999999999,30.9999999999999,NA,NA,NA
"subtlex_uk",7,26018,"bigram","PJ","token",0,0,0,0,0,0,NA,NA,NA
"subtlex_uk",7,26018,"bigram","PK","token",0,0,714.999999999996,1299.00000000001,0,0,NA,NA,NA
"subtlex_uk",7,26018,"bigram","PL","token",127322,1397,35140.9999999999,22879,22473,9.99999999999995,NA,NA,NA
"subtlex_uk",7,26018,"bigram","PM","token",0,0,15.0000000000002,1031,0,0,NA,NA,NA
"subtlex_uk",7,26018,"bigram","PN","token",0,0,9.99999999999991,112,0,0,NA,NA,NA
"subtlex_uk",7,26018,"bigram","PO","token",59335.9999999997,12512,25392,91703.9999999999,8413.99999999998,248.000000000002,NA,NA,NA
"subtlex_uk",7,26018,"bigram","PP","token",0,19656.9999999999,109930,53343,3645.00000000001,138.999999999999,NA,NA,NA
"subtlex_uk",7,26018,"bigram","PQ","token",0,0,0,0,0,0,NA,NA,NA
"subtlex_uk",7,26018,"bigram","PR","token",283996.000000001,5318.00000000001,23962.0000000001,620.000000000002,8.99999999999991,0,NA,NA,NA
"subtlex_uk",7,26018,"bigram","PS","token",921.000000000008,2312.00000000001,1928,3055.00000000001,3220.00000000001,37861.0000000002,NA,NA,NA
"subtlex_uk",7,26018,"bigram","PT","token",126,7064.00000000004,21557.9999999999,11330,1107,14151.0000000001,NA,NA,NA
"subtlex_uk",7,26018,"bigram","PU","token",67402.0000000001,729.000000000004,17411.9999999998,2788.99999999998,1776.00000000001,2.99999999999998,NA,NA,NA
"subtlex_uk",7,26018,"bigram","PV","token",0,0,0,0,0,0,NA,NA,NA
"subtlex_uk",7,26018,"bigram","PW","token",0,1597,166.000000000001,83.9999999999992,0,0,NA,NA,NA
"subtlex_uk",7,26018,"bigram","PX","token",0,0,0,0,0,0,NA,NA,NA
"subtlex_uk",7,26018,"bigram","PY","token",2273.00000000001,21.0000000000001,1392.99999999999,8.00000000000003,0,5416.00000000003,NA,NA,NA
"subtlex_uk",7,26018,"bigram","PZ","token",0,0,0,93.0000000000002,0,32.0000000000002,NA,NA,NA
"subtlex_uk",7,26018,"bigram","QA","token",49.0000000000001,6.99999999999993,6.00000000000005,46.0000000000002,27,0,NA,NA,NA
"subtlex_uk",7,26018,"bigram","QB","token",0,0,42.0000000000003,0,0,0,NA,NA,NA
"subtlex_uk",7,26018,"bigram","QC","token",0,0,0,0,0,0,NA,NA,NA
"subtlex_uk",7,26018,"bigram","QD","token",0,0,0,0,0,0,NA,NA,NA
"subtlex_uk",7,26018,"bigram","QE","token",0,1.99999999999998,0,6.00000000000005,0,0,NA,NA,NA
"subtlex_uk",7,26018,"bigram","QF","token",0,0,0,0,0,0,NA,NA,NA
"subtlex_uk",7,26018,"bigram","QG","token",0,0,0,0,0,0,NA,NA,NA
"subtlex_uk",7,26018,"bigram","QH","token",0,0,0,0,0,0,NA,NA,NA
"subtlex_uk",7,26018,"bigram","QI","token",34.0000000000001,0,8.0000000000001,2.99999999999998,0,59.9999999999997,NA,NA,NA
"subtlex_uk",7,26018,"bigram","QJ","token",0,0,0,0,0,0,NA,NA,NA
"subtlex_uk",7,26018,"bigram","QK","token",0,0,0,0,0,0,NA,NA,NA
"subtlex_uk",7,26018,"bigram","QL","token",0,0,0,0,0,0,NA,NA,NA
"subtlex_uk",7,26018,"bigram","QM","token",0,0,0,0,0,0,NA,NA,NA
"subtlex_uk",7,26018,"bigram","QN","token",0,0,0,0,0,0,NA,NA,NA
"subtlex_uk",7,26018,"bigram","QO","token",0,0,0,0,0,0,NA,NA,NA
"subtlex_uk",7,26018,"bigram","QP","token",0,0,0,0,0,0,NA,NA,NA
"subtlex_uk",7,26018,"bigram","QQ","token",0,0,37.0000000000002,0,0,0,NA,NA,NA
"subtlex_uk",7,26018,"bigram","QR","token",0,0,0,0,0,0,NA,NA,NA
"subtlex_uk",7,26018,"bigram","QS","token",0,0,11.0000000000001,0,0,0,NA,NA,NA
"subtlex_uk",7,26018,"bigram","QT","token",0,0,17.0000000000001,0,4.99999999999995,0,NA,NA,NA
"subtlex_uk",7,26018,"bigram","QU","token",72394.0000000001,13492,18732,9235.99999999998,5246.99999999998,0,NA,NA,NA
"subtlex_uk",7,26018,"bigram","QV","token",1.99999999999998,0,0,0,0,0,NA,NA,NA
"subtlex_uk",7,26018,"bigram","QW","token",0,0,0,0,0,0,NA,NA,NA
"subtlex_uk",7,26018,"bigram","QX","token",0,0,0,0,0,0,NA,NA,NA
"subtlex_uk",7,26018,"bigram","QY","token",0,0,0,0,0,0,NA,NA,NA
"subtlex_uk",7,26018,"bigram","QZ","token",0,0,0,0,0,0,NA,NA,NA
"subtlex_uk",7,26018,"bigram","RA","token",50771.9999999999,134706,52502.9999999999,60676.9999999998,103292,9489.99999999997,NA,NA,NA
"subtlex_uk",7,26018,"bigram","RB","token",0,500.000000000001,12841,843.000000000001,1051.99999999999,2673.00000000001,NA,NA,NA
"subtlex_uk",7,26018,"bigram","RC","token",1.99999999999998,3877,14162,5023.99999999998,4549.99999999996,4.99999999999995,NA,NA,NA
"subtlex_uk",7,26018,"bigram","RD","token",0,4923.99999999996,38183,8079.99999999997,46344.9999999999,103566,NA,NA,NA
"subtlex_uk",7,26018,"bigram","RE","token",289645,171381,151170,136550.999999999,114341,149317,NA,NA,NA
"subtlex_uk",7,26018,"bigram","RF","token",0,4.99999999999995,61224.0000000003,1296,0,142,NA,NA,NA
"subtlex_uk",7,26018,"bigram","RG","token",0,5754.00000000004,43367.0000000001,19734,2990,1632.99999999999,NA,NA,NA
"subtlex_uk",7,26018,"bigram","RH","token",3395,5.99999999999994,34236.0000000002,253.000000000001,0,20,NA,NA,NA
"subtlex_uk",7,26018,"bigram","RI","token",45740.0000000001,299244.000000001,104130,206939,15198,2318,NA,NA,NA
"subtlex_uk",7,26018,"bigram","RJ","token",0,0,307.000000000002,8.99999999999996,15.9999999999998,0,NA,NA,NA
"subtlex_uk",7,26018,"bigram","RK","token",0,117,98581.0000000001,4228.99999999999,1252,9438.00000000002,NA,NA,NA
"subtlex_uk",7,26018,"bigram","RL","token",0,1018,47624.9999999998,35597.0000000002,28697.0000000002,117.000000000001,NA,NA,NA
"subtlex_uk",7,26018,"bigram","RM","token",0,1001,45313,4517,4186.99999999998,13514,NA,NA,NA
"subtlex_uk",7,26018,"bigram","RN","token",0,146,112756,29097,8627.00000000005,34553.9999999999,NA,NA,NA
"subtlex_uk",7,26018,"bigram","RO","token",42948.0000000001,335957,190807.000000001,47045.0000000001,59357.0000000001,2244.00000000001,NA,NA,NA
"subtlex_uk",7,26018,"bigram","RP","token",6.99999999999993,878.999999999999,17888.0000000001,1989,71.0000000000004,196,NA,NA,NA
"subtlex_uk",7,26018,"bigram","RQ","token",0,21.9999999999998,2117,0,0,0,NA,NA,NA
"subtlex_uk",7,26018,"bigram","RR","token",46,23039,157646.999999999,6047.99999999999,4399.00000000004,129,NA,NA,NA
"subtlex_uk",7,26018,"bigram","RS","token",0,2924.00000000003,41912.9999999999,5791,5576.00000000002,355396,NA,NA,NA
"subtlex_uk",7,26018,"bigram","RT","token",0,10377,107504,81514.0000000001,42299.9999999999,73247.0000000002,NA,NA,NA
"subtlex_uk",7,26018,"bigram","RU","token",71042.0000000001,29362,2124,3552.99999999999,2620,137,NA,NA,NA
"subtlex_uk",7,26018,"bigram","RV","token",0,186.000000000001,69818,1347,15908.0000000001,0,NA,NA,NA
"subtlex_uk",7,26018,"bigram","RW","token",103,4.99999999999996,49679.0000000001,1371.99999999999,0,0,NA,NA,NA
"subtlex_uk",7,26018,"bigram","RX","token",0,0,217.999999999998,1.99999999999998,0,0,NA,NA,NA
"subtlex_uk",7,26018,"bigram","RY","token",562.000000000004,3487.00000000003,1416.00000000001,365.999999999999,805.999999999995,264340.999999999,NA,NA,NA
"subtlex_uk",7,26018,"bigram","RZ","token",0,29.0000000000001,157,7.99999999999997,18,156,NA,NA,NA
"subtlex_uk",7,26018,"bigram","SA","token",38862,201,4960.00000000002,27551.0000000002,2820,5166.00000000002,NA,NA,NA
"subtlex_uk",7,26018,"bigram","SB","token",0,4777.00000000006,19341,364.000000000003,604.000000000005,2.99999999999998,NA,NA,NA
"subtlex_uk",7,26018,"bigram","SC","token",68955,3215,23399,770.999999999999,375.000000000003,93.0000000000002,NA,NA,NA
"subtlex_uk",7,26018,"bigram","SD","token",0,0,193,6186.00000000004,0,1.99999999999998,NA,NA,NA
"subtlex_uk",7,26018,"bigram","SE","token",195817,2698,34129,88369.9999999999,118855,442657.000000001,NA,NA,NA
"subtlex_uk",7,26018,"bigram","SF","token",8.99999999999996,32,236.999999999999,4.99999999999996,1043.99999999999,0,NA,NA,NA
"subtlex_uk",7,26018,"bigram","SG","token",0,2.99999999999998,384.999999999999,9000.99999999999,0,0,NA,NA,NA
"subtlex_uk",7,26018,"bigram","SH","token",81516.9999999999,3570.99999999998,43924.0000000001,20792,2281,122611,NA,NA,NA
"subtlex_uk",7,26018,"bigram","SI","token",78477.0000000004,103,30683.0000000001,212067.999999999,16896,198,NA,NA,NA
"subtlex_uk",7,26018,"bigram","SJ","token",10.0000000000001,0,0,0,0,0,NA,NA,NA
"subtlex_uk",7,26018,"bigram","SK","token",9813.99999999998,143.000000000001,3372,1630,564.000000000002,207.000000000001,NA,NA,NA
"subtlex_uk",7,26018,"bigram","SL","token",14505,7076.00000000003,3614.99999999999,7301.99999999999,274.000000000001,0,NA,NA,NA
"subtlex_uk",7,26018,"bigram","SM","token",23362.9999999999,161.999999999999,2410,1532.00000000001,104,4505.00000000001,NA,NA,NA
"subtlex_uk",7,26018,"bigram","SN","token",10255,0,290.000000000001,1036,13.9999999999999,0,NA,NA,NA
"subtlex_uk",7,26018,"bigram","SO","token",112515,631.000000000002,5000,34097.9999999999,30797,1766.99999999999,NA,NA,NA
"subtlex_uk",7,26018,"bigram","SP","token",95821.0000000001,5471.00000000001,55350.0000000002,2658.99999999999,0,0,NA,NA,NA
"subtlex_uk",7,26018,"bigram","SQ","token",8763.00000000002,153.000000000001,343.000000000001,23.9999999999999,0,0,NA,NA,NA
"subtlex_uk",7,26018,"bigram","SR","token",1.99999999999998,1981.99999999999,995.000000000002,4.99999999999995,6.99999999999994,0,NA,NA,NA
"subtlex_uk",7,26018,"bigram","SS","token",40.0000000000001,9615.00000000002,125495,49388.0000000001,6847.00000000003,98934.9999999997,NA,NA,NA
"subtlex_uk",7,26018,"bigram","ST","token",243091,5150.99999999999,193699,68082,23494,224912,NA,NA,NA
"subtlex_uk",7,26018,"bigram","SU","token",161610,15026,21285,30616.0000000001,376,107,NA,NA,NA
"subtlex_uk",7,26018,"bigram","SV","token",54.0000000000003,2.99999999999998,0,86.0000000000002,0,0,NA,NA,NA
"subtlex_uk",7,26018,"bigram","SW","token",19661,13,19378.0000000002,121,12.0000000000001,0,NA,NA,NA
"subtlex_uk",7,26018,"bigram","SX","token",0,0,0,0,0,0,NA,NA,NA
"subtlex_uk",7,26018,"bigram","SY","token",6789.00000000005,940.000000000008,415.999999999997,702.999999999994,8.0000000000001,4996.00000000003,NA,NA,NA
"subtlex_uk",7,26018,"bigram","SZ","token",4.99999999999995,24.0000000000001,0,13,0,17.9999999999999,NA,NA,NA
"subtlex_uk",7,26018,"bigram","TA","token",89235.0000000003,115981,45187.9999999999,152563.000000001,26889,4860,NA,NA,NA
"subtlex_uk",7,26018,"bigram","TB","token",38.0000000000001,0,1941,655.000000000003,9.99999999999989,0,NA,NA,NA
"subtlex_uk",7,26018,"bigram","TC","token",0,743.000000000001,66381,685.000000000004,10003,0,NA,NA,NA
"subtlex_uk",7,26018,"bigram","TD","token",0,0,2109.99999999999,2.99999999999998,6.99999999999994,11.9999999999999,NA,NA,NA
"subtlex_uk",7,26018,"bigram","TE","token",62816.0000000002,26944,26328,153893,358684.000000001,93750.0000000001,NA,NA,NA
"subtlex_uk",7,26018,"bigram","TF","token",3.99999999999996,0,2511.99999999998,534.999999999999,0,0,NA,NA,NA
"subtlex_uk",7,26018,"bigram","TG","token",0,0,88.9999999999998,662.000000000003,0,0,NA,NA,NA
"subtlex_uk",7,26018,"bigram","TH","token",347267,4848,164771.999999999,292560.999999999,22504,14532.9999999999,NA,NA,NA
"subtlex_uk",7,26018,"bigram","TI","token",23928,5156.00000000001,64130,525946.000000001,19272,946.000000000001,NA,NA,NA
"subtlex_uk",7,26018,"bigram","TJ","token",0,0,10,127.999999999999,0,0,NA,NA,NA
"subtlex_uk",7,26018,"bigram","TK","token",31.9999999999998,19.9999999999999,564.999999999999,4.00000000000001,0,0,NA,NA,NA
"subtlex_uk",7,26018,"bigram","TL","token",4.00000000000001,399,6254.00000000001,22392.0000000001,73509.9999999998,51.0000000000003,NA,NA,NA
"subtlex_uk",7,26018,"bigram","TM","token",0,0,357,3331.99999999999,93.0000000000002,1.99999999999998,NA,NA,NA
"subtlex_uk",7,26018,"bigram","TN","token",0,0,5897,14038.0000000001,15,0,NA,NA,NA
"subtlex_uk",7,26018,"bigram","TO","token",132583.000000001,38063,9350.99999999998,83485.0000000002,40747.0000000001,3736,NA,NA,NA
"subtlex_uk",7,26018,"bigram","TP","token",20.9999999999998,12.9999999999999,358.000000000003,175.000000000001,0,0,NA,NA,NA
"subtlex_uk",7,26018,"bigram","TQ","token",0,0,0,13.9999999999999,0,0,NA,NA,NA
"subtlex_uk",7,26018,"bigram","TR","token",100329,47456.9999999999,27924,57435.9999999999,103479.999999999,0,NA,NA,NA
"subtlex_uk",7,26018,"bigram","TS","token",1375,3.99999999999996,44292.9999999997,783.000000000001,244,212651,NA,NA,NA
"subtlex_uk",7,26018,"bigram","TT","token",0,20034,260121.000000001,38443.0000000002,6383.99999999998,10132,NA,NA,NA
"subtlex_uk",7,26018,"bigram","TU","token",31751.0000000001,18983,21639,115356,1928.99999999999,94.9999999999997,NA,NA,NA
"subtlex_uk",7,26018,"bigram","TV","token",0,0,154,13.9999999999999,0,0,NA,NA,NA
"subtlex_uk",7,26018,"bigram","TW","token",11062,1.99999999999998,80275.9999999995,187.000000000001,0,6.99999999999999,NA,NA,NA
"subtlex_uk",7,26018,"bigram","TX","token",0,0,0,0,19.0000000000002,0,NA,NA,NA
"subtlex_uk",7,26018,"bigram","TY","token",7537,2468.00000000001,272,448.000000000003,35.9999999999998,125149,NA,NA,NA
"subtlex_uk",7,26018,"bigram","TZ","token",14.0000000000001,0,289,849,115.999999999999,296,NA,NA,NA
"subtlex_uk",7,26018,"bigram","UA","token",0,35768.0000000003,20680,8545.99999999994,17204,194.000000000001,NA,NA,NA
"subtlex_uk",7,26018,"bigram","UB","token",29.9999999999998,35029.9999999999,7645.00000000002,24556,1080.00000000001,190,NA,NA,NA
"subtlex_uk",7,26018,"bigram","UC","token",6.00000000000005,80052.9999999999,18860,10117.9999999999,23771,1.99999999999998,NA,NA,NA
"subtlex_uk",7,26018,"bigram","UD","token",58,15848,16280.0000000001,2559,6495.00000000004,1270,NA,NA,NA
"subtlex_uk",7,26018,"bigram","UE","token",10.0000000000001,11373.0000000001,7415.00000000004,5648.99999999998,14945,9720.99999999997,NA,NA,NA
"subtlex_uk",7,26018,"bigram","UF","token",4.99999999999995,6750.00000000002,6717.99999999998,578.000000000001,225,226,NA,NA,NA
"subtlex_uk",7,26018,"bigram","UG","token",282.999999999999,13287,18890.0000000001,181981.999999999,178661.000000001,395.000000000004,NA,NA,NA
"subtlex_uk",7,26018,"bigram","UH","token",4.99999999999996,17.9999999999999,95.0000000000003,67.0000000000005,1.99999999999998,18.9999999999999,NA,NA,NA
"subtlex_uk",7,26018,"bigram","UI","token",35.0000000000002,49803.9999999998,3405.99999999999,28175.0000000001,9980,105.999999999999,NA,NA,NA
"subtlex_uk",7,26018,"bigram","UJ","token",0,150,74.0000000000004,53.0000000000002,10.0000000000001,0,NA,NA,NA
"subtlex_uk",7,26018,"bigram","UK","token",1441,404.000000000002,67.9999999999999,47.0000000000002,124,27,NA,NA,NA
"subtlex_uk",7,26018,"bigram","UL","token",172.999999999999,25420.0000000001,9474.99999999998,41389.9999999998,11639,30546.0000000001,NA,NA,NA
"subtlex_uk",7,26018,"bigram","UM","token",241.000000000001,39791.9999999999,8747.99999999998,6731,9009.99999999997,25155.9999999999,NA,NA,NA
"subtlex_uk",7,26018,"bigram","UN","token",34881,92594.0000000002,158885.999999999,8506.99999999996,18591.9999999999,1251.00000000001,NA,NA,NA
"subtlex_uk",7,26018,"bigram","UO","token",0,901.000000000002,11.9999999999999,711.999999999999,21,0,NA,NA,NA
"subtlex_uk",7,26018,"bigram","UP","token",6286.99999999998,66661.9999999999,4344.00000000001,379,2269.99999999999,10907,NA,NA,NA
"subtlex_uk",7,26018,"bigram","UQ","token",0,17.0000000000001,420,0,0,0,NA,NA,NA
"subtlex_uk",7,26018,"bigram","UR","token",1978,147018,42373.9999999999,54665.0000000001,142166,23050.0000000001,NA,NA,NA
"subtlex_uk",7,26018,"bigram","US","token",16568,97659.0000000002,46898,26560,343506.000000002,89212.9999999997,NA,NA,NA
"subtlex_uk",7,26018,"bigram","UT","token",4813,101497,14428.9999999999,58089.0000000002,11368,69286.9999999994,NA,NA,NA
"subtlex_uk",7,26018,"bigram","UU","token",6.99999999999999,20.9999999999998,22.9999999999998,34,1.99999999999998,1.99999999999998,NA,NA,NA
"subtlex_uk",7,26018,"bigram","UV","token",0,203,1646.00000000001,21.9999999999998,132.000000000001,1.99999999999998,NA,NA,NA
"subtlex_uk",7,26018,"bigram","UW","token",0,73.0000000000006,2.99999999999998,4.99999999999995,0,4.99999999999995,NA,NA,NA
"subtlex_uk",7,26018,"bigram","UX","token",0,124,56.9999999999999,36.0000000000002,0,389.000000000001,NA,NA,NA
"subtlex_uk",7,26018,"bigram","UY","token",8.99999999999999,75.9999999999997,101,0,27.9999999999998,8.99999999999997,NA,NA,NA
"subtlex_uk",7,26018,"bigram","UZ","token",0,4947.00000000003,35.0000000000002,357,32.9999999999998,2.99999999999998,NA,NA,NA
"subtlex_uk",7,26018,"bigram","VA","token",27773.9999999999,1628,10295,28076,8289.00000000004,881.000000000004,NA,NA,NA
"subtlex_uk",7,26018,"bigram","VB","token",0,0,1.99999999999998,0,0,0,NA,NA,NA
"subtlex_uk",7,26018,"bigram","VC","token",0,0,0,0,1.99999999999998,0,NA,NA,NA
"subtlex_uk",7,26018,"bigram","VD","token",0,0,49.0000000000001,0,0,2.99999999999998,NA,NA,NA
"subtlex_uk",7,26018,"bigram","VE","token",25712.9999999999,51707.0000000001,56281.0000000002,28532,82894,160358,NA,NA,NA
"subtlex_uk",7,26018,"bigram","VF","token",0,0,0,0,0,0,NA,NA,NA
"subtlex_uk",7,26018,"bigram","VG","token",0,1.99999999999998,46.0000000000002,0,0,0,NA,NA,NA
"subtlex_uk",7,26018,"bigram","VH","token",0,0,0,0,0,0,NA,NA,NA
"subtlex_uk",7,26018,"bigram","VI","token",73099.0000000001,1555.99999999999,41325,111634,1580.00000000001,29.9999999999999,NA,NA,NA
"subtlex_uk",7,26018,"bigram","VJ","token",0,0,0,0,0,0,NA,NA,NA
"subtlex_uk",7,26018,"bigram","VK","token",0,0,0,4.00000000000001,0,0,NA,NA,NA
"subtlex_uk",7,26018,"bigram","VL","token",17.9999999999999,0,291.000000000002,21.0000000000002,0,0,NA,NA,NA
"subtlex_uk",7,26018,"bigram","VM","token",0,0,0,0,0,0,NA,NA,NA
"subtlex_uk",7,26018,"bigram","VN","token",0,0,6.99999999999993,0,0,0,NA,NA,NA
"subtlex_uk",7,26018,"bigram","VO","token",3830.99999999999,3552.00000000001,9526.00000000001,26635,114.000000000001,93.0000000000002,NA,NA,NA
"subtlex_uk",7,26018,"bigram","VP","token",0,1.99999999999998,0,0,0,0,NA,NA,NA
"subtlex_uk",7,26018,"bigram","VQ","token",0,0,0,0,0,0,NA,NA,NA
"subtlex_uk",7,26018,"bigram","VR","token",4.99999999999995,0,19.9999999999999,170,14,0,NA,NA,NA
"subtlex_uk",7,26018,"bigram","VS","token",0,0,15,0,2.99999999999998,61.0000000000003,NA,NA,NA
"subtlex_uk",7,26018,"bigram","VT","token",0,0,0,0,0,0,NA,NA,NA
"subtlex_uk",7,26018,"bigram","VU","token",452.999999999997,8.0000000000001,100,31.9999999999998,20.0000000000001,0,NA,NA,NA
"subtlex_uk",7,26018,"bigram","VV","token",0,0,412.000000000001,25.9999999999999,0,0,NA,NA,NA
"subtlex_uk",7,26018,"bigram","VW","token",0,0,0,0,0,0,NA,NA,NA
"subtlex_uk",7,26018,"bigram","VX","token",0,0,0,0,0,0,NA,NA,NA
"subtlex_uk",7,26018,"bigram","VY","token",0,0,40.0000000000001,11.9999999999999,1.99999999999998,279.999999999999,NA,NA,NA
"subtlex_uk",7,26018,"bigram","VZ","token",0,0,0,0,0,0,NA,NA,NA
"subtlex_uk",7,26018,"bigram","WA","token",100008,12009,34356,55453.0000000001,23346,76.9999999999993,NA,NA,NA
"subtlex_uk",7,26018,"bigram","WB","token",0,0,2269.99999999999,1160,10.0000000000001,0,NA,NA,NA
"subtlex_uk",7,26018,"bigram","WC","token",0,0,132,6.99999999999999,8.99999999999991,0,NA,NA,NA
"subtlex_uk",7,26018,"bigram","WD","token",0,0,620,1716.00000000001,0,0,NA,NA,NA
"subtlex_uk",7,26018,"bigram","WE","token",196517.999999999,12819,18531.9999999999,123313,22631.9999999999,213.000000000002,NA,NA,NA
"subtlex_uk",7,26018,"bigram","WF","token",0,919.000000000009,57,4.99999999999995,1.99999999999998,0,NA,NA,NA
"subtlex_uk",7,26018,"bigram","WG","token",0,0,190.000000000002,1.99999999999998,0,0,NA,NA,NA
"subtlex_uk",7,26018,"bigram","WH","token",76222.9999999999,2.99999999999998,7578.99999999994,141.999999999999,10,0,NA,NA,NA
"subtlex_uk",7,26018,"bigram","WI","token",134719.999999999,13206,350.999999999998,64968.9999999999,1239,37.9999999999998,NA,NA,NA
"subtlex_uk",7,26018,"bigram","WJ","token",0,0,0,32.0000000000002,0,0,NA,NA,NA
"subtlex_uk",7,26018,"bigram","WK","token",0,3127.99999999997,1167.00000000001,4.99999999999996,56.0000000000002,117.999999999999,NA,NA,NA
"subtlex_uk",7,26018,"bigram","WL","token",0,0,4480.00000000001,2345.99999999999,31,21.0000000000001,NA,NA,NA
"subtlex_uk",7,26018,"bigram","WM","token",0,122.000000000001,93.0000000000005,1301,0,6.00000000000005,NA,NA,NA
"subtlex_uk",7,26018,"bigram","WN","token",0,28,4302.00000000002,3375.99999999998,125.000000000001,4075.99999999999,NA,NA,NA
"subtlex_uk",7,26018,"bigram","WO","token",114147,2236.00000000001,288,8448.00000000002,259.000000000001,0,NA,NA,NA
"subtlex_uk",7,26018,"bigram","WP","token",0,0,1564.99999999999,15.0000000000002,0,0,NA,NA,NA
"subtlex_uk",7,26018,"bigram","WQ","token",0,0,273.999999999998,4.99999999999995,0,0,NA,NA,NA
"subtlex_uk",7,26018,"bigram","WR","token",36418.0000000001,79.0000000000006,445.000000000003,1.99999999999998,10.0000000000001,155.999999999999,NA,NA,NA
"subtlex_uk",7,26018,"bigram","WS","token",0,0,432,189.000000000001,1.99999999999998,22462.9999999999,NA,NA,NA
"subtlex_uk",7,26018,"bigram","WT","token",0,0,324,152.999999999999,145.000000000001,0,NA,NA,NA
"subtlex_uk",7,26018,"bigram","WU","token",78.0000000000003,3.99999999999996,19.0000000000001,194,0,0,NA,NA,NA
"subtlex_uk",7,26018,"bigram","WV","token",0,0,0,0,0,0,NA,NA,NA
"subtlex_uk",7,26018,"bigram","WW","token",0,4.99999999999996,17.9999999999999,17,8.99999999999992,8.99999999999992,NA,NA,NA
"subtlex_uk",7,26018,"bigram","WX","token",0,0,0,0,0,0,NA,NA,NA
"subtlex_uk",7,26018,"bigram","WY","token",1060.99999999999,752.000000000001,2319.00000000001,91.0000000000005,181,460.000000000002,NA,NA,NA
"subtlex_uk",7,26018,"bigram","WZ","token",0,1.99999999999998,51.0000000000001,0,0,0,NA,NA,NA
"subtlex_uk",7,26018,"bigram","XA","token",36.0000000000002,69666.9999999998,648.999999999999,70.9999999999995,6.99999999999993,11.0000000000001,NA,NA,NA
"subtlex_uk",7,26018,"bigram","XB","token",0,22.9999999999998,10.9999999999999,0,0,0,NA,NA,NA
"subtlex_uk",7,26018,"bigram","XC","token",0,19895.0000000001,47.0000000000001,15.0000000000002,0,0,NA,NA,NA
"subtlex_uk",7,26018,"bigram","XD","token",0,0,0,0,0,0,NA,NA,NA
"subtlex_uk",7,26018,"bigram","XE","token",6.99999999999993,620.999999999999,106,6.00000000000005,4579.99999999997,61.9999999999997,NA,NA,NA
"subtlex_uk",7,26018,"bigram","XF","token",0,10.0000000000001,183.000000000001,0,0,0,NA,NA,NA
"subtlex_uk",7,26018,"bigram","XG","token",0,0,0,0,0,0,NA,NA,NA
"subtlex_uk",7,26018,"bigram","XH","token",0,1225,228,1084.00000000001,0,0,NA,NA,NA
"subtlex_uk",7,26018,"bigram","XI","token",10.0000000000001,1881.99999999999,12325,1623.00000000001,118,10.9999999999999,NA,NA,NA
"subtlex_uk",7,26018,"bigram","XJ","token",0,0,0,0,0,0,NA,NA,NA
"subtlex_uk",7,26018,"bigram","XK","token",0,0,4.00000000000001,0,0,0,NA,NA,NA
"subtlex_uk",7,26018,"bigram","XL","token",0,0,123.999999999999,4.00000000000001,0,0,NA,NA,NA
"subtlex_uk",7,26018,"bigram","XM","token",0,173.000000000002,5.99999999999999,30.0000000000001,0,0,NA,NA,NA
"subtlex_uk",7,26018,"bigram","XN","token",0,0,0,4.99999999999995,0,0,NA,NA,NA
"subtlex_uk",7,26018,"bigram","XO","token",1.99999999999998,125.000000000001,6.99999999999993,105,0,0,NA,NA,NA
"subtlex_uk",7,26018,"bigram","XP","token",0,42891.9999999999,5.99999999999995,0,0,0,NA,NA,NA
"subtlex_uk",7,26018,"bigram","XQ","token",0,0,0,0,0,0,NA,NA,NA
"subtlex_uk",7,26018,"bigram","XR","token",0,0,65.0000000000001,6.99999999999993,0,0,NA,NA,NA
"subtlex_uk",7,26018,"bigram","XS","token",38.9999999999998,6.99999999999993,20.0000000000001,0,0,1.99999999999998,NA,NA,NA
"subtlex_uk",7,26018,"bigram","XT","token",0,7969,10927.9999999999,921.000000000001,13,4065.00000000004,NA,NA,NA
"subtlex_uk",7,26018,"bigram","XU","token",0,42.0000000000002,4.00000000000001,43.0000000000003,1.99999999999998,0,NA,NA,NA
"subtlex_uk",7,26018,"bigram","XV","token",0,0,0,0,0,0,NA,NA,NA
"subtlex_uk",7,26018,"bigram","XW","token",0,0,904.999999999995,0,0,0,NA,NA,NA
"subtlex_uk",7,26018,"bigram","XX","token",0,0,0,0,0,8.0000000000001,NA,NA,NA
"subtlex_uk",7,26018,"bigram","XY","token",0,2.99999999999998,4.00000000000001,0,0,1.99999999999998,NA,NA,NA
"subtlex_uk",7,26018,"bigram","XZ","token",0,0,2.99999999999998,0,0,0,NA,NA,NA
"subtlex_uk",7,26018,"bigram","YA","token",1066,660.000000000005,3575.00000000001,1630.00000000001,246,387.000000000001,NA,NA,NA
"subtlex_uk",7,26018,"bigram","YB","token",0,191.000000000001,23130.9999999998,318,11,0,NA,NA,NA
"subtlex_uk",7,26018,"bigram","YC","token",0,4618.99999999999,1452,2668.99999999999,435.000000000003,0,NA,NA,NA
"subtlex_uk",7,26018,"bigram","YD","token",1.99999999999998,338.000000000002,542.999999999998,1176,20.0000000000001,110,NA,NA,NA
"subtlex_uk",7,26018,"bigram","YE","token",2553,7820.00000000004,726.000000000001,34200,17791.9999999999,18321.9999999999,NA,NA,NA
"subtlex_uk",7,26018,"bigram","YF","token",0,200.999999999999,402,607,0,0,NA,NA,NA
"subtlex_uk",7,26018,"bigram","YG","token",2.99999999999998,994.999999999995,70.9999999999996,59.0000000000003,0,0,NA,NA,NA
"subtlex_uk",7,26018,"bigram","YH","token",0,2.99999999999998,399.999999999998,0,2.99999999999998,0,NA,NA,NA
"subtlex_uk",7,26018,"bigram","YI","token",500.000000000004,0,171.000000000001,63659.0000000002,57.0000000000001,41.0000000000003,NA,NA,NA
"subtlex_uk",7,26018,"bigram","YJ","token",0,980.000000000003,0,250.999999999997,0,0,NA,NA,NA
"subtlex_uk",7,26018,"bigram","YK","token",0,110,1.99999999999998,41.0000000000003,26,2.99999999999998,NA,NA,NA
"subtlex_uk",7,26018,"bigram","YL","token",0,465.999999999999,4901.00000000002,554.000000000001,200.000000000001,6.99999999999993,NA,NA,NA
"subtlex_uk",7,26018,"bigram","YM","token",0,2228.00000000001,25025.9999999999,307.999999999998,3.99999999999996,341.999999999998,NA,NA,NA
"subtlex_uk",7,26018,"bigram","YN","token",18.0000000000001,5269,2010.00000000001,231,350.000000000002,3332.00000000001,NA,NA,NA
"subtlex_uk",7,26018,"bigram","YO","token",10943,117.999999999999,1810,358.000000000002,398.999999999998,15.9999999999999,NA,NA,NA
"subtlex_uk",7,26018,"bigram","YP","token",0,7469.00000000001,439.000000000001,146,33.9999999999999,0,NA,NA,NA
"subtlex_uk",7,26018,"bigram","YQ","token",0,0,2.99999999999998,0,0,0,NA,NA,NA
"subtlex_uk",7,26018,"bigram","YR","token",0,2673.00000000001,496.000000000001,185.000000000001,432.000000000003,547.999999999997,NA,NA,NA
"subtlex_uk",7,26018,"bigram","YS","token",15.0000000000002,15740.0000000001,6346.00000000004,650.999999999999,1633.99999999999,15600,NA,NA,NA
"subtlex_uk",7,26018,"bigram","YT","token",15.9999999999999,199,1939.99999999999,783.999999999999,732.999999999994,0,NA,NA,NA
"subtlex_uk",7,26018,"bigram","YU","token",353,48.0000000000004,0,25.9999999999998,238.999999999999,8.99999999999991,NA,NA,NA
"subtlex_uk",7,26018,"bigram","YV","token",0,27.0000000000003,6.99999999999993,50.0000000000004,0,0,NA,NA,NA
"subtlex_uk",7,26018,"bigram","YW","token",0,32.0000000000002,1244,0,0,0,NA,NA,NA
"subtlex_uk",7,26018,"bigram","YX","token",0,0,0,0,0,8.0000000000001,NA,NA,NA
"subtlex_uk",7,26018,"bigram","YY","token",0,0,0,37.0000000000002,2.99999999999998,4.99999999999996,NA,NA,NA
"subtlex_uk",7,26018,"bigram","YZ","token",0,0,130,4.00000000000001,2.99999999999998,0,NA,NA,NA
"subtlex_uk",7,26018,"bigram","ZA","token",544.000000000003,62.9999999999998,6775.00000000004,785.000000000002,162,610.000000000003,NA,NA,NA
"subtlex_uk",7,26018,"bigram","ZB","token",1.99999999999998,4.00000000000001,0,11,0,0,NA,NA,NA
"subtlex_uk",7,26018,"bigram","ZC","token",0,5.99999999999995,27.0000000000001,0,0,0,NA,NA,NA
"subtlex_uk",7,26018,"bigram","ZD","token",0,0,0,29.9999999999998,0,0,NA,NA,NA
"subtlex_uk",7,26018,"bigram","ZE","token",6649.99999999995,100.000000000001,978,1699.00000000001,6124.00000000001,5205.00000000002,NA,NA,NA
"subtlex_uk",7,26018,"bigram","ZF","token",0,0,0,0,0,0,NA,NA,NA
"subtlex_uk",7,26018,"bigram","ZG","token",0,0,0,4.00000000000001,0,0,NA,NA,NA
"subtlex_uk",7,26018,"bigram","ZH","token",71.0000000000001,0,5.99999999999994,39.0000000000002,0,0,NA,NA,NA
"subtlex_uk",7,26018,"bigram","ZI","token",633.000000000001,52,187.000000000001,51131.0000000001,421,487,NA,NA,NA
"subtlex_uk",7,26018,"bigram","ZJ","token",0,0,0,0,0,0,NA,NA,NA
"subtlex_uk",7,26018,"bigram","ZK","token",0,15.9999999999998,0,0,35.9999999999997,0,NA,NA,NA
"subtlex_uk",7,26018,"bigram","ZL","token",0,0,9.00000000000002,1788,2315,21.9999999999998,NA,NA,NA
"subtlex_uk",7,26018,"bigram","ZM","token",0,0,13,194,2.99999999999998,0,NA,NA,NA
"subtlex_uk",7,26018,"bigram","ZN","token",2.99999999999998,0,14.0000000000001,41,2.99999999999998,0,NA,NA,NA
"subtlex_uk",7,26018,"bigram","ZO","token",830.000000000006,0,168,977.999999999998,1960.99999999998,1483,NA,NA,NA
"subtlex_uk",7,26018,"bigram","ZP","token",0,0,27,2.99999999999998,0,0,NA,NA,NA
"subtlex_uk",7,26018,"bigram","ZQ","token",0,0,4.00000000000001,0,0,0,NA,NA,NA
"subtlex_uk",7,26018,"bigram","ZR","token",0,0,0,82.9999999999996,0,0,NA,NA,NA
"subtlex_uk",7,26018,"bigram","ZS","token",20,0,11,17.0000000000001,0,0,NA,NA,NA
"subtlex_uk",7,26018,"bigram","ZT","token",0,0,1.99999999999998,1.99999999999998,0,0,NA,NA,NA
"subtlex_uk",7,26018,"bigram","ZU","token",36.0000000000002,1.99999999999998,35.0000000000001,450.999999999997,4.00000000000001,0,NA,NA,NA
"subtlex_uk",7,26018,"bigram","ZV","token",0,0,0,98.000000000001,0,0,NA,NA,NA
"subtlex_uk",7,26018,"bigram","ZW","token",32.0000000000001,0,0,0,0,0,NA,NA,NA
"subtlex_uk",7,26018,"bigram","ZX","token",0,0,0,0,0,0,NA,NA,NA
"subtlex_uk",7,26018,"bigram","ZY","token",1.99999999999998,0,172.999999999998,0,0,1689.99999999999,NA,NA,NA
"subtlex_uk",7,26018,"bigram","ZZ","token",4.99999999999995,24,4822.00000000002,3088.99999999999,468,110.999999999999,NA,NA,NA
"subtlex_uk",8,22770,"bigram","AA","token",447.000000000001,380,351,329,260.000000000001,204,50,NA,NA
"subtlex_uk",8,22770,"bigram","AB","token",17265,19196.9999999999,5416,6437.99999999998,101201.999999999,166,35.9999999999998,NA,NA
"subtlex_uk",8,22770,"bigram","AC","token",166959.000000001,30072,65193.0000000001,21722,17695.0000000001,32517.0000000001,1004,NA,NA
"subtlex_uk",8,22770,"bigram","AD","token",20623.0000000001,5081.99999999999,21398,15852.0000000001,5011.00000000001,24347.9999999999,11572,NA,NA
"subtlex_uk",8,22770,"bigram","AE","token",250.000000000001,316.999999999999,124.999999999999,915.99999999999,3327.00000000001,52,756.000000000003,NA,NA
"subtlex_uk",8,22770,"bigram","AF","token",9105.99999999995,1449,5066.00000000002,1247,35,5915.99999999995,105.999999999999,NA,NA
"subtlex_uk",8,22770,"bigram","AG","token",4336,9484.99999999997,7968,14530,20252,45090.0000000002,98.000000000001,NA,NA
"subtlex_uk",8,22770,"bigram","AH","token",635.999999999999,1727,240.999999999999,1704,443.000000000003,445,2462.99999999999,NA,NA
"subtlex_uk",8,22770,"bigram","AI","token",11020.9999999999,33922,36399.9999999999,50057,43831.0000000002,30292,879.999999999999,NA,NA
"subtlex_uk",8,22770,"bigram","AJ","token",101,11677,19.0000000000001,157.999999999999,20.9999999999998,76.0000000000007,4.00000000000001,NA,NA
"subtlex_uk",8,22770,"bigram","AK","token",59.9999999999997,11084.0000000001,2764.99999999999,26067.0000000001,10389.0000000001,1518.00000000001,1439,NA,NA
"subtlex_uk",8,22770,"bigram","AL","token",48132.0000000001,41923.0000000001,29534,16652.0000000001,160209.000000001,56648.0000000003,197812,NA,NA
"subtlex_uk",8,22770,"bigram","AM","token",28318.0000000002,66260.0000000003,34892,14653,5215,13550,4236.00000000001,NA,NA
"subtlex_uk",8,22770,"bigram","AN","token",153878.000000001,67990.0000000001,96178,58652,52239,128399,107660,NA,NA
"subtlex_uk",8,22770,"bigram","AO","token",9.9999999999999,58.0000000000004,66.0000000000002,30,201.999999999999,13.9999999999999,63.0000000000006,NA,NA
"subtlex_uk",8,22770,"bigram","AP","token",32325.9999999999,77067.0000000004,7948.00000000001,6760,3517.00000000004,1137,516.999999999997,NA,NA
"subtlex_uk",8,22770,"bigram","AQ","token",976.999999999998,40.9999999999997,36.9999999999998,143.000000000001,12.0000000000001,0,0,NA,NA
"subtlex_uk",8,22770,"bigram","AR","token",34220.9999999999,121689,74691.9999999998,28644.9999999999,68936.0000000002,70167.9999999999,19721,NA,NA
"subtlex_uk",8,22770,"bigram","AS","token",18676.0000000001,20682,27705,47790.0000000001,15351,29060.0000000002,9003.00000000005,NA,NA
"subtlex_uk",8,22770,"bigram","AT","token",32526,155038,68327.0000000001,104318,38392.9999999999,64291.9999999998,10358,NA,NA
"subtlex_uk",8,22770,"bigram","AU","token",21428.0000000001,43039.9999999999,2281,1094.00000000001,3659.00000000002,3435.99999999999,307.999999999999,NA,NA
"subtlex_uk",8,22770,"bigram","AV","token",3476,8911.99999999999,7865.00000000006,2624.99999999999,2301,768.000000000005,80.9999999999999,NA,NA
"subtlex_uk",8,22770,"bigram","AW","token",1015,4420.00000000003,4880,1009,2334,346.999999999999,4631.99999999999,NA,NA
"subtlex_uk",8,22770,"bigram","AX","token",13.9999999999999,4574.00000000001,27,2303.00000000001,64.0000000000005,31,209.000000000001,NA,NA
"subtlex_uk",8,22770,"bigram","AY","token",509.999999999999,7327.99999999997,3702.00000000002,1751,4115.00000000001,14592.0000000001,48370,NA,NA
"subtlex_uk",8,22770,"bigram","AZ","token",48.0000000000005,1530,486,4071.99999999996,256.000000000001,1022.99999999999,188,NA,NA
"subtlex_uk",8,22770,"bigram","BA","token",57684,375.000000000001,2297.00000000001,84238.9999999995,44986.0000000004,2021.00000000001,66.9999999999998,NA,NA
"subtlex_uk",8,22770,"bigram","BB","token",6.99999999999993,22.0000000000001,3212,4073.00000000002,1080,50.0000000000005,0,NA,NA
"subtlex_uk",8,22770,"bigram","BC","token",0,6.99999999999993,8.99999999999996,39.0000000000003,0,0,40.0000000000004,NA,NA
"subtlex_uk",8,22770,"bigram","BD","token",0,750.000000000001,28.0000000000001,0,0,0,0,NA,NA
"subtlex_uk",8,22770,"bigram","BE","token",65422.9999999999,3856,6166.99999999998,6505.99999999999,9757.99999999998,79921.9999999998,9765.00000000009,NA,NA
"subtlex_uk",8,22770,"bigram","BF","token",0,0,6.99999999999993,11,0,0,0,NA,NA
"subtlex_uk",8,22770,"bigram","BG","token",0,0,3.99999999999996,17,11.9999999999999,14.9999999999999,1.99999999999998,NA,NA
"subtlex_uk",8,22770,"bigram","BH","token",22,15,30.0000000000001,81.9999999999996,2.99999999999998,0,4.00000000000001,NA,NA
"subtlex_uk",8,22770,"bigram","BI","token",22628.0000000001,346.999999999999,11612,5788.00000000001,12891,2707,68.9999999999996,NA,NA
"subtlex_uk",8,22770,"bigram","BJ","token",0,331.000000000002,2113.00000000001,13,0,0,0,NA,NA
"subtlex_uk",8,22770,"bigram","BK","token",0,8.99999999999999,0,0,0,6.99999999999993,0,NA,NA
"subtlex_uk",8,22770,"bigram","BL","token",14978,352.999999999999,4238.00000000001,38501.9999999998,13732.9999999999,200750.999999999,14.9999999999999,NA,NA
"subtlex_uk",8,22770,"bigram","BM","token",0,0,38.0000000000001,24.0000000000001,20,0,0,NA,NA
"subtlex_uk",8,22770,"bigram","BN","token",0,298.000000000001,4.00000000000001,116.000000000001,0,0,0,NA,NA
"subtlex_uk",8,22770,"bigram","BO","token",19736,1393,5091.00000000002,7781.99999999998,49689.9999999998,1516,29.9999999999998,NA,NA
"subtlex_uk",8,22770,"bigram","BP","token",0,0,77.9999999999994,0,0,0,0,NA,NA
"subtlex_uk",8,22770,"bigram","BQ","token",0,0,0,0,0,0,0,NA,NA
"subtlex_uk",8,22770,"bigram","BR","token",73865,438.000000000001,9524,4179,679.000000000001,160,0,NA,NA
"subtlex_uk",8,22770,"bigram","BS","token",0,16418,1884,68.9999999999999,167,1.99999999999998,249,NA,NA
"subtlex_uk",8,22770,"bigram","BT","token",0,956.000000000008,383.000000000002,970.999999999996,236.999999999999,17.9999999999998,6.99999999999994,NA,NA
"subtlex_uk",8,22770,"bigram","BU","token",116946,426.000000000003,12623.9999999999,2943.99999999999,2267.00000000001,1026,3.99999999999996,NA,NA
"subtlex_uk",8,22770,"bigram","BV","token",0,0,4.99999999999995,0,0,1.99999999999998,0,NA,NA
"subtlex_uk",8,22770,"bigram","BW","token",0,0,371.999999999997,21.0000000000002,0,859.000000000008,0,NA,NA
"subtlex_uk",8,22770,"bigram","BX","token",0,0,0,0,0,0,0,NA,NA
"subtlex_uk",8,22770,"bigram","BY","token",151,0,263.000000000001,755.999999999997,323.000000000001,35,636,NA,NA
"subtlex_uk",8,22770,"bigram","BZ","token",4.00000000000001,0,0,0,0,0,0,NA,NA
"subtlex_uk",8,22770,"bigram","CA","token",92326.0000000003,11306,22843.0000000002,6287.99999999999,21864,48842.0000000002,1904,NA,NA
"subtlex_uk",8,22770,"bigram","CB","token",385.999999999998,12,24.9999999999998,0,40.0000000000004,0,0,NA,NA
"subtlex_uk",8,22770,"bigram","CC","token",0,34632.0000000002,1024,1156,604.999999999999,249.000000000001,0,NA,NA
"subtlex_uk",8,22770,"bigram","CD","token",0,1630,0,156.999999999999,0,0,0,NA,NA
"subtlex_uk",8,22770,"bigram","CE","token",10288.0000000001,2774.00000000002,44973.0000000001,23449,25951,60732,114556,NA,NA
"subtlex_uk",8,22770,"bigram","CF","token",0,261,0,0,0,0,0,NA,NA
"subtlex_uk",8,22770,"bigram","CG","token",0,1011,117.999999999999,0,0,0,0,NA,NA
"subtlex_uk",8,22770,"bigram","CH","token",154510,11029.9999999999,24487,79351.0000000004,38243,5894,30068.0000000001,NA,NA
"subtlex_uk",8,22770,"bigram","CI","token",8601.99999999997,2685.99999999999,72777.0000000004,19367.9999999999,56668,2509,173,NA,NA
"subtlex_uk",8,22770,"bigram","CJ","token",0,0,0,0,0,0,0,NA,NA
"subtlex_uk",8,22770,"bigram","CK","token",0,1124,27942,45918.0000000001,7162.00000000002,4265,13456,NA,NA
"subtlex_uk",8,22770,"bigram","CL","token",36807.9999999999,748.999999999997,15420.0000000001,3773.00000000001,6906.00000000005,4903.00000000002,0,NA,NA
"subtlex_uk",8,22770,"bigram","CM","token",0,395.999999999999,11,0,0,0,0,NA,NA
"subtlex_uk",8,22770,"bigram","CN","token",0,175,70.9999999999996,94.0000000000009,0,0,0,NA,NA
"subtlex_uk",8,22770,"bigram","CO","token",227498,101987,33989.9999999999,13701,9891,999.000000000006,933.000000000001,NA,NA
"subtlex_uk",8,22770,"bigram","CP","token",0,1.99999999999998,1.99999999999998,0,0,0,0,NA,NA
"subtlex_uk",8,22770,"bigram","CQ","token",0,1331.00000000001,99.0000000000003,23.9999999999999,1.99999999999998,0,2.99999999999998,NA,NA
"subtlex_uk",8,22770,"bigram","CR","token",62263.0000000001,7486.00000000002,18223.0000000001,16934,4100.00000000003,1063.00000000001,0,NA,NA
"subtlex_uk",8,22770,"bigram","CS","token",0,615.999999999993,108,58.9999999999995,4.00000000000001,1.99999999999998,33595.9999999999,NA,NA
"subtlex_uk",8,22770,"bigram","CT","token",0,132260.000000001,30791.9999999999,62740.9999999998,55863,26574,27902.0000000001,NA,NA
"subtlex_uk",8,22770,"bigram","CU","token",25792,1367,34104.9999999998,9893.99999999999,1718,3193.99999999998,3.99999999999996,NA,NA
"subtlex_uk",8,22770,"bigram","CV","token",0,1.99999999999998,8.99999999999999,0,0,0,0,NA,NA
"subtlex_uk",8,22770,"bigram","CW","token",0,0,0,0,0,8.99999999999999,0,NA,NA
"subtlex_uk",8,22770,"bigram","CX","token",0,0,0,0,0,0,0,NA,NA
"subtlex_uk",8,22770,"bigram","CY","token",2302,23.0000000000001,1272,318,0,0,8292,NA,NA
"subtlex_uk",8,22770,"bigram","CZ","token",0,0,60.0000000000004,0,28.9999999999998,0,6.99999999999993,NA,NA
"subtlex_uk",8,22770,"bigram","DA","token",37240.9999999999,477.000000000004,2640.00000000001,8599.00000000001,22918.0000000001,43340.0000000001,3009.00000000002,NA,NA
"subtlex_uk",8,22770,"bigram","DB","token",0,0,260,4158.00000000001,16.9999999999999,0,0,NA,NA
"subtlex_uk",8,22770,"bigram","DC","token",0,0,81.0000000000003,1573,4.99999999999996,0,0,NA,NA
"subtlex_uk",8,22770,"bigram","DD","token",2.99999999999998,3929.00000000002,21081,1580,3287.00000000001,0,68.0000000000003,NA,NA
"subtlex_uk",8,22770,"bigram","DE","token",132388,11493,13268,66233.0000000002,29931.0000000002,84198,27077,NA,NA
"subtlex_uk",8,22770,"bigram","DF","token",0,0,1667.00000000001,5451,2444,0,0,NA,NA
"subtlex_uk",8,22770,"bigram","DG","token",0,157.999999999999,6552,1683,155,3196,0,NA,NA
"subtlex_uk",8,22770,"bigram","DH","token",14,224,183,1109,75.0000000000003,10.0000000000001,39.0000000000004,NA,NA
"subtlex_uk",8,22770,"bigram","DI","token",89668,375,43842.0000000001,22864,115043.000000001,4041.99999999997,206.000000000001,NA,NA
"subtlex_uk",8,22770,"bigram","DJ","token",982.999999999997,807.999999999993,11.0000000000001,84.9999999999999,0,0,0,NA,NA
"subtlex_uk",8,22770,"bigram","DK","token",0,0,477.999999999996,87.0000000000002,60.9999999999997,0,0,NA,NA
"subtlex_uk",8,22770,"bigram","DL","token",0,70.0000000000001,5957.00000000006,25186.0000000001,880.999999999999,10958.9999999999,0,NA,NA
"subtlex_uk",8,22770,"bigram","DM","token",0,4485,128,2600.99999999999,510.999999999998,0,0,NA,NA
"subtlex_uk",8,22770,"bigram","DN","token",6.00000000000005,0,3374,12238,320,2.99999999999998,1.99999999999998,NA,NA
"subtlex_uk",8,22770,"bigram","DO","token",31006,2511,2371,4699.99999999998,6482.00000000001,6710.00000000002,4184.00000000001,NA,NA
"subtlex_uk",8,22770,"bigram","DP","token",0,0,212.000000000002,553,20.9999999999999,0,0,NA,NA
"subtlex_uk",8,22770,"bigram","DQ","token",0,0,0,1.99999999999998,0,0,0,NA,NA
"subtlex_uk",8,22770,"bigram","DR","token",43127,299,11843,19597.0000000002,72532.0000000003,415.000000000001,20,NA,NA
"subtlex_uk",8,22770,"bigram","DS","token",0,0,518.000000000001,9799.00000000004,2550.00000000001,15,53607.0000000001,NA,NA
"subtlex_uk",8,22770,"bigram","DT","token",0,0,43.9999999999999,1110,0,1.99999999999998,183.999999999999,NA,NA
"subtlex_uk",8,22770,"bigram","DU","token",3461.99999999999,2169.99999999999,22734.0000000002,21147,3143.99999999998,135,2.99999999999998,NA,NA
"subtlex_uk",8,22770,"bigram","DV","token",0,6229.00000000003,240.999999999999,123.000000000001,0,0,0,NA,NA
"subtlex_uk",8,22770,"bigram","DW","token",1010,17.0000000000001,801.999999999999,8132.99999999999,1091,0,0,NA,NA
"subtlex_uk",8,22770,"bigram","DX","token",0,0,0,0,0,0,0,NA,NA
"subtlex_uk",8,22770,"bigram","DY","token",1674,173.999999999998,964.999999999998,4274.99999999998,35.9999999999999,90.9999999999993,42654.9999999998,NA,NA
"subtlex_uk",8,22770,"bigram","DZ","token",5.99999999999999,0,81.0000000000003,2.99999999999998,59.9999999999994,0,50.9999999999995,NA,NA
"subtlex_uk",8,22770,"bigram","EA","token",5743.99999999999,110545,114711,51083,34702,36491.9999999999,767.000000000001,NA,NA
"subtlex_uk",8,22770,"bigram","EB","token",201.000000000002,7564.00000000002,1952,52371.9999999998,284.000000000001,360.999999999998,88.0000000000004,NA,NA
"subtlex_uk",8,22770,"bigram","EC","token",19070,129278,53121.9999999998,55457,19432.0000000001,4360.00000000001,86.0000000000005,NA,NA
"subtlex_uk",8,22770,"bigram","ED","token",2688.99999999999,31656.0000000001,8382.00000000003,16050,4702,17828.0000000002,670509,NA,NA
"subtlex_uk",8,22770,"bigram","EE","token",15.9999999999999,19222,34802.0000000001,4763.99999999999,2436.00000000001,14329.0000000001,7457.00000000001,NA,NA
"subtlex_uk",8,22770,"bigram","EF","token",311.999999999999,22610,462.000000000001,14668,10095.0000000001,12.0000000000001,647.000000000007,NA,NA
"subtlex_uk",8,22770,"bigram","EG","token",16812.9999999999,19756,6879.00000000005,7025.99999999997,2933,8112.99999999997,67.0000000000003,NA,NA
"subtlex_uk",8,22770,"bigram","EH","token",0,6466.00000000004,120.000000000001,2701,1197,19.9999999999998,39.0000000000002,NA,NA
"subtlex_uk",8,22770,"bigram","EI","token",1399.00000000001,9242.00000000001,498,12537,4896,1647.00000000001,27.9999999999999,NA,NA
"subtlex_uk",8,22770,"bigram","EJ","token",107,2779.00000000001,116.000000000001,83.0000000000006,0,25,0,NA,NA
"subtlex_uk",8,22770,"bigram","EK","token",2.99999999999998,186.000000000001,1871.99999999999,604.000000000003,622.999999999996,8.99999999999997,397.999999999998,NA,NA
"subtlex_uk",8,22770,"bigram","EL","token",42249.9999999997,74586.0000000001,15018,26904,18255,85237.9999999999,7518.00000000004,NA,NA
"subtlex_uk",8,22770,"bigram","EM","token",17563,102186,12652,110945,6764.00000000001,30899.9999999998,28.9999999999999,NA,NA
"subtlex_uk",8,22770,"bigram","EN","token",54122.0000000002,58863,51051.0000000001,87315.9999999999,203601.000000001,78624.0000000001,88077.0000000003,NA,NA
"subtlex_uk",8,22770,"bigram","EO","token",0,8322.00000000001,2503.00000000001,2359.00000000001,12398.9999999999,2087.00000000001,48.0000000000003,NA,NA
"subtlex_uk",8,22770,"bigram","EP","token",2209,35137.9999999999,24656.0000000002,15316,1894,63,2916.00000000001,NA,NA
"subtlex_uk",8,22770,"bigram","EQ","token",4256.00000000002,10832,2122.99999999998,8.0000000000001,235.000000000002,0,0,NA,NA
"subtlex_uk",8,22770,"bigram","ER","token",1531.99999999999,112876,132982,156726,134026.000000001,187375,429758,NA,NA
"subtlex_uk",8,22770,"bigram","ES","token",14161.9999999999,90274.0000000001,144265.000000001,42054.9999999999,11969,190765,304099,NA,NA
"subtlex_uk",8,22770,"bigram","ET","token",1961.00000000001,30128.0000000001,12865,98170.9999999997,28378,32233.9999999999,25972,NA,NA
"subtlex_uk",8,22770,"bigram","EU","token",30457.9999999999,1851.99999999999,409.000000000003,71.0000000000001,677.000000000004,4537.00000000001,104,NA,NA
"subtlex_uk",8,22770,"bigram","EV","token",94019.9999999999,19198.0000000001,13338,4156,67972.0000000002,917.000000000004,355.999999999999,NA,NA
"subtlex_uk",8,22770,"bigram","EW","token",0,4072,1214,11699,2213,838.000000000004,925.999999999996,NA,NA
"subtlex_uk",8,22770,"bigram","EX","token",75548.0000000001,3189.00000000001,2002.99999999998,164.000000000001,888.000000000005,42.0000000000004,596.000000000004,NA,NA
"subtlex_uk",8,22770,"bigram","EY","token",2400,2309.99999999999,217.999999999999,1002,1893.00000000001,2530.99999999999,13275,NA,NA
"subtlex_uk",8,22770,"bigram","EZ","token",0,47.9999999999999,78.0000000000002,4481.00000000003,1923.99999999999,96.9999999999997,456.000000000001,NA,NA
"subtlex_uk",8,22770,"bigram","FA","token",60700.0000000001,4.99999999999995,2509,1614.00000000001,3483.99999999999,84.0000000000002,4.99999999999996,NA,NA
"subtlex_uk",8,22770,"bigram","FB","token",0,0,0,68.0000000000006,147.999999999998,0,0,NA,NA
"subtlex_uk",8,22770,"bigram","FC","token",0,1.99999999999998,5.99999999999999,38.0000000000001,0,0,0,NA,NA
"subtlex_uk",8,22770,"bigram","FD","token",0,0,0,13,10.0000000000001,0,0,NA,NA
"subtlex_uk",8,22770,"bigram","FE","token",35451,65.9999999999999,36670,7115.99999999996,1155,7079.00000000001,9251.00000000005,NA,NA
"subtlex_uk",8,22770,"bigram","FF","token",6.00000000000005,39561,8200.99999999996,9293.00000000005,1124,1051,4780.00000000001,NA,NA
"subtlex_uk",8,22770,"bigram","FG","token",0,24.0000000000001,6.99999999999993,225.999999999999,0,0,0,NA,NA
"subtlex_uk",8,22770,"bigram","FH","token",0,0,0,4.00000000000001,31.0000000000002,0,0,NA,NA
"subtlex_uk",8,22770,"bigram","FI","token",55799,4.99999999999996,25927,7004.00000000001,23545,14153,4.99999999999995,NA,NA
"subtlex_uk",8,22770,"bigram","FJ","token",0,0,0,0,0,0,0,NA,NA
"subtlex_uk",8,22770,"bigram","FK","token",0,0,8.0000000000001,0,4.99999999999995,0,0,NA,NA
"subtlex_uk",8,22770,"bigram","FL","token",28436,17.0000000000001,3272,6758,1413,102.000000000001,0,NA,NA
"subtlex_uk",8,22770,"bigram","FM","token",0,0,0,93.0000000000002,11,0,0,NA,NA
"subtlex_uk",8,22770,"bigram","FN","token",0,0,0,107.999999999999,12.0000000000001,0,0,NA,NA
"subtlex_uk",8,22770,"bigram","FO","token",63766.0000000003,0,5869.99999999999,4156.00000000001,13488,50.0000000000001,2.99999999999998,NA,NA
"subtlex_uk",8,22770,"bigram","FP","token",0,0,1.99999999999998,27,21,0,0,NA,NA
"subtlex_uk",8,22770,"bigram","FQ","token",0,0,0,0,0,0,0,NA,NA
"subtlex_uk",8,22770,"bigram","FR","token",25140.9999999999,766.000000000003,866.000000000006,2524,1599.00000000001,222.999999999998,0,NA,NA
"subtlex_uk",8,22770,"bigram","FS","token",0,0,1438.00000000001,43.0000000000003,5.99999999999995,0,953.000000000001,NA,NA
"subtlex_uk",8,22770,"bigram","FT","token",0,131.000000000001,3556.00000000002,3295.00000000001,126,37,6997.99999999996,NA,NA
"subtlex_uk",8,22770,"bigram","FU","token",6288.00000000001,0,2894,5552.99999999997,678.999999999995,30359.0000000001,0,NA,NA
"subtlex_uk",8,22770,"bigram","FV","token",0,0,0,0,0,0,0,NA,NA
"subtlex_uk",8,22770,"bigram","FW","token",1.99999999999998,0,0,10.0000000000001,0,0,0,NA,NA
"subtlex_uk",8,22770,"bigram","FX","token",0,0,0,0,0,0,0,NA,NA
"subtlex_uk",8,22770,"bigram","FY","token",0,0,0,168,36.0000000000003,13.9999999999999,5074.99999999996,NA,NA
"subtlex_uk",8,22770,"bigram","FZ","token",0,0,0,0,2.99999999999998,0,0,NA,NA
"subtlex_uk",8,22770,"bigram","GA","token",12175,26.0000000000001,17079,14311.9999999999,8251.99999999995,6034.99999999997,116,NA,NA
"subtlex_uk",8,22770,"bigram","GB","token",0,6.00000000000005,51.0000000000004,272.999999999999,21.9999999999998,0,0,NA,NA
"subtlex_uk",8,22770,"bigram","GC","token",0,0,4.99999999999995,56.0000000000001,0,0,0,NA,NA
"subtlex_uk",8,22770,"bigram","GD","token",0,0,142.999999999998,363.000000000001,110.999999999999,6.99999999999993,0,NA,NA
"subtlex_uk",8,22770,"bigram","GE","token",15484.0000000001,2514.99999999999,84595.9999999998,25289.9999999999,10444,39359,51354.0000000001,NA,NA
"subtlex_uk",8,22770,"bigram","GF","token",1.99999999999998,0,83.9999999999992,316.999999999999,73.9999999999999,0,0,NA,NA
"subtlex_uk",8,22770,"bigram","GG","token",0,14462.9999999999,7424.00000000002,6052.00000000001,8809,12.9999999999999,68.9999999999997,NA,NA
"subtlex_uk",8,22770,"bigram","GH","token",414,11.0000000000001,39952.9999999998,64166.0000000001,11318,45768,28942.0000000001,NA,NA
"subtlex_uk",8,22770,"bigram","GI","token",4304.00000000001,467.999999999998,14534.0000000001,25827.0000000001,55374,1172,26.9999999999997,NA,NA
"subtlex_uk",8,22770,"bigram","GJ","token",0,0,0,2.99999999999998,0,0,0,NA,NA
"subtlex_uk",8,22770,"bigram","GK","token",0,0,0,75.0000000000003,0,0,0,NA,NA
"subtlex_uk",8,22770,"bigram","GL","token",7462.00000000002,134,2262.99999999999,7575,1618,15094,0,NA,NA
"subtlex_uk",8,22770,"bigram","GM","token",0,0,725.000000000001,3746.99999999999,7.99999999999992,23.0000000000002,87.9999999999993,NA,NA
"subtlex_uk",8,22770,"bigram","GN","token",120.999999999999,1813.00000000001,1832,7884.00000000004,16353.9999999999,227.000000000001,16318.0000000002,NA,NA
"subtlex_uk",8,22770,"bigram","GO","token",31096.9999999999,85.0000000000004,1637,2610,5938.99999999996,1575.99999999999,973.000000000004,NA,NA
"subtlex_uk",8,22770,"bigram","GP","token",0,0,342,125.000000000001,0,0,0,NA,NA
"subtlex_uk",8,22770,"bigram","GQ","token",0,0,0,0,0,0,0,NA,NA
"subtlex_uk",8,22770,"bigram","GR","token",42513,1167.00000000001,3517.99999999999,15577.0000000001,5834.00000000001,26.9999999999998,0,NA,NA
"subtlex_uk",8,22770,"bigram","GS","token",0,0,290.000000000001,3051,52.0000000000003,1.99999999999998,41146,NA,NA
"subtlex_uk",8,22770,"bigram","GT","token",0,0,149.000000000001,297.000000000001,27.9999999999998,9027.99999999996,23,NA,NA
"subtlex_uk",8,22770,"bigram","GU","token",10280,78.9999999999999,13549.9999999999,18723.0000000001,544.000000000001,3803,150.000000000001,NA,NA
"subtlex_uk",8,22770,"bigram","GV","token",0,0,3.99999999999996,1.99999999999998,0,0,0,NA,NA
"subtlex_uk",8,22770,"bigram","GW","token",30.0000000000002,0,385.000000000001,1315,70.0000000000005,11,0,NA,NA
"subtlex_uk",8,22770,"bigram","GX","token",0,0,0,0,0,0,0,NA,NA
"subtlex_uk",8,22770,"bigram","GY","token",306,2302.99999999999,1.99999999999998,26,67.0000000000004,8.99999999999996,9129.99999999997,NA,NA
"subtlex_uk",8,22770,"bigram","GZ","token",0,0,4.99999999999995,13.0000000000001,0,0,1.99999999999998,NA,NA
"subtlex_uk",8,22770,"bigram","HA","token",90249.0000000004,90438.0000000001,5913,11893,18838,16394,1922,NA,NA
"subtlex_uk",8,22770,"bigram","HB","token",0,0,13,1250,632,0,0,NA,NA
"subtlex_uk",8,22770,"bigram","HC","token",0,0,719.000000000005,118,11,1.99999999999998,0,NA,NA
"subtlex_uk",8,22770,"bigram","HD","token",0,0,0,3021,12869.0000000001,4.99999999999995,0,NA,NA
"subtlex_uk",8,22770,"bigram","HE","token",23934,42781.0000000001,6742.99999999999,32276.9999999999,92096,152548,2998,NA,NA
"subtlex_uk",8,22770,"bigram","HF","token",0,0,89.000000000001,148.000000000001,3127.00000000001,0,0,NA,NA
"subtlex_uk",8,22770,"bigram","HG","token",0,0,6.99999999999993,167,6.00000000000005,0,0,NA,NA
"subtlex_uk",8,22770,"bigram","HH","token",0,56.9999999999998,67.9999999999999,437,152,205,264,NA,NA
"subtlex_uk",8,22770,"bigram","HI","token",11005.9999999999,137020,12362,8738.00000000004,195320.000000001,4827.00000000002,417.000000000002,NA,NA
"subtlex_uk",8,22770,"bigram","HJ","token",0,0,0,0,0,0,0,NA,NA
"subtlex_uk",8,22770,"bigram","HK","token",0,0,8.99999999999999,34.0000000000002,98.0000000000002,58.0000000000001,0,NA,NA
"subtlex_uk",8,22770,"bigram","HL","token",0,437.999999999998,6943.99999999999,3396,990.999999999998,1255.99999999999,11.0000000000001,NA,NA
"subtlex_uk",8,22770,"bigram","HM","token",4.00000000000001,11,97.0000000000002,1006,2317.99999999999,11.0000000000001,15.9999999999998,NA,NA
"subtlex_uk",8,22770,"bigram","HN","token",0,0,826,1444,1048,1.99999999999998,94.9999999999992,NA,NA
"subtlex_uk",8,22770,"bigram","HO","token",68445.9999999999,58650.0000000001,2369,36177.0000000001,7504.00000000001,11601.9999999999,1050,NA,NA
"subtlex_uk",8,22770,"bigram","HP","token",0,0,0,39,105,0,0,NA,NA
"subtlex_uk",8,22770,"bigram","HQ","token",0,0,0,1.99999999999998,0,0,0,NA,NA
"subtlex_uk",8,22770,"bigram","HR","token",24.0000000000002,16095,162,15242,3055.99999999999,87,3.99999999999996,NA,NA
"subtlex_uk",8,22770,"bigram","HS","token",0,0,0,65.0000000000001,107.000000000001,0,2504,NA,NA
"subtlex_uk",8,22770,"bigram","HT","token",0,1.99999999999998,112.000000000001,21738.9999999999,51625.0000000001,9587.00000000002,45719,NA,NA
"subtlex_uk",8,22770,"bigram","HU","token",21503.0000000002,14151.0000000001,462.999999999998,500,771.999999999998,287.999999999999,1.99999999999998,NA,NA
"subtlex_uk",8,22770,"bigram","HV","token",0,0,0,51.0000000000001,0,0,0,NA,NA
"subtlex_uk",8,22770,"bigram","HW","token",0,246.999999999999,125,1019,214.000000000002,0,0,NA,NA
"subtlex_uk",8,22770,"bigram","HX","token",0,0,0,0,0,0,0,NA,NA
"subtlex_uk",8,22770,"bigram","HY","token",2133.00000000001,6169,46.0000000000003,46.9999999999998,234.999999999999,176.000000000001,5354,NA,NA
"subtlex_uk",8,22770,"bigram","HZ","token",0,0,0,0,0,0,0,NA,NA
"subtlex_uk",8,22770,"bigram","IA","token",27,7944.99999999998,3572.99999999999,9331.99999999999,28922.0000000001,54945,23086,NA,NA
"subtlex_uk",8,22770,"bigram","IB","token",31.0000000000001,4729,1982,7950.00000000005,92211.9999999997,6248.00000000007,25.0000000000001,NA,NA
"subtlex_uk",8,22770,"bigram","IC","token",278.000000000001,42527.9999999999,15260,64189,76405,65691.9999999999,96492.9999999999,NA,NA
"subtlex_uk",8,22770,"bigram","ID","token",9786.99999999996,16910.0000000001,26874,28800.0000000002,27796.9999999999,10549,5270.99999999999,NA,NA
"subtlex_uk",8,22770,"bigram","IE","token",0,3957,10655.9999999999,59644.0000000002,26908.9999999999,77841.0000000001,4436,NA,NA
"subtlex_uk",8,22770,"bigram","IF","token",32.0000000000002,8687.99999999996,5451.00000000002,3081,17403,14651,60.9999999999994,NA,NA
"subtlex_uk",8,22770,"bigram","IG","token",1818.00000000001,32659.9999999999,53303.0000000002,27342,47964,18390.0000000002,42,NA,NA
"subtlex_uk",8,22770,"bigram","IH","token",0,142.000000000001,13,270.999999999999,64.0000000000001,8.99999999999991,0,NA,NA
"subtlex_uk",8,22770,"bigram","II","token",0,11.9999999999999,59.9999999999994,5.99999999999994,407.000000000004,12.9999999999999,19.9999999999999,NA,NA
"subtlex_uk",8,22770,"bigram","IJ","token",0,451.999999999997,6.00000000000005,64.0000000000001,6.99999999999994,2.99999999999998,0,NA,NA
"subtlex_uk",8,22770,"bigram","IK","token",0,1086,232.999999999998,8239.99999999994,403.999999999999,724.000000000001,54.0000000000001,NA,NA
"subtlex_uk",8,22770,"bigram","IL","token",1364,65314.0000000002,127390.000000001,46213.0000000001,10256,14852,3420.99999999998,NA,NA
"subtlex_uk",8,22770,"bigram","IM","token",15815,5867.00000000001,25881,27156.9999999999,2582.99999999999,13166,753.000000000006,NA,NA
"subtlex_uk",8,22770,"bigram","IN","token",178184,115393,121854,128642,126006,998963.000000001,28183,NA,NA
"subtlex_uk",8,22770,"bigram","IO","token",43.0000000000004,9916.99999999993,7836.99999999994,38743,64387.0000000001,265565.000000001,2951.00000000003,NA,NA
"subtlex_uk",8,22770,"bigram","IP","token",15.9999999999999,3688,12698,4109.99999999999,5741.99999999998,3996.00000000001,2688.00000000001,NA,NA
"subtlex_uk",8,22770,"bigram","IQ","token",0,71.0000000000003,581.999999999998,8438.00000000005,1051,1.99999999999998,0,NA,NA
"subtlex_uk",8,22770,"bigram","IR","token",1253,49550.0000000001,10266,17515.0000000001,20530,18870,8079,NA,NA
"subtlex_uk",8,22770,"bigram","IS","token",5700.99999999998,88935,23764.0000000001,150757,38821.9999999999,87844.0000000001,10979,NA,NA
"subtlex_uk",8,22770,"bigram","IT","token",1585.99999999999,21929,27483,145025,31269.9999999999,102968,5980.00000000002,NA,NA
"subtlex_uk",8,22770,"bigram","IU","token",0,239.999999999999,246.000000000002,288.000000000001,776.000000000007,2662,0,NA,NA
"subtlex_uk",8,22770,"bigram","IV","token",55.9999999999994,10559,6245.99999999996,20822,32973.0000000001,28676.9999999999,2.99999999999998,NA,NA
"subtlex_uk",8,22770,"bigram","IW","token",0,14.0000000000001,17.0000000000001,33,32,4.00000000000001,1.99999999999998,NA,NA
"subtlex_uk",8,22770,"bigram","IX","token",0,1558,61.9999999999994,8.99999999999999,49,0,534,NA,NA
"subtlex_uk",8,22770,"bigram","IY","token",0,50.0000000000005,4.00000000000001,97.9999999999995,14.0000000000001,119,0,NA,NA
"subtlex_uk",8,22770,"bigram","IZ","token",2.99999999999998,1116,2025,3960.99999999997,447,1279.00000000001,0,NA,NA
"subtlex_uk",8,22770,"bigram","JA","token",8553.99999999999,18.0000000000001,900.999999999994,1198,113.000000000001,109,108.000000000001,NA,NA
"subtlex_uk",8,22770,"bigram","JB","token",0,0,0,0,0,0,0,NA,NA
"subtlex_uk",8,22770,"bigram","JC","token",0,0,27,0,8.0000000000001,0,0,NA,NA
"subtlex_uk",8,22770,"bigram","JD","token",0,98.9999999999999,0,0,49.0000000000001,0,0,NA,NA
"subtlex_uk",8,22770,"bigram","JE","token",5738.00000000001,114.000000000001,4148.00000000002,7437.00000000002,296.999999999999,26,8.99999999999996,NA,NA
"subtlex_uk",8,22770,"bigram","JF","token",0,0,0,0,0,0,0,NA,NA
"subtlex_uk",8,22770,"bigram","JG","token",0,0,0,0,0,0,0,NA,NA
"subtlex_uk",8,22770,"bigram","JH","token",0,0,0,0,0,0,0,NA,NA
"subtlex_uk",8,22770,"bigram","JI","token",391.000000000001,71.0000000000002,121.999999999999,48.0000000000004,24.9999999999999,1.99999999999998,4.00000000000001,NA,NA
"subtlex_uk",8,22770,"bigram","JJ","token",0,18.9999999999999,0,0,0,0,0,NA,NA
"subtlex_uk",8,22770,"bigram","JK","token",0,0,24.0000000000001,0,0,0,0,NA,NA
"subtlex_uk",8,22770,"bigram","JL","token",0,0,18.9999999999999,0,0,0,0,NA,NA
"subtlex_uk",8,22770,"bigram","JM","token",0,0,12.0000000000001,0,0,0,0,NA,NA
"subtlex_uk",8,22770,"bigram","JN","token",0,0,1.99999999999998,0,0,0,0,NA,NA
"subtlex_uk",8,22770,"bigram","JO","token",10019,895.999999999997,19444,723.999999999997,61.9999999999999,62.0000000000002,0,NA,NA
"subtlex_uk",8,22770,"bigram","JP","token",20,0,13.9999999999999,0,0,0,0,NA,NA
"subtlex_uk",8,22770,"bigram","JQ","token",0,0,0,0,0,0,0,NA,NA
"subtlex_uk",8,22770,"bigram","JR","token",0,0,0,0,0,0,0,NA,NA
"subtlex_uk",8,22770,"bigram","JS","token",0,0,0,2.99999999999998,66.0000000000005,0,0,NA,NA
"subtlex_uk",8,22770,"bigram","JT","token",0,0,0,0,0,0,0,NA,NA
"subtlex_uk",8,22770,"bigram","JU","token",8205.99999999999,25.0000000000001,6929.99999999997,529.000000000002,93.9999999999998,0,0,NA,NA
"subtlex_uk",8,22770,"bigram","JV","token",0,0,0,0,0,0,0,NA,NA
"subtlex_uk",8,22770,"bigram","JW","token",0,0,0,1.99999999999998,0,0,0,NA,NA
"subtlex_uk",8,22770,"bigram","JX","token",0,0,0,0,0,0,0,NA,NA
"subtlex_uk",8,22770,"bigram","JY","token",0,0,4.99999999999995,0,0,0,6.99999999999993,NA,NA
"subtlex_uk",8,22770,"bigram","JZ","token",0,0,0,0,0,0,0,NA,NA
"subtlex_uk",8,22770,"bigram","KA","token",4026,129.000000000001,512,2414,2154,139,753.000000000002,NA,NA
"subtlex_uk",8,22770,"bigram","KB","token",0,0,1.99999999999998,1227,4.99999999999996,0,0,NA,NA
"subtlex_uk",8,22770,"bigram","KC","token",0,0,2.99999999999998,267.999999999999,11.0000000000001,0,0,NA,NA
"subtlex_uk",8,22770,"bigram","KD","token",0,0,0,1527.00000000001,0,0,0,NA,NA
"subtlex_uk",8,22770,"bigram","KE","token",3593.00000000001,2535.99999999999,7457.00000000001,7086,18563,21008.0000000001,2251.00000000001,NA,NA
"subtlex_uk",8,22770,"bigram","KF","token",0,0,39,1422.00000000001,517.000000000004,0,0,NA,NA
"subtlex_uk",8,22770,"bigram","KG","token",0,0,8.99999999999999,23.0000000000001,0,0,0,NA,NA
"subtlex_uk",8,22770,"bigram","KH","token",180.000000000001,0,62,1610,67.9999999999999,40.0000000000004,30.9999999999998,NA,NA
"subtlex_uk",8,22770,"bigram","KI","token",7382.00000000001,2750.00000000001,6245.00000000007,2826.00000000001,117200,754.000000000004,1244,NA,NA
"subtlex_uk",8,22770,"bigram","KJ","token",26.0000000000001,0,0,1.99999999999998,0,0,0,NA,NA
"subtlex_uk",8,22770,"bigram","KK","token",0,9.00000000000002,60.9999999999997,278.000000000001,24.9999999999999,3.99999999999996,0,NA,NA
"subtlex_uk",8,22770,"bigram","KL","token",130,380,83.9999999999994,9708.99999999999,5108.99999999999,1279.00000000001,0,NA,NA
"subtlex_uk",8,22770,"bigram","KM","token",0,0,0,238,209.000000000001,0,0,NA,NA
"subtlex_uk",8,22770,"bigram","KN","token",9143.00000000001,0,189,7942.99999999999,373.000000000003,0,0,NA,NA
"subtlex_uk",8,22770,"bigram","KO","token",374,30,164,2199,1520.00000000001,116,334,NA,NA
"subtlex_uk",8,22770,"bigram","KP","token",1.99999999999998,4.99999999999996,54.9999999999997,335.000000000001,172,0,0,NA,NA
"subtlex_uk",8,22770,"bigram","KQ","token",0,0,0,0,0,0,0,NA,NA
"subtlex_uk",8,22770,"bigram","KR","token",1114,48.0000000000001,4.00000000000001,1332.00000000001,125.000000000001,0,0,NA,NA
"subtlex_uk",8,22770,"bigram","KS","token",8.0000000000001,0,77.9999999999996,4827.99999999997,770.999999999996,1.99999999999998,5475.00000000001,NA,NA
"subtlex_uk",8,22770,"bigram","KT","token",0,0,6.00000000000005,2463.99999999998,718.999999999998,214.000000000002,4.00000000000001,NA,NA
"subtlex_uk",8,22770,"bigram","KU","token",219,98.0000000000008,41,3.99999999999996,77.9999999999998,45,0,NA,NA
"subtlex_uk",8,22770,"bigram","KV","token",0,0,1.99999999999998,1.99999999999998,0,0,0,NA,NA
"subtlex_uk",8,22770,"bigram","KW","token",15,11.9999999999999,109,1297,47.0000000000002,0,0,NA,NA
"subtlex_uk",8,22770,"bigram","KX","token",0,0,0,0,0,0,0,NA,NA
"subtlex_uk",8,22770,"bigram","KY","token",94.9999999999994,525,0,779.999999999995,10.0000000000001,1.99999999999998,903.999999999999,NA,NA
"subtlex_uk",8,22770,"bigram","KZ","token",0,0,0,0,0,0,0,NA,NA
"subtlex_uk",8,22770,"bigram","LA","token",45113.0000000002,55987,25524,34621.0000000002,83449.9999999999,8203.00000000001,5629.99999999998,NA,NA
"subtlex_uk",8,22770,"bigram","LB","token",0,316.000000000001,689.999999999998,1023,22,8.0000000000001,0,NA,NA
"subtlex_uk",8,22770,"bigram","LC","token",0,200.999999999999,5357.99999999998,248.000000000001,74.0000000000004,95.9999999999991,0,NA,NA
"subtlex_uk",8,22770,"bigram","LD","token",0,799.000000000001,20565,111020.000000001,7340.00000000001,1187,11062,NA,NA
"subtlex_uk",8,22770,"bigram","LE","token",21140,82905.9999999997,35297,27948.9999999999,82507.9999999998,72913.0000000001,122346,NA,NA
"subtlex_uk",8,22770,"bigram","LF","token",0,108.000000000001,1455,458,323.000000000001,92.0000000000004,41825.9999999998,NA,NA
"subtlex_uk",8,22770,"bigram","LG","token",0,203.999999999999,1827,166,325.000000000001,16,5.99999999999995,NA,NA
"subtlex_uk",8,22770,"bigram","LH","token",0,53.0000000000002,219,207.000000000001,2.99999999999998,8.99999999999991,0,NA,NA
"subtlex_uk",8,22770,"bigram","LI","token",25652.9999999999,43581.0000000002,106697,72422,132326,15458,2634.00000000001,NA,NA
"subtlex_uk",8,22770,"bigram","LJ","token",25.0000000000001,0,8.0000000000001,10.0000000000001,0,0,0,NA,NA
"subtlex_uk",8,22770,"bigram","LK","token",2.99999999999998,154,1588.00000000001,1022,12.9999999999999,107.000000000001,1430,NA,NA
"subtlex_uk",8,22770,"bigram","LL","token",983.000000000008,10615,67905.0000000002,20629,15284,162405.000000001,61160.0000000003,NA,NA
"subtlex_uk",8,22770,"bigram","LM","token",0,1126.00000000001,1507.00000000001,1448,205.000000000001,43,194.000000000001,NA,NA
"subtlex_uk",8,22770,"bigram","LN","token",0,8.99999999999999,20,304,293.999999999998,13.0000000000001,0,NA,NA
"subtlex_uk",8,22770,"bigram","LO","token",20132.0000000001,26192,17827.0000000001,31166,29493.9999999999,6746,1065,NA,NA
"subtlex_uk",8,22770,"bigram","LP","token",0,883.000000000004,3526.00000000001,1651,391.000000000002,352.000000000002,0,NA,NA
"subtlex_uk",8,22770,"bigram","LQ","token",0,0,0,6.99999999999993,0,0,0,NA,NA
"subtlex_uk",8,22770,"bigram","LR","token",0,15.0000000000002,89.9999999999995,2080.00000000001,88.9999999999999,175.999999999999,0,NA,NA
"subtlex_uk",8,22770,"bigram","LS","token",0,194.999999999999,2555.99999999999,2526.00000000001,491.000000000001,27.0000000000002,27311,NA,NA
"subtlex_uk",8,22770,"bigram","LT","token",0,31310.0000000001,9737.00000000001,2297.00000000001,4813.99999999998,2418.00000000002,1123,NA,NA
"subtlex_uk",8,22770,"bigram","LU","token",2732,8471.00000000002,15247.0000000001,11368.0000000001,10111,2195.00000000001,98.9999999999996,NA,NA
"subtlex_uk",8,22770,"bigram","LV","token",0,69.0000000000001,1232,600.999999999996,31668.9999999999,421.999999999997,0,NA,NA
"subtlex_uk",8,22770,"bigram","LW","token",0,24,91.9999999999998,3904.00000000003,35.9999999999999,0,0,NA,NA
"subtlex_uk",8,22770,"bigram","LX","token",0,0,0,0,0,0,54.0000000000004,NA,NA
"subtlex_uk",8,22770,"bigram","LY","token",388,13847,2400.99999999999,8440.00000000001,629.000000000001,742.000000000001,390940.000000001,NA,NA
"subtlex_uk",8,22770,"bigram","LZ","token",0,0,314,0,0,0,4.00000000000001,NA,NA
"subtlex_uk",8,22770,"bigram","MA","token",96369.0000000001,8909.00000000001,23478,28491.0000000001,27522.9999999998,16889,2119,NA,NA
"subtlex_uk",8,22770,"bigram","MB","token",14.0000000000001,8450,13292,10977,89238.9999999999,412.000000000002,136,NA,NA
"subtlex_uk",8,22770,"bigram","MC","token",7057,0,415.000000000001,25.0000000000002,0,0,0,NA,NA
"subtlex_uk",8,22770,"bigram","MD","token",0,15.9999999999998,6.99999999999993,28.9999999999998,15.0000000000002,0,0,NA,NA
"subtlex_uk",8,22770,"bigram","ME","token",50862,27900.0000000002,141198,22247,36575,27356,23266,NA,NA
"subtlex_uk",8,22770,"bigram","MF","token",0,1.99999999999998,857.999999999999,489.999999999998,0,0,0,NA,NA
"subtlex_uk",8,22770,"bigram","MG","token",0,1.99999999999998,1.99999999999998,61,0,0,0,NA,NA
"subtlex_uk",8,22770,"bigram","MH","token",7.99999999999997,0,33.0000000000001,191,0,0,0,NA,NA
"subtlex_uk",8,22770,"bigram","MI","token",135355,1645,49165.0000000001,28688.0000000001,45134.9999999999,24340,203.000000000001,NA,NA
"subtlex_uk",8,22770,"bigram","MJ","token",0,0,0,0,11.0000000000001,0,0,NA,NA
"subtlex_uk",8,22770,"bigram","MK","token",0,0,25.0000000000001,6.99999999999993,21.9999999999998,0,0,NA,NA
"subtlex_uk",8,22770,"bigram","ML","token",0,0,29,2209.00000000001,29.0000000000001,665.999999999994,0,NA,NA
"subtlex_uk",8,22770,"bigram","MM","token",15.9999999999999,2684.99999999999,13694,11520.9999999999,3486.00000000001,210.999999999999,22.9999999999999,NA,NA
"subtlex_uk",8,22770,"bigram","MN","token",31.0000000000003,59.0000000000002,748.000000000003,568.999999999996,472.999999999998,120,0,NA,NA
"subtlex_uk",8,22770,"bigram","MO","token",59897,4784.99999999999,57424.0000000005,13962,20631.0000000001,2151.00000000001,478.999999999999,NA,NA
"subtlex_uk",8,22770,"bigram","MP","token",0,19615,76981.0000000002,35434,3165.99999999999,767.999999999995,82.0000000000004,NA,NA
"subtlex_uk",8,22770,"bigram","MQ","token",0,0,24.0000000000001,1.99999999999998,0,0,0,NA,NA
"subtlex_uk",8,22770,"bigram","MR","token",0,32.0000000000001,499.999999999999,404.000000000002,0,1.99999999999998,0,NA,NA
"subtlex_uk",8,22770,"bigram","MS","token",1.99999999999998,48.0000000000002,825.999999999995,767.000000000003,4.99999999999996,3.99999999999996,58063.9999999999,NA,NA
"subtlex_uk",8,22770,"bigram","MT","token",0,0,26,106.000000000001,0,0,10.0000000000001,NA,NA
"subtlex_uk",8,22770,"bigram","MU","token",16810.9999999999,1005,752.999999999996,2834.00000000001,668.000000000001,119,36.0000000000002,NA,NA
"subtlex_uk",8,22770,"bigram","MV","token",0,0,1.99999999999998,0,0,0,0,NA,NA
"subtlex_uk",8,22770,"bigram","MW","token",0,0,247.999999999998,2388,1.99999999999998,0,0,NA,NA
"subtlex_uk",8,22770,"bigram","MX","token",0,0,0,0,0,0,0,NA,NA
"subtlex_uk",8,22770,"bigram","MY","token",1105,15.0000000000001,1.99999999999998,514.999999999997,0,54.0000000000004,696.999999999996,NA,NA
"subtlex_uk",8,22770,"bigram","MZ","token",0,0,127.000000000001,38.0000000000001,0,15.0000000000002,0,NA,NA
"subtlex_uk",8,22770,"bigram","NA","token",37969,8319.99999999999,26954,15221,29492,90875.0000000001,4918.99999999999,NA,NA
"subtlex_uk",8,22770,"bigram","NB","token",0,1650,678.999999999997,957.000000000006,405.000000000002,88.9999999999998,0,NA,NA
"subtlex_uk",8,22770,"bigram","NC","token",0,30438.0000000002,27919,29020,14713,107784,4.00000000000001,NA,NA
"subtlex_uk",8,22770,"bigram","ND","token",0,26799.0000000002,50853.0000000002,68021.0000000002,42001.9999999999,16585,90096,NA,NA
"subtlex_uk",8,22770,"bigram","NE","token",10642,3545.00000000001,35246,12265,114114,144744,121018,NA,NA
"subtlex_uk",8,22770,"bigram","NF","token",0,10622,14036,2051.99999999999,555,0,0,NA,NA
"subtlex_uk",8,22770,"bigram","NG","token",0,8115.00000000001,31183.0000000001,34990,32988,43899.9999999999,935961.000000001,NA,NA
"subtlex_uk",8,22770,"bigram","NH","token",0,1747,142,1870,994.000000000004,216,0,NA,NA
"subtlex_uk",8,22770,"bigram","NI","token",7191.00000000002,15032,94836.0000000003,22353,89141.9999999997,6724.99999999998,1574,NA,NA
"subtlex_uk",8,22770,"bigram","NJ","token",0,15442.9999999999,1585,27.0000000000001,13.9999999999999,0,0,NA,NA
"subtlex_uk",8,22770,"bigram","NK","token",0,331,3181.00000000002,62226.9999999999,1311.00000000001,810.999999999997,800.000000000003,NA,NA
"subtlex_uk",8,22770,"bigram","NL","token",0,6125.99999999995,1400.00000000001,4212,917.999999999998,15837.0000000001,0,NA,NA
"subtlex_uk",8,22770,"bigram","NM","token",0,658.999999999999,443.000000000003,708.999999999996,7.99999999999992,40.0000000000004,0,NA,NA
"subtlex_uk",8,22770,"bigram","NN","token",1.99999999999998,11233,12994,32716.9999999999,3104,2227,591.999999999999,NA,NA
"subtlex_uk",8,22770,"bigram","NO","token",57251,17083.0000000001,25501,21142,3611.99999999999,4672.99999999997,799.999999999999,NA,NA
"subtlex_uk",8,22770,"bigram","NP","token",0,293.000000000001,1112,426.000000000002,0,0,0,NA,NA
"subtlex_uk",8,22770,"bigram","NQ","token",0,326.000000000001,657.999999999998,558.999999999999,33.0000000000004,0,0,NA,NA
"subtlex_uk",8,22770,"bigram","NR","token",0,525.999999999998,127.000000000001,202.999999999999,17.0000000000001,502.000000000003,0,NA,NA
"subtlex_uk",8,22770,"bigram","NS","token",0,27546,51014.9999999999,11560,12395,14327,89498.0000000001,NA,NA
"subtlex_uk",8,22770,"bigram","NT","token",0,77837.0000000001,52122,61593.9999999998,47930,53548.0000000002,104099,NA,NA
"subtlex_uk",8,22770,"bigram","NU","token",4670,969.999999999996,2089,192.000000000001,1746.99999999999,20641.9999999999,13,NA,NA
"subtlex_uk",8,22770,"bigram","NV","token",0,45507.9999999998,5144.00000000004,465.999999999999,0,0,0,NA,NA
"subtlex_uk",8,22770,"bigram","NW","token",0,1366,150,6289.99999999997,63.9999999999996,4.99999999999996,0,NA,NA
"subtlex_uk",8,22770,"bigram","NX","token",0,1.99999999999998,1.99999999999998,0,12.0000000000001,0,4.99999999999995,NA,NA
"subtlex_uk",8,22770,"bigram","NY","token",20.0000000000001,119574,343,474.000000000001,67.0000000000005,162.999999999999,10059.0000000001,NA,NA
"subtlex_uk",8,22770,"bigram","NZ","token",0,380,896,193,546.000000000001,161,1.99999999999998,NA,NA
"subtlex_uk",8,22770,"bigram","OA","token",157.999999999999,8871,4502.99999999998,479.999999999999,15797,5424.99999999999,136.000000000001,NA,NA
"subtlex_uk",8,22770,"bigram","OB","token",8067.99999999999,9312.99999999998,110556.999999999,1194,241.000000000001,2657.00000000002,48.0000000000003,NA,NA
"subtlex_uk",8,22770,"bigram","OC","token",9918.00000000005,23977.0000000001,15782,12315,3321.00000000001,2793,2.99999999999998,NA,NA
"subtlex_uk",8,22770,"bigram","OD","token",316.999999999998,4002.00000000001,35986.0000000001,3701,5027.00000000001,40716.9999999998,6505.99999999999,NA,NA
"subtlex_uk",8,22770,"bigram","OE","token",5.99999999999995,797.000000000001,214.000000000001,413.999999999997,74.9999999999995,9457.00000000006,129,NA,NA
"subtlex_uk",8,22770,"bigram","OF","token",31033,2115,3793.00000000002,254,137,5104.00000000001,34.9999999999999,NA,NA
"subtlex_uk",8,22770,"bigram","OG","token",6.00000000000005,82515.9999999998,11262.0000000001,3058.99999999999,4247.00000000002,1573.00000000001,2944.00000000001,NA,NA
"subtlex_uk",8,22770,"bigram","OH","token",1046,4004.00000000001,80.0000000000005,756.999999999994,39.0000000000002,212.999999999998,692.999999999994,NA,NA
"subtlex_uk",8,22770,"bigram","OI","token",262.999999999999,6490,2244.00000000001,792.000000000002,4314.99999999999,3318.00000000001,71.9999999999999,NA,NA
"subtlex_uk",8,22770,"bigram","OJ","token",0,30,5066.00000000001,9.9999999999999,0,4.00000000000001,0,NA,NA
"subtlex_uk",8,22770,"bigram","OK","token",480.000000000001,190.000000000001,2719,1202,1171,666.000000000005,6571.00000000001,NA,NA
"subtlex_uk",8,22770,"bigram","OL","token",11276,94491,13923.9999999999,51167.9999999999,12430,11323,1444.00000000001,NA,NA
"subtlex_uk",8,22770,"bigram","OM","token",1891,175024,20726,14303.9999999999,28537,22564.0000000001,20071,NA,NA
"subtlex_uk",8,22770,"bigram","ON","token",778.999999999998,141068,23083,30160,79042,130450,309701.000000001,NA,NA
"subtlex_uk",8,22770,"bigram","OO","token",73.0000000000002,54865.0000000004,19276,1419,15288,37194,4256.99999999999,NA,NA
"subtlex_uk",8,22770,"bigram","OP","token",19535,5957.00000000003,94706.0000000007,25167.9999999999,1289,7468,5479.99999999998,NA,NA
"subtlex_uk",8,22770,"bigram","OQ","token",0,61.9999999999999,210,2.99999999999998,0,0,0,NA,NA
"subtlex_uk",8,22770,"bigram","OR","token",32177.0000000001,130831,37010.0000000001,105864,33112,51460.9999999999,35108.0000000001,NA,NA
"subtlex_uk",8,22770,"bigram","OS","token",482.999999999998,130218,11217,17291,32055.9999999998,3867,2199,NA,NA
"subtlex_uk",8,22770,"bigram","OT","token",63.0000000000002,20507.0000000001,131374,13547,2992.99999999999,4385,3808,NA,NA
"subtlex_uk",8,22770,"bigram","OU","token",9677.99999999998,108466,35019.0000000001,19186.0000000001,45724.0000000001,71326.9999999999,205,NA,NA
"subtlex_uk",8,22770,"bigram","OV","token",13122,31807.0000000001,12830,9868.99999999994,21958,784,352,NA,NA
"subtlex_uk",8,22770,"bigram","OW","token",1.99999999999998,24014,9649.00000000002,11080,15131,6768.00000000002,45008.0000000005,NA,NA
"subtlex_uk",8,22770,"bigram","OX","token",406.000000000004,258.000000000001,118.000000000001,530.000000000002,33.0000000000001,2.99999999999998,1558,NA,NA
"subtlex_uk",8,22770,"bigram","OY","token",33.0000000000004,1102,231.999999999999,12179,6594.00000000001,647.000000000004,613,NA,NA
"subtlex_uk",8,22770,"bigram","OZ","token",0,56.9999999999998,10,6791.00000000003,95.0000000000005,141,0,NA,NA
"subtlex_uk",8,22770,"bigram","PA","token",69916.0000000001,5164.99999999998,23877.9999999999,44711.0000000004,2880.00000000001,1223.99999999999,396,NA,NA
"subtlex_uk",8,22770,"bigram","PB","token",0,0,3730.99999999999,3417.99999999999,212.999999999998,5.99999999999994,4.00000000000001,NA,NA
"subtlex_uk",8,22770,"bigram","PC","token",0,365.000000000002,685.999999999999,30.9999999999998,14.0000000000001,0,0,NA,NA
"subtlex_uk",8,22770,"bigram","PD","token",0,510.000000000005,4.00000000000001,243.000000000001,253.000000000001,0,0,NA,NA
"subtlex_uk",8,22770,"bigram","PE","token",42768.9999999999,50396.0000000001,40350.9999999998,127283.000000001,35705.9999999999,6621,5922.99999999998,NA,NA
"subtlex_uk",8,22770,"bigram","PF","token",74.9999999999998,0,15.0000000000001,385.000000000002,1.99999999999998,0,6.99999999999993,NA,NA
"subtlex_uk",8,22770,"bigram","PG","token",0,371.000000000002,4.00000000000001,1.99999999999998,0,0,0,NA,NA
"subtlex_uk",8,22770,"bigram","PH","token",10887,534.000000000001,4299.00000000002,15174,955.000000000007,450.000000000002,661.000000000003,NA,NA
"subtlex_uk",8,22770,"bigram","PI","token",21625.9999999999,9595.99999999997,1898,36826.9999999999,77158,1688.00000000001,39.0000000000002,NA,NA
"subtlex_uk",8,22770,"bigram","PJ","token",0,0,0,87.0000000000009,0,0,0,NA,NA
"subtlex_uk",8,22770,"bigram","PK","token",0,0,27.0000000000001,407.999999999998,72.0000000000006,0,0,NA,NA
"subtlex_uk",8,22770,"bigram","PL","token",47567,3763.99999999998,25354.0000000001,31200,4513,3282.99999999999,0,NA,NA
"subtlex_uk",8,22770,"bigram","PM","token",0,369.999999999996,13.9999999999999,413,0,0,0,NA,NA
"subtlex_uk",8,22770,"bigram","PN","token",0,0,296.999999999999,194,334.000000000001,0,0,NA,NA
"subtlex_uk",8,22770,"bigram","PO","token",162339,7313.99999999998,26695,48509.9999999999,5837.00000000002,1295,58,NA,NA
"subtlex_uk",8,22770,"bigram","PP","token",0,42325,82843.0000000002,40758.0000000001,5225,967.999999999996,467.999999999996,NA,NA
"subtlex_uk",8,22770,"bigram","PQ","token",0,0,0,0,0,0,0,NA,NA
"subtlex_uk",8,22770,"bigram","PR","token",368278,4135,21174,18932.0000000002,175.000000000001,0,0,NA,NA
"subtlex_uk",8,22770,"bigram","PS","token",126,11922,1562.00000000001,2203.00000000001,3498.99999999999,3511.00000000004,6735.00000000002,NA,NA
"subtlex_uk",8,22770,"bigram","PT","token",2.99999999999998,2313.99999999999,6833.00000000001,8790.00000000001,7906.99999999999,3646.99999999999,1650,NA,NA
"subtlex_uk",8,22770,"bigram","PU","token",15001,387,4936.99999999997,10421.9999999999,369.999999999998,254.000000000001,0,NA,NA
"subtlex_uk",8,22770,"bigram","PV","token",0,0,0,0,12.0000000000001,0,0,NA,NA
"subtlex_uk",8,22770,"bigram","PW","token",77.0000000000004,65.0000000000003,362.000000000001,190,0,0,0,NA,NA
"subtlex_uk",8,22770,"bigram","PX","token",0,0,0,0,0,0,0,NA,NA
"subtlex_uk",8,22770,"bigram","PY","token",693.999999999998,70.0000000000003,2275.00000000002,482.999999999998,4.99999999999995,0,10.9999999999999,NA,NA
"subtlex_uk",8,22770,"bigram","PZ","token",0,0,0,0,0,0,0,NA,NA
"subtlex_uk",8,22770,"bigram","QA","token",1.99999999999998,0,1.99999999999998,2112.00000000001,1.99999999999998,0,0,NA,NA
"subtlex_uk",8,22770,"bigram","QB","token",0,0,0,0,0,0,0,NA,NA
"subtlex_uk",8,22770,"bigram","QC","token",0,0,0,0,0,0,0,NA,NA
"subtlex_uk",8,22770,"bigram","QD","token",0,0,0,0,0,0,0,NA,NA
"subtlex_uk",8,22770,"bigram","QE","token",0,0,1.99999999999998,0,0,0,0,NA,NA
"subtlex_uk",8,22770,"bigram","QF","token",0,0,0,0,0,0,0,NA,NA
"subtlex_uk",8,22770,"bigram","QG","token",0,0,0,0,0,0,0,NA,NA
"subtlex_uk",8,22770,"bigram","QH","token",0,0,0,0,8.0000000000001,0,0,NA,NA
"subtlex_uk",8,22770,"bigram","QI","token",33.0000000000004,0,0,0,0,0,1.99999999999998,NA,NA
"subtlex_uk",8,22770,"bigram","QJ","token",0,0,0,0,0,0,0,NA,NA
"subtlex_uk",8,22770,"bigram","QK","token",0,0,0,0,0,0,0,NA,NA
"subtlex_uk",8,22770,"bigram","QL","token",0,0,0,0,0,0,0,NA,NA
"subtlex_uk",8,22770,"bigram","QM","token",0,0,0,0,0,0,0,NA,NA
"subtlex_uk",8,22770,"bigram","QN","token",0,0,0,0,0,0,0,NA,NA
"subtlex_uk",8,22770,"bigram","QO","token",0,0,0,0,0,0,0,NA,NA
"subtlex_uk",8,22770,"bigram","QP","token",0,0,0,0,0,0,0,NA,NA
"subtlex_uk",8,22770,"bigram","QQ","token",0,0,0,0,0,0,0,NA,NA
"subtlex_uk",8,22770,"bigram","QR","token",0,0,0,0,0,0,0,NA,NA
"subtlex_uk",8,22770,"bigram","QS","token",0,0,0,0,0,0,0,NA,NA
"subtlex_uk",8,22770,"bigram","QT","token",0,0,0,0,0,0,0,NA,NA
"subtlex_uk",8,22770,"bigram","QU","token",89832.0000000007,13166,12777,5222.99999999999,9217.00000000005,1339,0,NA,NA
"subtlex_uk",8,22770,"bigram","QV","token",0,0,0,0,0,0,0,NA,NA
"subtlex_uk",8,22770,"bigram","QW","token",0,0,0,0,0,0,0,NA,NA
"subtlex_uk",8,22770,"bigram","QX","token",0,0,0,0,0,0,0,NA,NA
"subtlex_uk",8,22770,"bigram","QY","token",0,0,0,0,0,0,0,NA,NA
"subtlex_uk",8,22770,"bigram","QZ","token",0,0,0,0,0,0,0,NA,NA
"subtlex_uk",8,22770,"bigram","RA","token",13124,105818,78143,25368,58832,15883.0000000001,2261,NA,NA
"subtlex_uk",8,22770,"bigram","RB","token",0,540.000000000002,6097.00000000001,1089,2149,281.000000000001,54.9999999999996,NA,NA
"subtlex_uk",8,22770,"bigram","RC","token",0,1560.00000000001,19628,16241.0000000001,4611.99999999999,14951,0,NA,NA
"subtlex_uk",8,22770,"bigram","RD","token",0,9457.99999999996,18509,9156,24963.9999999999,11032,38058,NA,NA
"subtlex_uk",8,22770,"bigram","RE","token",312824,185619,65392.0000000001,37362.0000000001,75604.0000000002,238209,93351.9999999999,NA,NA
"subtlex_uk",8,22770,"bigram","RF","token",0,0,2934.00000000001,770.999999999999,11346,5.99999999999995,50,NA,NA
"subtlex_uk",8,22770,"bigram","RG","token",0,13904.9999999999,34923.9999999999,9015.00000000001,1468,1107,808.000000000002,NA,NA
"subtlex_uk",8,22770,"bigram","RH","token",1845.00000000001,0,248.000000000001,2176,145,1.99999999999998,0,NA,NA
"subtlex_uk",8,22770,"bigram","RI","token",6637.00000000001,113567,42197,101301,151905,27973.9999999999,1239,NA,NA
"subtlex_uk",8,22770,"bigram","RJ","token",0,0,730.999999999997,1.99999999999998,19.9999999999998,0,0,NA,NA
"subtlex_uk",8,22770,"bigram","RK","token",0,205.999999999999,9601,2232.99999999999,1581,1572.00000000001,8571,NA,NA
"subtlex_uk",8,22770,"bigram","RL","token",0,2.99999999999998,6379.99999999997,12545,2350,16067.0000000001,343,NA,NA
"subtlex_uk",8,22770,"bigram","RM","token",0,1573,25688.0000000001,17145.0000000001,11187,2624.99999999999,4844.99999999997,NA,NA
"subtlex_uk",8,22770,"bigram","RN","token",0,413.000000000001,16466.9999999999,17215,27120,13249,34534,NA,NA
"subtlex_uk",8,22770,"bigram","RO","token",23936,292172,57547,38466.0000000001,44548.0000000001,43411.0000000005,707.999999999998,NA,NA
"subtlex_uk",8,22770,"bigram","RP","token",0,337.000000000003,24672.0000000002,2282,409.000000000001,19.0000000000001,43.0000000000001,NA,NA
"subtlex_uk",8,22770,"bigram","RQ","token",0,90.0000000000002,685.000000000006,28.9999999999998,6.00000000000005,0,0,NA,NA
"subtlex_uk",8,22770,"bigram","RR","token",17.9999999999999,15550,87678.0000000003,5793.00000000001,44918.0000000005,933.999999999998,92.9999999999999,NA,NA
"subtlex_uk",8,22770,"bigram","RS","token",0,477.000000000003,28713.9999999999,55721.9999999999,8519.00000000001,7119.99999999997,146214,NA,NA
"subtlex_uk",8,22770,"bigram","RT","token",0,4482.99999999999,68854,41428.9999999998,16225,57725.0000000005,4552,NA,NA
"subtlex_uk",8,22770,"bigram","RU","token",5771,16311,10549,6810.00000000003,3602.00000000002,1622.00000000002,11,NA,NA
"subtlex_uk",8,22770,"bigram","RV","token",0,8.0000000000001,37421.9999999998,1766.99999999999,11256,2393.99999999999,0,NA,NA
"subtlex_uk",8,22770,"bigram","RW","token",15.9999999999998,1.99999999999998,3850.00000000002,606.000000000002,4583.00000000001,0,28.0000000000002,NA,NA
"subtlex_uk",8,22770,"bigram","RX","token",0,0,26.0000000000001,0,0,0,0,NA,NA
"subtlex_uk",8,22770,"bigram","RY","token",42.9999999999999,1151.99999999999,468,80534,134.000000000001,369.000000000002,97533.0000000001,NA,NA
"subtlex_uk",8,22770,"bigram","RZ","token",0,0,344.999999999998,4.99999999999995,17.0000000000001,8.0000000000001,0,NA,NA
"subtlex_uk",8,22770,"bigram","SA","token",37279.9999999999,962.999999999999,17916,11550,12358.0000000001,7799.00000000002,546.999999999998,NA,NA
"subtlex_uk",8,22770,"bigram","SB","token",1.99999999999998,957.999999999994,1133.99999999999,1121.00000000001,493,56.0000000000001,0,NA,NA
"subtlex_uk",8,22770,"bigram","SC","token",109514,2153,21742.0000000001,2603.99999999999,1181,338.000000000001,4.00000000000001,NA,NA
"subtlex_uk",8,22770,"bigram","SD","token",0,0,45,804.000000000003,7025.00000000007,31.0000000000003,0,NA,NA
"subtlex_uk",8,22770,"bigram","SE","token",94044.9999999997,72.0000000000002,48628.0000000001,17997,54673.9999999998,92935.9999999997,97380.0000000006,NA,NA
"subtlex_uk",8,22770,"bigram","SF","token",1.99999999999998,0,69.9999999999999,203.000000000001,3819.99999999999,0,0,NA,NA
"subtlex_uk",8,22770,"bigram","SG","token",0,1.99999999999998,2666.00000000001,219.999999999998,8.0000000000001,0,0,NA,NA
"subtlex_uk",8,22770,"bigram","SH","token",55792.0000000001,1711,5743.99999999999,28412.0000000001,43264.0000000001,153,35894.9999999997,NA,NA
"subtlex_uk",8,22770,"bigram","SI","token",14180,25,138488,89499.9999999997,96177.0000000002,9464.00000000001,225,NA,NA
"subtlex_uk",8,22770,"bigram","SJ","token",0,0,33.0000000000001,11.0000000000001,0,0,0,NA,NA
"subtlex_uk",8,22770,"bigram","SK","token",5936,5.99999999999999,209.000000000001,1378.00000000001,276.000000000001,995.000000000001,146.000000000001,NA,NA
"subtlex_uk",8,22770,"bigram","SL","token",34436.0000000002,590.000000000005,1263,838.999999999999,2959.99999999998,2936.00000000001,0,NA,NA
"subtlex_uk",8,22770,"bigram","SM","token",9956.00000000002,10.9999999999999,1934.99999999999,719.000000000004,3878.00000000001,527,5230.99999999998,NA,NA
"subtlex_uk",8,22770,"bigram","SN","token",7262,6.00000000000005,125,1003.00000000001,8.99999999999991,79.0000000000004,1.99999999999998,NA,NA
"subtlex_uk",8,22770,"bigram","SO","token",80405.9999999999,2838.99999999998,15706,24112.9999999999,9712.00000000002,20100.9999999999,507,NA,NA
"subtlex_uk",8,22770,"bigram","SP","token",70131.0000000001,1115,54233,8306.00000000001,598.999999999997,1.99999999999998,0,NA,NA
"subtlex_uk",8,22770,"bigram","SQ","token",7933.00000000001,2.99999999999998,702.000000000001,10.0000000000001,0,0,0,NA,NA
"subtlex_uk",8,22770,"bigram","SR","token",8.00000000000003,899.99999999999,376.000000000001,388.999999999999,0,0,0,NA,NA
"subtlex_uk",8,22770,"bigram","SS","token",20.0000000000001,14832.0000000001,68520.9999999998,59691.9999999998,11009,1274,124022,NA,NA
"subtlex_uk",8,22770,"bigram","ST","token",219411,12896.9999999999,95318.0000000001,115793.000000001,142168,16559,79096.9999999998,NA,NA
"subtlex_uk",8,22770,"bigram","SU","token",112209,153.999999999999,8815.00000000005,20945,55839.9999999998,316.000000000001,149.999999999999,NA,NA
"subtlex_uk",8,22770,"bigram","SV","token",230.999999999999,8.99999999999999,0,0,0,1.99999999999998,0,NA,NA
"subtlex_uk",8,22770,"bigram","SW","token",19924,110.000000000001,4836.00000000004,2113,39.0000000000001,18,0,NA,NA
"subtlex_uk",8,22770,"bigram","SX","token",0,0,0,0,0,0,0,NA,NA
"subtlex_uk",8,22770,"bigram","SY","token",9054.99999999999,121,194,604.000000000004,4.00000000000001,5.99999999999994,2006.00000000001,NA,NA
"subtlex_uk",8,22770,"bigram","SZ","token",113.000000000001,0,28.9999999999998,2.99999999999998,0,0,10.9999999999999,NA,NA
"subtlex_uk",8,22770,"bigram","TA","token",21648.0000000001,70317,30795.0000000001,57943,56434.9999999999,33178,2694,NA,NA
"subtlex_uk",8,22770,"bigram","TB","token",0,0,2224,28000.0000000003,6.99999999999994,0,0,NA,NA
"subtlex_uk",8,22770,"bigram","TC","token",1.99999999999998,335.999999999998,46204.0000000003,15047,1120,1193,0,NA,NA
"subtlex_uk",8,22770,"bigram","TD","token",0,0,1771.99999999999,657.000000000004,4.99999999999995,0,6.99999999999994,NA,NA
"subtlex_uk",8,22770,"bigram","TE","token",55487.0000000002,12500.0000000001,84805.9999999999,65671.0000000002,48557,239852,110533,NA,NA
"subtlex_uk",8,22770,"bigram","TF","token",2.99999999999998,0,649.000000000001,4952.99999999996,1446,0,0,NA,NA
"subtlex_uk",8,22770,"bigram","TG","token",0,0,786.000000000004,3708.99999999996,2.99999999999998,0,0,NA,NA
"subtlex_uk",8,22770,"bigram","TH","token",93720.0000000001,7630,61174.0000000002,171453,96142.9999999998,5213.99999999999,19324.9999999999,NA,NA
"subtlex_uk",8,22770,"bigram","TI","token",5198,11249,114055,72735.9999999999,469573,36644,2124.00000000001,NA,NA
"subtlex_uk",8,22770,"bigram","TJ","token",0,1.99999999999998,216.999999999999,135,93.0000000000005,6.99999999999993,0,NA,NA
"subtlex_uk",8,22770,"bigram","TK","token",11.9999999999999,427.999999999999,6.00000000000005,0,59.0000000000004,69.9999999999993,0,NA,NA
"subtlex_uk",8,22770,"bigram","TL","token",8.99999999999999,4086.99999999999,1816.00000000001,63918.9999999999,8428.00000000003,56925.0000000002,2.99999999999998,NA,NA
"subtlex_uk",8,22770,"bigram","TM","token",0,0,119,1365,342.999999999999,4.00000000000001,0,NA,NA
"subtlex_uk",8,22770,"bigram","TN","token",0,0,13.9999999999999,4329.00000000003,1270,5.99999999999999,0,NA,NA
"subtlex_uk",8,22770,"bigram","TO","token",137502,9672.99999999996,6605,27814,24486,36432.0000000001,2077.00000000001,NA,NA
"subtlex_uk",8,22770,"bigram","TP","token",0,4.99999999999996,194,630.000000000004,12.0000000000001,0,0,NA,NA
"subtlex_uk",8,22770,"bigram","TQ","token",0,0,1.99999999999998,0,0,0,0,NA,NA
"subtlex_uk",8,22770,"bigram","TR","token",72105.9999999998,92019,13643,35679.0000000001,8483.99999999999,27334.0000000001,1.99999999999998,NA,NA
"subtlex_uk",8,22770,"bigram","TS","token",150.999999999999,0,2356.00000000001,1344,118,40.9999999999999,146850,NA,NA
"subtlex_uk",8,22770,"bigram","TT","token",1.99999999999998,21033,16995,38785.9999999998,5815.00000000001,7843.99999999999,3768.99999999998,NA,NA
"subtlex_uk",8,22770,"bigram","TU","token",4895.00000000002,26168.0000000001,147470.000000001,43526.9999999999,16346,3907.99999999998,224.000000000002,NA,NA
"subtlex_uk",8,22770,"bigram","TV","token",0,0,47.0000000000002,0,0,1.99999999999998,0,NA,NA
"subtlex_uk",8,22770,"bigram","TW","token",5110,0,2170.00000000001,4484.00000000001,28.0000000000001,4.99999999999995,0,NA,NA
"subtlex_uk",8,22770,"bigram","TX","token",0,0,0,0,0,0,0,NA,NA
"subtlex_uk",8,22770,"bigram","TY","token",821.000000000003,507.000000000002,40,1092,665,53.0000000000001,118552,NA,NA
"subtlex_uk",8,22770,"bigram","TZ","token",47.9999999999996,17.0000000000001,53.9999999999999,347.999999999999,220.999999999999,2.99999999999998,443.000000000001,NA,NA
"subtlex_uk",8,22770,"bigram","UA","token",0,8327.00000000001,5952.00000000003,136594.000000001,25001.0000000001,1005.00000000001,36,NA,NA
"subtlex_uk",8,22770,"bigram","UB","token",12,6672.00000000002,3182.00000000001,7869.99999999995,163,76,47.9999999999996,NA,NA
"subtlex_uk",8,22770,"bigram","UC","token",62,6428.00000000001,9324,4273.00000000003,19227,847.000000000003,0,NA,NA
"subtlex_uk",8,22770,"bigram","UD","token",0,37307.0000000001,15945.0000000001,1492,9722.00000000007,8218.99999999999,5.99999999999995,NA,NA
"subtlex_uk",8,22770,"bigram","UE","token",0,85647.0000000007,4459,4205.99999999997,4274,10178,24870.9999999999,NA,NA
"subtlex_uk",8,22770,"bigram","UF","token",5.99999999999999,6223.99999999997,3070.00000000002,206.000000000001,32.9999999999998,238,10.0000000000001,NA,NA
"subtlex_uk",8,22770,"bigram","UG","token",97.0000000000002,5919.00000000003,32568.9999999999,16417,2974.99999999998,26925.0000000001,104,NA,NA
"subtlex_uk",8,22770,"bigram","UH","token",2.99999999999998,1248,31.0000000000001,75.0000000000003,396.000000000004,1.99999999999998,0,NA,NA
"subtlex_uk",8,22770,"bigram","UI","token",4.00000000000001,51026.0000000004,7060.00000000002,9397,12303,1319,29.0000000000001,NA,NA
"subtlex_uk",8,22770,"bigram","UJ","token",0,107.000000000001,36.0000000000003,0,23.0000000000002,13,0,NA,NA
"subtlex_uk",8,22770,"bigram","UK","token",134.000000000001,288.000000000001,31.9999999999999,37.9999999999998,272.000000000002,105,52.9999999999998,NA,NA
"subtlex_uk",8,22770,"bigram","UL","token",4819.99999999997,17446,5557,23527.9999999999,6865,4635.99999999997,31441.0000000001,NA,NA
"subtlex_uk",8,22770,"bigram","UM","token",1604.99999999999,11916,5991.00000000001,17942.9999999999,7136.99999999996,1395.00000000001,7887.99999999999,NA,NA
"subtlex_uk",8,22770,"bigram","UN","token",29512.9999999999,42215.0000000003,52561.9999999998,2678.99999999999,10513,6687.00000000002,89.0000000000003,NA,NA
"subtlex_uk",8,22770,"bigram","UO","token",0,254.999999999999,177.999999999999,26.0000000000001,762.000000000003,52.9999999999997,1.99999999999998,NA,NA
"subtlex_uk",8,22770,"bigram","UP","token",15366,31439.9999999998,1220,2674,145,1157.00000000001,8428,NA,NA
"subtlex_uk",8,22770,"bigram","UQ","token",0,24.9999999999997,103,0,0,0,0,NA,NA
"subtlex_uk",8,22770,"bigram","UR","token",872.000000000004,91915.0000000001,62921.9999999999,57576.9999999998,58209.0000000001,74131.9999999999,6347.99999999999,NA,NA
"subtlex_uk",8,22770,"bigram","US","token",148.000000000001,83944,11384,34313.0000000002,9572.99999999999,6424.00000000003,72349.9999999999,NA,NA
"subtlex_uk",8,22770,"bigram","UT","token",418.999999999998,17034,15691,15589.0000000001,13936.9999999999,14878,7152.00000000001,NA,NA
"subtlex_uk",8,22770,"bigram","UU","token",5.99999999999999,7.99999999999997,17,36.0000000000001,1.99999999999998,0,0,NA,NA
"subtlex_uk",8,22770,"bigram","UV","token",0,686.999999999999,707.999999999994,329.000000000002,44,0,0,NA,NA
"subtlex_uk",8,22770,"bigram","UW","token",2.99999999999998,27.0000000000002,1.99999999999998,0,6.99999999999993,0,0,NA,NA
"subtlex_uk",8,22770,"bigram","UX","token",80.9999999999996,354,534.999999999997,45.9999999999999,2.99999999999998,0,632.000000000004,NA,NA
"subtlex_uk",8,22770,"bigram","UY","token",0,13.9999999999999,6.00000000000005,22,0,6.99999999999999,7.99999999999997,NA,NA
"subtlex_uk",8,22770,"bigram","UZ","token",0,681.000000000004,61.0000000000001,114.000000000001,0,0,45.0000000000002,NA,NA
"subtlex_uk",8,22770,"bigram","VA","token",11212,1252.99999999999,8733.00000000002,6060,6029.99999999999,19333,397.000000000001,NA,NA
"subtlex_uk",8,22770,"bigram","VB","token",0,0,0,0,0,0,0,NA,NA
"subtlex_uk",8,22770,"bigram","VC","token",0,0,0,0,0,0,0,NA,NA
"subtlex_uk",8,22770,"bigram","VD","token",0,0,0,0,0,0,0,NA,NA
"subtlex_uk",8,22770,"bigram","VE","token",11830,82557.9999999999,62292,13844,15220,146627,33365.9999999999,NA,NA
"subtlex_uk",8,22770,"bigram","VF","token",0,0,0,0,0,0,0,NA,NA
"subtlex_uk",8,22770,"bigram","VG","token",0,0,6.00000000000005,0,0,0,0,NA,NA
"subtlex_uk",8,22770,"bigram","VH","token",0,0,0,0,0,0,0,NA,NA
"subtlex_uk",8,22770,"bigram","VI","token",36904.9999999999,25223,17306,59050.9999999998,19365,1215,1.99999999999998,NA,NA
"subtlex_uk",8,22770,"bigram","VJ","token",0,0,0,0,0,0,0,NA,NA
"subtlex_uk",8,22770,"bigram","VK","token",0,0,0,1.99999999999998,0,0,0,NA,NA
"subtlex_uk",8,22770,"bigram","VL","token",850.999999999993,0,16.0000000000001,8.99999999999999,2.99999999999998,0,0,NA,NA
"subtlex_uk",8,22770,"bigram","VM","token",0,0,0,0,0,0,0,NA,NA
"subtlex_uk",8,22770,"bigram","VN","token",0,0,0,1.99999999999998,0,26.0000000000001,4.00000000000001,NA,NA
"subtlex_uk",8,22770,"bigram","VO","token",3632,1868.99999999999,34376.9999999999,6119.00000000005,233.999999999999,890.000000000002,167.999999999999,NA,NA
"subtlex_uk",8,22770,"bigram","VP","token",0,0,0,0,0,0,0,NA,NA
"subtlex_uk",8,22770,"bigram","VQ","token",0,0,0,0,0,0,0,NA,NA
"subtlex_uk",8,22770,"bigram","VR","token",37,0,35.9999999999998,29,0,38.0000000000001,0,NA,NA
"subtlex_uk",8,22770,"bigram","VS","token",0,0,1.99999999999998,1.99999999999998,4.99999999999995,4.00000000000001,10.0000000000001,NA,NA
"subtlex_uk",8,22770,"bigram","VT","token",0,0,0,0,0,0,0,NA,NA
"subtlex_uk",8,22770,"bigram","VU","token",571,1.99999999999998,134.000000000001,6.00000000000005,1.99999999999998,53.0000000000002,0,NA,NA
"subtlex_uk",8,22770,"bigram","VV","token",0,0,78.0000000000002,20.9999999999999,0,0,0,NA,NA
"subtlex_uk",8,22770,"bigram","VW","token",0,0,0,0,0,0,0,NA,NA
"subtlex_uk",8,22770,"bigram","VX","token",0,0,0,0,0,0,0,NA,NA
"subtlex_uk",8,22770,"bigram","VY","token",0,0,8.0000000000001,30.0000000000001,0,6.00000000000005,21.0000000000001,NA,NA
"subtlex_uk",8,22770,"bigram","VZ","token",0,0,0,0,0,0,0,NA,NA
"subtlex_uk",8,22770,"bigram","WA","token",43004.0000000004,2868.00000000001,6138.00000000002,4585.00000000001,16868,11908,64.0000000000003,NA,NA
"subtlex_uk",8,22770,"bigram","WB","token",0,0,157.999999999999,935.000000000002,42.0000000000003,4.99999999999996,0,NA,NA
"subtlex_uk",8,22770,"bigram","WC","token",0,2.99999999999998,460.000000000004,753.000000000005,0,0,0,NA,NA
"subtlex_uk",8,22770,"bigram","WD","token",0,0,479.000000000003,1361.00000000001,29.0000000000003,0,0,NA,NA
"subtlex_uk",8,22770,"bigram","WE","token",17846,7358,12352,5577.00000000004,5472.99999999999,14525,1015.00000000001,NA,NA
"subtlex_uk",8,22770,"bigram","WF","token",0,0,183.000000000001,854.000000000003,417.999999999997,0,0,NA,NA
"subtlex_uk",8,22770,"bigram","WG","token",0,0,32.0000000000002,76.9999999999999,0,0,2.99999999999998,NA,NA
"subtlex_uk",8,22770,"bigram","WH","token",48447.0000000001,0,84.0000000000003,19596.0000000001,2226.99999999999,1.99999999999998,0,NA,NA
"subtlex_uk",8,22770,"bigram","WI","token",26868.0000000001,15403,655,2416.00000000001,16465,262.000000000003,16.0000000000001,NA,NA
"subtlex_uk",8,22770,"bigram","WJ","token",0,0,0,4.99999999999995,8.0000000000001,0,0,NA,NA
"subtlex_uk",8,22770,"bigram","WK","token",0,0,82,0,35,64.9999999999994,63.9999999999998,NA,NA
"subtlex_uk",8,22770,"bigram","WL","token",36.0000000000004,69.0000000000004,477.000000000003,2453.99999999999,115,490.000000000002,142.999999999999,NA,NA
"subtlex_uk",8,22770,"bigram","WM","token",0,0,28.0000000000001,33.9999999999998,0,0,34.0000000000001,NA,NA
"subtlex_uk",8,22770,"bigram","WN","token",0,0,7732.99999999999,4277,1714.00000000001,121,4684.00000000001,NA,NA
"subtlex_uk",8,22770,"bigram","WO","token",20307.0000000001,1461,195.000000000001,3513.00000000001,12865,37.0000000000001,4.99999999999995,NA,NA
"subtlex_uk",8,22770,"bigram","WP","token",0,0,30,35.0000000000001,0,0,0,NA,NA
"subtlex_uk",8,22770,"bigram","WQ","token",0,0,0,0,0,0,0,NA,NA
"subtlex_uk",8,22770,"bigram","WR","token",4695,9.99999999999995,3093.00000000003,259,2.99999999999998,0,37.0000000000001,NA,NA
"subtlex_uk",8,22770,"bigram","WS","token",0,1.99999999999998,1293,1020,134,25.0000000000001,2789.00000000001,NA,NA
"subtlex_uk",8,22770,"bigram","WT","token",0,0,237.999999999999,368.000000000002,9.00000000000002,28.9999999999998,0,NA,NA
"subtlex_uk",8,22770,"bigram","WU","token",72.0000000000005,0,0,12,1.99999999999998,1.99999999999998,0,NA,NA
"subtlex_uk",8,22770,"bigram","WV","token",0,0,0,0,0,0,0,NA,NA
"subtlex_uk",8,22770,"bigram","WW","token",0,1.99999999999998,1.99999999999998,33.0000000000002,5.99999999999999,5.99999999999999,9.99999999999995,NA,NA
"subtlex_uk",8,22770,"bigram","WX","token",0,0,0,0,0,0,0,NA,NA
"subtlex_uk",8,22770,"bigram","WY","token",91.0000000000002,27.9999999999999,28,0,37.0000000000001,51.0000000000001,5.99999999999999,NA,NA
"subtlex_uk",8,22770,"bigram","WZ","token",0,0,0,0,0,0,0,NA,NA
"subtlex_uk",8,22770,"bigram","XA","token",5.99999999999999,4726.00000000001,1533.99999999999,53.9999999999997,29.9999999999998,0,0,NA,NA
"subtlex_uk",8,22770,"bigram","XB","token",0,299.000000000002,36.9999999999999,28.0000000000002,0,0,0,NA,NA
"subtlex_uk",8,22770,"bigram","XC","token",0,24313.0000000001,0,0,0,0,0,NA,NA
"subtlex_uk",8,22770,"bigram","XD","token",0,0,0,0,0,0,0,NA,NA
"subtlex_uk",8,22770,"bigram","XE","token",6.00000000000005,7448.00000000004,23.9999999999999,17.0000000000002,0,299.000000000002,12.0000000000001,NA,NA
"subtlex_uk",8,22770,"bigram","XF","token",0,0,31.0000000000002,1.99999999999998,0,0,0,NA,NA
"subtlex_uk",8,22770,"bigram","XG","token",0,0,75.0000000000006,0,0,0,0,NA,NA
"subtlex_uk",8,22770,"bigram","XH","token",0,434,17,520.999999999997,0,0,0,NA,NA
"subtlex_uk",8,22770,"bigram","XI","token",29.0000000000001,3941.00000000005,1206.00000000001,2062.99999999998,2808.00000000001,701.000000000003,18.9999999999999,NA,NA
"subtlex_uk",8,22770,"bigram","XJ","token",0,0,0,0,0,0,0,NA,NA
"subtlex_uk",8,22770,"bigram","XK","token",0,0,0,0,0,0,0,NA,NA
"subtlex_uk",8,22770,"bigram","XL","token",0,0,0,0,0,0,0,NA,NA
"subtlex_uk",8,22770,"bigram","XM","token",0,0,0,0,0,0,0,NA,NA
"subtlex_uk",8,22770,"bigram","XN","token",0,0,0,0,0,0,0,NA,NA
"subtlex_uk",8,22770,"bigram","XO","token",2.99999999999998,233.000000000001,26.9999999999999,15.9999999999998,25.0000000000002,0,0,NA,NA
"subtlex_uk",8,22770,"bigram","XP","token",0,28545.9999999999,2558.00000000001,8.99999999999996,0,0,0,NA,NA
"subtlex_uk",8,22770,"bigram","XQ","token",0,0,0,0,0,0,0,NA,NA
"subtlex_uk",8,22770,"bigram","XR","token",0,0,0,0,6.00000000000005,0,0,NA,NA
"subtlex_uk",8,22770,"bigram","XS","token",0,0,80.0000000000003,4.99999999999996,36.9999999999999,0,2.99999999999998,NA,NA
"subtlex_uk",8,22770,"bigram","XT","token",0,5979,2672,48.0000000000004,15.9999999999999,64.0000000000006,21.0000000000002,NA,NA
"subtlex_uk",8,22770,"bigram","XU","token",0,27.0000000000003,1324.00000000001,1.99999999999998,136.000000000001,0,0,NA,NA
"subtlex_uk",8,22770,"bigram","XV","token",0,0,1.99999999999998,0,0,0,0,NA,NA
"subtlex_uk",8,22770,"bigram","XW","token",0,0,73.0000000000004,7.99999999999992,0,0,0,NA,NA
"subtlex_uk",8,22770,"bigram","XX","token",0,0,0,0,0,0,0,NA,NA
"subtlex_uk",8,22770,"bigram","XY","token",0,103.000000000001,0,0,0,4.00000000000001,21.0000000000002,NA,NA
"subtlex_uk",8,22770,"bigram","XZ","token",0,0,0,0,0,0,0,NA,NA
"subtlex_uk",8,22770,"bigram","YA","token",813.999999999999,152,1181,500.999999999999,2293.99999999999,689,325,NA,NA
"subtlex_uk",8,22770,"bigram","YB","token",0,247.999999999999,1313,873.999999999998,197,0,0,NA,NA
"subtlex_uk",8,22770,"bigram","YC","token",0,1354.99999999999,258,3545.00000000002,776.000000000004,72.0000000000003,15.0000000000002,NA,NA
"subtlex_uk",8,22770,"bigram","YD","token",0,1307.00000000001,259,88.0000000000002,2598,53.0000000000003,185,NA,NA
"subtlex_uk",8,22770,"bigram","YE","token",3597.99999999999,2451,192.000000000001,102.999999999999,1191,10658,272,NA,NA
"subtlex_uk",8,22770,"bigram","YF","token",0,20,218.000000000001,618.000000000001,30.0000000000001,0,0,NA,NA
"subtlex_uk",8,22770,"bigram","YG","token",0,194,72.0000000000003,136,9.00000000000002,0,0,NA,NA
"subtlex_uk",8,22770,"bigram","YH","token",0,0,11.0000000000001,228.000000000001,9.9999999999999,1.99999999999998,0,NA,NA
"subtlex_uk",8,22770,"bigram","YI","token",155.000000000001,0,9.99999999999991,18.9999999999998,36522.0000000001,12.9999999999999,1.99999999999998,NA,NA
"subtlex_uk",8,22770,"bigram","YJ","token",0,0,0,0,1.99999999999998,0,0,NA,NA
"subtlex_uk",8,22770,"bigram","YK","token",0,6.99999999999993,0,4.00000000000001,12.0000000000001,0,0,NA,NA
"subtlex_uk",8,22770,"bigram","YL","token",0,984.000000000007,2713,851.999999999999,68.0000000000001,86.0000000000004,44,NA,NA
"subtlex_uk",8,22770,"bigram","YM","token",0,6893.99999999999,17368,249,679.999999999998,56.0000000000005,0,NA,NA
"subtlex_uk",8,22770,"bigram","YN","token",1.99999999999998,3145,777.999999999998,114,28.0000000000001,241.000000000001,806.000000000002,NA,NA
"subtlex_uk",8,22770,"bigram","YO","token",44890.9999999999,58.9999999999999,271.999999999999,57,64262.9999999999,1436.00000000001,79.0000000000004,NA,NA
"subtlex_uk",8,22770,"bigram","YP","token",0,1039.99999999999,2418.99999999999,138.000000000001,208.000000000001,21.9999999999999,0,NA,NA
"subtlex_uk",8,22770,"bigram","YQ","token",0,0,0,0,0,0,0,NA,NA
"subtlex_uk",8,22770,"bigram","YR","token",0,1584,131.000000000001,2125.99999999999,129.999999999999,330.999999999998,20,NA,NA
"subtlex_uk",8,22770,"bigram","YS","token",0,1878,7669.99999999999,723.000000000001,5264,907.000000000002,17911.0000000001,NA,NA
"subtlex_uk",8,22770,"bigram","YT","token",0,495.000000000001,101081,488.000000000001,127,64.0000000000003,0,NA,NA
"subtlex_uk",8,22770,"bigram","YU","token",195.000000000001,12,2.99999999999998,0,1.99999999999998,0,0,NA,NA
"subtlex_uk",8,22770,"bigram","YV","token",0,0,0,0,6.99999999999993,0,0,NA,NA
"subtlex_uk",8,22770,"bigram","YW","token",0,0,19314.0000000001,220.999999999999,338.000000000001,0,0,NA,NA
"subtlex_uk",8,22770,"bigram","YX","token",0,0,0,0,18.9999999999999,0,16,NA,NA
"subtlex_uk",8,22770,"bigram","YY","token",0,0,0,6.00000000000005,0,0,0,NA,NA
"subtlex_uk",8,22770,"bigram","YZ","token",0,0,16.0000000000001,0,10.0000000000001,0,0,NA,NA
"subtlex_uk",8,22770,"bigram","ZA","token",408,83.9999999999999,276.000000000002,1166,429.999999999998,177,157.000000000001,NA,NA
"subtlex_uk",8,22770,"bigram","ZB","token",8.0000000000001,0,11.0000000000001,216.000000000001,0,0,0,NA,NA
"subtlex_uk",8,22770,"bigram","ZC","token",0,60.0000000000004,0,31.9999999999998,0,0,0,NA,NA
"subtlex_uk",8,22770,"bigram","ZD","token",0,0,0,0,2.99999999999998,0,0,NA,NA
"subtlex_uk",8,22770,"bigram","ZE","token",351.000000000004,53.0000000000002,883.999999999997,242.000000000001,4290.99999999997,2717.99999999998,886,NA,NA
"subtlex_uk",8,22770,"bigram","ZF","token",0,0,0,0,0,0,0,NA,NA
"subtlex_uk",8,22770,"bigram","ZG","token",0,0,0,0,0,0,0,NA,NA
"subtlex_uk",8,22770,"bigram","ZH","token",13,0,0,79.0000000000003,31.0000000000001,0,0,NA,NA
"subtlex_uk",8,22770,"bigram","ZI","token",1013.00000000001,5.99999999999999,534.000000000002,777.999999999996,9635.99999999999,513.000000000002,1017.99999999999,NA,NA
"subtlex_uk",8,22770,"bigram","ZJ","token",0,0,0,18.9999999999999,0,0,0,NA,NA
"subtlex_uk",8,22770,"bigram","ZK","token",0,0,0,2.99999999999998,11.9999999999999,20,0,NA,NA
"subtlex_uk",8,22770,"bigram","ZL","token",0,0,0,1510,291.000000000001,200,0,NA,NA
"subtlex_uk",8,22770,"bigram","ZM","token",0,0,6.00000000000005,4.99999999999995,6.99999999999999,0,0,NA,NA
"subtlex_uk",8,22770,"bigram","ZN","token",0,15.0000000000002,0,8.99999999999996,0,2.99999999999998,0,NA,NA
"subtlex_uk",8,22770,"bigram","ZO","token",75.9999999999993,0,55.9999999999996,223.000000000001,6853.00000000003,134,81.0000000000001,NA,NA
"subtlex_uk",8,22770,"bigram","ZP","token",0,0,40.9999999999999,0,31.0000000000003,0,0,NA,NA
"subtlex_uk",8,22770,"bigram","ZQ","token",0,0,0,0,0,0,0,NA,NA
"subtlex_uk",8,22770,"bigram","ZR","token",0,0,0,0,0,0,0,NA,NA
"subtlex_uk",8,22770,"bigram","ZS","token",0,0,0,0,0,0,0,NA,NA
"subtlex_uk",8,22770,"bigram","ZT","token",0,0,0,0,0,0,0,NA,NA
"subtlex_uk",8,22770,"bigram","ZU","token",129.000000000001,0,39.0000000000003,279,10,0,0,NA,NA
"subtlex_uk",8,22770,"bigram","ZV","token",0,0,0,25.0000000000001,0,0,0,NA,NA
"subtlex_uk",8,22770,"bigram","ZW","token",0,0,0,73.0000000000002,0,0,0,NA,NA
"subtlex_uk",8,22770,"bigram","ZX","token",0,0,0,0,0,0,0,NA,NA
"subtlex_uk",8,22770,"bigram","ZY","token",4.00000000000001,0,143.000000000001,98.9999999999999,0,4.00000000000001,28.9999999999998,NA,NA
"subtlex_uk",8,22770,"bigram","ZZ","token",2.99999999999998,6.99999999999999,1868,1697,233,72.0000000000003,628.000000000006,NA,NA
"subtlex_uk",9,17911,"bigram","AA","token",181,206,173.999999999999,160,157,197,113,41,NA
"subtlex_uk",9,17911,"bigram","AB","token",8921.00000000003,2680,6011.00000000001,4639.99999999998,7442.99999999997,34901,34.9999999999999,0,NA
"subtlex_uk",9,17911,"bigram","AC","token",24296.0000000001,21767,23616,8462.99999999996,29267,9357.99999999999,15431.0000000001,75,NA
"subtlex_uk",9,17911,"bigram","AD","token",27032.0000000001,4836.00000000001,23148,6034.00000000002,6441.00000000001,2627,4501,3210,NA
"subtlex_uk",9,17911,"bigram","AE","token",2461.99999999999,613,205,37.0000000000001,754.000000000001,46.9999999999999,99.0000000000005,292.000000000002,NA
"subtlex_uk",9,17911,"bigram","AF","token",28201,1222,2594,261.000000000001,227.000000000001,355.000000000001,558.999999999998,114,NA
"subtlex_uk",9,17911,"bigram","AG","token",9803.99999999998,4148.00000000001,8797,1928.99999999999,8176.99999999999,14581,20406.0000000001,182,NA
"subtlex_uk",9,17911,"bigram","AH","token",35,166.000000000001,165,192.999999999999,43.0000000000001,285.999999999998,383.999999999997,458.999999999999,NA
"subtlex_uk",9,17911,"bigram","AI","token",899,11705,17686,11107.0000000001,56647.9999999997,12499,8187.00000000003,41.0000000000001,NA
"subtlex_uk",9,17911,"bigram","AJ","token",1.99999999999998,193.000000000001,0,1.99999999999998,9.99999999999989,113.000000000001,0,0,NA
"subtlex_uk",9,17911,"bigram","AK","token",110,3534,754.000000000004,11881.0000000001,1285,2712,4178,781.999999999999,NA
"subtlex_uk",9,17911,"bigram","AL","token",24250,27984,62488.0000000003,19712,22168,81662.0000000002,35807.0000000001,113712,NA
"subtlex_uk",9,17911,"bigram","AM","token",23779.0000000001,13595,18319,5446.99999999999,6153.00000000003,36705.9999999999,1518,5918.00000000003,NA
"subtlex_uk",9,17911,"bigram","AN","token",21745.0000000001,120227.999999999,42715,49823.0000000002,53931.0000000002,66415,163234.000000001,64399,NA
"subtlex_uk",9,17911,"bigram","AO","token",0,174.000000000001,0,6.99999999999994,6.99999999999993,4.99999999999996,0,0,NA
"subtlex_uk",9,17911,"bigram","AP","token",19882,31118.9999999998,2549,6584.99999999996,8187.00000000001,11930,12188,331.000000000001,NA
"subtlex_uk",9,17911,"bigram","AQ","token",165,15.9999999999999,13,0,0,5.99999999999999,0,0,NA
"subtlex_uk",9,17911,"bigram","AR","token",17231,63643.0000000001,53100,24575,24652,23796.0000000001,62107.9999999997,11487.9999999999,NA
"subtlex_uk",9,17911,"bigram","AS","token",14795,36857.0000000001,14853,14281,70492.9999999996,12390.9999999999,17091.0000000001,31460.0000000003,NA
"subtlex_uk",9,17911,"bigram","AT","token",28601.0000000001,49217,23987,37655.9999999999,102182,56732,71667.9999999998,2633,NA
"subtlex_uk",9,17911,"bigram","AU","token",33394.9999999999,5987.99999999997,57602.0000000001,3436.99999999999,1270,2793.00000000002,966.999999999997,154.000000000001,NA
"subtlex_uk",9,17911,"bigram","AV","token",15074,30748.0000000004,8559.00000000004,9395.00000000011,1585.00000000001,556.999999999999,1655.99999999999,44.0000000000001,NA
"subtlex_uk",9,17911,"bigram","AW","token",2309.99999999998,969.000000000002,448.000000000002,476.000000000003,520.999999999999,753.999999999995,1551.00000000001,196,NA
"subtlex_uk",9,17911,"bigram","AX","token",46.9999999999998,2943.00000000001,0,5.99999999999995,6.00000000000005,40.9999999999997,47.0000000000003,22,NA
"subtlex_uk",9,17911,"bigram","AY","token",446.000000000003,697,1988.99999999998,475.000000000001,2580.00000000001,2935.00000000001,3275.99999999999,31160.0000000002,NA
"subtlex_uk",9,17911,"bigram","AZ","token",6.99999999999994,943.999999999999,3357.00000000003,1535,126.000000000001,477,62.0000000000002,6.99999999999993,NA
"subtlex_uk",9,17911,"bigram","BA","token",43819.0000000001,3684.00000000001,4288.00000000001,2532.00000000001,2877,5801.00000000002,529,82.9999999999995,NA
"subtlex_uk",9,17911,"bigram","BB","token",0,74,827.000000000003,493,2594.99999999999,51,43.0000000000002,0,NA
"subtlex_uk",9,17911,"bigram","BC","token",0,1.99999999999998,441,4.00000000000001,0,0,0,0,NA
"subtlex_uk",9,17911,"bigram","BD","token",0,789,10.0000000000001,0,29.9999999999998,4.99999999999995,0,0,NA
"subtlex_uk",9,17911,"bigram","BE","token",94726.0000000001,463.000000000004,6633.00000000002,3387.00000000001,4857,13124,19856.0000000001,2042.00000000001,NA
"subtlex_uk",9,17911,"bigram","BF","token",0,1.99999999999998,0,2.99999999999998,0,0,0,0,NA
"subtlex_uk",9,17911,"bigram","BG","token",0,0,21,0,4.99999999999996,1.99999999999998,1.99999999999998,1.99999999999998,NA
"subtlex_uk",9,17911,"bigram","BH","token",15,130.000000000001,0,305.000000000001,0,0,0,0,NA
"subtlex_uk",9,17911,"bigram","BI","token",3731,862.00000000001,6161.00000000003,6294.00000000002,2116,4021.99999999999,1554,0,NA
"subtlex_uk",9,17911,"bigram","BJ","token",0,2298.00000000002,483.000000000004,0,4.99999999999995,0,0,0,NA
"subtlex_uk",9,17911,"bigram","BK","token",0,0,8.0000000000001,0,0,0,0,0,NA
"subtlex_uk",9,17911,"bigram","BL","token",13370,424.000000000001,9528.00000000001,7183.00000000004,6094.99999999999,3675.99999999999,37511,0,NA
"subtlex_uk",9,17911,"bigram","BM","token",0,0,2115.99999999999,0,0,0,0,0,NA
"subtlex_uk",9,17911,"bigram","BN","token",0,191.999999999998,17.0000000000001,1.99999999999998,52,0,0,0,NA
"subtlex_uk",9,17911,"bigram","BO","token",16654.9999999999,1246.00000000001,1121,5057,5521.99999999998,53675.9999999996,5130.00000000004,20.0000000000001,NA
"subtlex_uk",9,17911,"bigram","BP","token",0,1.99999999999998,6.00000000000005,10.0000000000001,0,0,0,0,NA
"subtlex_uk",9,17911,"bigram","BQ","token",0,0,0,0,0,0,0,0,NA
"subtlex_uk",9,17911,"bigram","BR","token",74575.0000000001,128,4979,6562.99999999997,15288.9999999999,286.000000000002,18.0000000000002,0,NA
"subtlex_uk",9,17911,"bigram","BS","token",0,5517.99999999999,3697,609.999999999998,310.999999999998,0,1.99999999999998,131.000000000001,NA
"subtlex_uk",9,17911,"bigram","BT","token",0,184.999999999998,376.000000000001,204,5.99999999999994,101,0,0,NA
"subtlex_uk",9,17911,"bigram","BU","token",14627.9999999999,839.999999999993,7209.99999999994,1919.00000000001,9494.99999999998,3998.00000000001,428,0,NA
"subtlex_uk",9,17911,"bigram","BV","token",0,43628.9999999999,24.0000000000001,1.99999999999998,0,0,0,0,NA
"subtlex_uk",9,17911,"bigram","BW","token",0,0,13.0000000000001,44.9999999999995,0,0,0,0,NA
"subtlex_uk",9,17911,"bigram","BX","token",0,0,0,0,0,0,0,0,NA
"subtlex_uk",9,17911,"bigram","BY","token",459.999999999999,74.0000000000005,268.000000000001,233.000000000001,123,4.99999999999995,145.000000000001,266.000000000001,NA
"subtlex_uk",9,17911,"bigram","BZ","token",2.99999999999998,0,0,4.00000000000001,2.99999999999998,0,0,0,NA
"subtlex_uk",9,17911,"bigram","CA","token",53266,3891,10993,31339,36480,28632.0000000001,45210.9999999997,1271,NA
"subtlex_uk",9,17911,"bigram","CB","token",0,4.99999999999995,4.00000000000001,0,0,0,0,0,NA
"subtlex_uk",9,17911,"bigram","CC","token",0,26142.0000000001,3914.99999999999,38.0000000000002,363.000000000002,273.000000000001,113,0,NA
"subtlex_uk",9,17911,"bigram","CD","token",0,579.999999999998,1038,288.000000000002,0,0,0,0,NA
"subtlex_uk",9,17911,"bigram","CE","token",65539.9999999997,3601.00000000001,56155.9999999998,48583,5536.00000000002,2825.00000000001,33090,65863.0000000001,NA
"subtlex_uk",9,17911,"bigram","CF","token",0,74.0000000000003,21.0000000000002,4.00000000000001,0,0,0,0,NA
"subtlex_uk",9,17911,"bigram","CG","token",0,190,231.999999999998,0,0,0,0,0,NA
"subtlex_uk",9,17911,"bigram","CH","token",139519.000000001,4678.00000000001,26118,14402,18856.9999999999,8370.99999999999,3665,5163.00000000001,NA
"subtlex_uk",9,17911,"bigram","CI","token",6112.00000000001,2509.00000000003,20490,9822,38838.0000000001,37190.0000000002,688.000000000002,78.0000000000002,NA
"subtlex_uk",9,17911,"bigram","CJ","token",0,0,0,0,0,0,0,0,NA
"subtlex_uk",9,17911,"bigram","CK","token",0,82.0000000000001,16310,16807,5494.99999999996,703.000000000002,2165.00000000001,9925.99999999999,NA
"subtlex_uk",9,17911,"bigram","CL","token",14106,505.999999999999,28436.9999999998,2701.00000000001,2820.00000000001,4785.99999999999,1653.00000000001,0,NA
"subtlex_uk",9,17911,"bigram","CM","token",0,57.0000000000001,641.999999999998,0,0,0,0,0,NA
"subtlex_uk",9,17911,"bigram","CN","token",0,13.9999999999999,10.0000000000001,0,1.99999999999998,0,0,0,NA
"subtlex_uk",9,17911,"bigram","CO","token",290635,7336.99999999997,53246,22107.9999999999,1474,5671.99999999999,79.0000000000004,1604,NA
"subtlex_uk",9,17911,"bigram","CP","token",0,111.999999999999,2.99999999999998,0,0,0,0,0,NA
"subtlex_uk",9,17911,"bigram","CQ","token",0,601.000000000001,324.999999999999,1.99999999999998,0,0,0,0,NA
"subtlex_uk",9,17911,"bigram","CR","token",24564,9715.00000000004,36368.9999999998,11249.0000000001,19732,1044.99999999999,52.9999999999996,0,NA
"subtlex_uk",9,17911,"bigram","CS","token",0,13.9999999999999,83.0000000000006,0,0,0,4.99999999999995,9829.99999999999,NA
"subtlex_uk",9,17911,"bigram","CT","token",0,3437,19638,27983.9999999999,64029.0000000002,73300.0000000002,7110.99999999999,8199.99999999999,NA
"subtlex_uk",9,17911,"bigram","CU","token",22874.9999999999,3023.00000000002,6298.99999999999,16780.0000000001,2269,52721,831,28.0000000000001,NA
"subtlex_uk",9,17911,"bigram","CV","token",0,0,0,0,0,0,0,0,NA
"subtlex_uk",9,17911,"bigram","CW","token",27.0000000000002,50.9999999999999,0,26.0000000000001,0,0,0,0,NA
"subtlex_uk",9,17911,"bigram","CX","token",0,0,0,4.00000000000001,0,0,0,0,NA
"subtlex_uk",9,17911,"bigram","CY","token",772.000000000004,5.99999999999999,1919.00000000001,59.0000000000003,114,0,8.99999999999991,18466,NA
"subtlex_uk",9,17911,"bigram","CZ","token",2.99999999999998,0,34.0000000000001,0,0,0,0,0,NA
"subtlex_uk",9,17911,"bigram","DA","token",22746.9999999999,334.000000000002,2538.00000000001,5153,10201.0000000001,12742,29952.0000000002,522.000000000001,NA
"subtlex_uk",9,17911,"bigram","DB","token",0,0,355.999999999999,2425.99999999999,1821.00000000001,0,0,0,NA
"subtlex_uk",9,17911,"bigram","DC","token",0,0,656.000000000003,578.000000000003,3366.00000000001,0,0,0,NA
"subtlex_uk",9,17911,"bigram","DD","token",6.99999999999993,5009.99999999998,2153.00000000001,492.000000000001,418,847.999999999998,39.0000000000001,99.0000000000003,NA
"subtlex_uk",9,17911,"bigram","DE","token",132717,1756,13808,68607.9999999998,12996,51313.0000000001,32939,16080,NA
"subtlex_uk",9,17911,"bigram","DF","token",2.99999999999998,0,574.999999999995,571,840.000000000004,1.99999999999998,0,0,NA
"subtlex_uk",9,17911,"bigram","DG","token",0,154.000000000001,3556.00000000001,568.000000000005,83.9999999999999,455.000000000004,17695.0000000001,0,NA
"subtlex_uk",9,17911,"bigram","DH","token",0,65.0000000000003,16.9999999999999,649.000000000001,4418.99999999999,125,0,8.00000000000002,NA
"subtlex_uk",9,17911,"bigram","DI","token",198493,8639.99999999997,17720,30659,15023,76156,2686.00000000001,257.000000000001,NA
"subtlex_uk",9,17911,"bigram","DJ","token",0,1025.00000000001,0,4.99999999999996,31.9999999999998,0,0,0,NA
"subtlex_uk",9,17911,"bigram","DK","token",0,0,11.0000000000001,4.00000000000001,181.000000000002,0,0,0,NA
"subtlex_uk",9,17911,"bigram","DL","token",0,327.000000000004,593.999999999999,10082,1486.00000000001,407,2348,0,NA
"subtlex_uk",9,17911,"bigram","DM","token",0,2272.00000000001,903.000000000001,1023,1592,0,0,0,NA
"subtlex_uk",9,17911,"bigram","DN","token",0,0,7751.99999999996,1886,716.999999999996,68.0000000000006,316.999999999998,0,NA
"subtlex_uk",9,17911,"bigram","DO","token",15197,252,2720,2823.00000000001,6045.00000000002,8232.00000000002,3409,490,NA
"subtlex_uk",9,17911,"bigram","DP","token",0,0,33.0000000000002,220.000000000001,38,0,0,0,NA
"subtlex_uk",9,17911,"bigram","DQ","token",0,0,0,0,0,0,0,0,NA
"subtlex_uk",9,17911,"bigram","DR","token",3173.00000000001,617.000000000006,5532.99999999998,1954.00000000001,5399.00000000002,4724.99999999999,1364,48.9999999999999,NA
"subtlex_uk",9,17911,"bigram","DS","token",0,0,639,13373,2297,555.000000000003,0,48420.0000000001,NA
"subtlex_uk",9,17911,"bigram","DT","token",0,0,6.99999999999999,72.0000000000006,23.0000000000002,6.99999999999993,173,404.000000000003,NA
"subtlex_uk",9,17911,"bigram","DU","token",1847,17923,7510,13496.0000000001,1539.00000000001,9692.00000000009,82.9999999999995,82.9999999999996,NA
"subtlex_uk",9,17911,"bigram","DV","token",0,16999.0000000001,0,52.0000000000001,8.0000000000001,0,0,0,NA
"subtlex_uk",9,17911,"bigram","DW","token",480.000000000002,2456,403,687.000000000002,2443.99999999999,15.9999999999998,0,0,NA
"subtlex_uk",9,17911,"bigram","DX","token",0,0,0,0,0,0,0,0,NA
"subtlex_uk",9,17911,"bigram","DY","token",394,4.99999999999995,627.000000000001,93.0000000000004,101,183.999999999999,5.99999999999995,47966.9999999997,NA
"subtlex_uk",9,17911,"bigram","DZ","token",0,0,0,33.0000000000004,6.00000000000005,0,0,49.0000000000003,NA
"subtlex_uk",9,17911,"bigram","EA","token",1399.99999999999,95068,38904.0000000001,22645,13687,5874.99999999999,15177,1016.00000000001,NA
"subtlex_uk",9,17911,"bigram","EB","token",64,4064,213.999999999999,16044.9999999999,1744,1285.00000000001,23.0000000000001,20,NA
"subtlex_uk",9,17911,"bigram","EC","token",6917.99999999996,104620,31955,52742.0000000002,43439.0000000002,1809.00000000001,9361.99999999998,0,NA
"subtlex_uk",9,17911,"bigram","ED","token",29037.9999999999,23164.9999999999,7411.99999999999,7366.00000000002,8980.00000000002,19719.0000000001,738.000000000001,414823,NA
"subtlex_uk",9,17911,"bigram","EE","token",10.9999999999999,6621.99999999999,9179.99999999997,12128,3200.99999999999,2591.99999999998,8649.00000000001,17816.0000000001,NA
"subtlex_uk",9,17911,"bigram","EF","token",8273.00000000001,20961,6814.00000000002,37174.0000000002,9411.99999999994,62.0000000000001,71.0000000000002,423.999999999997,NA
"subtlex_uk",9,17911,"bigram","EG","token",1089.99999999999,39202.9999999999,1978.99999999998,9388.99999999996,1886.00000000001,2828.00000000002,2634.00000000001,1.99999999999998,NA
"subtlex_uk",9,17911,"bigram","EH","token",0,11707.0000000001,86.0000000000007,2757,6823.00000000003,509.999999999999,0,18.9999999999999,NA
"subtlex_uk",9,17911,"bigram","EI","token",100,9355.00000000001,365.999999999998,4334.00000000003,2891,3506.00000000002,1078.00000000001,47,NA
"subtlex_uk",9,17911,"bigram","EJ","token",58.0000000000004,1154,1011,2.99999999999998,6.00000000000005,4.99999999999996,1.99999999999998,0,NA
"subtlex_uk",9,17911,"bigram","EK","token",23.9999999999998,91.0000000000002,302.999999999999,295.000000000001,99.0000000000002,445.000000000001,5.99999999999994,56.9999999999998,NA
"subtlex_uk",9,17911,"bigram","EL","token",29897,78061,4494.00000000001,45012.9999999998,34896.0000000002,4128,41303,3015.00000000002,NA
"subtlex_uk",9,17911,"bigram","EM","token",27056,33618.0000000001,6528.99999999999,9007.00000000001,48794.9999999999,27800,235.999999999999,2851.00000000002,NA
"subtlex_uk",9,17911,"bigram","EN","token",25849,80647.9999999999,11008,118539,90417.9999999998,86472.0000000004,231352.999999999,31279.0000000001,NA
"subtlex_uk",9,17911,"bigram","EO","token",0,5564.99999999999,643.999999999997,852.999999999996,232.000000000001,744.999999999999,654.999999999996,0,NA
"subtlex_uk",9,17911,"bigram","EP","token",851.000000000002,33127,11008,19915,857.000000000002,327,2178.99999999999,748.999999999999,NA
"subtlex_uk",9,17911,"bigram","EQ","token",8915.00000000001,1730,909.000000000004,5.99999999999999,1162.99999999999,2.99999999999998,0,0,NA
"subtlex_uk",9,17911,"bigram","ER","token",831.999999999997,112196,107228,152083,281220,29626,138013,105498,NA
"subtlex_uk",9,17911,"bigram","ES","token",15058,83723.0000000003,73861.9999999999,47087.9999999999,71600,11315.9999999999,54530.9999999998,232489,NA
"subtlex_uk",9,17911,"bigram","ET","token",1294,23098,3952,261236,39187.9999999998,18993,8147.99999999996,1693.00000000001,NA
"subtlex_uk",9,17911,"bigram","EU","token",2075.99999999999,763.000000000002,783.000000000002,415,1080,272,908,46,NA
"subtlex_uk",9,17911,"bigram","EV","token",51415.9999999997,15011,4422.00000000002,1511,4929,2994,335.999999999998,522.000000000003,NA
"subtlex_uk",9,17911,"bigram","EW","token",0,22637,807,34565.0000000002,4621,53.9999999999998,43.9999999999997,10431,NA
"subtlex_uk",9,17911,"bigram","EX","token",108559,1526.99999999999,5080.00000000003,8.99999999999991,73.0000000000006,228.000000000001,27.0000000000001,381.000000000004,NA
"subtlex_uk",9,17911,"bigram","EY","token",561.000000000007,587.000000000001,572.000000000002,2499.00000000002,1371.00000000001,278,815.000000000004,4635,NA
"subtlex_uk",9,17911,"bigram","EZ","token",0,350.999999999999,0,528.000000000002,823.000000000002,21.0000000000001,8.0000000000001,734.000000000003,NA
"subtlex_uk",9,17911,"bigram","FA","token",96026,35.9999999999998,464.000000000001,1795,1170,10756.0000000001,22.0000000000002,32.0000000000002,NA
"subtlex_uk",9,17911,"bigram","FB","token",0,0,0,228,8.0000000000001,0,0,0,NA
"subtlex_uk",9,17911,"bigram","FC","token",0,0,7.99999999999993,2.99999999999998,276.000000000001,0,0,0,NA
"subtlex_uk",9,17911,"bigram","FD","token",0,0,0,0,8.0000000000001,0,0,1.99999999999998,NA
"subtlex_uk",9,17911,"bigram","FE","token",6892.00000000002,0,35056,118085,3200.99999999999,2796.00000000001,123,2781,NA
"subtlex_uk",9,17911,"bigram","FF","token",4.99999999999996,21807.0000000001,150481,6752.99999999999,765.999999999996,646.999999999995,2977,1359,NA
"subtlex_uk",9,17911,"bigram","FG","token",0,0,0,0,0,0,0,0,NA
"subtlex_uk",9,17911,"bigram","FH","token",0,0,0,32,0,0,0,0,NA
"subtlex_uk",9,17911,"bigram","FI","token",37244.0000000001,2.99999999999998,8615.00000000003,71917.9999999999,12600,22391,131.999999999999,1.99999999999998,NA
"subtlex_uk",9,17911,"bigram","FJ","token",1.99999999999998,0,0,0,0,0,0,0,NA
"subtlex_uk",9,17911,"bigram","FK","token",0,0,0,0,0,0,0,0,NA
"subtlex_uk",9,17911,"bigram","FL","token",6107,6.00000000000005,13733,1837.99999999999,1149,41.9999999999997,3175.99999999997,0,NA
"subtlex_uk",9,17911,"bigram","FM","token",0,0,0,0,8.0000000000001,0,0,0,NA
"subtlex_uk",9,17911,"bigram","FN","token",0,0,0,0,92.9999999999992,1.99999999999998,31.0000000000003,0,NA
"subtlex_uk",9,17911,"bigram","FO","token",39618,18,2597,6063.99999999999,4375.99999999999,14074.9999999999,0,0,NA
"subtlex_uk",9,17911,"bigram","FP","token",0,0,2.99999999999998,470.999999999995,1.99999999999998,4.00000000000001,0,0,NA
"subtlex_uk",9,17911,"bigram","FQ","token",0,0,0,0,0,0,0,0,NA
"subtlex_uk",9,17911,"bigram","FR","token",17258,175,877.000000000004,4883.99999999995,1804,138.000000000001,0,0,NA
"subtlex_uk",9,17911,"bigram","FS","token",0,0,565.999999999998,82.9999999999999,15.9999999999998,45.9999999999998,0,1829.99999999999,NA
"subtlex_uk",9,17911,"bigram","FT","token",0,24381.9999999999,2979.99999999999,1235.00000000001,429.999999999997,236.000000000003,63.9999999999996,3345.99999999999,NA
"subtlex_uk",9,17911,"bigram","FU","token",12975.9999999999,0,513,4680.00000000001,33236.0000000003,612.000000000001,102286,0,NA
"subtlex_uk",9,17911,"bigram","FV","token",0,0,0,0,0,0,0,0,NA
"subtlex_uk",9,17911,"bigram","FW","token",0,0,0,0,0,0,0,0,NA
"subtlex_uk",9,17911,"bigram","FX","token",0,0,0,0,0,0,0,0,NA
"subtlex_uk",9,17911,"bigram","FY","token",0,0,0,18.0000000000001,222.999999999999,25.9999999999998,3.99999999999996,576.000000000002,NA
"subtlex_uk",9,17911,"bigram","FZ","token",0,0,0,0,0,28.0000000000002,0,0,NA
"subtlex_uk",9,17911,"bigram","GA","token",12251,49.0000000000002,13770,4738.99999999999,5299,2658.99999999999,1703,164.000000000001,NA
"subtlex_uk",9,17911,"bigram","GB","token",0,0,140.000000000001,164,72.9999999999999,156,1.99999999999998,0,NA
"subtlex_uk",9,17911,"bigram","GC","token",0,0,3.99999999999996,32.0000000000001,1.99999999999998,0,0,0,NA
"subtlex_uk",9,17911,"bigram","GD","token",0,0,155.999999999999,2.99999999999998,28.0000000000003,25,0,0,NA
"subtlex_uk",9,17911,"bigram","GE","token",42776,6.99999999999999,10498,29015.9999999999,14158,19565.9999999999,14205,72233.0000000005,NA
"subtlex_uk",9,17911,"bigram","GF","token",0,0,32.9999999999998,308,544.000000000004,0,0,0,NA
"subtlex_uk",9,17911,"bigram","GG","token",1.99999999999998,631.999999999999,6075.00000000002,2560.00000000001,4224.00000000001,208,25.0000000000001,12.0000000000001,NA
"subtlex_uk",9,17911,"bigram","GH","token",57.0000000000002,8.99999999999996,16777,12096,10789.0000000001,1537,20315,9681.99999999998,NA
"subtlex_uk",9,17911,"bigram","GI","token",1929,272.000000000001,25571.9999999999,3384,6976.99999999995,14095,3614.00000000001,38.0000000000002,NA
"subtlex_uk",9,17911,"bigram","GJ","token",0,0,0,0,0,0,0,0,NA
"subtlex_uk",9,17911,"bigram","GK","token",0,0,0,0,0,0,0,0,NA
"subtlex_uk",9,17911,"bigram","GL","token",4907.99999999997,33.0000000000002,1782.00000000001,1140.00000000001,2006.00000000001,5246.00000000001,4441.00000000002,2.99999999999998,NA
"subtlex_uk",9,17911,"bigram","GM","token",0,0,251.999999999998,1889.00000000001,50.9999999999995,70.9999999999994,4.00000000000001,145.000000000001,NA
"subtlex_uk",9,17911,"bigram","GN","token",6.99999999999999,676.000000000003,5465.00000000001,5011.99999999998,13549.9999999999,825.000000000002,4957.00000000001,1896.00000000002,NA
"subtlex_uk",9,17911,"bigram","GO","token",7036.00000000003,427.000000000004,2798.99999999998,7712.00000000006,895.999999999998,1263,1192,69.0000000000001,NA
"subtlex_uk",9,17911,"bigram","GP","token",0,0,8.99999999999993,41.0000000000004,0,0,0,0,NA
"subtlex_uk",9,17911,"bigram","GQ","token",0,0,0,6.99999999999993,51.0000000000001,0,0,0,NA
"subtlex_uk",9,17911,"bigram","GR","token",16338,8590.99999999998,3914.99999999999,37650.9999999998,9476.99999999997,458.000000000002,27.0000000000001,8.0000000000001,NA
"subtlex_uk",9,17911,"bigram","GS","token",0,0,117,860.000000000004,6495,19.9999999999998,1.99999999999998,22077,NA
"subtlex_uk",9,17911,"bigram","GT","token",0,0,119.000000000001,107.000000000001,1.99999999999998,2850,52.9999999999996,6.99999999999994,NA
"subtlex_uk",9,17911,"bigram","GU","token",9224.00000000004,29,9700.00000000005,3465.00000000001,2267,2557.00000000001,7061.00000000002,0,NA
"subtlex_uk",9,17911,"bigram","GV","token",0,1.99999999999998,0,2.99999999999998,0,0,0,0,NA
"subtlex_uk",9,17911,"bigram","GW","token",200,0,8.99999999999991,26.9999999999999,15.9999999999998,273.999999999998,0,0,NA
"subtlex_uk",9,17911,"bigram","GX","token",0,0,0,0,0,0,0,0,NA
"subtlex_uk",9,17911,"bigram","GY","token",320.000000000001,864.999999999992,0,64.0000000000002,307.999999999999,15.9999999999999,1.99999999999998,1975,NA
"subtlex_uk",9,17911,"bigram","GZ","token",0,0,13.9999999999999,581.000000000004,43.9999999999996,18,0,1.99999999999998,NA
"subtlex_uk",9,17911,"bigram","HA","token",44781.9999999998,72869.0000000004,12162.0000000001,9392.99999999998,9490,6995,4032,73.0000000000004,NA
"subtlex_uk",9,17911,"bigram","HB","token",0,0,107,423.999999999998,4025.99999999998,6.99999999999993,0,0,NA
"subtlex_uk",9,17911,"bigram","HC","token",0,0,0,385,620.000000000001,0,4.99999999999995,0,NA
"subtlex_uk",9,17911,"bigram","HD","token",0,0,2.99999999999998,1132.00000000001,739.999999999996,0,0,160,NA
"subtlex_uk",9,17911,"bigram","HE","token",16105,23296,18504.9999999999,27975,10439,37990.0000000002,21053,2690.99999999999,NA
"subtlex_uk",9,17911,"bigram","HF","token",0,0,0,301.000000000001,244.000000000001,13,26.0000000000001,0,NA
"subtlex_uk",9,17911,"bigram","HG","token",0,0,0,163,112,0,0,0,NA
"subtlex_uk",9,17911,"bigram","HH","token",0,38.0000000000002,45.0000000000001,94,130,85.9999999999998,121,153,NA
"subtlex_uk",9,17911,"bigram","HI","token",13522,16398,2815,8490.00000000004,1775,261242.999999999,4566,104.000000000001,NA
"subtlex_uk",9,17911,"bigram","HJ","token",0,0,0,6.00000000000005,1.99999999999998,0,0,0,NA
"subtlex_uk",9,17911,"bigram","HK","token",0,0,33.0000000000002,2.99999999999998,74.0000000000002,22,121.000000000001,0,NA
"subtlex_uk",9,17911,"bigram","HL","token",0,196.000000000002,1531.00000000001,4422,2297.00000000001,794.000000000004,336,6.99999999999993,NA
"subtlex_uk",9,17911,"bigram","HM","token",0,15.9999999999999,74.9999999999999,236.999999999999,1042,1025.00000000001,0,83.0000000000003,NA
"subtlex_uk",9,17911,"bigram","HN","token",1.99999999999998,1.99999999999998,1117,9596.00000000001,1569,69.0000000000005,12.0000000000001,2.99999999999998,NA
"subtlex_uk",9,17911,"bigram","HO","token",47365.0000000003,43807,1746,13280.9999999999,10581,19716,2040.00000000001,40.0000000000004,NA
"subtlex_uk",9,17911,"bigram","HP","token",0,0,0,123.999999999999,550.000000000001,26.0000000000001,0,0,NA
"subtlex_uk",9,17911,"bigram","HQ","token",0,0,0,0,0,0,0,0,NA
"subtlex_uk",9,17911,"bigram","HR","token",0,49177.0000000003,238,4802.99999999997,1225.00000000001,428.999999999999,110,0,NA
"subtlex_uk",9,17911,"bigram","HS","token",0,0,0,779.000000000005,281.000000000001,8.0000000000001,2.99999999999998,2560.99999999998,NA
"subtlex_uk",9,17911,"bigram","HT","token",0,2.99999999999998,0,11344,8005.99999999997,10191.0000000001,345,20081,NA
"subtlex_uk",9,17911,"bigram","HU","token",4477,3627.99999999998,51.9999999999997,1377.99999999999,907.000000000005,1186,406.999999999999,495.999999999995,NA
"subtlex_uk",9,17911,"bigram","HV","token",0,0,0,265.000000000002,0,0,0,0,NA
"subtlex_uk",9,17911,"bigram","HW","token",0,71.0000000000005,97.9999999999999,148,3464,0,0,0,NA
"subtlex_uk",9,17911,"bigram","HX","token",0,0,0,0,0,0,0,0,NA
"subtlex_uk",9,17911,"bigram","HY","token",1596.00000000001,841.999999999999,75.0000000000005,74.9999999999995,110,13.9999999999999,4.99999999999995,5704.99999999999,NA
"subtlex_uk",9,17911,"bigram","HZ","token",0,0,0,4.99999999999995,0,0,0,0,NA
"subtlex_uk",9,17911,"bigram","IA","token",8.0000000000001,4794,928.999999999999,8800.99999999997,11254,71103,73348.0000000002,20486,NA
"subtlex_uk",9,17911,"bigram","IB","token",59.0000000000002,4305,675.000000000002,2800.99999999999,1363,17926.0000000001,460,0,NA
"subtlex_uk",9,17911,"bigram","IC","token",2195.00000000002,21242,10572,62187.0000000001,82216.0000000001,48962.9999999997,20478,81236.9999999996,NA
"subtlex_uk",9,17911,"bigram","ID","token",1695,5378.00000000001,2386.00000000001,13113,51526.0000000001,8658.99999999999,10816,1278.00000000001,NA
"subtlex_uk",9,17911,"bigram","IE","token",0,2416,4856.00000000003,9134.99999999999,3451,23507.9999999999,101994,4609,NA
"subtlex_uk",9,17911,"bigram","IF","token",5.99999999999995,148117,1485.99999999999,4571.99999999998,16647,54799.0000000002,2862,10.0000000000001,NA
"subtlex_uk",9,17911,"bigram","IG","token",667.000000000002,27813,9382.99999999999,21022.0000000001,3697.00000000002,21288,2239.00000000002,56,NA
"subtlex_uk",9,17911,"bigram","IH","token",0,43.9999999999999,237.999999999998,17.0000000000001,22,0,0,0,NA
"subtlex_uk",9,17911,"bigram","II","token",0,1.99999999999998,1.99999999999998,20,25.0000000000001,17.9999999999999,1.99999999999998,78.0000000000005,NA
"subtlex_uk",9,17911,"bigram","IJ","token",0,161.999999999998,91.0000000000009,250.000000000002,6.00000000000005,10.0000000000001,0,0,NA
"subtlex_uk",9,17911,"bigram","IK","token",0,789.000000000005,32,212,173,101,1655.99999999999,240,NA
"subtlex_uk",9,17911,"bigram","IL","token",2302,13971,61993,22319,15041,4272.00000000001,17552.9999999999,1404.99999999999,NA
"subtlex_uk",9,17911,"bigram","IM","token",98982.0000000006,11559,8881.00000000003,7730.99999999999,4619.99999999999,38406.0000000003,11158,162.000000000001,NA
"subtlex_uk",9,17911,"bigram","IN","token",149413,49145.0000000001,40588.9999999999,42202.9999999999,68031.0000000001,86764.9999999996,650856,8592.00000000005,NA
"subtlex_uk",9,17911,"bigram","IO","token",0,3058,1522.00000000002,62821.0000000001,22939,126473,210997,2038,NA
"subtlex_uk",9,17911,"bigram","IP","token",2.99999999999998,1753,1828,8856.00000000001,1511,6025,752.999999999999,3384,NA
"subtlex_uk",9,17911,"bigram","IQ","token",0,895,439.000000000001,264.999999999999,155.999999999999,5858.00000000004,0,0,NA
"subtlex_uk",9,17911,"bigram","IR","token",1105,25055.0000000001,5670.00000000002,7120.99999999999,9523.99999999996,3832.00000000001,17137.9999999999,1554.00000000001,NA
"subtlex_uk",9,17911,"bigram","IS","token",2833.00000000001,51286,12639,89410.0000000003,34211,42764,70010.9999999999,4297,NA
"subtlex_uk",9,17911,"bigram","IT","token",220.000000000002,44787.0000000003,17996,47760.9999999998,96102.0000000001,13018,102624,1139,NA
"subtlex_uk",9,17911,"bigram","IU","token",0,29.9999999999999,332.000000000001,4.00000000000001,6.99999999999993,216.000000000001,3677.99999999999,11.0000000000001,NA
"subtlex_uk",9,17911,"bigram","IV","token",11.9999999999999,18790.0000000001,6966,9693.00000000001,11616,6755.99999999999,59963,6.99999999999993,NA
"subtlex_uk",9,17911,"bigram","IW","token",0,3.99999999999996,82,1.99999999999998,461.999999999998,0,36,0,NA
"subtlex_uk",9,17911,"bigram","IX","token",0,513.000000000001,0,5.99999999999995,1.99999999999998,31.0000000000001,0,98.0000000000002,NA
"subtlex_uk",9,17911,"bigram","IY","token",0,58.9999999999995,0,0,0,145.000000000001,6.99999999999993,6.99999999999993,NA
"subtlex_uk",9,17911,"bigram","IZ","token",21.9999999999998,538.999999999997,6228.99999999997,166.000000000001,76.9999999999999,464,778.000000000004,782.000000000006,NA
"subtlex_uk",9,17911,"bigram","JA","token",1002,40.0000000000004,295.999999999999,110,209.999999999999,192.000000000001,135.000000000001,8.99999999999999,NA
"subtlex_uk",9,17911,"bigram","JB","token",0,0,0,0,0,0,0,0,NA
"subtlex_uk",9,17911,"bigram","JC","token",0,1.99999999999998,0,0,0,0,0,0,NA
"subtlex_uk",9,17911,"bigram","JD","token",0,0,1.99999999999998,0,0,0,0,0,NA
"subtlex_uk",9,17911,"bigram","JE","token",8225,18,4687.00000000001,1235,0,227.000000000001,58.0000000000003,0,NA
"subtlex_uk",9,17911,"bigram","JF","token",0,0,0,0,0,0,0,0,NA
"subtlex_uk",9,17911,"bigram","JG","token",0,0,0,0,0,0,0,0,NA
"subtlex_uk",9,17911,"bigram","JH","token",2.99999999999998,0,0,0,0,0,0,0,NA
"subtlex_uk",9,17911,"bigram","JI","token",132,0,38.0000000000003,18.9999999999999,0,4.99999999999995,36.0000000000004,0,NA
"subtlex_uk",9,17911,"bigram","JJ","token",0,0,4.99999999999995,0,0,0,0,0,NA
"subtlex_uk",9,17911,"bigram","JK","token",0,0,0,0,0,0,0,0,NA
"subtlex_uk",9,17911,"bigram","JL","token",0,0,0,0,0,0,0,0,NA
"subtlex_uk",9,17911,"bigram","JM","token",0,0,0,0,0,0,0,0,NA
"subtlex_uk",9,17911,"bigram","JN","token",0,0,0,0,0,0,0,0,NA
"subtlex_uk",9,17911,"bigram","JO","token",2744,1.99999999999998,2615,71,268.999999999999,41.9999999999997,0,1.99999999999998,NA
"subtlex_uk",9,17911,"bigram","JP","token",0,0,4.00000000000001,0,0,0,0,0,NA
"subtlex_uk",9,17911,"bigram","JQ","token",0,0,0,0,0,0,0,0,NA
"subtlex_uk",9,17911,"bigram","JR","token",0,0,0,0,0,0,0,0,NA
"subtlex_uk",9,17911,"bigram","JS","token",0,0,0,91.0000000000009,0,6.00000000000005,0,0,NA
"subtlex_uk",9,17911,"bigram","JT","token",0,0,0,0,0,0,0,0,NA
"subtlex_uk",9,17911,"bigram","JU","token",4358.00000000002,28,1073,1375,297.000000000002,6.99999999999994,15.0000000000002,0,NA
"subtlex_uk",9,17911,"bigram","JV","token",0,0,0,0,0,0,0,0,NA
"subtlex_uk",9,17911,"bigram","JW","token",0,0,0,0,0,0,0,0,NA
"subtlex_uk",9,17911,"bigram","JX","token",0,0,0,0,0,0,0,0,NA
"subtlex_uk",9,17911,"bigram","JY","token",0,0,0,0,0,0,0,0,NA
"subtlex_uk",9,17911,"bigram","JZ","token",0,0,0,0,0,0,0,0,NA
"subtlex_uk",9,17911,"bigram","KA","token",3002.99999999998,36.9999999999998,31.0000000000001,2039,1042,123.000000000001,184.000000000001,269.000000000001,NA
"subtlex_uk",9,17911,"bigram","KB","token",0,0,6.99999999999993,1037.00000000001,1858.00000000001,0,0,0,NA
"subtlex_uk",9,17911,"bigram","KC","token",0,0,0,297.000000000001,4.99999999999996,0,0,0,NA
"subtlex_uk",9,17911,"bigram","KD","token",0,0,0,111,2196.00000000002,0,0,0,NA
"subtlex_uk",9,17911,"bigram","KE","token",679.000000000001,843.999999999998,2349,9088.99999999999,2383.99999999999,1358,5926,4437.99999999999,NA
"subtlex_uk",9,17911,"bigram","KF","token",0,0,0,2146.99999999998,9304.00000000008,0,0,0,NA
"subtlex_uk",9,17911,"bigram","KG","token",0,0,0,0,8.00000000000003,0,0,0,NA
"subtlex_uk",9,17911,"bigram","KH","token",156.000000000001,78.9999999999996,59.0000000000003,927.999999999999,667.000000000001,8.00000000000003,0,1.99999999999998,NA
"subtlex_uk",9,17911,"bigram","KI","token",5099,403,2382.00000000001,2572,2157.00000000001,8756.99999999996,360.000000000001,246,NA
"subtlex_uk",9,17911,"bigram","KJ","token",0,0,0,83.9999999999994,140.000000000001,0,0,0,NA
"subtlex_uk",9,17911,"bigram","KK","token",0,0,6.00000000000005,28.0000000000001,0,4.99999999999995,0,0,NA
"subtlex_uk",9,17911,"bigram","KL","token",111.000000000001,0,5.99999999999994,1748.99999999999,2729,604.000000000002,2.99999999999998,0,NA
"subtlex_uk",9,17911,"bigram","KM","token",0,0,0,278,698.999999999998,0,0,0,NA
"subtlex_uk",9,17911,"bigram","KN","token",12956.0000000001,1.99999999999998,20,1306.00000000001,1247,4.99999999999996,0,0,NA
"subtlex_uk",9,17911,"bigram","KO","token",202.000000000001,28,51.9999999999999,794.000000000005,369.000000000001,256,30.9999999999999,186.000000000001,NA
"subtlex_uk",9,17911,"bigram","KP","token",5.99999999999994,6.99999999999993,27.9999999999998,920.999999999992,4777.99999999999,0,0,0,NA
"subtlex_uk",9,17911,"bigram","KQ","token",0,0,0,0,0,0,0,0,NA
"subtlex_uk",9,17911,"bigram","KR","token",124,317.999999999999,0,283.999999999998,385.999999999996,0,4.99999999999995,0,NA
"subtlex_uk",9,17911,"bigram","KS","token",0,0,6.99999999999993,14300.9999999999,1725,20.0000000000002,8.99999999999991,8350.00000000001,NA
"subtlex_uk",9,17911,"bigram","KT","token",0,0,0,1003,39.9999999999998,20,0,0,NA
"subtlex_uk",9,17911,"bigram","KU","token",159.000000000001,9.00000000000002,438.999999999996,12.0000000000001,13,31.9999999999998,4.00000000000001,0,NA
"subtlex_uk",9,17911,"bigram","KV","token",0,0,0,39.0000000000003,10.0000000000001,0,0,0,NA
"subtlex_uk",9,17911,"bigram","KW","token",0,3.99999999999996,272.000000000002,4115.99999999997,1910.00000000001,1.99999999999998,0,0,NA
"subtlex_uk",9,17911,"bigram","KX","token",0,0,0,0,0,0,0,0,NA
"subtlex_uk",9,17911,"bigram","KY","token",7.99999999999992,475.000000000002,2.99999999999998,145,13.9999999999999,0,1.99999999999998,298,NA
"subtlex_uk",9,17911,"bigram","KZ","token",0,0,0,0,0,0,0,0,NA
"subtlex_uk",9,17911,"bigram","LA","token",19183,29777.9999999999,13387,22515,39616.9999999999,30767,5110.99999999999,3915,NA
"subtlex_uk",9,17911,"bigram","LB","token",0,396.000000000002,1130.00000000001,1074,783.000000000006,787.999999999993,0,100.000000000001,NA
"subtlex_uk",9,17911,"bigram","LC","token",0,1325,3207.00000000001,63.9999999999995,586.000000000003,6.99999999999993,0,0,NA
"subtlex_uk",9,17911,"bigram","LD","token",0,765.000000000004,1408,16518.9999999999,4838.99999999998,107,2101,16609,NA
"subtlex_uk",9,17911,"bigram","LE","token",10879,27525,41064.9999999998,24000.0000000001,81208.0000000003,54171.9999999997,41114.0000000001,73886.9999999999,NA
"subtlex_uk",9,17911,"bigram","LF","token",0,60,4887.00000000002,550.000000000003,958.000000000009,76.0000000000004,10,97.9999999999998,NA
"subtlex_uk",9,17911,"bigram","LG","token",0,114,395,97.9999999999997,501.000000000002,1894.99999999999,6.99999999999994,4.00000000000001,NA
"subtlex_uk",9,17911,"bigram","LH","token",0,1.99999999999998,36.0000000000002,273.000000000001,20.9999999999999,8.0000000000001,0,0,NA
"subtlex_uk",9,17911,"bigram","LI","token",48649.0000000002,11369,73587.9999999999,46904,78279,63540.0000000001,17410,594.000000000002,NA
"subtlex_uk",9,17911,"bigram","LJ","token",26,0,0,4.99999999999995,12.0000000000001,0,0,0,NA
"subtlex_uk",9,17911,"bigram","LK","token",0,131.999999999999,2693.99999999999,23.0000000000001,60.0000000000003,281.000000000001,27.0000000000002,450,NA
"subtlex_uk",9,17911,"bigram","LL","token",823,11053,58385.0000000001,79331.0000000004,38608.9999999998,19105,103670,11447,NA
"subtlex_uk",9,17911,"bigram","LM","token",0,130.999999999999,818.999999999998,830.000000000006,184,114,39.9999999999998,1035,NA
"subtlex_uk",9,17911,"bigram","LN","token",0,0,533.000000000004,0,454,0,35.0000000000002,0,NA
"subtlex_uk",9,17911,"bigram","LO","token",14403,11652,14551,44352.9999999999,19848,6878.00000000002,1218,414.000000000002,NA
"subtlex_uk",9,17911,"bigram","LP","token",0,27,364,4533.00000000003,533,0,21.0000000000002,168.000000000002,NA
"subtlex_uk",9,17911,"bigram","LQ","token",0,0,13.9999999999999,10.0000000000001,0,0,0,0,NA
"subtlex_uk",9,17911,"bigram","LR","token",0,28.0000000000002,73.0000000000004,92.0000000000004,196.000000000002,44.0000000000002,0,0,NA
"subtlex_uk",9,17911,"bigram","LS","token",0,6076.00000000005,688.000000000001,592.000000000002,829.999999999996,1817.99999999999,1.99999999999998,31950.0000000001,NA
"subtlex_uk",9,17911,"bigram","LT","token",0,623.999999999999,3792.99999999999,2704,4874.00000000001,2304.00000000001,712.000000000002,52110,NA
"subtlex_uk",9,17911,"bigram","LU","token",5417.99999999998,5001,13441,33840.9999999998,1802,263.000000000002,1163.99999999999,23,NA
"subtlex_uk",9,17911,"bigram","LV","token",0,86.0000000000006,2170.99999999999,28.0000000000001,3037.00000000003,11768.0000000001,1.99999999999998,0,NA
"subtlex_uk",9,17911,"bigram","LW","token",0,8.00000000000003,155.000000000001,352.000000000001,751.000000000004,14.0000000000001,1.99999999999998,0,NA
"subtlex_uk",9,17911,"bigram","LX","token",0,0,0,0,0,0,0,0,NA
"subtlex_uk",9,17911,"bigram","LY","token",291,898.000000000001,525.000000000001,7381.00000000002,2285.00000000001,242.000000000001,323.000000000002,269133,NA
"subtlex_uk",9,17911,"bigram","LZ","token",0,716.999999999999,0,66.0000000000005,0,0,0,0,NA
"subtlex_uk",9,17911,"bigram","MA","token",37273,4322.00000000002,11661.0000000001,18496,14595,14669,51964.0000000002,910.999999999993,NA
"subtlex_uk",9,17911,"bigram","MB","token",29.9999999999998,15218,15621,2360.00000000001,5775.00000000001,5968.00000000003,1697.00000000001,385.000000000004,NA
"subtlex_uk",9,17911,"bigram","MC","token",3956.99999999998,0,208.999999999999,15.9999999999998,32.0000000000001,0,0,0,NA
"subtlex_uk",9,17911,"bigram","MD","token",0,0,97.0000000000003,0,0,0,0,0,NA
"subtlex_uk",9,17911,"bigram","ME","token",32293.9999999999,17887,288120,7355.99999999999,15189,77601.9999999997,69371.0000000003,44274.9999999999,NA
"subtlex_uk",9,17911,"bigram","MF","token",0,0,164,119.000000000001,0,0,0,0,NA
"subtlex_uk",9,17911,"bigram","MG","token",0,0,4.00000000000001,4.00000000000001,0,0,0,0,NA
"subtlex_uk",9,17911,"bigram","MH","token",0,0,8.0000000000001,1509.00000000001,18,0,0,1.99999999999998,NA
"subtlex_uk",9,17911,"bigram","MI","token",27424,2165,13417,39384,2416,22997,852,102,NA
"subtlex_uk",9,17911,"bigram","MJ","token",0,0,15.0000000000002,0,0,0,0,0,NA
"subtlex_uk",9,17911,"bigram","MK","token",0,0,37.9999999999999,10.0000000000001,0,0,0,0,NA
"subtlex_uk",9,17911,"bigram","ML","token",0,0,441.999999999999,76.9999999999998,176,40.0000000000004,53.0000000000002,0,NA
"subtlex_uk",9,17911,"bigram","MM","token",11.9999999999999,5924.00000000002,55252.0000000001,1321.00000000001,2709.99999999997,593.999999999999,31997.9999999998,6.99999999999993,NA
"subtlex_uk",9,17911,"bigram","MN","token",12.0000000000001,44.0000000000002,416.999999999999,0,525.000000000001,1173.99999999999,3.99999999999996,0,NA
"subtlex_uk",9,17911,"bigram","MO","token",29201.9999999999,7533.00000000001,16891,11211,2215.00000000001,6209.00000000002,196,60,NA
"subtlex_uk",9,17911,"bigram","MP","token",0,98522.0000000005,46649.0000000001,10927,3444.00000000002,309.000000000003,98.0000000000007,275.999999999999,NA
"subtlex_uk",9,17911,"bigram","MQ","token",0,0,0,1.99999999999998,0,0,0,0,NA
"subtlex_uk",9,17911,"bigram","MR","token",0,0,14.9999999999999,92.0000000000004,4.99999999999995,32.0000000000002,0,0,NA
"subtlex_uk",9,17911,"bigram","MS","token",0,689.000000000007,2206.00000000001,773.000000000002,168.999999999999,20,1.99999999999998,7041.99999999998,NA
"subtlex_uk",9,17911,"bigram","MT","token",6.99999999999993,0,2.99999999999998,25,38.9999999999999,173,2.99999999999998,0,NA
"subtlex_uk",9,17911,"bigram","MU","token",9801.99999999998,1241,584.000000000001,29494,101.000000000001,27.0000000000001,39,4.99999999999995,NA
"subtlex_uk",9,17911,"bigram","MV","token",0,0,0,8.0000000000001,0,0,0,0,NA
"subtlex_uk",9,17911,"bigram","MW","token",12.0000000000001,0,17.0000000000001,15,105.000000000001,0,0,0,NA
"subtlex_uk",9,17911,"bigram","MX","token",0,0,0,0,0,0,0,0,NA
"subtlex_uk",9,17911,"bigram","MY","token",2040.00000000001,0,21.0000000000002,33,226.000000000002,8.99999999999991,0,1265,NA
"subtlex_uk",9,17911,"bigram","MZ","token",0,0,0,0,0,0,0,0,NA
"subtlex_uk",9,17911,"bigram","NA","token",7912,4446,26736.0000000001,10048,13978,17222,10295,7441.00000000001,NA
"subtlex_uk",9,17911,"bigram","NB","token",0,477.000000000004,864.999999999998,8931.99999999997,762.000000000001,9.9999999999999,0,0,NA
"subtlex_uk",9,17911,"bigram","NC","token",0,54284.9999999997,35615.9999999999,13183,19816.0000000001,25349,58365.9999999999,33.0000000000003,NA
"subtlex_uk",9,17911,"bigram","ND","token",0,13636,98024.9999999999,20275.0000000001,30828,23029,27969,19842.9999999999,NA
"subtlex_uk",9,17911,"bigram","NE","token",33872.9999999999,3651,20840,21467.9999999999,6463,40476,65957.9999999999,53968.9999999999,NA
"subtlex_uk",9,17911,"bigram","NF","token",1.99999999999998,16094,26054.9999999999,1493,389.000000000002,316.999999999998,0,0,NA
"subtlex_uk",9,17911,"bigram","NG","token",0,5556.99999999998,33119.9999999998,8704,22335.9999999999,11647.0000000001,52803.0000000003,604440,NA
"subtlex_uk",9,17911,"bigram","NH","token",0,4632.99999999998,907.999999999992,921.999999999993,635.000000000001,1460.00000000001,4.00000000000001,0,NA
"subtlex_uk",9,17911,"bigram","NI","token",8699.99999999997,10198,24704,13272.9999999999,32870,145737,6231.00000000001,2116.00000000002,NA
"subtlex_uk",9,17911,"bigram","NJ","token",0,3846.99999999999,215.000000000001,43.0000000000002,0,51.0000000000006,0,0,NA
"subtlex_uk",9,17911,"bigram","NK","token",0,33.9999999999998,1277,1541,1845.00000000001,154.000000000001,746.000000000001,685.000000000003,NA
"subtlex_uk",9,17911,"bigram","NL","token",0,1814.99999999999,101,928.000000000008,826,15.9999999999998,43181.9999999997,0,NA
"subtlex_uk",9,17911,"bigram","NM","token",0,326.999999999999,20.9999999999999,313,330.000000000001,116.999999999999,1.99999999999998,0,NA
"subtlex_uk",9,17911,"bigram","NN","token",0,11981,7707,500.000000000001,21969.9999999999,3566.00000000002,924.999999999996,229.000000000001,NA
"subtlex_uk",9,17911,"bigram","NO","token",9129,15446.0000000001,17476.0000000001,7284.99999999997,4052.99999999999,27286,1201.00000000001,1092,NA
"subtlex_uk",9,17911,"bigram","NP","token",0,1520.99999999999,521.000000000004,297,610.000000000003,15.9999999999998,0,0,NA
"subtlex_uk",9,17911,"bigram","NQ","token",0,2202.00000000001,1359,8.0000000000001,88.0000000000007,0,0,0,NA
"subtlex_uk",9,17911,"bigram","NR","token",0,443.999999999997,266.999999999999,321.000000000002,105.000000000001,0,8.99999999999999,0,NA
"subtlex_uk",9,17911,"bigram","NS","token",0,27955,22319.9999999999,16495,32553.9999999999,7961,128,119487,NA
"subtlex_uk",9,17911,"bigram","NT","token",0,44361,133103,50503.9999999997,78732.0000000001,38167,31550,355985,NA
"subtlex_uk",9,17911,"bigram","NU","token",2313,1441.00000000001,4849.00000000003,142.000000000001,768.999999999996,14452,584.000000000001,0,NA
"subtlex_uk",9,17911,"bigram","NV","token",15.0000000000002,16529.0000000001,12336,369.999999999998,87.9999999999995,10.9999999999999,0,0,NA
"subtlex_uk",9,17911,"bigram","NW","token",0,1052.00000000001,29.0000000000001,6951.99999999995,1400.99999999999,0,76.0000000000006,0,NA
"subtlex_uk",9,17911,"bigram","NX","token",0,504.000000000001,0,0,0,4.99999999999995,0,0,NA
"subtlex_uk",9,17911,"bigram","NY","token",22,4.99999999999996,157.000000000001,1892,344.999999999996,31.9999999999999,185,2123,NA
"subtlex_uk",9,17911,"bigram","NZ","token",0,14.0000000000001,128.000000000001,0,58.9999999999998,649.999999999996,138.999999999999,1.99999999999998,NA
"subtlex_uk",9,17911,"bigram","OA","token",143.000000000001,19792,4961.00000000002,323,1285.00000000001,4893.99999999998,1515,1.99999999999998,NA
"subtlex_uk",9,17911,"bigram","OB","token",51465.9999999999,4194.00000000002,806.000000000001,592.000000000001,299.999999999999,1130.00000000001,56,93.0000000000002,NA
"subtlex_uk",9,17911,"bigram","OC","token",5672,11803,23486,21861.0000000001,1197,565.000000000001,2884.00000000001,17.0000000000002,NA
"subtlex_uk",9,17911,"bigram","OD","token",63.0000000000002,5717.99999999999,9926.00000000006,1642,12145,238.000000000001,47861.9999999997,12712,NA
"subtlex_uk",9,17911,"bigram","OE","token",54.9999999999997,67.0000000000002,543.000000000001,1062,121.999999999999,42.0000000000001,1953.00000000001,989.000000000009,NA
"subtlex_uk",9,17911,"bigram","OF","token",9890.00000000003,268,7239.00000000008,429.999999999999,224,1488.99999999999,3213.99999999999,484.000000000001,NA
"subtlex_uk",9,17911,"bigram","OG","token",11.9999999999999,1297.99999999999,36659.9999999998,12410.9999999999,7841,2449.99999999999,2900,134,NA
"subtlex_uk",9,17911,"bigram","OH","token",8.0000000000001,962.000000000003,56,1293,123.000000000001,32,2.99999999999998,10.0000000000001,NA
"subtlex_uk",9,17911,"bigram","OI","token",48.0000000000004,16604.9999999999,1639,3023,1888,1577,1441.00000000001,15.0000000000002,NA
"subtlex_uk",9,17911,"bigram","OJ","token",0,22.0000000000001,750.999999999995,4.00000000000001,0,0,0,0,NA
"subtlex_uk",9,17911,"bigram","OK","token",137,147.000000000001,2721.99999999999,405.999999999998,358.999999999999,440,1190,1386.00000000001,NA
"subtlex_uk",9,17911,"bigram","OL","token",903.000000000001,91677.9999999998,14179,5689.00000000003,20103.9999999999,5103,8150.00000000003,13346.0000000001,NA
"subtlex_uk",9,17911,"bigram","OM","token",1333.99999999999,375440,10828,7790.99999999996,19728.9999999999,2033,7347.99999999998,4621.00000000001,NA
"subtlex_uk",9,17911,"bigram","ON","token",1197,192978,20800,24175,23563,30474,109988,259145,NA
"subtlex_uk",9,17911,"bigram","OO","token",23.0000000000001,14782,3360.00000000001,1434,1896,6247.99999999998,58571,4263.00000000005,NA
"subtlex_uk",9,17911,"bigram","OP","token",22018,26881.0000000002,9854.00000000003,5548.99999999998,1071,9035.99999999998,3971.99999999998,558.000000000002,NA
"subtlex_uk",9,17911,"bigram","OQ","token",0,94.9999999999991,100,0,13,49.9999999999999,0,0,NA
"subtlex_uk",9,17911,"bigram","OR","token",12176,69212,8666.99999999998,115275.000000001,58321.9999999999,13510,59719.9999999999,25206.0000000001,NA
"subtlex_uk",9,17911,"bigram","OS","token",266,15434,6099.00000000001,3222.00000000002,18454,4394,1982.00000000001,2123,NA
"subtlex_uk",9,17911,"bigram","OT","token",10092.9999999999,28594.9999999999,20120,5395,13792.0000000001,7053.00000000002,1522.00000000001,2385.00000000001,NA
"subtlex_uk",9,17911,"bigram","OU","token",15766.0000000002,44896.9999999998,27511,57759.0000000004,65398.0000000001,10367,70831,276,NA
"subtlex_uk",9,17911,"bigram","OV","token",11833.9999999999,6501.00000000002,8328.00000000004,5414,9439.99999999996,2270,820.000000000002,166,NA
"subtlex_uk",9,17911,"bigram","OW","token",1733.99999999999,3679,15547.0000000001,3718.99999999998,24969.9999999999,3054,6268.00000000003,991.999999999996,NA
"subtlex_uk",9,17911,"bigram","OX","token",133,103.999999999999,628.000000000001,239.999999999998,58.0000000000004,310.000000000001,141.999999999999,360,NA
"subtlex_uk",9,17911,"bigram","OY","token",8.99999999999999,5766.99999999996,16.9999999999999,2151.99999999999,5586.99999999997,5060.00000000005,261.000000000001,741.999999999993,NA
"subtlex_uk",9,17911,"bigram","OZ","token",0,59.9999999999999,1.99999999999998,3.99999999999996,27,307.000000000001,0,0,NA
"subtlex_uk",9,17911,"bigram","PA","token",36182.0000000001,7326.99999999998,14269,27185.0000000002,13533,2286,2094.00000000001,106,NA
"subtlex_uk",9,17911,"bigram","PB","token",0,6.00000000000005,991.000000000006,1721.99999999999,227.000000000002,10.9999999999999,1.99999999999998,0,NA
"subtlex_uk",9,17911,"bigram","PC","token",0,17.0000000000001,6.99999999999999,12.9999999999999,11.0000000000001,0,0,0,NA
"subtlex_uk",9,17911,"bigram","PD","token",0,13,7.99999999999992,34.0000000000001,204.999999999999,0,0,0,NA
"subtlex_uk",9,17911,"bigram","PE","token",36499.0000000001,24516,66496.0000000002,50227.9999999998,5358.99999999999,4296.99999999997,18093,12499,NA
"subtlex_uk",9,17911,"bigram","PF","token",0,0,1.99999999999998,181,0,225.999999999998,0,2.99999999999998,NA
"subtlex_uk",9,17911,"bigram","PG","token",0,243,0,0,1.99999999999998,0,1.99999999999998,0,NA
"subtlex_uk",9,17911,"bigram","PH","token",1901,603.000000000001,2119.99999999999,6649.00000000001,6602.99999999996,489.000000000002,4392.99999999999,3235.99999999998,NA
"subtlex_uk",9,17911,"bigram","PI","token",5450,3839.00000000003,2991,12158,8998,4689,272,10.0000000000001,NA
"subtlex_uk",9,17911,"bigram","PJ","token",1.99999999999998,0,0,110.999999999999,0,0,0,0,NA
"subtlex_uk",9,17911,"bigram","PK","token",0,1.99999999999998,26.0000000000001,8.99999999999999,17,0,0,0,NA
"subtlex_uk",9,17911,"bigram","PL","token",7120.99999999998,3236.00000000001,24245,13376.9999999999,7521.00000000002,1854.99999999999,5568.99999999999,0,NA
"subtlex_uk",9,17911,"bigram","PM","token",0,88,139.999999999999,260.000000000001,6777.00000000001,0,0,0,NA
"subtlex_uk",9,17911,"bigram","PN","token",542.000000000002,0,287.000000000003,0,486.999999999998,1.99999999999998,0,0,NA
"subtlex_uk",9,17911,"bigram","PO","token",82344.9999999997,11353,88133.0000000007,25214,4015.00000000001,25708,287,0,NA
"subtlex_uk",9,17911,"bigram","PP","token",0,13633,34225.9999999998,1722,5046.99999999996,2518.00000000001,96,23.9999999999999,NA
"subtlex_uk",9,17911,"bigram","PQ","token",0,0,0,0,0,0,0,0,NA
"subtlex_uk",9,17911,"bigram","PR","token",170743,4580.00000000003,23575.9999999999,17260.9999999999,2275.00000000001,896.000000000005,0,0,NA
"subtlex_uk",9,17911,"bigram","PS","token",531.999999999998,1709.99999999999,285.999999999999,3587,338.000000000001,3402.00000000001,3.99999999999996,3963.99999999999,NA
"subtlex_uk",9,17911,"bigram","PT","token",55.0000000000001,247,7805.00000000002,2865.99999999999,12663,3155.00000000001,226.000000000002,1917.00000000002,NA
"subtlex_uk",9,17911,"bigram","PU","token",13670,4.99999999999996,2372,2872.99999999999,1362,171.000000000001,28.9999999999998,0,NA
"subtlex_uk",9,17911,"bigram","PV","token",0,0,0,0,0,0,0,0,NA
"subtlex_uk",9,17911,"bigram","PW","token",0,12.0000000000001,0,508.000000000002,49.0000000000004,0,0,0,NA
"subtlex_uk",9,17911,"bigram","PX","token",0,0,0,0,0,0,0,0,NA
"subtlex_uk",9,17911,"bigram","PY","token",155.999999999999,24.0000000000001,346.999999999998,347.999999999998,424.000000000003,0,4.00000000000001,142.999999999999,NA
"subtlex_uk",9,17911,"bigram","PZ","token",0,0,0,2.99999999999998,0,0,0,0,NA
"subtlex_uk",9,17911,"bigram","QA","token",0,0,0,0,0,1.99999999999998,0,0,NA
"subtlex_uk",9,17911,"bigram","QB","token",0,0,0,0,0,0,0,0,NA
"subtlex_uk",9,17911,"bigram","QC","token",0,0,0,0,0,0,0,0,NA
"subtlex_uk",9,17911,"bigram","QD","token",0,0,0,0,0,0,0,0,NA
"subtlex_uk",9,17911,"bigram","QE","token",0,0,0,0,0,0,0,0,NA
"subtlex_uk",9,17911,"bigram","QF","token",0,0,0,0,0,0,0,0,NA
"subtlex_uk",9,17911,"bigram","QG","token",0,0,0,0,0,0,0,0,NA
"subtlex_uk",9,17911,"bigram","QH","token",0,0,0,0,0,0,0,0,NA
"subtlex_uk",9,17911,"bigram","QI","token",0,0,0,0,6.99999999999993,51.0000000000001,0,0,NA
"subtlex_uk",9,17911,"bigram","QJ","token",0,0,0,0,0,0,0,0,NA
"subtlex_uk",9,17911,"bigram","QK","token",0,0,0,0,0,0,0,0,NA
"subtlex_uk",9,17911,"bigram","QL","token",0,0,0,0,0,0,0,0,NA
"subtlex_uk",9,17911,"bigram","QM","token",0,0,0,0,0,0,0,0,NA
"subtlex_uk",9,17911,"bigram","QN","token",0,0,0,0,0,0,0,0,NA
"subtlex_uk",9,17911,"bigram","QO","token",0,0,0,0,0,0,1.99999999999998,0,NA
"subtlex_uk",9,17911,"bigram","QP","token",0,0,0,0,0,0,0,0,NA
"subtlex_uk",9,17911,"bigram","QQ","token",0,0,0,0,0,0,0,0,NA
"subtlex_uk",9,17911,"bigram","QR","token",0,0,0,0,0,0,0,0,NA
"subtlex_uk",9,17911,"bigram","QS","token",0,0,0,0,0,0,0,0,NA
"subtlex_uk",9,17911,"bigram","QT","token",0,0,0,0,0,0,0,0,NA
"subtlex_uk",9,17911,"bigram","QU","token",44482.9999999997,13432,6738.00000000002,3794,347.999999999999,1508.99999999999,6548.00000000003,0,NA
"subtlex_uk",9,17911,"bigram","QV","token",0,0,0,4.99999999999995,1.99999999999998,0,0,0,NA
"subtlex_uk",9,17911,"bigram","QW","token",0,0,0,0,0,0,0,0,NA
"subtlex_uk",9,17911,"bigram","QX","token",0,0,0,0,0,0,0,0,NA
"subtlex_uk",9,17911,"bigram","QY","token",0,0,0,0,0,0,0,0,NA
"subtlex_uk",9,17911,"bigram","QZ","token",0,0,0,0,0,0,0,0,NA
"subtlex_uk",9,17911,"bigram","RA","token",8082,62907,20463,56188,113329,54211.9999999999,9823.99999999997,5125,NA
"subtlex_uk",9,17911,"bigram","RB","token",0,496.000000000001,3617.00000000001,1711,2794,2212.99999999999,38.9999999999999,2.99999999999998,NA
"subtlex_uk",9,17911,"bigram","RC","token",0,6076.00000000003,13001,9866.99999999992,4129.99999999998,6986.00000000006,2774.99999999999,0,NA
"subtlex_uk",9,17911,"bigram","RD","token",0,1252.00000000001,9995.00000000001,3618.00000000002,23802.0000000001,24119.0000000002,18166.0000000001,11692,NA
"subtlex_uk",9,17911,"bigram","RE","token",164711,104287,63713.0000000002,93697.9999999994,15372,108555,43703,102202,NA
"subtlex_uk",9,17911,"bigram","RF","token",0,0,16001.0000000001,311.000000000001,2674.00000000001,47824.9999999998,0,150.000000000001,NA
"subtlex_uk",9,17911,"bigram","RG","token",0,11938,10390.0000000001,12707,2227,1591,9347.99999999997,1019.00000000001,NA
"subtlex_uk",9,17911,"bigram","RH","token",195,0,36.0000000000001,703,2133.00000000001,939.999999999996,0,0,NA
"subtlex_uk",9,17911,"bigram","RI","token",1957,81866.0000000001,73275.0000000004,39589.0000000001,58582.9999999999,185396,3343,170,NA
"subtlex_uk",9,17911,"bigram","RJ","token",0,0,35.9999999999999,262.999999999999,46.9999999999996,48.0000000000002,0,0,NA
"subtlex_uk",9,17911,"bigram","RK","token",0,130,18275.9999999999,1402.99999999999,462.000000000004,886.000000000002,3109.00000000001,8740.99999999999,NA
"subtlex_uk",9,17911,"bigram","RL","token",0,78.9999999999993,3097,6599.00000000002,2008,1118,5368.00000000002,44.9999999999997,NA
"subtlex_uk",9,17911,"bigram","RM","token",0,2413.00000000001,12088,304.000000000001,7481.99999999998,13554,1104.00000000001,8280.99999999993,NA
"subtlex_uk",9,17911,"bigram","RN","token",0,387.999999999996,10988.9999999999,6732.99999999996,33139,18858,2104.00000000001,2497.00000000001,NA
"subtlex_uk",9,17911,"bigram","RO","token",7245.00000000002,103252,19845.9999999999,29531.0000000001,13330,34260.9999999999,2345,1141,NA
"subtlex_uk",9,17911,"bigram","RP","token",0,590.999999999997,21590.9999999999,1373.99999999999,10318.0000000001,109.999999999999,109,2.99999999999998,NA
"subtlex_uk",9,17911,"bigram","RQ","token",0,12.0000000000001,506.999999999998,2.99999999999998,0,2.99999999999998,0,0,NA
"subtlex_uk",9,17911,"bigram","RR","token",6.99999999999994,2803,42217,2076,11823,2006.00000000002,2405.99999999999,32.9999999999999,NA
"subtlex_uk",9,17911,"bigram","RS","token",0,208,18053.0000000002,2291.00000000001,8866.99999999999,8520.99999999997,1553.00000000001,104632,NA
"subtlex_uk",9,17911,"bigram","RT","token",0,2756.99999999999,70142.9999999998,14317,94755.0000000007,11987,3944.00000000001,12038,NA
"subtlex_uk",9,17911,"bigram","RU","token",1939.00000000001,6189.00000000001,13376.0000000001,3198.00000000001,594,2444.00000000002,567.999999999998,0,NA
"subtlex_uk",9,17911,"bigram","RV","token",0,1.99999999999998,5729.00000000001,30.0000000000001,12490,2101,17.0000000000002,0,NA
"subtlex_uk",9,17911,"bigram","RW","token",0,21.9999999999998,1162.00000000001,211.999999999999,15350.9999999999,28.0000000000002,0,4.00000000000001,NA
"subtlex_uk",9,17911,"bigram","RX","token",0,0,0,0,0,0,0,0,NA
"subtlex_uk",9,17911,"bigram","RY","token",0,127,159,49328.9999999997,455.000000000002,295.999999999999,30.9999999999997,70740.9999999997,NA
"subtlex_uk",9,17911,"bigram","RZ","token",0,20,92.0000000000005,4.00000000000001,0,50.9999999999995,0,4.00000000000001,NA
"subtlex_uk",9,17911,"bigram","SA","token",18443,11,6147.99999999996,5162.99999999999,26253.0000000001,14525,5013.99999999998,282,NA
"subtlex_uk",9,17911,"bigram","SB","token",0,12.0000000000001,820.999999999997,87.0000000000005,1761,0,42.9999999999997,0,NA
"subtlex_uk",9,17911,"bigram","SC","token",23583.0000000001,1607.00000000001,24038.0000000001,3880.99999999998,12681,245,2232,1.99999999999998,NA
"subtlex_uk",9,17911,"bigram","SD","token",0,0,97.9999999999999,76.0000000000004,505.999999999999,7073.99999999996,0,0,NA
"subtlex_uk",9,17911,"bigram","SE","token",76022.9999999998,165,26835.0000000001,38405.0000000002,689.000000000002,10945,86134.9999999998,46765.9999999998,NA
"subtlex_uk",9,17911,"bigram","SF","token",8.99999999999999,0,73.0000000000005,597.999999999994,5666.99999999999,1809.99999999999,0,0,NA
"subtlex_uk",9,17911,"bigram","SG","token",13.9999999999999,0,1614.00000000001,30.0000000000001,84.0000000000001,6.00000000000005,0,0,NA
"subtlex_uk",9,17911,"bigram","SH","token",22546,359.000000000001,12947,2001.00000000001,29374.9999999999,16403,248.999999999999,7208,NA
"subtlex_uk",9,17911,"bigram","SI","token",35299.0000000002,31.0000000000003,47000,32876.0000000002,29199,87799,4354.00000000001,30,NA
"subtlex_uk",9,17911,"bigram","SJ","token",0,0,276.000000000003,0,0,0,0,0,NA
"subtlex_uk",9,17911,"bigram","SK","token",1615,0,393,1316.00000000001,534.000000000001,665,541.000000000001,326.999999999998,NA
"subtlex_uk",9,17911,"bigram","SL","token",3470,1354,545.000000000003,173,2462,376.000000000002,60255.0000000001,0,NA
"subtlex_uk",9,17911,"bigram","SM","token",1861.00000000001,98.0000000000009,2721.99999999999,69.0000000000003,1078,5686.99999999999,519.000000000001,11188,NA
"subtlex_uk",9,17911,"bigram","SN","token",2478,0,21,2582.00000000002,91.9999999999996,21.0000000000001,0,0,NA
"subtlex_uk",9,17911,"bigram","SO","token",286256,1309.00000000001,10009.0000000001,10976,1677.99999999999,2752,18759.0000000001,313.000000000001,NA
"subtlex_uk",9,17911,"bigram","SP","token",25638.0000000001,2057.00000000002,33777.9999999999,10793,9571.99999999996,407,1.99999999999998,4.99999999999995,NA
"subtlex_uk",9,17911,"bigram","SQ","token",4351.99999999999,0,133,53.9999999999999,15.9999999999999,630,0,0,NA
"subtlex_uk",9,17911,"bigram","SR","token",6.99999999999999,17.0000000000001,1358,987.999999999991,1745,0,0,0,NA
"subtlex_uk",9,17911,"bigram","SS","token",4.99999999999996,15418,10584,12308,24656,41784,266.000000000001,37776.9999999999,NA
"subtlex_uk",9,17911,"bigram","ST","token",80331,10703,97672.0000000002,57086.9999999997,95323.0000000003,99865.9999999996,18083.9999999999,48114.0000000001,NA
"subtlex_uk",9,17911,"bigram","SU","token",67734.9999999999,10.9999999999999,11378,9180.00000000001,6443,3654.99999999998,2220.99999999999,37.9999999999999,NA
"subtlex_uk",9,17911,"bigram","SV","token",6.99999999999993,0,33.0000000000004,215,41,0,0,0,NA
"subtlex_uk",9,17911,"bigram","SW","token",4744,0,2546.00000000001,1561,1597.00000000001,36.9999999999999,0,0,NA
"subtlex_uk",9,17911,"bigram","SX","token",0,0,0,0,0,0,0,0,NA
"subtlex_uk",9,17911,"bigram","SY","token",2334,386.999999999999,58,486.999999999999,8.99999999999999,3.99999999999996,2.99999999999998,656.000000000001,NA
"subtlex_uk",9,17911,"bigram","SZ","token",6.00000000000005,0,0,11.9999999999999,13.9999999999999,12.0000000000001,0,15.0000000000001,NA
"subtlex_uk",9,17911,"bigram","TA","token",7318.00000000001,31561,16339.9999999999,128848.999999999,27622,128482.000000001,4193.99999999998,1070,NA
"subtlex_uk",9,17911,"bigram","TB","token",0,0,1180,1528,1659,8.0000000000001,0,0,NA
"subtlex_uk",9,17911,"bigram","TC","token",0,14.0000000000001,2719,4633.00000000001,6400.99999999997,85,849.000000000005,0,NA
"subtlex_uk",9,17911,"bigram","TD","token",0,0,63.0000000000003,16,962.000000000009,0,0,2.99999999999998,NA
"subtlex_uk",9,17911,"bigram","TE","token",43884,4070.00000000001,128090,84842.0000000001,16415,39935,210435,106427,NA
"subtlex_uk",9,17911,"bigram","TF","token",4.00000000000001,0,46.0000000000002,1959.00000000001,2243.99999999999,705,0,0,NA
"subtlex_uk",9,17911,"bigram","TG","token",0,0,154,995.000000000006,123,13,0,0,NA
"subtlex_uk",9,17911,"bigram","TH","token",38203,12371.9999999999,36030.9999999999,12194,218831,2836,3018.99999999998,11252,NA
"subtlex_uk",9,17911,"bigram","TI","token",5375.99999999999,2891,17617,61230,212644,337985.000000001,72620.9999999996,2128,NA
"subtlex_uk",9,17911,"bigram","TJ","token",0,0,18.0000000000002,0,29,0,0,0,NA
"subtlex_uk",9,17911,"bigram","TK","token",1.99999999999998,33.9999999999999,87,0,4.99999999999996,0,7.99999999999992,0,NA
"subtlex_uk",9,17911,"bigram","TL","token",0,0,372.000000000001,26765.9999999999,23613.9999999999,1711.00000000001,32939.0000000001,0,NA
"subtlex_uk",9,17911,"bigram","TM","token",0,0,73.9999999999998,425.000000000002,17020.9999999999,29448.0000000003,0,0,NA
"subtlex_uk",9,17911,"bigram","TN","token",0,0,3929.99999999999,1620.00000000001,4909.00000000001,925.999999999994,0,8.0000000000001,NA
"subtlex_uk",9,17911,"bigram","TO","token",12820.0000000001,3933,10201,33666,4725.99999999998,30818,23358,3604.99999999999,NA
"subtlex_uk",9,17911,"bigram","TP","token",1.99999999999998,0,211.999999999999,1570,20,0,0,0,NA
"subtlex_uk",9,17911,"bigram","TQ","token",0,0,0,0,0,0,0,0,NA
"subtlex_uk",9,17911,"bigram","TR","token",46747,38260,35105,26141.0000000001,26838.9999999998,2823,8028.99999999998,0,NA
"subtlex_uk",9,17911,"bigram","TS","token",4.00000000000001,3.99999999999996,3211.00000000001,3550.99999999998,2356.00000000001,2029.00000000001,41.9999999999997,68899.9999999999,NA
"subtlex_uk",9,17911,"bigram","TT","token",0,26515.0000000001,11604,5340.00000000002,5531,29740.0000000001,11422,797.000000000002,NA
"subtlex_uk",9,17911,"bigram","TU","token",2269,1156.00000000001,34577.0000000002,17152,9875.99999999999,33671,1183,230.000000000003,NA
"subtlex_uk",9,17911,"bigram","TV","token",0,0,4.99999999999996,20.0000000000001,2.99999999999998,1.99999999999998,0,0,NA
"subtlex_uk",9,17911,"bigram","TW","token",835.999999999997,0,581.000000000001,1615,1547,10.0000000000001,1.99999999999998,0,NA
"subtlex_uk",9,17911,"bigram","TX","token",0,0,0,0,0,0,0,0,NA
"subtlex_uk",9,17911,"bigram","TY","token",1804.99999999999,173.999999999999,110.000000000001,344.000000000001,965.999999999999,6517.99999999997,181.999999999999,69696.9999999999,NA
"subtlex_uk",9,17911,"bigram","TZ","token",0,0,201.000000000001,124.000000000001,22,106,24.0000000000001,375.999999999998,NA
"subtlex_uk",9,17911,"bigram","UA","token",0,12551,2805,30832.0000000002,13952,3100.99999999999,2651.00000000002,358.999999999997,NA
"subtlex_uk",9,17911,"bigram","UB","token",0,16239,846.000000000001,1315.00000000001,159,120,17.9999999999999,1044.99999999999,NA
"subtlex_uk",9,17911,"bigram","UC","token",0,5825.99999999998,20179,13179,9677.00000000007,791.000000000006,7775.00000000007,0,NA
"subtlex_uk",9,17911,"bigram","UD","token",0,6421,246.000000000001,1860,21347.9999999998,3585.00000000001,2136,10.0000000000001,NA
"subtlex_uk",9,17911,"bigram","UE","token",0,36796.9999999998,4033,1625.99999999999,9640.00000000003,561.000000000003,16844,12012,NA
"subtlex_uk",9,17911,"bigram","UF","token",28.9999999999998,7136.99999999996,344.999999999999,454.999999999997,626.999999999995,392.000000000003,209.000000000003,10.0000000000001,NA
"subtlex_uk",9,17911,"bigram","UG","token",0,5826.00000000001,5431.99999999999,5982,172,639.000000000002,250,148,NA
"subtlex_uk",9,17911,"bigram","UH","token",0,6.99999999999993,0,12.0000000000001,13.9999999999999,34.0000000000003,4.00000000000001,0,NA
"subtlex_uk",9,17911,"bigram","UI","token",0,11491,9645,9360.00000000006,1992.00000000002,1257,684.000000000004,8.99999999999999,NA
"subtlex_uk",9,17911,"bigram","UJ","token",0,19.0000000000001,0,0,0,15.0000000000001,8.99999999999999,0,NA
"subtlex_uk",9,17911,"bigram","UK","token",342.999999999999,541.999999999997,312.000000000002,12.0000000000001,0,108.000000000001,28.0000000000002,26.0000000000003,NA
"subtlex_uk",9,17911,"bigram","UL","token",392.000000000001,6418,4032.00000000002,19568,6054.00000000002,37786.0000000002,53247,102438,NA
"subtlex_uk",9,17911,"bigram","UM","token",521,4633.00000000001,3244,10163,4501.00000000001,43.0000000000002,372.000000000002,4491.99999999999,NA
"subtlex_uk",9,17911,"bigram","UN","token",28414,10039,31085.9999999998,7322.00000000001,42770,2070,3110,72.0000000000004,NA
"subtlex_uk",9,17911,"bigram","UO","token",0,260,33.0000000000002,476.999999999999,436.999999999999,1088,4.00000000000001,0,NA
"subtlex_uk",9,17911,"bigram","UP","token",3053.99999999999,13995,908.000000000006,1002,1291,329.999999999998,1808.00000000001,1725.99999999999,NA
"subtlex_uk",9,17911,"bigram","UQ","token",0,0,0,0,0,0,0,0,NA
"subtlex_uk",9,17911,"bigram","UR","token",275.000000000002,62673,7208.99999999997,21615,57761.0000000004,25945,38246,15563.0000000001,NA
"subtlex_uk",9,17911,"bigram","US","token",46,44665.9999999999,9793.00000000001,26745.0000000001,16947,60235.0000000001,6831.00000000001,60755.9999999999,NA
"subtlex_uk",9,17911,"bigram","UT","token",378.999999999999,22809.9999999999,5284,56365.0000000001,17029,174,6805.99999999999,2505,NA
"subtlex_uk",9,17911,"bigram","UU","token",3.99999999999996,6.99999999999994,4.99999999999996,71.0000000000004,4.99999999999996,2.99999999999998,120,3.99999999999996,NA
"subtlex_uk",9,17911,"bigram","UV","token",0,205,480.000000000002,38.0000000000002,103.000000000001,1316,0,0,NA
"subtlex_uk",9,17911,"bigram","UW","token",0,0,1.99999999999998,0,0,0,0,0,NA
"subtlex_uk",9,17911,"bigram","UX","token",0,1009.00000000001,11,0,0,1.99999999999998,0,62.0000000000002,NA
"subtlex_uk",9,17911,"bigram","UY","token",0,27,0,0,13,13,0,40.9999999999999,NA
"subtlex_uk",9,17911,"bigram","UZ","token",0,305.000000000003,1.99999999999998,49.0000000000002,4.99999999999995,32.0000000000002,1.99999999999998,0,NA
"subtlex_uk",9,17911,"bigram","VA","token",11139,15038,10859.0000000001,4064.00000000001,4733.00000000001,2242,883.999999999996,984.000000000003,NA
"subtlex_uk",9,17911,"bigram","VB","token",0,0,0,0,0,0,0,0,NA
"subtlex_uk",9,17911,"bigram","VC","token",0,0,0,0,0,0,0,0,NA
"subtlex_uk",9,17911,"bigram","VD","token",0,0,0,0,0,0,0,0,NA
"subtlex_uk",9,17911,"bigram","VE","token",6707.00000000002,59840.9999999996,53174.0000000001,19717,9696.00000000001,10310,25069.0000000001,61782,NA
"subtlex_uk",9,17911,"bigram","VF","token",0,0,0,0,0,0,0,0,NA
"subtlex_uk",9,17911,"bigram","VG","token",0,0,0,0,0,0,0,0,NA
"subtlex_uk",9,17911,"bigram","VH","token",0,0,0,71.0000000000002,0,0,0,0,NA
"subtlex_uk",9,17911,"bigram","VI","token",20872,529.000000000003,52896.9999999999,23210,12454.0000000001,27024,637.999999999998,0,NA
"subtlex_uk",9,17911,"bigram","VJ","token",0,0,0,0,0,0,0,0,NA
"subtlex_uk",9,17911,"bigram","VK","token",0,0,0,0,0,0,0,0,NA
"subtlex_uk",9,17911,"bigram","VL","token",6.99999999999993,0,6.99999999999993,0,0,0,0,1.99999999999998,NA
"subtlex_uk",9,17911,"bigram","VM","token",0,0,0,0,0,0,0,0,NA
"subtlex_uk",9,17911,"bigram","VN","token",0,0,0,0,0,65.0000000000001,4.99999999999995,0,NA
"subtlex_uk",9,17911,"bigram","VO","token",6545.00000000002,2951,31328.0000000004,1893,232.000000000001,3607.00000000003,175,26.0000000000001,NA
"subtlex_uk",9,17911,"bigram","VP","token",0,0,0,0,0,0,0,0,NA
"subtlex_uk",9,17911,"bigram","VQ","token",0,0,0,0,0,0,0,0,NA
"subtlex_uk",9,17911,"bigram","VR","token",13.0000000000001,2.99999999999998,0,68.0000000000007,0,46.0000000000002,1002,0,NA
"subtlex_uk",9,17911,"bigram","VS","token",0,0,1.99999999999998,0,6.99999999999993,63.0000000000001,0,0,NA
"subtlex_uk",9,17911,"bigram","VT","token",0,0,1.99999999999998,0,0,0,0,0,NA
"subtlex_uk",9,17911,"bigram","VU","token",143.000000000001,73.0000000000004,176,24.0000000000001,2.99999999999998,0,1.99999999999998,0,NA
"subtlex_uk",9,17911,"bigram","VV","token",0,0,1.99999999999998,12.9999999999999,0,0,0,0,NA
"subtlex_uk",9,17911,"bigram","VW","token",0,0,0,0,0,0,0,0,NA
"subtlex_uk",9,17911,"bigram","VX","token",0,0,0,0,0,0,0,0,NA
"subtlex_uk",9,17911,"bigram","VY","token",0,6.99999999999993,27.0000000000001,1.99999999999998,9.9999999999999,0,0,0,NA
"subtlex_uk",9,17911,"bigram","VZ","token",0,0,0,0,0,0,0,0,NA
"subtlex_uk",9,17911,"bigram","WA","token",11726,3286.99999999999,3617.00000000001,739.000000000002,11740,5301.99999999999,1569.99999999999,65.0000000000001,NA
"subtlex_uk",9,17911,"bigram","WB","token",0,0,108,588.000000000001,143.999999999999,0,0,0,NA
"subtlex_uk",9,17911,"bigram","WC","token",0,0,5048.99999999998,290.000000000002,0,3.99999999999996,0,0,NA
"subtlex_uk",9,17911,"bigram","WD","token",0,0,57.0000000000002,880.000000000002,20.0000000000002,441.000000000004,42.0000000000003,23.0000000000002,NA
"subtlex_uk",9,17911,"bigram","WE","token",11063,2868,6037.99999999998,5094.00000000001,448.999999999997,6231.00000000001,2771,0,NA
"subtlex_uk",9,17911,"bigram","WF","token",4.99999999999995,46.0000000000002,1.99999999999998,214.000000000001,0,87.9999999999996,0,0,NA
"subtlex_uk",9,17911,"bigram","WG","token",0,0,13,43.0000000000003,0,0,0,12.0000000000001,NA
"subtlex_uk",9,17911,"bigram","WH","token",7705.00000000001,0,65.9999999999999,50.9999999999998,37501.0000000001,13.0000000000001,0,0,NA
"subtlex_uk",9,17911,"bigram","WI","token",14733,2059,773.000000000003,1108,193.000000000001,36919.9999999998,22.0000000000002,28.9999999999998,NA
"subtlex_uk",9,17911,"bigram","WJ","token",0,0,0,0,1.99999999999998,0,0,0,NA
"subtlex_uk",9,17911,"bigram","WK","token",0,144.000000000002,158,53.9999999999994,64.0000000000006,0,1.99999999999998,37.9999999999999,NA
"subtlex_uk",9,17911,"bigram","WL","token",0,0,222.999999999998,11183.0000000001,257.000000000002,1.99999999999998,8.99999999999996,201.000000000001,NA
"subtlex_uk",9,17911,"bigram","WM","token",0,29.0000000000002,495.000000000004,14.0000000000001,80,284,0,1.99999999999998,NA
"subtlex_uk",9,17911,"bigram","WN","token",0,1727.99999999999,2439,752.000000000001,19.0000000000001,539.999999999998,118.000000000001,6593.00000000004,NA
"subtlex_uk",9,17911,"bigram","WO","token",61563.9999999998,155,111.000000000001,159,4516,15161,1.99999999999998,0,NA
"subtlex_uk",9,17911,"bigram","WP","token",0,0,12.0000000000001,430.999999999999,0,0,0,0,NA
"subtlex_uk",9,17911,"bigram","WQ","token",0,0,0,0,0,0,0,0,NA
"subtlex_uk",9,17911,"bigram","WR","token",2646.99999999999,21.0000000000002,616.000000000001,283,276.999999999999,8.99999999999991,1.99999999999998,0,NA
"subtlex_uk",9,17911,"bigram","WS","token",0,6.00000000000005,9984.99999999999,322.000000000001,0,117,0,974,NA
"subtlex_uk",9,17911,"bigram","WT","token",0,0,261.000000000001,141.000000000001,3.99999999999996,0,8.0000000000001,0,NA
"subtlex_uk",9,17911,"bigram","WU","token",285.999999999999,0,0,0,25.0000000000001,0,0,0,NA
"subtlex_uk",9,17911,"bigram","WV","token",0,0,0,0,0,0,0,0,NA
"subtlex_uk",9,17911,"bigram","WW","token",0,0,1.99999999999998,17.0000000000001,0,12.0000000000001,14.0000000000001,14.0000000000001,NA
"subtlex_uk",9,17911,"bigram","WX","token",0,0,0,0,0,0,0,0,NA
"subtlex_uk",9,17911,"bigram","WY","token",42,0,33.0000000000003,1.99999999999998,0,12.0000000000001,17.9999999999998,42.0000000000004,NA
"subtlex_uk",9,17911,"bigram","WZ","token",0,0,0,0,0,0,0,0,NA
"subtlex_uk",9,17911,"bigram","XA","token",0,881.999999999999,177.000000000001,5045.00000000003,8.99999999999993,0,0,0,NA
"subtlex_uk",9,17911,"bigram","XB","token",0,0,13.0000000000001,0,0,0,0,0,NA
"subtlex_uk",9,17911,"bigram","XC","token",4.00000000000001,27069.9999999998,0,2.99999999999998,0,0,0,0,NA
"subtlex_uk",9,17911,"bigram","XD","token",0,0,0,0,0,0,0,0,NA
"subtlex_uk",9,17911,"bigram","XE","token",13,10540.0000000001,152,4.99999999999995,15,4.00000000000001,596.000000000002,47.0000000000003,NA
"subtlex_uk",9,17911,"bigram","XF","token",0,47.0000000000002,18,0,0,0,0,0,NA
"subtlex_uk",9,17911,"bigram","XG","token",0,0,53.9999999999994,0,0,0,0,0,NA
"subtlex_uk",9,17911,"bigram","XH","token",0,2721.99999999999,9.9999999999999,6.00000000000005,0,0,0,0,NA
"subtlex_uk",9,17911,"bigram","XI","token",4.99999999999995,2605.99999999998,1026,626.000000000001,220.999999999998,131.000000000001,20.9999999999999,0,NA
"subtlex_uk",9,17911,"bigram","XJ","token",0,0,0,0,0,0,0,0,NA
"subtlex_uk",9,17911,"bigram","XK","token",0,0,0,0,0,0,0,0,NA
"subtlex_uk",9,17911,"bigram","XL","token",0,0,0,0,0,0,0,0,NA
"subtlex_uk",9,17911,"bigram","XM","token",0,41.9999999999997,0,0,0,0,0,0,NA
"subtlex_uk",9,17911,"bigram","XN","token",0,0,0,0,0,0,0,0,NA
"subtlex_uk",9,17911,"bigram","XO","token",0,115,376.000000000002,0,0,0,0,0,NA
"subtlex_uk",9,17911,"bigram","XP","token",0,42605.0000000001,2244.00000000001,13,0,0,0,0,NA
"subtlex_uk",9,17911,"bigram","XQ","token",0,1187.00000000001,0,0,0,0,0,0,NA
"subtlex_uk",9,17911,"bigram","XR","token",0,0,0,0,0,0,0,0,NA
"subtlex_uk",9,17911,"bigram","XS","token",0,8.0000000000001,2.99999999999998,0,0,0,0,0,NA
"subtlex_uk",9,17911,"bigram","XT","token",0,20688.9999999999,684.999999999999,0,2.99999999999998,3.99999999999996,0,13.0000000000001,NA
"subtlex_uk",9,17911,"bigram","XU","token",0,206.000000000001,1515,0,10.9999999999999,0,0,0,NA
"subtlex_uk",9,17911,"bigram","XV","token",0,0,0,21.0000000000002,0,0,0,0,NA
"subtlex_uk",9,17911,"bigram","XW","token",0,0,1.99999999999998,0,0,0,0,0,NA
"subtlex_uk",9,17911,"bigram","XX","token",0,0,0,0,0,0,0,0,NA
"subtlex_uk",9,17911,"bigram","XY","token",129.999999999999,20,0,0,4.00000000000001,0,0,155.999999999999,NA
"subtlex_uk",9,17911,"bigram","XZ","token",0,0,0,0,0,0,0,0,NA
"subtlex_uk",9,17911,"bigram","YA","token",204.000000000001,136,1030,54.0000000000003,2207.99999999999,2112,1111,69.0000000000003,NA
"subtlex_uk",9,17911,"bigram","YB","token",0,61.0000000000001,361.000000000001,303.000000000003,48125.9999999997,11.0000000000001,0,0,NA
"subtlex_uk",9,17911,"bigram","YC","token",0,151.000000000001,503,1926.00000000001,567.000000000005,46.0000000000003,158.999999999999,0,NA
"subtlex_uk",9,17911,"bigram","YD","token",0,438.000000000002,430.000000000001,135.000000000001,34,191.000000000002,58,176.000000000001,NA
"subtlex_uk",9,17911,"bigram","YE","token",22318.0000000002,572.000000000007,60.0000000000005,151.000000000001,51.0000000000001,7791.99999999998,7587.00000000006,111,NA
"subtlex_uk",9,17911,"bigram","YF","token",0,26.0000000000001,4804.99999999995,88.0000000000002,774.000000000004,9.00000000000002,0,0,NA
"subtlex_uk",9,17911,"bigram","YG","token",2.99999999999998,81.9999999999993,14.0000000000001,543.999999999996,94.0000000000001,0,0,0,NA
"subtlex_uk",9,17911,"bigram","YH","token",0,0,20,555.000000000002,103,0,0,0,NA
"subtlex_uk",9,17911,"bigram","YI","token",0,1.99999999999998,4.99999999999995,2.99999999999998,208.000000000001,3611,2.99999999999998,6.00000000000005,NA
"subtlex_uk",9,17911,"bigram","YJ","token",0,0,0,0,1.99999999999998,1.99999999999998,0,0,NA
"subtlex_uk",9,17911,"bigram","YK","token",0,0,83.9999999999994,0,48.0000000000003,0,0,0,NA
"subtlex_uk",9,17911,"bigram","YL","token",0,1389.00000000001,477.999999999999,79.9999999999998,415,171.999999999999,5297.99999999997,154.000000000001,NA
"subtlex_uk",9,17911,"bigram","YM","token",0,1457,841.000000000002,127,4834.00000000002,395.000000000001,0,143,NA
"subtlex_uk",9,17911,"bigram","YN","token",1.99999999999998,1134.99999999999,103.000000000001,69.0000000000002,193,19.0000000000002,395.999999999997,456.000000000001,NA
"subtlex_uk",9,17911,"bigram","YO","token",11022.9999999999,122,45.9999999999999,13.9999999999999,323,262.000000000001,353.000000000001,10.0000000000001,NA
"subtlex_uk",9,17911,"bigram","YP","token",0,2821,894.999999999992,197.000000000002,161,32.9999999999998,675.999999999999,0,NA
"subtlex_uk",9,17911,"bigram","YQ","token",0,0,0,0,0,0,0,0,NA
"subtlex_uk",9,17911,"bigram","YR","token",0,173.999999999999,71.0000000000002,593.999999999999,138.000000000001,30.9999999999999,271.000000000002,0,NA
"subtlex_uk",9,17911,"bigram","YS","token",0,1483.00000000001,1063,347.000000000001,1093,1199.00000000001,48.0000000000003,4126.99999999999,NA
"subtlex_uk",9,17911,"bigram","YT","token",4.00000000000001,1016,28.9999999999998,201.999999999999,741.000000000003,220,30.0000000000001,10.0000000000001,NA
"subtlex_uk",9,17911,"bigram","YU","token",14,10.0000000000001,6.00000000000005,0,0,0,1.99999999999998,0,NA
"subtlex_uk",9,17911,"bigram","YV","token",0,4.00000000000001,0,8.99999999999999,4.99999999999995,0,0,0,NA
"subtlex_uk",9,17911,"bigram","YW","token",0,0,190.000000000001,17.0000000000001,5544.00000000001,54.9999999999999,0,0,NA
"subtlex_uk",9,17911,"bigram","YX","token",0,0,0,0,0,0,0,0,NA
"subtlex_uk",9,17911,"bigram","YY","token",0,0,0,0,0,0,0,12.9999999999999,NA
"subtlex_uk",9,17911,"bigram","YZ","token",0,320.999999999998,2.99999999999998,0,4.00000000000001,6.00000000000005,0,0,NA
"subtlex_uk",9,17911,"bigram","ZA","token",108,21.9999999999998,1197,6294.99999999997,123,173.000000000001,86.9999999999997,118.999999999999,NA
"subtlex_uk",9,17911,"bigram","ZB","token",1.99999999999998,0,149.999999999999,34.0000000000003,0,0,0,0,NA
"subtlex_uk",9,17911,"bigram","ZC","token",0,0,0,261.000000000002,0,0,0,0,NA
"subtlex_uk",9,17911,"bigram","ZD","token",0,0,0,0,0,0,0,0,NA
"subtlex_uk",9,17911,"bigram","ZE","token",344.000000000001,6.00000000000005,277.999999999998,311.000000000001,250.000000000001,23.9999999999999,926.000000000001,807.000000000004,NA
"subtlex_uk",9,17911,"bigram","ZF","token",0,0,0,0,0,0,0,0,NA
"subtlex_uk",9,17911,"bigram","ZG","token",0,0,0,2.99999999999998,0,0,0,0,NA
"subtlex_uk",9,17911,"bigram","ZH","token",0,0,716.999999999999,0,2.99999999999998,43.9999999999996,0,0,NA
"subtlex_uk",9,17911,"bigram","ZI","token",732.000000000005,4.99999999999996,64.0000000000003,3316.00000000003,2051.00000000001,894.000000000002,674.999999999996,369.000000000001,NA
"subtlex_uk",9,17911,"bigram","ZJ","token",0,0,0,0,0,0,0,0,NA
"subtlex_uk",9,17911,"bigram","ZK","token",0,0,0,0,2.99999999999998,1.99999999999998,12.0000000000001,0,NA
"subtlex_uk",9,17911,"bigram","ZL","token",0,0,24.0000000000001,0,157,68.0000000000002,66.0000000000002,0,NA
"subtlex_uk",9,17911,"bigram","ZM","token",0,0,0,3.99999999999996,49.0000000000001,0,31.0000000000003,0,NA
"subtlex_uk",9,17911,"bigram","ZN","token",0,0,39.9999999999999,0,0,0,0,0,NA
"subtlex_uk",9,17911,"bigram","ZO","token",203.000000000001,0,62,105.999999999999,31.0000000000001,374.999999999998,21,36.0000000000003,NA
"subtlex_uk",9,17911,"bigram","ZP","token",0,0,0,6.99999999999993,0,0,0,0,NA
"subtlex_uk",9,17911,"bigram","ZQ","token",0,0,0,0,74.9999999999997,0,0,0,NA
"subtlex_uk",9,17911,"bigram","ZR","token",0,0,0,8.99999999999999,0,1.99999999999998,0,0,NA
"subtlex_uk",9,17911,"bigram","ZS","token",0,0,0,0,64.0000000000006,0,0,0,NA
"subtlex_uk",9,17911,"bigram","ZT","token",0,0,0,0,13.9999999999999,13.9999999999999,0,0,NA
"subtlex_uk",9,17911,"bigram","ZU","token",46.0000000000003,0,6.99999999999993,7.99999999999992,533.000000000003,18.9999999999999,0,0,NA
"subtlex_uk",9,17911,"bigram","ZV","token",83.9999999999994,0,6.99999999999993,4.00000000000001,0,0,0,0,NA
"subtlex_uk",9,17911,"bigram","ZW","token",0,0,0,26.0000000000001,0,0,0,0,NA
"subtlex_uk",9,17911,"bigram","ZX","token",0,0,0,0,0,0,0,0,NA
"subtlex_uk",9,17911,"bigram","ZY","token",13.9999999999999,2.99999999999998,49.0000000000001,35.0000000000001,0,0,0,51.0000000000003,NA
"subtlex_uk",9,17911,"bigram","ZZ","token",0,4.99999999999996,681.000000000003,324,85.0000000000001,17.9999999999998,372.000000000001,2.99999999999998,NA
"subtlex_uk",10,13135,"bigram","AA","token",68,232,75,81.0000000000002,70.0000000000001,65,74,160.999999999999,17.9999999999998
"subtlex_uk",10,13135,"bigram","AB","token",78698.9999999995,2775.00000000001,975.999999999996,4726.99999999999,804.000000000001,7954.00000000006,65957.0000000001,4.00000000000001,24.0000000000001
"subtlex_uk",10,13135,"bigram","AC","token",15151.0000000001,16797,9289.99999999999,2608,17987,10050,1333,5029.99999999999,320.000000000003
"subtlex_uk",10,13135,"bigram","AD","token",13658,1375,13596,1306,1329.00000000001,3110.00000000001,3851.00000000002,2237,4127
"subtlex_uk",10,13135,"bigram","AE","token",800.000000000006,1429,39.0000000000002,100.000000000001,248,4.99999999999995,47.0000000000001,447.000000000001,83.9999999999999
"subtlex_uk",10,13135,"bigram","AF","token",8787.00000000001,518.999999999999,570.000000000001,28.9999999999998,237.000000000002,317.000000000002,87.9999999999997,1233,26.0000000000002
"subtlex_uk",10,13135,"bigram","AG","token",5681.99999999999,1368,4393.99999999999,10971.0000000001,4147.00000000001,7367.99999999994,5909.00000000001,4402,3.99999999999996
"subtlex_uk",10,13135,"bigram","AH","token",6.99999999999993,440,4.99999999999996,180,180,110.999999999999,155.000000000001,509.999999999997,1549
"subtlex_uk",10,13135,"bigram","AI","token",215.000000000001,8336.00000000002,884,1889,7148.00000000001,8540.00000000003,8986.99999999994,3054,48.9999999999997
"subtlex_uk",10,13135,"bigram","AJ","token",0,314,296,25.0000000000001,1.99999999999998,8.0000000000001,1.99999999999998,0,0
"subtlex_uk",10,13135,"bigram","AK","token",15.0000000000002,328.999999999999,772.000000000002,920.000000000002,316.999999999999,1200.00000000001,2599,3600.99999999998,382.000000000002
"subtlex_uk",10,13135,"bigram","AL","token",8894.99999999997,12189,17609,5740,5258.99999999998,28453,59445.0000000003,8224,60152.9999999999
"subtlex_uk",10,13135,"bigram","AM","token",4944.00000000002,4591.00000000001,5106.99999999999,4715,1786,30502.9999999999,198,970,20134.0000000001
"subtlex_uk",10,13135,"bigram","AN","token",5530,43614,25147.0000000001,8139.00000000001,11892,12578,28806,79602.9999999999,20989
"subtlex_uk",10,13135,"bigram","AO","token",0,0,0,0,1.99999999999998,8.0000000000001,0,0,1.99999999999998
"subtlex_uk",10,13135,"bigram","AP","token",32195,5372.99999999999,1744,2940,1799,4971,2683,4954.99999999997,25.0000000000002
"subtlex_uk",10,13135,"bigram","AQ","token",113.000000000001,0,16,0,0,0,0,0,0
"subtlex_uk",10,13135,"bigram","AR","token",6418,70177.9999999999,16586,38720,17355,10553,9382,18022,23911
"subtlex_uk",10,13135,"bigram","AS","token",16230,26738.9999999999,14361,8781.99999999999,5928.00000000001,12487,2179.00000000001,10284,3344.00000000001
"subtlex_uk",10,13135,"bigram","AT","token",20282.0000000001,14427,15890.0000000001,13509,20251,109275,50428.9999999999,36144.9999999999,1125
"subtlex_uk",10,13135,"bigram","AU","token",12455,1560,1207,2155,8846.99999999992,722.000000000001,921.999999999996,534.999999999999,28.0000000000001
"subtlex_uk",10,13135,"bigram","AV","token",169,5206.00000000004,11949.9999999999,1331,600.999999999999,249.000000000001,1352,385.000000000001,4.00000000000001
"subtlex_uk",10,13135,"bigram","AW","token",23.0000000000002,253.000000000001,285.999999999999,2117.00000000002,80.9999999999994,50.0000000000002,872.000000000001,43.0000000000004,399.999999999998
"subtlex_uk",10,13135,"bigram","AX","token",0,492,4.00000000000001,453.999999999998,0,27.0000000000002,47.9999999999999,0,85.9999999999995
"subtlex_uk",10,13135,"bigram","AY","token",1.99999999999998,2200.00000000001,2210.99999999999,348.000000000004,93.0000000000002,1276,387.999999999999,392,2719
"subtlex_uk",10,13135,"bigram","AZ","token",286.999999999999,620.999999999999,173.000000000001,29.0000000000001,76.0000000000001,181,18.9999999999998,122,0
"subtlex_uk",10,13135,"bigram","BA","token",16147,370.000000000004,2588.00000000002,1762,3110.99999999998,1028,3625,76.0000000000004,1.99999999999998
"subtlex_uk",10,13135,"bigram","BB","token",1.99999999999998,199,331.000000000001,286,436.999999999998,43.0000000000002,92.0000000000006,4.99999999999996,0
"subtlex_uk",10,13135,"bigram","BC","token",0,1.99999999999998,121,0,0,0,0,0,0
"subtlex_uk",10,13135,"bigram","BD","token",0,293,60.9999999999999,1.99999999999998,23.0000000000002,0,0,0,0
"subtlex_uk",10,13135,"bigram","BE","token",9803.99999999999,150,3316.99999999999,4982,1514.00000000001,8811.00000000007,1230,747.000000000001,715.000000000003
"subtlex_uk",10,13135,"bigram","BF","token",0,0,0,0,0,0,0,0,0
"subtlex_uk",10,13135,"bigram","BG","token",0,0,0,1.99999999999998,0,0,1.99999999999998,1.99999999999998,0
"subtlex_uk",10,13135,"bigram","BH","token",0,30.0000000000002,1.99999999999998,1.99999999999998,0,0,0,0,0
"subtlex_uk",10,13135,"bigram","BI","token",12743.0000000001,232.999999999999,646.000000000003,1062.99999999999,10501,2080.00000000001,3549.99999999999,657.000000000001,0
"subtlex_uk",10,13135,"bigram","BJ","token",0,1202,267.999999999999,0,0,0,0,0,0
"subtlex_uk",10,13135,"bigram","BK","token",0,0,0,0,0,0,0,0,0
"subtlex_uk",10,13135,"bigram","BL","token",4576,1182.99999999999,2803.99999999999,1743,2512,1690,6688.00000000006,105464,0
"subtlex_uk",10,13135,"bigram","BM","token",0,0,1039,0,0,2.99999999999998,0,0,0
"subtlex_uk",10,13135,"bigram","BN","token",0,68.0000000000006,32.0000000000002,0,4.00000000000001,4.00000000000001,0,0,0
"subtlex_uk",10,13135,"bigram","BO","token",5831.99999999999,804.999999999999,1693.00000000001,1693.00000000001,2450,9778.99999999999,2819.99999999999,364,25
"subtlex_uk",10,13135,"bigram","BP","token",0,0,21.9999999999998,0,21.0000000000002,0,0,0,0
"subtlex_uk",10,13135,"bigram","BQ","token",0,0,0,0,0,0,0,0,0
"subtlex_uk",10,13135,"bigram","BR","token",6870,150.000000000001,2255.99999999999,689.000000000003,4401.99999999998,2118.00000000001,53.0000000000001,196,0
"subtlex_uk",10,13135,"bigram","BS","token",0,76909.9999999995,3833.99999999999,182.000000000001,6.99999999999993,0,0,0,394.000000000001
"subtlex_uk",10,13135,"bigram","BT","token",0,17.0000000000002,196,8.99999999999996,0,0,0,0,2.99999999999998
"subtlex_uk",10,13135,"bigram","BU","token",15627,85.9999999999995,1879.99999999999,819.999999999997,760.000000000004,1343,6039.00000000002,47.0000000000004,0
"subtlex_uk",10,13135,"bigram","BV","token",0,0,232,0,0,0,0,0,0
"subtlex_uk",10,13135,"bigram","BW","token",1.99999999999998,0,0,4.99999999999995,0,72.0000000000006,0,0,0
"subtlex_uk",10,13135,"bigram","BX","token",0,0,0,0,0,0,0,0,0
"subtlex_uk",10,13135,"bigram","BY","token",323.999999999999,28.9999999999998,261.000000000001,1704.99999999999,18,1.99999999999998,1.99999999999998,0,338.999999999998
"subtlex_uk",10,13135,"bigram","BZ","token",4.00000000000001,0,0,0,0,0,0,0,0
"subtlex_uk",10,13135,"bigram","CA","token",29170,1820.99999999999,4141,5297,9131.00000000001,13303,3211.00000000001,13837.9999999999,1055
"subtlex_uk",10,13135,"bigram","CB","token",0,0,0,0,0,0,0,0,0
"subtlex_uk",10,13135,"bigram","CC","token",0,14246.0000000001,17538,595.000000000001,499.999999999997,456.999999999997,0,14.0000000000001,0
"subtlex_uk",10,13135,"bigram","CD","token",0,28.0000000000002,108,0,0,0,0,0,0
"subtlex_uk",10,13135,"bigram","CE","token",6690.99999999997,483,9790,30388,11486.0000000001,2137.99999999999,1297,18389.9999999999,107652
"subtlex_uk",10,13135,"bigram","CF","token",0,3.99999999999996,120,0,0,0,0,0,0
"subtlex_uk",10,13135,"bigram","CG","token",0,1237.00000000001,172.000000000002,0,0,0,0,0,0
"subtlex_uk",10,13135,"bigram","CH","token",39181,2309,20402,20678.9999999999,4619,7885,10276,377,1887
"subtlex_uk",10,13135,"bigram","CI","token",3173.00000000001,9680.00000000005,9866,12016,38324.0000000002,17723,21422,29.9999999999999,10.0000000000001
"subtlex_uk",10,13135,"bigram","CJ","token",0,0,0,0,0,0,0,0,0
"subtlex_uk",10,13135,"bigram","CK","token",0,27.0000000000002,12344,6131.99999999999,202.999999999999,515.000000000001,2149,1296,3337
"subtlex_uk",10,13135,"bigram","CL","token",3461,401,729,3848.00000000003,559.000000000003,1353,950,877.999999999996,0
"subtlex_uk",10,13135,"bigram","CM","token",0,0,16.9999999999999,0,152,0,0,0,0
"subtlex_uk",10,13135,"bigram","CN","token",0,77.9999999999996,47.0000000000003,0,0,2.99999999999998,1.99999999999998,0,0
"subtlex_uk",10,13135,"bigram","CO","token",236667,2760.99999999998,23192,14907.0000000001,6991.00000000002,4394,2584.99999999999,119.000000000001,288
"subtlex_uk",10,13135,"bigram","CP","token",0,17.0000000000002,231,0,0,0,0,0,0
"subtlex_uk",10,13135,"bigram","CQ","token",0,268.999999999999,660.999999999994,32.0000000000002,0,0,0,0,1.99999999999998
"subtlex_uk",10,13135,"bigram","CR","token",8692.99999999997,3510,40179.0000000002,2926.99999999999,4785.99999999997,3886,659.000000000003,0,0
"subtlex_uk",10,13135,"bigram","CS","token",0,30.0000000000002,15.0000000000002,43.0000000000002,0,1.99999999999998,0,1.99999999999998,6920.00000000004
"subtlex_uk",10,13135,"bigram","CT","token",0,3447.00000000003,9347.99999999996,11258,13565,84226.0000000003,10346,1049,2212
"subtlex_uk",10,13135,"bigram","CU","token",4776,2082.00000000001,5182.00000000001,12707,11520.0000000001,28218.0000000001,143.999999999999,293.000000000001,0
"subtlex_uk",10,13135,"bigram","CV","token",0,0,0,0,0,0,0,0,0
"subtlex_uk",10,13135,"bigram","CW","token",4.99999999999995,44.9999999999995,36.9999999999999,0,0,0,0,0,0
"subtlex_uk",10,13135,"bigram","CX","token",0,0,0,0,0,0,0,0,0
"subtlex_uk",10,13135,"bigram","CY","token",200.000000000001,0,85.0000000000006,35,19,731.999999999995,15,7.99999999999992,8532
"subtlex_uk",10,13135,"bigram","CZ","token",0,1.99999999999998,0,17.0000000000002,0,0,18.9999999999999,0,80.0000000000004
"subtlex_uk",10,13135,"bigram","DA","token",2712.00000000002,487.999999999996,2268.99999999999,478.000000000002,7560.00000000001,11482,2273,1996,1127.00000000001
"subtlex_uk",10,13135,"bigram","DB","token",0,0,28,276.000000000001,457.000000000002,91.9999999999998,0,0,0
"subtlex_uk",10,13135,"bigram","DC","token",0,0,167,501,807.000000000008,0,0,0,0
"subtlex_uk",10,13135,"bigram","DD","token",0,5061.00000000003,2527,111,154.000000000001,527.999999999996,539.000000000003,61.0000000000003,356.000000000003
"subtlex_uk",10,13135,"bigram","DE","token",113641,4972.00000000002,73165.9999999999,19344,3056,25978,5689.00000000001,10326,3664.00000000001
"subtlex_uk",10,13135,"bigram","DF","token",0,0,625.000000000004,372.000000000001,302.999999999998,0,356.999999999996,0,0
"subtlex_uk",10,13135,"bigram","DG","token",0,1.99999999999998,641.999999999998,420.000000000001,171.999999999999,67.0000000000003,344.000000000001,995.000000000003,0
"subtlex_uk",10,13135,"bigram","DH","token",13,1.99999999999998,0,88,526.999999999999,83.0000000000001,6.00000000000005,0,2.99999999999998
"subtlex_uk",10,13135,"bigram","DI","token",84550.0000000003,52.0000000000005,32072.0000000001,26019.0000000002,3769.00000000002,36070.0000000002,13821,555.000000000003,136
"subtlex_uk",10,13135,"bigram","DJ","token",0,693.999999999997,4.99999999999996,26,0,0,0,0,0
"subtlex_uk",10,13135,"bigram","DK","token",0,0,0,36.9999999999999,6.99999999999993,16.0000000000002,0,0,0
"subtlex_uk",10,13135,"bigram","DL","token",0,2.99999999999998,183.000000000001,2030.00000000001,284.999999999999,2056.00000000001,123,4224,0
"subtlex_uk",10,13135,"bigram","DM","token",8.99999999999999,1922,46,943.999999999998,909.999999999995,76.9999999999999,7.99999999999992,0,0
"subtlex_uk",10,13135,"bigram","DN","token",0,0,678.999999999999,18,0,302,0,0,0
"subtlex_uk",10,13135,"bigram","DO","token",11306.9999999999,223.999999999999,621.999999999998,1618,1410.00000000001,1194,7134,3072.00000000002,283.000000000002
"subtlex_uk",10,13135,"bigram","DP","token",0,0,44.9999999999995,1145,302.000000000001,0,0,0,0
"subtlex_uk",10,13135,"bigram","DQ","token",0,0,0,0,0,0,0,0,0
"subtlex_uk",10,13135,"bigram","DR","token",1151,873.999999999992,2097.00000000001,650.000000000001,1641,1318,329.000000000001,191.000000000001,0
"subtlex_uk",10,13135,"bigram","DS","token",0,4.00000000000001,161.000000000001,4197,1454,2399.99999999999,688.999999999997,0,13108
"subtlex_uk",10,13135,"bigram","DT","token",0,0,0,11.0000000000001,469.999999999998,1.99999999999998,67.0000000000005,79.9999999999993,25
"subtlex_uk",10,13135,"bigram","DU","token",547.000000000003,106,10598,10165.0000000001,516.000000000002,8563.99999999993,11021,9836.00000000008,0
"subtlex_uk",10,13135,"bigram","DV","token",0,4115.00000000001,4.00000000000001,1.99999999999998,1.99999999999998,0,0,0,0
"subtlex_uk",10,13135,"bigram","DW","token",0,118.000000000001,34.0000000000001,2345.99999999999,134,131,0,2.99999999999998,0
"subtlex_uk",10,13135,"bigram","DX","token",0,0,0,0,0,0,0,0,0
"subtlex_uk",10,13135,"bigram","DY","token",16.0000000000001,0,269,539.000000000004,49.0000000000001,1.99999999999998,16.9999999999999,1.99999999999998,235
"subtlex_uk",10,13135,"bigram","DZ","token",0,0,1.99999999999998,0,1.99999999999998,0,1.99999999999998,2.99999999999998,0
"subtlex_uk",10,13135,"bigram","EA","token",5973.99999999999,27575,6398.99999999998,13692.9999999999,16552.9999999999,3298,19559.9999999999,7773.00000000001,256.999999999998
"subtlex_uk",10,13135,"bigram","EB","token",4.99999999999995,1785,260.000000000002,3694.99999999998,2480.99999999999,913.000000000003,66.0000000000005,1.99999999999998,0
"subtlex_uk",10,13135,"bigram","EC","token",1960.99999999999,33792,16557,31429.0000000002,62429.0000000002,5617.99999999999,1203,1484,0
"subtlex_uk",10,13135,"bigram","ED","token",197.000000000001,10687,3516.00000000002,3409.00000000002,34712.0000000001,2869.99999999999,3912,126,193092
"subtlex_uk",10,13135,"bigram","EE","token",12.0000000000001,1476,11539,2274,1999.00000000001,4809.00000000002,5230.00000000002,14078,472
"subtlex_uk",10,13135,"bigram","EF","token",2136,60143.9999999999,1783.00000000001,2134,2261,1040,396,0,1694
"subtlex_uk",10,13135,"bigram","EG","token",45.9999999999996,23561.0000000001,133,7333,1564,1414,1998.99999999999,25,48.0000000000002
"subtlex_uk",10,13135,"bigram","EH","token",41.0000000000005,2731.99999999999,192.999999999999,577.000000000003,3184,1631.99999999999,13.9999999999999,13.9999999999999,0
"subtlex_uk",10,13135,"bigram","EI","token",792.999999999998,8341.00000000001,40,700.000000000005,504.000000000002,1324.00000000001,1334.00000000001,712.000000000002,0
"subtlex_uk",10,13135,"bigram","EJ","token",29.9999999999999,182.000000000001,369,69.0000000000004,0,51.9999999999998,0,1.99999999999998,0
"subtlex_uk",10,13135,"bigram","EK","token",0,20.9999999999999,397.999999999997,451.999999999998,1.99999999999998,78.0000000000005,1.99999999999998,0,59.0000000000002
"subtlex_uk",10,13135,"bigram","EL","token",7231.99999999999,48598.0000000001,2525.00000000001,18064,24551.9999999999,46854.0000000001,3217.00000000001,160069.999999999,1525
"subtlex_uk",10,13135,"bigram","EM","token",7516.99999999999,25407,37699.0000000001,8820.00000000005,6586.00000000001,20374,1117.99999999999,128,317.999999999999
"subtlex_uk",10,13135,"bigram","EN","token",18585,28288.0000000001,20986.0000000001,30504,44284,47533.0000000001,119611,238521.000000001,8751.99999999996
"subtlex_uk",10,13135,"bigram","EO","token",0,1704.99999999999,278.000000000001,788.999999999999,597.999999999998,543,2735,370.999999999998,56
"subtlex_uk",10,13135,"bigram","EP","token",563.000000000001,36275,1930.00000000001,5825.00000000003,3302.00000000001,1214.99999999999,3570.00000000002,18,10
"subtlex_uk",10,13135,"bigram","EQ","token",4019.99999999996,497,2344.00000000002,74.9999999999996,1612.00000000001,0,1.99999999999998,0,0
"subtlex_uk",10,13135,"bigram","ER","token",260,49209.9999999999,117296.999999999,299695.000000002,116821,26554,31441.0000000001,81496.9999999999,67079.9999999999
"subtlex_uk",10,13135,"bigram","ES","token",22072.0000000002,30014.9999999999,13144,25459.0000000001,79319.0000000001,52928.9999999999,549.000000000001,24052,187131
"subtlex_uk",10,13135,"bigram","ET","token",154,21351,3170.99999999999,15742.0000000001,6968.00000000001,41623.0000000001,3994.00000000001,734,1748
"subtlex_uk",10,13135,"bigram","EU","token",1697.00000000001,318.000000000001,1632.00000000001,11.0000000000001,440.000000000002,10.0000000000001,193.000000000001,105,2.99999999999998
"subtlex_uk",10,13135,"bigram","EV","token",116208.999999999,19570.0000000001,9549.00000000007,15578,1498.99999999999,1274.99999999999,4261.00000000004,83.0000000000002,139.999999999999
"subtlex_uk",10,13135,"bigram","EW","token",0,5802,635.000000000002,2253.00000000001,855.999999999998,1103.00000000001,164,1907.99999999999,23.9999999999998
"subtlex_uk",10,13135,"bigram","EX","token",62072.0000000003,99.0000000000007,3454.99999999999,42.0000000000001,204.000000000001,1536.99999999999,4.99999999999996,4.99999999999995,28.9999999999999
"subtlex_uk",10,13135,"bigram","EY","token",614.999999999999,190,432.000000000003,147,1698.00000000001,185,174.000000000002,11.9999999999999,1917
"subtlex_uk",10,13135,"bigram","EZ","token",0,4.99999999999996,1.99999999999998,194.000000000001,340.000000000001,60.0000000000001,4.99999999999995,49,12
"subtlex_uk",10,13135,"bigram","FA","token",12566.0000000001,0,1361.00000000001,192,374.000000000001,705,314,11,0
"subtlex_uk",10,13135,"bigram","FB","token",0,0,0,95.0000000000005,21.9999999999999,0,0,0,0
"subtlex_uk",10,13135,"bigram","FC","token",0,0,0,17.0000000000001,51.0000000000002,0,0,0,0
"subtlex_uk",10,13135,"bigram","FD","token",0,0,0,0,0,0,0,0,0
"subtlex_uk",10,13135,"bigram","FE","token",2646.99999999999,137.000000000001,13909.0000000001,43371.0000000001,1141,572.000000000003,97.0000000000008,355.000000000001,131
"subtlex_uk",10,13135,"bigram","FF","token",137.000000000001,8473.99999999999,30835.0000000002,1043.00000000001,68.9999999999999,229,238.000000000001,279.000000000002,416.999999999999
"subtlex_uk",10,13135,"bigram","FG","token",0,54.9999999999999,1.99999999999998,0,1.99999999999998,0,0,0,0
"subtlex_uk",10,13135,"bigram","FH","token",0,0,0,8.99999999999999,0,0,0,0,0
"subtlex_uk",10,13135,"bigram","FI","token",5669.00000000001,57.0000000000003,48411.9999999998,24620.0000000001,5244.00000000001,5885.99999999998,5944.00000000001,3941.00000000003,0
"subtlex_uk",10,13135,"bigram","FJ","token",0,0,0,0,0,0,0,0,0
"subtlex_uk",10,13135,"bigram","FK","token",0,0,8.0000000000001,0,0,0,0,0,0
"subtlex_uk",10,13135,"bigram","FL","token",4689,0,7008.00000000001,621,841.999999999997,1724,109,8.99999999999999,0
"subtlex_uk",10,13135,"bigram","FM","token",0,0,15.9999999999999,0,0,2.99999999999998,0,0,0
"subtlex_uk",10,13135,"bigram","FN","token",0,0,6.99999999999993,0,0,0,0,0,0
"subtlex_uk",10,13135,"bigram","FO","token",12737,0,4348.99999999998,8623.99999999996,4396.99999999997,625,2352,662,0
"subtlex_uk",10,13135,"bigram","FP","token",0,0,11.0000000000001,0,2.99999999999998,0,1.99999999999998,0,0
"subtlex_uk",10,13135,"bigram","FQ","token",0,0,0,0,0,0,0,0,0
"subtlex_uk",10,13135,"bigram","FR","token",14191,28.0000000000001,1826.00000000001,1535.00000000001,5713.99999999999,1243.00000000001,28.0000000000002,0,0
"subtlex_uk",10,13135,"bigram","FS","token",0,0,64.9999999999997,6.99999999999993,22,0,2.99999999999998,0,214.000000000001
"subtlex_uk",10,13135,"bigram","FT","token",0,5707.00000000002,0,32,54.9999999999999,26.0000000000002,379.000000000003,127,1345
"subtlex_uk",10,13135,"bigram","FU","token",3222,0,335.999999999999,170.000000000001,14.9999999999999,4794.99999999998,154,18816,0
"subtlex_uk",10,13135,"bigram","FV","token",0,0,0,0,0,0,0,0,0
"subtlex_uk",10,13135,"bigram","FW","token",27,0,0,0,0,0,0,0,0
"subtlex_uk",10,13135,"bigram","FX","token",0,0,0,0,0,0,0,0,0
"subtlex_uk",10,13135,"bigram","FY","token",0,0,0,0,22.9999999999998,6558.00000000003,4.99999999999995,1.99999999999998,86.0000000000006
"subtlex_uk",10,13135,"bigram","FZ","token",0,0,0,0,0,0,0,0,0
"subtlex_uk",10,13135,"bigram","GA","token",1671.99999999999,40.9999999999999,9048.00000000001,1143,7050,2271.00000000001,488.999999999999,148.000000000001,185
"subtlex_uk",10,13135,"bigram","GB","token",0,91.0000000000009,3.99999999999996,96.0000000000003,9.00000000000002,171.000000000001,0,0,0
"subtlex_uk",10,13135,"bigram","GC","token",0,0,5.99999999999999,1.99999999999998,50.9999999999995,0,0,0,0
"subtlex_uk",10,13135,"bigram","GD","token",0,0,18,38.0000000000001,462.999999999997,0,289.000000000001,0,0
"subtlex_uk",10,13135,"bigram","GE","token",13894.0000000001,0,7892.00000000006,10290,17843,5769,6011.99999999998,18241,6513.99999999999
"subtlex_uk",10,13135,"bigram","GF","token",0,0,0,429.000000000004,20,204.000000000001,746.000000000001,0,0
"subtlex_uk",10,13135,"bigram","GG","token",0,4823.99999999999,6618.99999999999,2405.99999999999,10118.0000000001,191.000000000001,149,10.9999999999999,18
"subtlex_uk",10,13135,"bigram","GH","token",83.0000000000004,0,10822,12551,3081.00000000002,15112,20850.0000000001,3573.00000000001,1017
"subtlex_uk",10,13135,"bigram","GI","token",6372.99999999998,2.99999999999998,7132,9892.00000000004,995.000000000005,6164.99999999997,3668.00000000001,258,16.9999999999999
"subtlex_uk",10,13135,"bigram","GJ","token",0,0,0,0,0,0,0,0,0
"subtlex_uk",10,13135,"bigram","GK","token",0,0,0,25.0000000000001,0,1.99999999999998,0,0,0
"subtlex_uk",10,13135,"bigram","GL","token",3336.99999999999,0,1945.99999999999,2102,237.000000000001,10662.0000000001,519.000000000003,1899.00000000001,0
"subtlex_uk",10,13135,"bigram","GM","token",0,0,18.0000000000001,677.000000000003,39,15.9999999999998,2.99999999999998,4.00000000000001,0
"subtlex_uk",10,13135,"bigram","GN","token",0,2.99999999999998,1690,620.999999999998,6230.99999999997,754.000000000005,1626.00000000001,322.999999999999,1.99999999999998
"subtlex_uk",10,13135,"bigram","GO","token",123997.000000001,24.9999999999998,2325.00000000001,454.000000000001,3257.99999999999,1102,275.000000000002,177.999999999999,43.0000000000002
"subtlex_uk",10,13135,"bigram","GP","token",0,0,0,1.99999999999998,1.99999999999998,12.0000000000001,0,0,0
"subtlex_uk",10,13135,"bigram","GQ","token",0,0,0,0,11.0000000000001,0,0,0,0
"subtlex_uk",10,13135,"bigram","GR","token",6613,731.000000000004,8948.99999999997,8214.00000000001,13520,7731.99999999997,122.999999999999,163.000000000001,0
"subtlex_uk",10,13135,"bigram","GS","token",0,0,0,250.000000000002,2975.99999999997,153.999999999999,35.0000000000003,1.99999999999998,3526
"subtlex_uk",10,13135,"bigram","GT","token",0,0,4.00000000000001,119.999999999999,0,1431,12382,284.000000000002,2.99999999999998
"subtlex_uk",10,13135,"bigram","GU","token",6694.00000000002,1.99999999999998,6488.00000000003,4605.00000000004,870,4682.99999999998,7414.99999999994,332,0
"subtlex_uk",10,13135,"bigram","GV","token",0,0,0,0,2.99999999999998,0,0,0,0
"subtlex_uk",10,13135,"bigram","GW","token",54,0,23.0000000000002,649.000000000004,131.000000000001,29,36.0000000000004,4.00000000000001,0
"subtlex_uk",10,13135,"bigram","GX","token",0,0,0,0,0,0,0,0,0
"subtlex_uk",10,13135,"bigram","GY","token",854.000000000006,21.9999999999998,0,141,47.9999999999995,2.99999999999998,0,0,11370
"subtlex_uk",10,13135,"bigram","GZ","token",0,0,21.0000000000002,1965.00000000001,0,0,0,0,0
"subtlex_uk",10,13135,"bigram","HA","token",8952.99999999999,35905.0000000001,1796.00000000001,4384.99999999999,2375.99999999999,2400.99999999999,7713.00000000001,18288.0000000001,89
"subtlex_uk",10,13135,"bigram","HB","token",0,0,8.0000000000001,1602.99999999999,7222.00000000001,137.000000000001,0,177.999999999999,0
"subtlex_uk",10,13135,"bigram","HC","token",0,0,0,129.000000000001,507.999999999999,1357.00000000001,0,1.99999999999998,0
"subtlex_uk",10,13135,"bigram","HD","token",0,0,0,901.000000000002,58.0000000000005,43.0000000000002,6.99999999999993,0,0
"subtlex_uk",10,13135,"bigram","HE","token",13053,41796,2764.99999999998,4486.00000000001,18422.9999999999,6755.00000000004,23930,20541,498
"subtlex_uk",10,13135,"bigram","HF","token",0,12.0000000000001,0,138,758.999999999998,8.99999999999991,187.999999999998,0,0
"subtlex_uk",10,13135,"bigram","HG","token",0,0,0,0,160.999999999999,38.0000000000001,44.9999999999995,0,0
"subtlex_uk",10,13135,"bigram","HH","token",0,19,19,32.0000000000001,165,27.9999999999999,36.9999999999999,52.9999999999998,55.9999999999998
"subtlex_uk",10,13135,"bigram","HI","token",8860.99999999999,6672.99999999998,4824.00000000001,6050.99999999998,1576.00000000001,2892,109167.999999999,12781,596.999999999999
"subtlex_uk",10,13135,"bigram","HJ","token",0,0,0,0,0,0,0,0,0
"subtlex_uk",10,13135,"bigram","HK","token",0,0,0,0,27.0000000000002,11.0000000000001,6.99999999999999,4.99999999999995,0
"subtlex_uk",10,13135,"bigram","HL","token",0,127.999999999999,78.0000000000001,2619.00000000001,418.000000000001,1338.99999999999,811.000000000003,2404.00000000001,2.99999999999998
"subtlex_uk",10,13135,"bigram","HM","token",0,0,211.000000000001,271.999999999999,895,3306.99999999998,1120.99999999999,62.9999999999999,0
"subtlex_uk",10,13135,"bigram","HN","token",0,0,148.000000000001,13063.0000000001,20.9999999999998,169,39.0000000000001,2.99999999999998,33.0000000000002
"subtlex_uk",10,13135,"bigram","HO","token",23506.0000000002,13915,1250,1611,3017,10266,19718,1686,33
"subtlex_uk",10,13135,"bigram","HP","token",0,0,0,21.0000000000002,1525,0,31.0000000000003,0,0
"subtlex_uk",10,13135,"bigram","HQ","token",0,0,0,0,2607.99999999998,0,0,0,0
"subtlex_uk",10,13135,"bigram","HR","token",0,22963,396,465,242,634.000000000001,61.0000000000003,2.99999999999998,2.99999999999998
"subtlex_uk",10,13135,"bigram","HS","token",0,0,0,206.999999999999,481.999999999997,297.999999999999,0,0,1194
"subtlex_uk",10,13135,"bigram","HT","token",0,0,22,6413,6407.99999999999,3063.00000000002,975.999999999993,2874.00000000001,3692.00000000001
"subtlex_uk",10,13135,"bigram","HU","token",2673.00000000002,822.000000000001,311.000000000001,4013.00000000004,363,791.999999999999,122,213,8.99999999999999
"subtlex_uk",10,13135,"bigram","HV","token",0,0,0,2.99999999999998,2.99999999999998,0,0,0,0
"subtlex_uk",10,13135,"bigram","HW","token",0,0,50.9999999999998,655.000000000003,2846.99999999999,102.999999999999,44.9999999999999,12.0000000000001,0
"subtlex_uk",10,13135,"bigram","HX","token",0,0,0,0,0,0,0,0,0
"subtlex_uk",10,13135,"bigram","HY","token",1627,3808.00000000003,384.000000000001,134,40.9999999999997,268.000000000002,2.99999999999998,0,2111.99999999999
"subtlex_uk",10,13135,"bigram","HZ","token",0,0,0,0,0,0,0,0,0
"subtlex_uk",10,13135,"bigram","IA","token",4.00000000000001,712.999999999998,440.999999999996,1201.00000000001,30257,32904.0000000002,18307.0000000001,31065,4245.99999999998
"subtlex_uk",10,13135,"bigram","IB","token",4.00000000000001,2245.99999999999,20.0000000000002,6531.00000000002,1323,4175,40379.0000000002,26.0000000000001,0
"subtlex_uk",10,13135,"bigram","IC","token",96.0000000000007,8652,3184.99999999999,29107.0000000001,51628.0000000001,13286,15704.9999999999,11395,21215
"subtlex_uk",10,13135,"bigram","ID","token",4695.00000000002,11868.0000000001,2896.00000000001,2179.00000000001,30463,11759,2560,2626.00000000001,695.999999999995
"subtlex_uk",10,13135,"bigram","IE","token",0,2473.00000000001,13830,1008.99999999999,1360,33974.0000000003,17052,43039.9999999999,612.000000000003
"subtlex_uk",10,13135,"bigram","IF","token",0,29140.0000000002,204,5241.99999999999,7584.00000000004,5299.00000000001,4025.00000000003,394,3.99999999999996
"subtlex_uk",10,13135,"bigram","IG","token",4.99999999999996,14739,21687,8991.00000000001,5634.99999999999,4870.00000000002,3560.00000000001,118,31.0000000000001
"subtlex_uk",10,13135,"bigram","IH","token",0,27,59.9999999999994,98.0000000000007,8.99999999999999,1103,0,0,0
"subtlex_uk",10,13135,"bigram","II","token",0,0,0,0,0,0,4.99999999999995,3.99999999999996,5.99999999999995
"subtlex_uk",10,13135,"bigram","IJ","token",0,32,8.99999999999999,0,0,8.99999999999999,286.999999999999,0,0
"subtlex_uk",10,13135,"bigram","IK","token",1.99999999999998,723.000000000006,1.99999999999998,274,3.99999999999996,75.0000000000002,634.000000000001,122.999999999999,16
"subtlex_uk",10,13135,"bigram","IL","token",1012,12756,3807.99999999999,6717.00000000002,6436.99999999999,10285,3813,4889.99999999998,260
"subtlex_uk",10,13135,"bigram","IM","token",35206.0000000001,4243.00000000001,3484.00000000001,9310.00000000002,1942,9130.00000000003,508.000000000001,3032,142.000000000001
"subtlex_uk",10,13135,"bigram","IN","token",143786,11717,12525,63944.9999999998,57902.0000000002,13795,30204.0000000001,305306.999999999,1261
"subtlex_uk",10,13135,"bigram","IO","token",29.9999999999998,2446,2924,2385,18821.9999999999,11597,49123.0000000002,242735,411.000000000001
"subtlex_uk",10,13135,"bigram","IP","token",1.99999999999998,2133.99999999998,903.000000000002,1404,4176.00000000001,3932,207.000000000001,1332,12579
"subtlex_uk",10,13135,"bigram","IQ","token",0,147,333.999999999999,84.9999999999999,13.0000000000001,2717.99999999999,467.999999999999,0,0
"subtlex_uk",10,13135,"bigram","IR","token",3691.99999999999,21238.0000000001,2271,4967.99999999997,885.000000000007,2002.99999999999,1888.99999999999,15501.9999999999,2093.00000000001
"subtlex_uk",10,13135,"bigram","IS","token",160.000000000001,58048.0000000001,2765,18450.9999999999,33211,40224,33114,29456.0000000001,1832
"subtlex_uk",10,13135,"bigram","IT","token",86,10467,9403.99999999996,27631,32822.0000000002,83261.9999999998,8682.00000000004,34335.0000000001,1194
"subtlex_uk",10,13135,"bigram","IU","token",0,6.99999999999993,622.000000000001,2.99999999999998,6.00000000000005,92.000000000001,28.9999999999999,2676.99999999999,0
"subtlex_uk",10,13135,"bigram","IV","token",82.0000000000003,1046,17897.0000000001,22874,1343.00000000001,8565.00000000003,7549.00000000001,39409,0
"subtlex_uk",10,13135,"bigram","IW","token",0,1.99999999999998,0,27.9999999999999,74.0000000000006,6.99999999999993,0,51.0000000000001,0
"subtlex_uk",10,13135,"bigram","IX","token",0,46,8.00000000000002,169.999999999998,0,15.9999999999998,140,0,34.0000000000003
"subtlex_uk",10,13135,"bigram","IY","token",0,0,0,0,0,0,0,17.9999999999999,6.99999999999993
"subtlex_uk",10,13135,"bigram","IZ","token",0,20,87.0000000000005,542.000000000004,20.9999999999998,419,1890.00000000001,53.9999999999999,0
"subtlex_uk",10,13135,"bigram","JA","token",1413.99999999999,29.9999999999999,140,27.9999999999997,83.0000000000004,6.99999999999993,481.999999999999,1634,1.99999999999998
"subtlex_uk",10,13135,"bigram","JB","token",0,0,0,0,0,0,0,0,0
"subtlex_uk",10,13135,"bigram","JC","token",0,0,0,0,0,0,0,0,0
"subtlex_uk",10,13135,"bigram","JD","token",0,0,0,0,0,0,0,0,0
"subtlex_uk",10,13135,"bigram","JE","token",472.999999999998,0,1813,1523,9.9999999999999,1.99999999999998,8.99999999999999,11.0000000000001,0
"subtlex_uk",10,13135,"bigram","JF","token",0,0,0,0,0,0,0,0,0
"subtlex_uk",10,13135,"bigram","JG","token",0,0,0,0,0,0,0,0,0
"subtlex_uk",10,13135,"bigram","JH","token",0,0,0,0,0,0,0,0,0
"subtlex_uk",10,13135,"bigram","JI","token",67.0000000000001,0,81.9999999999992,8.99999999999999,37,0,2.99999999999998,0,0
"subtlex_uk",10,13135,"bigram","JJ","token",0,0,0,0,0,0,0,0,0
"subtlex_uk",10,13135,"bigram","JK","token",0,0,0,0,0,0,0,0,0
"subtlex_uk",10,13135,"bigram","JL","token",0,0,0,0,0,0,0,0,0
"subtlex_uk",10,13135,"bigram","JM","token",0,0,0,0,0,0,0,0,0
"subtlex_uk",10,13135,"bigram","JN","token",0,0,0,4.00000000000001,0,0,0,0,0
"subtlex_uk",10,13135,"bigram","JO","token",5113.00000000003,0,231.000000000001,98.0000000000002,50.9999999999995,0,51.9999999999998,0,0
"subtlex_uk",10,13135,"bigram","JP","token",0,0,0,0,0,0,0,0,0
"subtlex_uk",10,13135,"bigram","JQ","token",0,0,0,0,0,0,0,0,0
"subtlex_uk",10,13135,"bigram","JR","token",0,0,0,0,0,0,0,0,0
"subtlex_uk",10,13135,"bigram","JS","token",0,0,0,0,0,0,0,0,0
"subtlex_uk",10,13135,"bigram","JT","token",0,0,0,0,0,0,0,0,0
"subtlex_uk",10,13135,"bigram","JU","token",757.999999999998,0,1448.99999999999,395,27.9999999999999,20.9999999999999,0,0,0
"subtlex_uk",10,13135,"bigram","JV","token",0,0,0,0,0,0,0,0,0
"subtlex_uk",10,13135,"bigram","JW","token",0,0,0,0,0,0,0,0,0
"subtlex_uk",10,13135,"bigram","JX","token",0,0,0,0,0,0,0,0,0
"subtlex_uk",10,13135,"bigram","JY","token",0,0,0,0,0,0,0,0,0
"subtlex_uk",10,13135,"bigram","JZ","token",0,0,0,0,0,0,0,0,0
"subtlex_uk",10,13135,"bigram","KA","token",507,490.999999999996,82,545.999999999999,352.000000000002,8366.99999999998,230,40.0000000000001,153
"subtlex_uk",10,13135,"bigram","KB","token",0,0,1.99999999999998,153,1222,0,0,0,0
"subtlex_uk",10,13135,"bigram","KC","token",0,0,0,93.9999999999998,10.0000000000001,0,0,0,0
"subtlex_uk",10,13135,"bigram","KD","token",0,0,0,4.00000000000001,182.000000000001,0,0,0,0
"subtlex_uk",10,13135,"bigram","KE","token",764,382.000000000003,792.000000000006,3585,5471.00000000001,227.999999999999,865.000000000004,8781.99999999999,3944.99999999998
"subtlex_uk",10,13135,"bigram","KF","token",0,0,0,73.0000000000002,2544.99999999999,0,1.99999999999998,0,0
"subtlex_uk",10,13135,"bigram","KG","token",0,0,0,7324.99999999999,26.0000000000001,0,0,0,0
"subtlex_uk",10,13135,"bigram","KH","token",128.999999999999,0,16,222,459.999999999999,57.9999999999994,0,0,0
"subtlex_uk",10,13135,"bigram","KI","token",5342,167,322.999999999999,2721.00000000001,1113,86.9999999999998,1989,17.9999999999999,119
"subtlex_uk",10,13135,"bigram","KJ","token",0,0,0,0,6.99999999999993,0,0,0,0
"subtlex_uk",10,13135,"bigram","KK","token",0,0,1.99999999999998,35,1.99999999999998,78.9999999999993,25.0000000000001,31.0000000000002,0
"subtlex_uk",10,13135,"bigram","KL","token",25.9999999999999,4.99999999999995,6.00000000000005,456.000000000001,603.999999999996,539.999999999997,11.9999999999999,156.999999999999,0
"subtlex_uk",10,13135,"bigram","KM","token",0,0,0,274.000000000001,65.0000000000001,302.999999999997,0,0,0
"subtlex_uk",10,13135,"bigram","KN","token",664.000000000005,0,34.9999999999998,717.000000000001,13.9999999999999,2965.99999999998,237.000000000002,0,0
"subtlex_uk",10,13135,"bigram","KO","token",390.999999999999,0,1.99999999999998,41.0000000000001,107,2.99999999999998,54.0000000000004,24,275.000000000001
"subtlex_uk",10,13135,"bigram","KP","token",0,1.99999999999998,5.99999999999994,181.999999999999,521.999999999998,0,0,0,0
"subtlex_uk",10,13135,"bigram","KQ","token",0,0,0,0,0,6.00000000000005,0,0,0
"subtlex_uk",10,13135,"bigram","KR","token",112,60.0000000000005,0,886.999999999999,13.0000000000001,112,0,0,0
"subtlex_uk",10,13135,"bigram","KS","token",0,0,4.00000000000001,1149,964.999999999997,0,4.99999999999995,0,2290
"subtlex_uk",10,13135,"bigram","KT","token",0,0,4.99999999999995,5.99999999999999,47.9999999999996,1.99999999999998,0,0,0
"subtlex_uk",10,13135,"bigram","KU","token",171,78.9999999999999,0,1.99999999999998,0,22.0000000000002,0,1.99999999999998,6.99999999999993
"subtlex_uk",10,13135,"bigram","KV","token",0,0,0,0,0,0,0,0,0
"subtlex_uk",10,13135,"bigram","KW","token",0,0,0,49.0000000000003,321.000000000001,3.99999999999996,0,0,0
"subtlex_uk",10,13135,"bigram","KX","token",0,0,0,0,0,0,0,0,0
"subtlex_uk",10,13135,"bigram","KY","token",105,258.000000000002,6.00000000000005,23.0000000000002,5.99999999999994,17.0000000000001,0,0,456.000000000002
"subtlex_uk",10,13135,"bigram","KZ","token",0,0,0,0,0,0,0,0,0
"subtlex_uk",10,13135,"bigram","LA","token",8360.00000000001,12023,7214.00000000004,5401.99999999998,30173.9999999999,9573.00000000001,12841,25214,1980.00000000001
"subtlex_uk",10,13135,"bigram","LB","token",0,38.0000000000004,287.000000000002,217,237,265.999999999999,1.99999999999998,65.0000000000002,0
"subtlex_uk",10,13135,"bigram","LC","token",0,518.000000000005,2394,14.9999999999999,2155.00000000001,8.99999999999991,0,1.99999999999998,0
"subtlex_uk",10,13135,"bigram","LD","token",0,294.999999999999,2993.00000000002,714.000000000001,790.999999999997,1202,686.000000000005,1963,3727.00000000001
"subtlex_uk",10,13135,"bigram","LE","token",11174,7575.99999999998,25288,38408,53768,4995.99999999998,12656,24058.0000000001,89986.0000000002
"subtlex_uk",10,13135,"bigram","LF","token",0,92.000000000001,926.000000000004,5688.99999999998,16,27.0000000000003,0,0,775.000000000002
"subtlex_uk",10,13135,"bigram","LG","token",0,38.0000000000001,736.000000000001,50.0000000000004,383.000000000003,454.000000000003,52.0000000000002,72.0000000000004,0
"subtlex_uk",10,13135,"bigram","LH","token",0,0,364.999999999999,23,104,174,47.9999999999996,0,0
"subtlex_uk",10,13135,"bigram","LI","token",10994,4841.00000000001,23903,33344,18766,13065,61335,1678,405.000000000001
"subtlex_uk",10,13135,"bigram","LJ","token",0,0,0,0,0,0,0,0,0
"subtlex_uk",10,13135,"bigram","LK","token",0,21,935.000000000002,2808.00000000001,1.99999999999998,75.9999999999993,15,25.9999999999998,194.999999999999
"subtlex_uk",10,13135,"bigram","LL","token",448.000000000002,4224.99999999999,42922,10926,5107.00000000001,22866.9999999999,22990.0000000001,67899.0000000002,5022.99999999999
"subtlex_uk",10,13135,"bigram","LM","token",0,22.9999999999998,1964,1311.99999999999,30,588,98.0000000000005,106,4.99999999999995
"subtlex_uk",10,13135,"bigram","LN","token",0,0,6116.99999999994,0,11,105,0,0,0
"subtlex_uk",10,13135,"bigram","LO","token",2488,3787,6294.99999999999,17594.9999999999,10656,5482.00000000004,28344.0000000001,11821.0000000001,365.999999999999
"subtlex_uk",10,13135,"bigram","LP","token",0,44,163,1069.00000000001,64.0000000000005,15,0,0,1.99999999999998
"subtlex_uk",10,13135,"bigram","LQ","token",0,0,2.99999999999998,1.99999999999998,0,0,0,0,0
"subtlex_uk",10,13135,"bigram","LR","token",0,0,4.00000000000001,44.0000000000003,42.0000000000003,118,0,0,0
"subtlex_uk",10,13135,"bigram","LS","token",0,0,283,570.999999999999,338,1920.99999999999,67,2.99999999999998,4358
"subtlex_uk",10,13135,"bigram","LT","token",0,8357,1414,3676.00000000002,327.000000000001,5213.99999999996,241,3935.00000000004,248.000000000001
"subtlex_uk",10,13135,"bigram","LU","token",864.999999999997,1423.00000000001,6714.00000000003,3778.99999999999,91372.9999999996,1560.00000000001,396.000000000001,1408.00000000001,6.00000000000005
"subtlex_uk",10,13135,"bigram","LV","token",0,21.0000000000002,1132,8.99999999999991,200.000000000001,97.0000000000002,33894,0,0
"subtlex_uk",10,13135,"bigram","LW","token",0,4.99999999999995,20.9999999999999,282,310,200.000000000001,0,0,0
"subtlex_uk",10,13135,"bigram","LX","token",0,0,0,0,0,0,0,0,0
"subtlex_uk",10,13135,"bigram","LY","token",27.0000000000002,228,365.000000000002,623.000000000001,1727,1364.00000000001,305.999999999999,10.0000000000001,280650
"subtlex_uk",10,13135,"bigram","LZ","token",0,17.0000000000001,15.0000000000002,0,0,0,0,0,0
"subtlex_uk",10,13135,"bigram","MA","token",43207.9999999999,1026.00000000001,9516.99999999998,4785,10897,11640,4558.99999999999,2322.99999999999,208.000000000001
"subtlex_uk",10,13135,"bigram","MB","token",0,3611.00000000001,6661.99999999999,1094.99999999999,5567.00000000003,114,147.000000000001,732.000000000003,118
"subtlex_uk",10,13135,"bigram","MC","token",2729.00000000001,0,11.0000000000001,23.0000000000001,1.99999999999998,8.0000000000001,0,0,0
"subtlex_uk",10,13135,"bigram","MD","token",0,0,28.0000000000001,1.99999999999998,0,0,0,0,0
"subtlex_uk",10,13135,"bigram","ME","token",11894,903.999999999995,7612.00000000004,16857.9999999999,8227.99999999999,14467,218880.000000002,8429.99999999999,3714
"subtlex_uk",10,13135,"bigram","MF","token",0,0,607.999999999999,2.99999999999998,104.999999999999,426.999999999997,0,0,0
"subtlex_uk",10,13135,"bigram","MG","token",0,0,1.99999999999998,0,20,0,0,0,0
"subtlex_uk",10,13135,"bigram","MH","token",2.99999999999998,0,0,102,0,15.0000000000002,0,0,0
"subtlex_uk",10,13135,"bigram","MI","token",11640,627.999999999999,10980,41424.0000000002,5271,13228,11849,298.000000000001,8.0000000000001
"subtlex_uk",10,13135,"bigram","MJ","token",0,0,0,0,0,0,0,0,0
"subtlex_uk",10,13135,"bigram","MK","token",0,0,0,8.0000000000001,0,0,0,0,0
"subtlex_uk",10,13135,"bigram","ML","token",0,0,8.99999999999999,175.000000000001,36.0000000000004,313.000000000002,20,0,0
"subtlex_uk",10,13135,"bigram","MM","token",4.99999999999995,3319,31226.0000000001,863.000000000003,362,225.000000000002,5297,39,7.99999999999992
"subtlex_uk",10,13135,"bigram","MN","token",4.00000000000001,65.0000000000004,752.000000000007,3.99999999999996,83.0000000000008,359,8.99999999999999,2.99999999999998,0
"subtlex_uk",10,13135,"bigram","MO","token",12666,238,16047,2125.00000000001,4807,3873.00000000001,1412,125.999999999999,630
"subtlex_uk",10,13135,"bigram","MP","token",6.99999999999993,38828.0000000001,57283.0000000001,4643.00000000003,4716.00000000003,181,1275,135.000000000001,71.0000000000001
"subtlex_uk",10,13135,"bigram","MQ","token",0,0,0,0,0,0,0,0,0
"subtlex_uk",10,13135,"bigram","MR","token",0,6.99999999999993,5.99999999999999,0,0,0,0,0,0
"subtlex_uk",10,13135,"bigram","MS","token",0,0,266,29511,631.000000000002,20,347.999999999997,0,3074
"subtlex_uk",10,13135,"bigram","MT","token",0,0,16.0000000000001,15.0000000000002,0,2.99999999999998,20,0,0
"subtlex_uk",10,13135,"bigram","MU","token",1869.00000000001,116,1493.00000000001,1075.99999999999,266.000000000002,39.9999999999999,43.9999999999998,40,0
"subtlex_uk",10,13135,"bigram","MV","token",0,0,0,0,0,53.0000000000002,0,0,0
"subtlex_uk",10,13135,"bigram","MW","token",0,0,0,67.0000000000006,42.0000000000003,0,0,0,0
"subtlex_uk",10,13135,"bigram","MX","token",0,0,0,0,0,0,0,0,0
"subtlex_uk",10,13135,"bigram","MY","token",2442.99999999998,0,4.99999999999995,0,5.99999999999999,4.00000000000001,0,0,244.000000000001
"subtlex_uk",10,13135,"bigram","MZ","token",0,0,0,0,0,0,0,0,0
"subtlex_uk",10,13135,"bigram","NA","token",4088.00000000001,2853.00000000001,8936.00000000007,3964.00000000001,16909,35162,9129.99999999998,13189,844
"subtlex_uk",10,13135,"bigram","NB","token",0,1331,280.999999999999,384.000000000001,166,1108,0,0,0
"subtlex_uk",10,13135,"bigram","NC","token",0,41566.0000000002,24793.9999999999,14607.0000000001,3058,6018.00000000001,8007.99999999998,110099,0
"subtlex_uk",10,13135,"bigram","ND","token",0,91896.9999999999,33829.0000000002,11837,7392.99999999999,18659,16104.0000000001,3062.00000000001,69310
"subtlex_uk",10,13135,"bigram","NE","token",15487,11381,17373.0000000001,18633,14019,11526.9999999999,19142,38073.0000000001,14442
"subtlex_uk",10,13135,"bigram","NF","token",0,7568.00000000001,28276,1973.99999999999,402.000000000002,8.99999999999991,22.9999999999998,0,0
"subtlex_uk",10,13135,"bigram","NG","token",8.99999999999999,7056.99999999997,7642.00000000003,5239.99999999997,5994.99999999998,36612,11867,4629,292999.999999999
"subtlex_uk",10,13135,"bigram","NH","token",0,871.000000000002,68.0000000000003,121,2259.99999999999,1250.00000000001,2272.00000000001,27.9999999999999,0
"subtlex_uk",10,13135,"bigram","NI","token",3070.99999999999,19326.0000000001,7107.99999999999,4666,52466.9999999998,12615,15223,5708.99999999997,1497
"subtlex_uk",10,13135,"bigram","NJ","token",0,1228.99999999999,102.000000000001,14.9999999999999,1.99999999999998,18.9999999999999,0,0,0
"subtlex_uk",10,13135,"bigram","NK","token",0,52.9999999999999,1054,2842.99999999999,794.999999999995,197.999999999999,98.0000000000003,350.000000000001,488.000000000001
"subtlex_uk",10,13135,"bigram","NL","token",0,563.000000000003,51.9999999999995,328.000000000001,101.000000000001,189.999999999999,378.999999999999,291,0
"subtlex_uk",10,13135,"bigram","NM","token",0,133.000000000001,33.0000000000001,187.000000000001,119,117558.000000001,0,2.99999999999998,0
"subtlex_uk",10,13135,"bigram","NN","token",0,4431.99999999998,10654,393.000000000001,2090,3054.00000000001,653.000000000003,401.000000000001,154.000000000001
"subtlex_uk",10,13135,"bigram","NO","token",10873,2575.00000000001,24473.0000000001,6960.99999999996,10819.0000000001,1000,5052.99999999999,1529.99999999999,712.999999999998
"subtlex_uk",10,13135,"bigram","NP","token",0,1772.99999999999,105.000000000001,78,301,255.999999999998,74.9999999999997,0,0
"subtlex_uk",10,13135,"bigram","NQ","token",0,36.0000000000003,536.000000000002,32.0000000000001,188,0,2.99999999999998,0,0
"subtlex_uk",10,13135,"bigram","NR","token",0,1376,12.0000000000001,52.0000000000002,11.0000000000001,0,6.00000000000005,4.00000000000001,0
"subtlex_uk",10,13135,"bigram","NS","token",0,12650,25293,17319,3276.00000000002,3143.99999999999,1677.00000000001,70,48766.0000000002
"subtlex_uk",10,13135,"bigram","NT","token",0,42904,29213.0000000001,21494.0000000001,22406.0000000001,23834,23994.0000000001,24009,255604.000000001
"subtlex_uk",10,13135,"bigram","NU","token",1196.99999999999,89.0000000000001,1255.99999999999,188.000000000001,188.000000000001,5815,621.999999999997,108.000000000001,2.99999999999998
"subtlex_uk",10,13135,"bigram","NV","token",0,17473.0000000001,10117,492,234,0,0,0,0
"subtlex_uk",10,13135,"bigram","NW","token",0,297.000000000001,2.99999999999998,1123.00000000001,41.0000000000005,959.999999999995,10.0000000000001,0,0
"subtlex_uk",10,13135,"bigram","NX","token",0,0,0,0,0,0,0,0,0
"subtlex_uk",10,13135,"bigram","NY","token",18.0000000000002,46.0000000000003,17,218.999999999999,427.000000000001,67.0000000000001,48.0000000000001,10.9999999999999,297.999999999999
"subtlex_uk",10,13135,"bigram","NZ","token",0,0,54.9999999999999,2.99999999999998,24,104,316,1.99999999999998,0
"subtlex_uk",10,13135,"bigram","OA","token",2.99999999999998,5135,604.000000000003,11.9999999999999,3182,717.000000000002,2431.99999999999,285,2.99999999999998
"subtlex_uk",10,13135,"bigram","OB","token",2847,1091,276.999999999999,362.000000000001,524.999999999998,366.000000000002,617.000000000001,19,49.0000000000002
"subtlex_uk",10,13135,"bigram","OC","token",2843.00000000002,3153.99999999999,6529,10305,1472,1132,634.000000000003,1142,1.99999999999998
"subtlex_uk",10,13135,"bigram","OD","token",79.0000000000008,2368.99999999999,10716.0000000001,1133,8354.99999999994,561.999999999999,808.000000000003,239,7267.99999999999
"subtlex_uk",10,13135,"bigram","OE","token",95.0000000000003,105,187.000000000001,426.000000000002,84.9999999999996,3448.00000000004,69.0000000000001,613.999999999999,6.99999999999993
"subtlex_uk",10,13135,"bigram","OF","token",3397.99999999999,54.0000000000001,4477.00000000001,35.9999999999997,168,135.999999999999,103,241,656.000000000002
"subtlex_uk",10,13135,"bigram","OG","token",0,395.000000000002,6604.00000000001,9104.99999999995,8974.99999999995,950.000000000002,179,11359,274.000000000002
"subtlex_uk",10,13135,"bigram","OH","token",10.0000000000001,57.0000000000003,185.000000000001,520.000000000004,33.9999999999997,5.99999999999995,0,28.0000000000002,1.99999999999998
"subtlex_uk",10,13135,"bigram","OI","token",0,645.999999999997,282,579.000000000003,894.000000000001,141,3610.99999999999,190,0
"subtlex_uk",10,13135,"bigram","OJ","token",0,0,781.000000000003,6.99999999999993,0,0,0,0,0
"subtlex_uk",10,13135,"bigram","OK","token",291.000000000002,15.0000000000001,644.000000000001,148,1.99999999999998,0,2254.99999999999,565.000000000001,380.000000000003
"subtlex_uk",10,13135,"bigram","OL","token",239.999999999998,42118,5048.99999999998,91019.9999999995,3903.00000000002,18496.0000000001,2395,1780,1271.99999999999
"subtlex_uk",10,13135,"bigram","OM","token",69.0000000000004,89297.0000000002,1470.00000000001,6044.99999999999,8456.99999999995,5004.00000000002,1934.00000000001,1541.00000000001,277.000000000001
"subtlex_uk",10,13135,"bigram","ON","token",537.999999999997,133534,6639.99999999998,8024,24156,19853.9999999999,16575,47740.0000000002,265131
"subtlex_uk",10,13135,"bigram","OO","token",135,8239.00000000001,1370,1012,693.999999999998,1688.99999999999,1875,11098,697.999999999998
"subtlex_uk",10,13135,"bigram","OP","token",18295,12612.9999999999,15959.9999999999,3480.00000000001,3239,11724,2856.99999999999,1045.99999999999,1706.99999999999
"subtlex_uk",10,13135,"bigram","OQ","token",0,35.0000000000001,152.999999999999,0,130,18.9999999999999,0,0,0
"subtlex_uk",10,13135,"bigram","OR","token",13692.0000000001,31556,8899,24649.9999999999,33398.9999999999,12600,6552,18767,20052.0000000001
"subtlex_uk",10,13135,"bigram","OS","token",259.000000000001,8200.00000000001,6810.00000000001,27984.0000000001,6624.99999999999,1817.00000000001,418.000000000001,825.000000000005,1573
"subtlex_uk",10,13135,"bigram","OT","token",16.0000000000001,9711.99999999997,26176.9999999999,2793.00000000001,1147,2220,703.000000000001,927.999999999995,206.000000000001
"subtlex_uk",10,13135,"bigram","OU","token",2366.00000000001,37560,2851,40050.0000000002,9958.00000000002,8765.00000000004,27115,54938,304.999999999998
"subtlex_uk",10,13135,"bigram","OV","token",5670.00000000001,118137.000000001,2367,9228,11264.0000000001,591.000000000002,3252,578.000000000002,16
"subtlex_uk",10,13135,"bigram","OW","token",13,9301.99999999994,1343,1159,2552.99999999999,762.000000000001,2123.99999999999,4616.99999999998,294
"subtlex_uk",10,13135,"bigram","OX","token",79.0000000000007,234.999999999999,16.9999999999999,31,19,113,131,2.99999999999998,440
"subtlex_uk",10,13135,"bigram","OY","token",2.99999999999998,490.000000000004,0,191.999999999998,5646.99999999999,1935,3008.00000000003,216.999999999998,85.0000000000005
"subtlex_uk",10,13135,"bigram","OZ","token",11.0000000000001,634.000000000003,1.99999999999998,8.00000000000003,5.99999999999995,277.000000000001,0,0,0
"subtlex_uk",10,13135,"bigram","PA","token",58602.9999999999,1678,27602,8412.00000000003,7505.00000000001,1705.00000000001,1460,192.000000000001,0
"subtlex_uk",10,13135,"bigram","PB","token",0,574.999999999995,0,32.9999999999999,80.0000000000003,2.99999999999998,0,4.99999999999996,0
"subtlex_uk",10,13135,"bigram","PC","token",0,0,0,8.99999999999999,0,48.0000000000002,0,0,0
"subtlex_uk",10,13135,"bigram","PD","token",0,13.9999999999999,2.99999999999998,13.9999999999999,2.99999999999998,1.99999999999998,0,0,0
"subtlex_uk",10,13135,"bigram","PE","token",38716.9999999998,13411,70747.0000000004,21627.9999999999,7568.99999999999,1901.00000000001,8299.00000000001,6857.00000000001,2248.99999999999
"subtlex_uk",10,13135,"bigram","PF","token",0,0,0,208.000000000001,0,0,71.0000000000002,0,18.9999999999999
"subtlex_uk",10,13135,"bigram","PG","token",0,0,0,0,0,0,0,0,0
"subtlex_uk",10,13135,"bigram","PH","token",15101,225,1416.00000000001,1365.00000000001,3141.00000000001,11615.0000000001,478.000000000001,2627.99999999999,5012.99999999997
"subtlex_uk",10,13135,"bigram","PI","token",3550.00000000001,991.000000000004,3173,3757.00000000002,2455.99999999999,1903.99999999999,5783.00000000001,1484,4.00000000000001
"subtlex_uk",10,13135,"bigram","PJ","token",0,0,0,0,0,0,0,0,0
"subtlex_uk",10,13135,"bigram","PK","token",0,0,0,404.000000000004,0,0,0,0,0
"subtlex_uk",10,13135,"bigram","PL","token",4645.99999999999,471,15244.9999999999,41105.0000000001,4624.00000000004,6063.00000000002,3087,258.000000000001,0
"subtlex_uk",10,13135,"bigram","PM","token",0,0,0,188,4.00000000000001,201,51.0000000000005,0,0
"subtlex_uk",10,13135,"bigram","PN","token",25,0,260,0,0,0,0,0,0
"subtlex_uk",10,13135,"bigram","PO","token",29492.9999999999,2990.99999999999,25664,19811,1335,3447.99999999998,2124,167,0
"subtlex_uk",10,13135,"bigram","PP","token",1.99999999999998,40436,14883,457.000000000001,1901.00000000001,930.999999999999,692.000000000003,13.9999999999999,4.99999999999995
"subtlex_uk",10,13135,"bigram","PQ","token",0,0,0,0,0,0,0,0,0
"subtlex_uk",10,13135,"bigram","PR","token",97953,957.999999999999,41889.0000000001,9546,1187.00000000001,6033.00000000001,5.99999999999995,0,0
"subtlex_uk",10,13135,"bigram","PS","token",1220.99999999999,171.000000000001,147.000000000001,419,1418,667.999999999996,84,331,1202
"subtlex_uk",10,13135,"bigram","PT","token",6.00000000000005,2768,562.000000000005,2160.00000000001,5655.00000000003,9741.00000000004,6036.00000000002,99.0000000000002,663.999999999995
"subtlex_uk",10,13135,"bigram","PU","token",5537.99999999997,11.9999999999999,19772.9999999999,2270.99999999999,783.000000000004,198,32.0000000000001,39.0000000000002,0
"subtlex_uk",10,13135,"bigram","PV","token",0,0,0,0,0,0,0,0,0
"subtlex_uk",10,13135,"bigram","PW","token",0,6.99999999999993,1.99999999999998,134,4.99999999999995,1.99999999999998,0,0,0
"subtlex_uk",10,13135,"bigram","PX","token",0,0,0,0,0,0,0,0,0
"subtlex_uk",10,13135,"bigram","PY","token",131.000000000001,22,52.0000000000004,0,88.9999999999996,1.99999999999998,0,0,30
"subtlex_uk",10,13135,"bigram","PZ","token",0,0,0,0,0,0,0,0,0
"subtlex_uk",10,13135,"bigram","QA","token",0,0,0,2.99999999999998,0,0,0,0,0
"subtlex_uk",10,13135,"bigram","QB","token",0,0,0,0,0,0,0,0,0
"subtlex_uk",10,13135,"bigram","QC","token",0,0,0,0,0,0,0,0,0
"subtlex_uk",10,13135,"bigram","QD","token",0,0,0,0,0,0,0,0,0
"subtlex_uk",10,13135,"bigram","QE","token",0,0,0,0,0,0,0,0,0
"subtlex_uk",10,13135,"bigram","QF","token",0,0,0,0,0,0,0,0,0
"subtlex_uk",10,13135,"bigram","QG","token",0,0,0,0,0,0,0,0,0
"subtlex_uk",10,13135,"bigram","QH","token",0,0,0,0,0,0,0,0,0
"subtlex_uk",10,13135,"bigram","QI","token",0,0,0,0,0,0,0,0,0
"subtlex_uk",10,13135,"bigram","QJ","token",0,0,0,0,0,0,0,0,0
"subtlex_uk",10,13135,"bigram","QK","token",0,0,0,0,0,0,0,0,0
"subtlex_uk",10,13135,"bigram","QL","token",0,0,0,0,0,0,0,0,0
"subtlex_uk",10,13135,"bigram","QM","token",0,0,0,0,0,0,0,0,0
"subtlex_uk",10,13135,"bigram","QN","token",0,0,0,0,0,0,0,0,0
"subtlex_uk",10,13135,"bigram","QO","token",0,0,0,0,0,0,0,0,0
"subtlex_uk",10,13135,"bigram","QP","token",0,0,0,0,0,0,0,0,0
"subtlex_uk",10,13135,"bigram","QQ","token",0,0,0,0,0,0,0,0,0
"subtlex_uk",10,13135,"bigram","QR","token",0,0,0,0,0,0,0,0,0
"subtlex_uk",10,13135,"bigram","QS","token",0,0,0,0,0,0,0,0,0
"subtlex_uk",10,13135,"bigram","QT","token",0,0,0,0,0,0,0,0,0
"subtlex_uk",10,13135,"bigram","QU","token",6213.00000000003,5134.99999999997,986,4521.00000000001,241,4581.99999999999,2801,605.999999999999,0
"subtlex_uk",10,13135,"bigram","QV","token",0,0,0,0,0,0,0,0,0
"subtlex_uk",10,13135,"bigram","QW","token",0,0,0,0,0,0,0,0,0
"subtlex_uk",10,13135,"bigram","QX","token",0,0,0,0,0,0,0,0,0
"subtlex_uk",10,13135,"bigram","QY","token",0,0,0,0,0,0,0,0,0
"subtlex_uk",10,13135,"bigram","QZ","token",0,0,0,0,0,0,0,0,0
"subtlex_uk",10,13135,"bigram","RA","token",3811.99999999998,30632.9999999999,13753,30381.0000000001,48999,48145,26993.9999999999,4679.00000000002,790.999999999999
"subtlex_uk",10,13135,"bigram","RB","token",0,30.0000000000001,3758.99999999999,430,1112,4357.99999999999,110,0,27
"subtlex_uk",10,13135,"bigram","RC","token",0,3418,6477.00000000001,1959.00000000001,4871,8742.99999999994,848.999999999997,288.999999999998,0
"subtlex_uk",10,13135,"bigram","RD","token",0,1147,1662.00000000001,784.000000000004,5525,2034,77,8079,4995.99999999999
"subtlex_uk",10,13135,"bigram","RE","token",129931,37581.0000000001,19454,90104.0000000002,52181.0000000001,36842.0000000001,9391,40888.0000000001,36119
"subtlex_uk",10,13135,"bigram","RF","token",0,0,10768,142.000000000001,1545.99999999999,652.000000000001,394.000000000004,11.0000000000001,109.000000000001
"subtlex_uk",10,13135,"bigram","RG","token",0,2858.00000000002,3899.00000000001,1509,2371,413.000000000002,861.999999999995,285.000000000001,2488.99999999999
"subtlex_uk",10,13135,"bigram","RH","token",666,0,54.9999999999997,201,978.999999999997,1125,0,0,11.9999999999999
"subtlex_uk",10,13135,"bigram","RI","token",10851.0000000001,35148,8535,17430,51293.0000000003,33936,50113,1328.00000000001,60.0000000000003
"subtlex_uk",10,13135,"bigram","RJ","token",0,0,120.000000000001,6.99999999999993,18.9999999999999,457.999999999999,11.0000000000001,0,0
"subtlex_uk",10,13135,"bigram","RK","token",0,1.99999999999998,1002,221.000000000001,8299.99999999998,831.999999999997,1208.99999999999,624.000000000001,768.000000000004
"subtlex_uk",10,13135,"bigram","RL","token",0,0,27271.9999999999,1929.99999999999,1636.00000000001,4731.00000000002,178.000000000001,902.000000000003,460.000000000003
"subtlex_uk",10,13135,"bigram","RM","token",0,358.000000000002,19616,1981.00000000001,10886.0000000001,8934.99999999996,715.999999999999,669.000000000002,1983.00000000001
"subtlex_uk",10,13135,"bigram","RN","token",0,476.000000000005,3345.00000000001,10319,128591.000000001,5014.00000000002,3525.99999999999,934.000000000005,412.000000000001
"subtlex_uk",10,13135,"bigram","RO","token",2649,68555,20878,24391,12444,14620,6918.99999999998,520,327.000000000001
"subtlex_uk",10,13135,"bigram","RP","token",0,72.0000000000003,5778,852,4782,412.000000000002,25,1020,8.0000000000001
"subtlex_uk",10,13135,"bigram","RQ","token",0,0,39.0000000000001,0,1.99999999999998,0,0,0,0
"subtlex_uk",10,13135,"bigram","RR","token",1.99999999999998,2752.99999999999,19906,810.000000000001,987.999999999997,1238,336,3544.00000000003,11.9999999999999
"subtlex_uk",10,13135,"bigram","RS","token",0,0,14559.9999999999,5649.99999999999,49792,31802,604,955.999999999995,82397.9999999999
"subtlex_uk",10,13135,"bigram","RT","token",0,2268,39997,5970.00000000002,19872,28984.9999999999,1165,2509.00000000001,5460.00000000004
"subtlex_uk",10,13135,"bigram","RU","token",1268,3778.99999999999,14982.0000000001,5554.99999999998,6437.00000000002,71.0000000000006,1619.00000000001,460.000000000002,1.99999999999998
"subtlex_uk",10,13135,"bigram","RV","token",0,0,8473.99999999992,475.000000000003,4077.99999999999,1100.00000000001,104,0,0
"subtlex_uk",10,13135,"bigram","RW","token",0,0,352,884.000000000008,7953,1929.00000000001,1.99999999999998,1.99999999999998,0
"subtlex_uk",10,13135,"bigram","RX","token",0,0,0,0,0,0,0,0,0
"subtlex_uk",10,13135,"bigram","RY","token",2.99999999999998,143,332.000000000001,104841.999999999,187,542,0,47.9999999999998,17716
"subtlex_uk",10,13135,"bigram","RZ","token",13,22.9999999999999,0,11.0000000000001,6.99999999999993,28.0000000000001,0,0,0
"subtlex_uk",10,13135,"bigram","SA","token",7611.99999999998,29,6466.99999999998,1080.00000000001,1798,3517.00000000002,3322.99999999998,430.000000000003,49.0000000000003
"subtlex_uk",10,13135,"bigram","SB","token",4.00000000000001,13.0000000000001,337,150,840.999999999998,2084.00000000001,0,6.99999999999993,0
"subtlex_uk",10,13135,"bigram","SC","token",19692,868.000000000001,29776.0000000001,2432,5131.99999999998,3181.99999999999,670.999999999997,197,0
"subtlex_uk",10,13135,"bigram","SD","token",0,0,15.9999999999998,0,23.9999999999999,278,29.0000000000001,0,0
"subtlex_uk",10,13135,"bigram","SE","token",12954,96.0000000000006,8219.00000000002,21079,37260,4753.00000000001,1994.00000000001,36686.9999999999,19704
"subtlex_uk",10,13135,"bigram","SF","token",0,0,398.999999999999,0,1635.99999999999,450,13979,0,0
"subtlex_uk",10,13135,"bigram","SG","token",0,1.99999999999998,4231.00000000003,5.99999999999995,104,13.0000000000001,0,0,0
"subtlex_uk",10,13135,"bigram","SH","token",8904.00000000001,35.0000000000003,5441.99999999998,1868,3777.99999999998,12538,18777,120.000000000001,3487.00000000001
"subtlex_uk",10,13135,"bigram","SI","token",7169.00000000002,17.0000000000001,22868,24011.9999999999,17005,21371.0000000001,132689,674.000000000001,4.00000000000001
"subtlex_uk",10,13135,"bigram","SJ","token",0,0,107,0,0,0,0,0,0
"subtlex_uk",10,13135,"bigram","SK","token",1084,7.99999999999992,1808.99999999999,68.9999999999997,51.0000000000001,99.0000000000009,60.9999999999998,555.000000000002,4.00000000000001
"subtlex_uk",10,13135,"bigram","SL","token",701.000000000002,4.99999999999995,1287.00000000001,232.000000000002,2243,851.999999999999,104,8222.00000000004,0
"subtlex_uk",10,13135,"bigram","SM","token",980.000000000004,0,977.000000000002,484,2975.00000000001,4803.00000000001,88.0000000000006,1247,7754.00000000003
"subtlex_uk",10,13135,"bigram","SN","token",761,0,246,1.99999999999998,8.99999999999999,32.0000000000001,17.9999999999998,0,0
"subtlex_uk",10,13135,"bigram","SO","token",10357,17.0000000000002,84147.9999999995,15452.9999999999,4567.00000000004,3201,2478.99999999999,5356.00000000001,41
"subtlex_uk",10,13135,"bigram","SP","token",12696,21589.0000000002,12598,9361.99999999999,12117.0000000001,3097.00000000002,38.0000000000003,0,2.99999999999998
"subtlex_uk",10,13135,"bigram","SQ","token",1002,1.99999999999998,438.000000000001,2.99999999999998,18,58.0000000000005,133,0,0
"subtlex_uk",10,13135,"bigram","SR","token",91.0000000000009,91.0000000000009,2555.00000000001,173.999999999998,1256.99999999999,6.00000000000005,0,0,0
"subtlex_uk",10,13135,"bigram","SS","token",1.99999999999998,13325,15077,5267.99999999999,16675.0000000001,84521.0000000002,18295,44.0000000000003,15668
"subtlex_uk",10,13135,"bigram","ST","token",40192.0000000001,2720,47261.9999999999,19997,53828,83569,43620.9999999999,12487,24867
"subtlex_uk",10,13135,"bigram","SU","token",65698.0000000001,4.00000000000001,7771.00000000001,9337.99999999999,1503.00000000001,407,571.000000000002,121,6.99999999999993
"subtlex_uk",10,13135,"bigram","SV","token",8.0000000000001,29.9999999999998,4.99999999999995,0,114.000000000001,1.99999999999998,0,0,0
"subtlex_uk",10,13135,"bigram","SW","token",5048.00000000004,0,188.999999999999,279,2291,199,34.0000000000003,0,0
"subtlex_uk",10,13135,"bigram","SX","token",0,0,0,0,0,0,0,0,0
"subtlex_uk",10,13135,"bigram","SY","token",2272.00000000001,1246.99999999999,323.000000000002,118,0,1.99999999999998,0,0,278.000000000002
"subtlex_uk",10,13135,"bigram","SZ","token",8.0000000000001,0,4.00000000000001,13,4.99999999999996,0,6.00000000000005,0,15.9999999999999
"subtlex_uk",10,13135,"bigram","TA","token",2667,12184,3385.00000000001,15420.9999999999,33077.0000000002,34440,55507,3944.00000000001,584.000000000002
"subtlex_uk",10,13135,"bigram","TB","token",0,0,34,2796.99999999999,1503,1683.99999999999,0,0,0
"subtlex_uk",10,13135,"bigram","TC","token",4.99999999999996,22,2176,596.000000000002,3211.99999999999,851.999999999999,8.99999999999999,1605,0
"subtlex_uk",10,13135,"bigram","TD","token",0,0,0,0,33.0000000000002,0,1.99999999999998,0,0
"subtlex_uk",10,13135,"bigram","TE","token",39791.0000000001,2095,56109.0000000001,41135,16311,19569,182390.999999999,106822,34706
"subtlex_uk",10,13135,"bigram","TF","token",0,0,71.0000000000002,65.9999999999993,258.000000000002,140,3390.00000000002,0,0
"subtlex_uk",10,13135,"bigram","TG","token",0,0,13.0000000000001,721.000000000006,1143.99999999999,53.9999999999994,0,0,0
"subtlex_uk",10,13135,"bigram","TH","token",54289,177,10028,21180,11099,94651.9999999993,6154.99999999997,985.000000000004,14476.9999999999
"subtlex_uk",10,13135,"bigram","TI","token",2078,649.999999999999,25746,57094.9999999999,39009.0000000001,57616.0000000002,291438,12187,312.000000000001
"subtlex_uk",10,13135,"bigram","TJ","token",0,0,0,0,0,0,0,0,0
"subtlex_uk",10,13135,"bigram","TK","token",1.99999999999998,5.99999999999994,36.9999999999999,2.99999999999998,6.99999999999993,4.00000000000001,0,0,0
"subtlex_uk",10,13135,"bigram","TL","token",0,0,178.999999999998,5597.99999999999,515.000000000001,2292,320.000000000002,19697.0000000001,0
"subtlex_uk",10,13135,"bigram","TM","token",0,7346.00000000005,17.9999999999999,466,3022.99999999998,31514.0000000001,6.00000000000005,0,0
"subtlex_uk",10,13135,"bigram","TN","token",0,0,431.999999999997,580.999999999996,9.9999999999999,1360,17.0000000000001,0,0
"subtlex_uk",10,13135,"bigram","TO","token",8346.99999999998,1369,7477.99999999997,14061.9999999999,6693.00000000002,2794.00000000002,19721,20818,199.000000000001
"subtlex_uk",10,13135,"bigram","TP","token",0,0,232.000000000001,911.000000000006,401.000000000004,16,0,0,0
"subtlex_uk",10,13135,"bigram","TQ","token",0,0,0,0,0,0,0,0,0
"subtlex_uk",10,13135,"bigram","TR","token",28759.9999999999,23640.0000000001,25590,25913,8350.99999999997,16549,3981.99999999999,1231,0
"subtlex_uk",10,13135,"bigram","TS","token",36.9999999999998,0,380.000000000002,6823.00000000006,900.000000000004,31.0000000000001,132.000000000001,0,42353.0000000001
"subtlex_uk",10,13135,"bigram","TT","token",0,12586.0000000001,10925,3365,1245,4350.00000000001,3356.00000000001,2107.00000000001,49.0000000000001
"subtlex_uk",10,13135,"bigram","TU","token",1834,651.000000000003,3604.00000000002,3696,11793.0000000001,9500.00000000002,6033.99999999996,348,0
"subtlex_uk",10,13135,"bigram","TV","token",0,0,51.0000000000001,0,6.00000000000005,4.99999999999995,0,0,0
"subtlex_uk",10,13135,"bigram","TW","token",2085.99999999999,0,943.999999999997,434.999999999999,249.000000000002,760.000000000002,98.9999999999999,0,8.0000000000001
"subtlex_uk",10,13135,"bigram","TX","token",0,0,0,0,0,0,0,0,0
"subtlex_uk",10,13135,"bigram","TY","token",609,44.0000000000002,16.0000000000001,471.000000000003,77.0000000000002,853.000000000005,395.999999999999,48.0000000000001,36830.0000000001
"subtlex_uk",10,13135,"bigram","TZ","token",0,0,591.999999999998,48.0000000000002,44.9999999999995,6.00000000000005,28.9999999999998,21.0000000000002,51.0000000000001
"subtlex_uk",10,13135,"bigram","UA","token",13.9999999999999,7314.00000000001,946.999999999998,5822,4268,12362.0000000001,4597.99999999997,11411,6.99999999999994
"subtlex_uk",10,13135,"bigram","UB","token",165.999999999999,7528.99999999997,830.000000000006,2486.99999999999,166.000000000001,92.9999999999996,2.99999999999998,286.000000000001,0
"subtlex_uk",10,13135,"bigram","UC","token",0,24321,353.000000000001,6963.00000000001,10252.0000000001,1805.00000000001,7124.99999999994,696.999999999999,0
"subtlex_uk",10,13135,"bigram","UD","token",8.00000000000002,1113,446.999999999999,904.000000000003,415,622.999999999996,124,186.000000000001,99.0000000000002
"subtlex_uk",10,13135,"bigram","UE","token",0,2895.00000000002,781.999999999996,907,5558.00000000001,529,1900.00000000001,10231.9999999999,1087
"subtlex_uk",10,13135,"bigram","UF","token",0,2305.00000000002,43,42.0000000000001,842.999999999999,223.000000000001,196.000000000002,34.9999999999999,0
"subtlex_uk",10,13135,"bigram","UG","token",0,6858.99999999999,193,10322.0000000001,14955,2423.00000000001,451.999999999999,797,0
"subtlex_uk",10,13135,"bigram","UH","token",0,59.0000000000003,0,0,4.00000000000001,1.99999999999998,0,2.99999999999998,0
"subtlex_uk",10,13135,"bigram","UI","token",0,2358.00000000002,3905.99999999997,2515.00000000001,1781,277,7642.99999999998,408.000000000001,0
"subtlex_uk",10,13135,"bigram","UJ","token",0,62.0000000000002,0,43.9999999999996,0,0,1345,0,0
"subtlex_uk",10,13135,"bigram","UK","token",103,67,4.99999999999996,22.9999999999999,57.9999999999994,0,0,21.0000000000002,19
"subtlex_uk",10,13135,"bigram","UL","token",4746.00000000002,9926.99999999995,1461.00000000001,20773.9999999999,8299.99999999995,12620.0000000001,31880,411,18818
"subtlex_uk",10,13135,"bigram","UM","token",11.9999999999999,3996,844.999999999999,4270,4669.00000000001,3785.00000000001,327.999999999999,246.000000000001,13814.0000000001
"subtlex_uk",10,13135,"bigram","UN","token",100092,9133.99999999999,14794,7165.00000000003,4957.00000000001,5785.00000000001,242.000000000001,12079,465.000000000001
"subtlex_uk",10,13135,"bigram","UO","token",0,402,6.99999999999993,4.00000000000001,99.0000000000001,0,1134,0,0
"subtlex_uk",10,13135,"bigram","UP","token",1667.99999999999,17663,265.000000000001,1723.00000000002,4638.99999999999,1107,33.0000000000003,148,881
"subtlex_uk",10,13135,"bigram","UQ","token",0,0,0,12.0000000000001,0,0,0,0,0
"subtlex_uk",10,13135,"bigram","UR","token",27.0000000000001,15448,16254,5341.00000000001,24182.0000000002,12404.9999999999,12392,15023,301
"subtlex_uk",10,13135,"bigram","US","token",85.0000000000005,21581,5231,11171,18534.0000000001,3490.00000000003,7443.00000000004,5851,41729
"subtlex_uk",10,13135,"bigram","UT","token",34.0000000000003,8259.00000000001,7626.99999999999,8604.00000000005,1887.99999999999,88106.9999999995,3382,7826,14441
"subtlex_uk",10,13135,"bigram","UU","token",0,0,0,0,0,0,0,0,0
"subtlex_uk",10,13135,"bigram","UV","token",0,0,0,110,0,339.000000000002,0,51.0000000000001,0
"subtlex_uk",10,13135,"bigram","UW","token",0,0,0,0,0,0,0,0,0
"subtlex_uk",10,13135,"bigram","UX","token",0,455.999999999996,0,1.99999999999998,0,0,0,0,23.0000000000001
"subtlex_uk",10,13135,"bigram","UY","token",0,277.000000000002,15.0000000000001,0,0,29.0000000000001,0,18,0
"subtlex_uk",10,13135,"bigram","UZ","token",78.9999999999993,39.9999999999998,36.9999999999999,0,4.99999999999996,8.0000000000001,0,0,4.00000000000001
"subtlex_uk",10,13135,"bigram","VA","token",2770.00000000002,1727,4255,1122,12749,2110,1172,1640.00000000001,261
"subtlex_uk",10,13135,"bigram","VB","token",0,0,0,0,0,0,0,0,0
"subtlex_uk",10,13135,"bigram","VC","token",0,0,0,52,0,0,0,0,0
"subtlex_uk",10,13135,"bigram","VD","token",0,0,0,0,0,0,0,0,0
"subtlex_uk",10,13135,"bigram","VE","token",9005.00000000006,120329.999999999,144342.000000002,44921,6627.99999999997,11821.0000000001,6777.00000000004,48261.0000000001,40230
"subtlex_uk",10,13135,"bigram","VF","token",0,0,0,0,0,0,0,0,0
"subtlex_uk",10,13135,"bigram","VG","token",0,0,0,0,0,0,0,0,0
"subtlex_uk",10,13135,"bigram","VH","token",0,0,0,0,0,0,0,0,0
"subtlex_uk",10,13135,"bigram","VI","token",6013,65.0000000000001,3725.00000000001,15131.0000000001,30428.0000000001,4656.99999999999,3789,491.000000000003,0
"subtlex_uk",10,13135,"bigram","VJ","token",0,0,0,0,0,0,0,0,0
"subtlex_uk",10,13135,"bigram","VK","token",0,0,0,0,0,0,0,0,0
"subtlex_uk",10,13135,"bigram","VL","token",0,0,8.99999999999999,0,0,0,0,0,0
"subtlex_uk",10,13135,"bigram","VM","token",0,0,0,0,0,0,0,0,0
"subtlex_uk",10,13135,"bigram","VN","token",0,0,0,13,0,0,0,0,0
"subtlex_uk",10,13135,"bigram","VO","token",6067.00000000002,14.0000000000001,13262.0000000001,442.000000000001,308.999999999998,982.999999999998,338.000000000001,13.9999999999999,10.0000000000001
"subtlex_uk",10,13135,"bigram","VP","token",0,0,0,0,0,0,0,0,0
"subtlex_uk",10,13135,"bigram","VQ","token",0,0,0,0,0,0,0,0,0
"subtlex_uk",10,13135,"bigram","VR","token",0,0,0,43.9999999999999,0,4.00000000000001,339.000000000002,0,0
"subtlex_uk",10,13135,"bigram","VS","token",0,0,0,0,0,6.99999999999993,131.000000000001,0,0
"subtlex_uk",10,13135,"bigram","VT","token",0,0,0,0,0,0,0,0,0
"subtlex_uk",10,13135,"bigram","VU","token",6127.99999999994,0,0,53.0000000000003,0,0,0,6.00000000000005,0
"subtlex_uk",10,13135,"bigram","VV","token",0,1.99999999999998,6.99999999999993,0,0,0,0,0,0
"subtlex_uk",10,13135,"bigram","VW","token",0,0,0,0,0,0,0,0,0
"subtlex_uk",10,13135,"bigram","VX","token",0,0,0,0,0,0,0,0,0
"subtlex_uk",10,13135,"bigram","VY","token",4.00000000000001,0,0,6.99999999999993,0,0,18.9999999999999,0,4.99999999999995
"subtlex_uk",10,13135,"bigram","VZ","token",0,0,0,0,0,0,0,0,0
"subtlex_uk",10,13135,"bigram","WA","token",10927,444.000000000003,214,376,3074.00000000002,10076,1050,1095,51.0000000000001
"subtlex_uk",10,13135,"bigram","WB","token",0,0,49.9999999999995,263,1960.00000000002,99.0000000000002,0,0,0
"subtlex_uk",10,13135,"bigram","WC","token",0,0,19.0000000000001,204.999999999998,0,47.9999999999996,0,0,0
"subtlex_uk",10,13135,"bigram","WD","token",0,0,14.0000000000001,30.0000000000004,4.99999999999995,42.9999999999999,0,0,0
"subtlex_uk",10,13135,"bigram","WE","token",6767,4481.00000000003,752.999999999997,710.999999999999,1394.00000000001,972.999999999995,7500.00000000001,1921.99999999999,222.999999999999
"subtlex_uk",10,13135,"bigram","WF","token",0,0,43.0000000000002,283.999999999999,165.000000000002,4.00000000000001,0,0,0
"subtlex_uk",10,13135,"bigram","WG","token",0,0,0,241.999999999999,1.99999999999998,15.9999999999999,0,0,1.99999999999998
"subtlex_uk",10,13135,"bigram","WH","token",7614.00000000004,0,0,70.9999999999997,189.000000000001,14037.9999999999,0,0,0
"subtlex_uk",10,13135,"bigram","WI","token",9702.00000000001,1140,473,388.000000000001,2451.99999999999,397,2615,136,0
"subtlex_uk",10,13135,"bigram","WJ","token",0,0,0,15.9999999999998,0,0,0,0,0
"subtlex_uk",10,13135,"bigram","WK","token",0,0,141.000000000001,0,0,0,0,38.9999999999998,0
"subtlex_uk",10,13135,"bigram","WL","token",13.9999999999999,1.99999999999998,18,78.0000000000002,1.99999999999998,57,32,0,31.0000000000003
"subtlex_uk",10,13135,"bigram","WM","token",0,4.99999999999995,2.99999999999998,105,46.9999999999996,0,6.99999999999993,0,4.00000000000001
"subtlex_uk",10,13135,"bigram","WN","token",0,8.99999999999999,8581.99999999995,192.000000000001,1.99999999999998,922.000000000002,0,177.000000000001,4210.99999999998
"subtlex_uk",10,13135,"bigram","WO","token",5478.99999999999,1169.99999999999,131.000000000001,794.999999999997,710,3115.00000000001,1474.00000000001,0,0
"subtlex_uk",10,13135,"bigram","WP","token",0,0,0,121,0,15.9999999999998,0,0,0
"subtlex_uk",10,13135,"bigram","WQ","token",0,0,0,0,0,0,0,0,0
"subtlex_uk",10,13135,"bigram","WR","token",719,0,38.0000000000001,1.99999999999998,2285.00000000001,78.9999999999997,23,0,2.99999999999998
"subtlex_uk",10,13135,"bigram","WS","token",0,0,4985,73.0000000000004,829.000000000006,407.999999999997,50.9999999999998,0,2102.99999999999
"subtlex_uk",10,13135,"bigram","WT","token",0,0,240.999999999998,2.99999999999998,0,6.00000000000005,7.99999999999992,17.0000000000001,0
"subtlex_uk",10,13135,"bigram","WU","token",19.0000000000001,0,0,0,0,17.0000000000001,0,0,0
"subtlex_uk",10,13135,"bigram","WV","token",0,0,0,0,0,0,0,0,0
"subtlex_uk",10,13135,"bigram","WW","token",0,1.99999999999998,1.99999999999998,1.99999999999998,1.99999999999998,3.99999999999996,1.99999999999998,1.99999999999998,1.99999999999998
"subtlex_uk",10,13135,"bigram","WX","token",0,0,0,0,0,0,0,0,0
"subtlex_uk",10,13135,"bigram","WY","token",19,4.99999999999995,4.99999999999995,0,0,0,10.9999999999999,0,12.0000000000001
"subtlex_uk",10,13135,"bigram","WZ","token",0,0,1.99999999999998,0,0,0,0,0,0
"subtlex_uk",10,13135,"bigram","XA","token",0,375.000000000004,4.99999999999996,302.000000000001,495.999999999998,6.00000000000005,0,0,2.99999999999998
"subtlex_uk",10,13135,"bigram","XB","token",0,0,17.0000000000001,13.9999999999999,0,0,0,0,0
"subtlex_uk",10,13135,"bigram","XC","token",0,6796.99999999997,1.99999999999998,21.0000000000002,0,1.99999999999998,0,0,0
"subtlex_uk",10,13135,"bigram","XD","token",0,0,0,0,0,0,0,0,0
"subtlex_uk",10,13135,"bigram","XE","token",84.0000000000001,2148.99999999999,446.999999999996,4.00000000000001,10.9999999999999,0,18.9999999999998,277,0
"subtlex_uk",10,13135,"bigram","XF","token",0,12.9999999999999,0,0,0,0,0,0,0
"subtlex_uk",10,13135,"bigram","XG","token",0,0,0,0,0,0,0,0,0
"subtlex_uk",10,13135,"bigram","XH","token",0,5261.00000000002,6.99999999999999,0,0,0,0,0,0
"subtlex_uk",10,13135,"bigram","XI","token",0,6.00000000000005,382,9.99999999999996,22.0000000000001,99.0000000000008,1225,34.0000000000002,0
"subtlex_uk",10,13135,"bigram","XJ","token",0,0,0,0,0,0,0,0,0
"subtlex_uk",10,13135,"bigram","XK","token",0,0,0,0,0,0,0,0,0
"subtlex_uk",10,13135,"bigram","XL","token",0,0,0,0,0,4.99999999999995,0,0,0
"subtlex_uk",10,13135,"bigram","XM","token",0,0,6.00000000000005,0,0,0,0,0,0
"subtlex_uk",10,13135,"bigram","XN","token",0,0,0,0,0,0,0,0,0
"subtlex_uk",10,13135,"bigram","XO","token",1.99999999999998,244,47.9999999999998,93.0000000000004,0,0,0,0,0
"subtlex_uk",10,13135,"bigram","XP","token",0,43682.0000000003,0,3039.99999999999,0,0,0,0,0
"subtlex_uk",10,13135,"bigram","XQ","token",0,0,0,0,0,0,0,0,0
"subtlex_uk",10,13135,"bigram","XR","token",0,0,0,0,0,0,0,0,0
"subtlex_uk",10,13135,"bigram","XS","token",0,4.99999999999995,0,0,169.999999999998,0,0,0,4.99999999999995
"subtlex_uk",10,13135,"bigram","XT","token",0,3105.00000000002,42,0,0,120.000000000001,1.99999999999998,0,0
"subtlex_uk",10,13135,"bigram","XU","token",0,211.000000000001,70.0000000000006,0,0,0,446.999999999998,13,0
"subtlex_uk",10,13135,"bigram","XV","token",0,0,0,0,0,0,0,0,0
"subtlex_uk",10,13135,"bigram","XW","token",0,0,0,0,0,0,0,0,0
"subtlex_uk",10,13135,"bigram","XX","token",0,4.00000000000001,0,0,0,0,0,0,0
"subtlex_uk",10,13135,"bigram","XY","token",2.99999999999998,77.0000000000007,0,0,0,6.00000000000005,0,0,0
"subtlex_uk",10,13135,"bigram","XZ","token",0,0,0,0,0,0,0,0,0
"subtlex_uk",10,13135,"bigram","YA","token",54.9999999999999,26.0000000000002,17.0000000000001,25,13.9999999999999,414,1015,27.9999999999999,22.9999999999999
"subtlex_uk",10,13135,"bigram","YB","token",0,190.000000000001,12,45.0000000000003,157,441.000000000001,17,0,0
"subtlex_uk",10,13135,"bigram","YC","token",0,36.0000000000001,1485.99999999999,186.000000000001,261.000000000002,26.9999999999999,728.999999999995,18.9999999999999,0
"subtlex_uk",10,13135,"bigram","YD","token",0,233.000000000001,156,317.000000000001,64.0000000000002,8.0000000000001,0,165.000000000001,2.99999999999998
"subtlex_uk",10,13135,"bigram","YE","token",185,629,1.99999999999998,8.99999999999997,4.00000000000001,19.0000000000002,1101,3498.00000000003,38.9999999999998
"subtlex_uk",10,13135,"bigram","YF","token",0,0,440.000000000005,48.0000000000004,188.000000000001,27.0000000000001,5.99999999999999,0,0
"subtlex_uk",10,13135,"bigram","YG","token",0,10.0000000000001,80.0000000000007,1826.99999999999,41.0000000000002,16,0,0,0
"subtlex_uk",10,13135,"bigram","YH","token",0,0,33.9999999999998,178.000000000001,97.0000000000001,15.9999999999998,0,0,0
"subtlex_uk",10,13135,"bigram","YI","token",0,8.0000000000001,49.0000000000002,0,469.000000000001,3.99999999999996,9771.00000000004,4.99999999999995,0
"subtlex_uk",10,13135,"bigram","YJ","token",0,0,0,0,0,0,0,0,0
"subtlex_uk",10,13135,"bigram","YK","token",0,4.99999999999995,0,2.99999999999998,28.9999999999998,0,0,2.99999999999998,15.9999999999999
"subtlex_uk",10,13135,"bigram","YL","token",0,104,52.0000000000002,160,171,286,530.000000000004,47.0000000000003,0
"subtlex_uk",10,13135,"bigram","YM","token",0,2120.00000000001,114,16.9999999999999,439.000000000003,7204.99999999999,621,27.0000000000001,0
"subtlex_uk",10,13135,"bigram","YN","token",0,698.000000000002,28.9999999999999,118.000000000001,29.0000000000003,114,2.99999999999998,28,4.00000000000001
"subtlex_uk",10,13135,"bigram","YO","token",7390.99999999996,25,1023,0,25.9999999999999,4.99999999999996,0,4.99999999999996,0
"subtlex_uk",10,13135,"bigram","YP","token",0,1218,110,50.0000000000002,463.000000000002,182,586,517.999999999998,0
"subtlex_uk",10,13135,"bigram","YQ","token",0,0,0,0,0,0,0,0,0
"subtlex_uk",10,13135,"bigram","YR","token",0,245.000000000001,3.99999999999996,31.0000000000003,15.0000000000001,19,0,5.99999999999995,0
"subtlex_uk",10,13135,"bigram","YS","token",34.0000000000003,3372.99999999999,4038.00000000004,372.000000000002,2092.99999999999,1073,23,5.99999999999999,715.999999999998
"subtlex_uk",10,13135,"bigram","YT","token",0,106,84.9999999999996,179.000000000001,91883.9999999993,53.0000000000001,29.9999999999998,23.9999999999998,0
"subtlex_uk",10,13135,"bigram","YU","token",270.000000000002,0,0,0,0,0,0,13,0
"subtlex_uk",10,13135,"bigram","YV","token",0,0,0,12.0000000000001,91.0000000000002,13,0,0,0
"subtlex_uk",10,13135,"bigram","YW","token",0,0,36.9999999999998,641.000000000001,12254,101,0,0,0
"subtlex_uk",10,13135,"bigram","YX","token",0,0,0,0,15.0000000000002,0,0,0,0
"subtlex_uk",10,13135,"bigram","YY","token",0,0,0,0,0,0,0,0,0
"subtlex_uk",10,13135,"bigram","YZ","token",0,23.0000000000002,0,0,105,0,2.99999999999998,0,6.00000000000005
"subtlex_uk",10,13135,"bigram","ZA","token",57.0000000000004,8.0000000000001,552.999999999998,526.000000000005,6.99999999999993,26.9999999999998,0,42.9999999999999,32.0000000000001
"subtlex_uk",10,13135,"bigram","ZB","token",0,78.9999999999993,0,20.9999999999999,1.99999999999998,0,0,0,0
"subtlex_uk",10,13135,"bigram","ZC","token",0,0,0,0,0,4.99999999999996,0,0,0
"subtlex_uk",10,13135,"bigram","ZD","token",0,0,0,0,0,0,0,0,0
"subtlex_uk",10,13135,"bigram","ZE","token",167,299.999999999999,49.9999999999997,69,19.0000000000001,32.0000000000002,192.000000000001,2241.00000000001,108
"subtlex_uk",10,13135,"bigram","ZF","token",0,0,0,0,0,0,0,0,0
"subtlex_uk",10,13135,"bigram","ZG","token",0,0,0,485.999999999998,0,0,0,0,0
"subtlex_uk",10,13135,"bigram","ZH","token",0,0,20.0000000000001,0,0,0,38.0000000000001,0,0
"subtlex_uk",10,13135,"bigram","ZI","token",2076.00000000001,0,72.0000000000007,150.000000000001,1975.00000000001,53.0000000000004,614.000000000001,6.99999999999994,2.99999999999998
"subtlex_uk",10,13135,"bigram","ZJ","token",0,0,0,0,0,0,0,0,0
"subtlex_uk",10,13135,"bigram","ZK","token",0,0,0,0,48.0000000000002,0,0,6.00000000000005,0
"subtlex_uk",10,13135,"bigram","ZL","token",0,0,11.0000000000001,48.9999999999996,36.9999999999999,38.0000000000003,71.0000000000005,0,0
"subtlex_uk",10,13135,"bigram","ZM","token",0,0,0,156,0,0,20,0,0
"subtlex_uk",10,13135,"bigram","ZN","token",0,0,8.00000000000002,0,0,0,0,0,0
"subtlex_uk",10,13135,"bigram","ZO","token",116.000000000001,0,73.9999999999995,36.0000000000001,621.000000000005,119,121,0,8.99999999999996
"subtlex_uk",10,13135,"bigram","ZP","token",0,0,0,0,0,0,0,0,0
"subtlex_uk",10,13135,"bigram","ZQ","token",0,0,0,0,0,0,0,0,0
"subtlex_uk",10,13135,"bigram","ZR","token",0,0,0,0,0,0,0,0,0
"subtlex_uk",10,13135,"bigram","ZS","token",0,0,0,38.0000000000003,0,105,0,0,0
"subtlex_uk",10,13135,"bigram","ZT","token",0,0,0,0,0,2.99999999999998,0,0,0
"subtlex_uk",10,13135,"bigram","ZU","token",179.999999999999,0,0,0,105,2.99999999999998,0,0,0
"subtlex_uk",10,13135,"bigram","ZV","token",0,0,0,0,0,276.000000000001,0,0,0
"subtlex_uk",10,13135,"bigram","ZW","token",0,0,0,9.9999999999999,0,0,0,0,0
"subtlex_uk",10,13135,"bigram","ZX","token",0,0,0,0,0,0,0,0,0
"subtlex_uk",10,13135,"bigram","ZY","token",0,11.0000000000001,0,4.99999999999995,17.0000000000002,6.99999999999993,0,20.9999999999999,0
"subtlex_uk",10,13135,"bigram","ZZ","token",0,4.00000000000001,601.000000000004,46.9999999999999,46.0000000000004,13.9999999999999,41,11.9999999999999,111
