"corpus","word_length","n_words","ngram","bigram","method","freq"
"subtlex_uk",3,5268,"bigram","AA","type",34
"subtlex_uk",3,5268,"bigram","AB","type",38
"subtlex_uk",3,5268,"bigram","AC","type",33
"subtlex_uk",3,5268,"bigram","AD","type",40
"subtlex_uk",3,5268,"bigram","AE","type",32
"subtlex_uk",3,5268,"bigram","AF","type",26
"subtlex_uk",3,5268,"bigram","AG","type",34
"subtlex_uk",3,5268,"bigram","AH","type",32
"subtlex_uk",3,5268,"bigram","AI","type",37
"subtlex_uk",3,5268,"bigram","AJ","type",15
"subtlex_uk",3,5268,"bigram","AK","type",27
"subtlex_uk",3,5268,"bigram","AL","type",44
"subtlex_uk",3,5268,"bigram","AM","type",40
"subtlex_uk",3,5268,"bigram","AN","type",43
"subtlex_uk",3,5268,"bigram","AO","type",29
"subtlex_uk",3,5268,"bigram","AP","type",36
"subtlex_uk",3,5268,"bigram","AQ","type",3
"subtlex_uk",3,5268,"bigram","AR","type",46
"subtlex_uk",3,5268,"bigram","AS","type",41
"subtlex_uk",3,5268,"bigram","AT","type",39
"subtlex_uk",3,5268,"bigram","AU","type",31
"subtlex_uk",3,5268,"bigram","AV","type",29
"subtlex_uk",3,5268,"bigram","AW","type",31
"subtlex_uk",3,5268,"bigram","AX","type",18
"subtlex_uk",3,5268,"bigram","AY","type",28
"subtlex_uk",3,5268,"bigram","AZ","type",25
"subtlex_uk",3,5268,"bigram","BA","type",40
"subtlex_uk",3,5268,"bigram","BB","type",13
"subtlex_uk",3,5268,"bigram","BC","type",23
"subtlex_uk",3,5268,"bigram","BD","type",13
"subtlex_uk",3,5268,"bigram","BE","type",33
"subtlex_uk",3,5268,"bigram","BF","type",7
"subtlex_uk",3,5268,"bigram","BG","type",11
"subtlex_uk",3,5268,"bigram","BH","type",10
"subtlex_uk",3,5268,"bigram","BI","type",30
"subtlex_uk",3,5268,"bigram","BJ","type",3
"subtlex_uk",3,5268,"bigram","BK","type",3
"subtlex_uk",3,5268,"bigram","BL","type",20
"subtlex_uk",3,5268,"bigram","BM","type",18
"subtlex_uk",3,5268,"bigram","BN","type",9
"subtlex_uk",3,5268,"bigram","BO","type",36
"subtlex_uk",3,5268,"bigram","BP","type",12
"subtlex_uk",3,5268,"bigram","BQ","type",1
"subtlex_uk",3,5268,"bigram","BR","type",21
"subtlex_uk",3,5268,"bigram","BS","type",32
"subtlex_uk",3,5268,"bigram","BT","type",18
"subtlex_uk",3,5268,"bigram","BU","type",22
"subtlex_uk",3,5268,"bigram","BV","type",5
"subtlex_uk",3,5268,"bigram","BW","type",5
"subtlex_uk",3,5268,"bigram","BX","type",0
"subtlex_uk",3,5268,"bigram","BY","type",11
"subtlex_uk",3,5268,"bigram","BZ","type",3
"subtlex_uk",3,5268,"bigram","CA","type",37
"subtlex_uk",3,5268,"bigram","CB","type",22
"subtlex_uk",3,5268,"bigram","CC","type",28
"subtlex_uk",3,5268,"bigram","CD","type",18
"subtlex_uk",3,5268,"bigram","CE","type",27
"subtlex_uk",3,5268,"bigram","CF","type",7
"subtlex_uk",3,5268,"bigram","CG","type",10
"subtlex_uk",3,5268,"bigram","CH","type",34
"subtlex_uk",3,5268,"bigram","CI","type",25
"subtlex_uk",3,5268,"bigram","CJ","type",4
"subtlex_uk",3,5268,"bigram","CK","type",9
"subtlex_uk",3,5268,"bigram","CL","type",14
"subtlex_uk",3,5268,"bigram","CM","type",19
"subtlex_uk",3,5268,"bigram","CN","type",11
"subtlex_uk",3,5268,"bigram","CO","type",34
"subtlex_uk",3,5268,"bigram","CP","type",24
"subtlex_uk",3,5268,"bigram","CQ","type",2
"subtlex_uk",3,5268,"bigram","CR","type",25
"subtlex_uk",3,5268,"bigram","CS","type",31
"subtlex_uk",3,5268,"bigram","CT","type",22
"subtlex_uk",3,5268,"bigram","CU","type",22
"subtlex_uk",3,5268,"bigram","CV","type",8
"subtlex_uk",3,5268,"bigram","CW","type",7
"subtlex_uk",3,5268,"bigram","CX","type",1
"subtlex_uk",3,5268,"bigram","CY","type",9
"subtlex_uk",3,5268,"bigram","CZ","type",0
"subtlex_uk",3,5268,"bigram","DA","type",39
"subtlex_uk",3,5268,"bigram","DB","type",16
"subtlex_uk",3,5268,"bigram","DC","type",23
"subtlex_uk",3,5268,"bigram","DD","type",18
"subtlex_uk",3,5268,"bigram","DE","type",30
"subtlex_uk",3,5268,"bigram","DF","type",18
"subtlex_uk",3,5268,"bigram","DG","type",7
"subtlex_uk",3,5268,"bigram","DH","type",10
"subtlex_uk",3,5268,"bigram","DI","type",31
"subtlex_uk",3,5268,"bigram","DJ","type",2
"subtlex_uk",3,5268,"bigram","DK","type",2
"subtlex_uk",3,5268,"bigram","DL","type",15
"subtlex_uk",3,5268,"bigram","DM","type",13
"subtlex_uk",3,5268,"bigram","DN","type",11
"subtlex_uk",3,5268,"bigram","DO","type",34
"subtlex_uk",3,5268,"bigram","DP","type",23
"subtlex_uk",3,5268,"bigram","DQ","type",1
"subtlex_uk",3,5268,"bigram","DR","type",22
"subtlex_uk",3,5268,"bigram","DS","type",33
"subtlex_uk",3,5268,"bigram","DT","type",10
"subtlex_uk",3,5268,"bigram","DU","type",29
"subtlex_uk",3,5268,"bigram","DV","type",7
"subtlex_uk",3,5268,"bigram","DW","type",7
"subtlex_uk",3,5268,"bigram","DX","type",3
"subtlex_uk",3,5268,"bigram","DY","type",10
"subtlex_uk",3,5268,"bigram","DZ","type",3
"subtlex_uk",3,5268,"bigram","EA","type",31
"subtlex_uk",3,5268,"bigram","EB","type",33
"subtlex_uk",3,5268,"bigram","EC","type",30
"subtlex_uk",3,5268,"bigram","ED","type",38
"subtlex_uk",3,5268,"bigram","EE","type",43
"subtlex_uk",3,5268,"bigram","EF","type",27
"subtlex_uk",3,5268,"bigram","EG","type",25
"subtlex_uk",3,5268,"bigram","EH","type",22
"subtlex_uk",3,5268,"bigram","EI","type",24
"subtlex_uk",3,5268,"bigram","EJ","type",4
"subtlex_uk",3,5268,"bigram","EK","type",13
"subtlex_uk",3,5268,"bigram","EL","type",37
"subtlex_uk",3,5268,"bigram","EM","type",37
"subtlex_uk",3,5268,"bigram","EN","type",37
"subtlex_uk",3,5268,"bigram","EO","type",18
"subtlex_uk",3,5268,"bigram","EP","type",32
"subtlex_uk",3,5268,"bigram","EQ","type",1
"subtlex_uk",3,5268,"bigram","ER","type",41
"subtlex_uk",3,5268,"bigram","ES","type",41
"subtlex_uk",3,5268,"bigram","ET","type",37
"subtlex_uk",3,5268,"bigram","EU","type",20
"subtlex_uk",3,5268,"bigram","EV","type",18
"subtlex_uk",3,5268,"bigram","EW","type",18
"subtlex_uk",3,5268,"bigram","EX","type",24
"subtlex_uk",3,5268,"bigram","EY","type",24
"subtlex_uk",3,5268,"bigram","EZ","type",19
"subtlex_uk",3,5268,"bigram","FA","type",35
"subtlex_uk",3,5268,"bigram","FB","type",5
"subtlex_uk",3,5268,"bigram","FC","type",17
"subtlex_uk",3,5268,"bigram","FD","type",5
"subtlex_uk",3,5268,"bigram","FE","type",21
"subtlex_uk",3,5268,"bigram","FF","type",14
"subtlex_uk",3,5268,"bigram","FG","type",5
"subtlex_uk",3,5268,"bigram","FH","type",1
"subtlex_uk",3,5268,"bigram","FI","type",28
"subtlex_uk",3,5268,"bigram","FJ","type",1
"subtlex_uk",3,5268,"bigram","FK","type",3
"subtlex_uk",3,5268,"bigram","FL","type",22
"subtlex_uk",3,5268,"bigram","FM","type",6
"subtlex_uk",3,5268,"bigram","FN","type",2
"subtlex_uk",3,5268,"bigram","FO","type",25
"subtlex_uk",3,5268,"bigram","FP","type",9
"subtlex_uk",3,5268,"bigram","FQ","type",0
"subtlex_uk",3,5268,"bigram","FR","type",30
"subtlex_uk",3,5268,"bigram","FS","type",19
"subtlex_uk",3,5268,"bigram","FT","type",19
"subtlex_uk",3,5268,"bigram","FU","type",15
"subtlex_uk",3,5268,"bigram","FV","type",0
"subtlex_uk",3,5268,"bigram","FW","type",1
"subtlex_uk",3,5268,"bigram","FX","type",2
"subtlex_uk",3,5268,"bigram","FY","type",8
"subtlex_uk",3,5268,"bigram","FZ","type",1
"subtlex_uk",3,5268,"bigram","GA","type",31
"subtlex_uk",3,5268,"bigram","GB","type",14
"subtlex_uk",3,5268,"bigram","GC","type",17
"subtlex_uk",3,5268,"bigram","GD","type",9
"subtlex_uk",3,5268,"bigram","GE","type",25
"subtlex_uk",3,5268,"bigram","GF","type",5
"subtlex_uk",3,5268,"bigram","GG","type",9
"subtlex_uk",3,5268,"bigram","GH","type",17
"subtlex_uk",3,5268,"bigram","GI","type",24
"subtlex_uk",3,5268,"bigram","GJ","type",0
"subtlex_uk",3,5268,"bigram","GK","type",1
"subtlex_uk",3,5268,"bigram","GL","type",13
"subtlex_uk",3,5268,"bigram","GM","type",13
"subtlex_uk",3,5268,"bigram","GN","type",12
"subtlex_uk",3,5268,"bigram","GO","type",28
"subtlex_uk",3,5268,"bigram","GP","type",8
"subtlex_uk",3,5268,"bigram","GQ","type",0
"subtlex_uk",3,5268,"bigram","GR","type",14
"subtlex_uk",3,5268,"bigram","GS","type",26
"subtlex_uk",3,5268,"bigram","GT","type",18
"subtlex_uk",3,5268,"bigram","GU","type",17
"subtlex_uk",3,5268,"bigram","GV","type",4
"subtlex_uk",3,5268,"bigram","GW","type",3
"subtlex_uk",3,5268,"bigram","GX","type",0
"subtlex_uk",3,5268,"bigram","GY","type",6
"subtlex_uk",3,5268,"bigram","GZ","type",1
"subtlex_uk",3,5268,"bigram","HA","type",41
"subtlex_uk",3,5268,"bigram","HB","type",8
"subtlex_uk",3,5268,"bigram","HC","type",10
"subtlex_uk",3,5268,"bigram","HD","type",8
"subtlex_uk",3,5268,"bigram","HE","type",37
"subtlex_uk",3,5268,"bigram","HF","type",5
"subtlex_uk",3,5268,"bigram","HG","type",4
"subtlex_uk",3,5268,"bigram","HH","type",11
"subtlex_uk",3,5268,"bigram","HI","type",33
"subtlex_uk",3,5268,"bigram","HJ","type",1
"subtlex_uk",3,5268,"bigram","HK","type",3
"subtlex_uk",3,5268,"bigram","HL","type",8
"subtlex_uk",3,5268,"bigram","HM","type",20
"subtlex_uk",3,5268,"bigram","HN","type",8
"subtlex_uk",3,5268,"bigram","HO","type",36
"subtlex_uk",3,5268,"bigram","HP","type",13
"subtlex_uk",3,5268,"bigram","HQ","type",3
"subtlex_uk",3,5268,"bigram","HR","type",16
"subtlex_uk",3,5268,"bigram","HS","type",20
"subtlex_uk",3,5268,"bigram","HT","type",13
"subtlex_uk",3,5268,"bigram","HU","type",29
"subtlex_uk",3,5268,"bigram","HV","type",5
"subtlex_uk",3,5268,"bigram","HW","type",5
"subtlex_uk",3,5268,"bigram","HX","type",1
"subtlex_uk",3,5268,"bigram","HY","type",8
"subtlex_uk",3,5268,"bigram","HZ","type",2
"subtlex_uk",3,5268,"bigram","IA","type",29
"subtlex_uk",3,5268,"bigram","IB","type",33
"subtlex_uk",3,5268,"bigram","IC","type",36
"subtlex_uk",3,5268,"bigram","ID","type",33
"subtlex_uk",3,5268,"bigram","IE","type",34
"subtlex_uk",3,5268,"bigram","IF","type",28
"subtlex_uk",3,5268,"bigram","IG","type",29
"subtlex_uk",3,5268,"bigram","IH","type",15
"subtlex_uk",3,5268,"bigram","II","type",14
"subtlex_uk",3,5268,"bigram","IJ","type",9
"subtlex_uk",3,5268,"bigram","IK","type",19
"subtlex_uk",3,5268,"bigram","IL","type",29
"subtlex_uk",3,5268,"bigram","IM","type",34
"subtlex_uk",3,5268,"bigram","IN","type",39
"subtlex_uk",3,5268,"bigram","IO","type",21
"subtlex_uk",3,5268,"bigram","IP","type",32
"subtlex_uk",3,5268,"bigram","IQ","type",1
"subtlex_uk",3,5268,"bigram","IR","type",36
"subtlex_uk",3,5268,"bigram","IS","type",40
"subtlex_uk",3,5268,"bigram","IT","type",41
"subtlex_uk",3,5268,"bigram","IU","type",12
"subtlex_uk",3,5268,"bigram","IV","type",23
"subtlex_uk",3,5268,"bigram","IW","type",4
"subtlex_uk",3,5268,"bigram","IX","type",16
"subtlex_uk",3,5268,"bigram","IY","type",6
"subtlex_uk",3,5268,"bigram","IZ","type",21
"subtlex_uk",3,5268,"bigram","JA","type",24
"subtlex_uk",3,5268,"bigram","JB","type",3
"subtlex_uk",3,5268,"bigram","JC","type",2
"subtlex_uk",3,5268,"bigram","JD","type",2
"subtlex_uk",3,5268,"bigram","JE","type",17
"subtlex_uk",3,5268,"bigram","JF","type",1
"subtlex_uk",3,5268,"bigram","JG","type",0
"subtlex_uk",3,5268,"bigram","JH","type",1
"subtlex_uk",3,5268,"bigram","JI","type",16
"subtlex_uk",3,5268,"bigram","JJ","type",2
"subtlex_uk",3,5268,"bigram","JK","type",1
"subtlex_uk",3,5268,"bigram","JL","type",7
"subtlex_uk",3,5268,"bigram","JM","type",4
"subtlex_uk",3,5268,"bigram","JN","type",3
"subtlex_uk",3,5268,"bigram","JO","type",21
"subtlex_uk",3,5268,"bigram","JP","type",7
"subtlex_uk",3,5268,"bigram","JQ","type",1
"subtlex_uk",3,5268,"bigram","JR","type",3
"subtlex_uk",3,5268,"bigram","JS","type",12
"subtlex_uk",3,5268,"bigram","JT","type",1
"subtlex_uk",3,5268,"bigram","JU","type",17
"subtlex_uk",3,5268,"bigram","JV","type",2
"subtlex_uk",3,5268,"bigram","JW","type",1
"subtlex_uk",3,5268,"bigram","JX","type",1
"subtlex_uk",3,5268,"bigram","JY","type",0
"subtlex_uk",3,5268,"bigram","JZ","type",0
"subtlex_uk",3,5268,"bigram","KA","type",29
"subtlex_uk",3,5268,"bigram","KB","type",6
"subtlex_uk",3,5268,"bigram","KC","type",3
"subtlex_uk",3,5268,"bigram","KD","type",2
"subtlex_uk",3,5268,"bigram","KE","type",26
"subtlex_uk",3,5268,"bigram","KF","type",3
"subtlex_uk",3,5268,"bigram","KG","type",5
"subtlex_uk",3,5268,"bigram","KH","type",4
"subtlex_uk",3,5268,"bigram","KI","type",19
"subtlex_uk",3,5268,"bigram","KJ","type",0
"subtlex_uk",3,5268,"bigram","KK","type",3
"subtlex_uk",3,5268,"bigram","KL","type",7
"subtlex_uk",3,5268,"bigram","KM","type",5
"subtlex_uk",3,5268,"bigram","KN","type",6
"subtlex_uk",3,5268,"bigram","KO","type",19
"subtlex_uk",3,5268,"bigram","KP","type",7
"subtlex_uk",3,5268,"bigram","KQ","type",0
"subtlex_uk",3,5268,"bigram","KR","type",8
"subtlex_uk",3,5268,"bigram","KS","type",6
"subtlex_uk",3,5268,"bigram","KT","type",5
"subtlex_uk",3,5268,"bigram","KU","type",17
"subtlex_uk",3,5268,"bigram","KV","type",0
"subtlex_uk",3,5268,"bigram","KW","type",4
"subtlex_uk",3,5268,"bigram","KX","type",0
"subtlex_uk",3,5268,"bigram","KY","type",9
"subtlex_uk",3,5268,"bigram","KZ","type",1
"subtlex_uk",3,5268,"bigram","LA","type",41
"subtlex_uk",3,5268,"bigram","LB","type",13
"subtlex_uk",3,5268,"bigram","LC","type",17
"subtlex_uk",3,5268,"bigram","LD","type",17
"subtlex_uk",3,5268,"bigram","LE","type",39
"subtlex_uk",3,5268,"bigram","LF","type",13
"subtlex_uk",3,5268,"bigram","LG","type",15
"subtlex_uk",3,5268,"bigram","LH","type",3
"subtlex_uk",3,5268,"bigram","LI","type",31
"subtlex_uk",3,5268,"bigram","LJ","type",0
"subtlex_uk",3,5268,"bigram","LK","type",9
"subtlex_uk",3,5268,"bigram","LL","type",22
"subtlex_uk",3,5268,"bigram","LM","type",14
"subtlex_uk",3,5268,"bigram","LN","type",6
"subtlex_uk",3,5268,"bigram","LO","type",34
"subtlex_uk",3,5268,"bigram","LP","type",16
"subtlex_uk",3,5268,"bigram","LQ","type",0
"subtlex_uk",3,5268,"bigram","LR","type",12
"subtlex_uk",3,5268,"bigram","LS","type",26
"subtlex_uk",3,5268,"bigram","LT","type",17
"subtlex_uk",3,5268,"bigram","LU","type",29
"subtlex_uk",3,5268,"bigram","LV","type",4
"subtlex_uk",3,5268,"bigram","LW","type",2
"subtlex_uk",3,5268,"bigram","LX","type",1
"subtlex_uk",3,5268,"bigram","LY","type",16
"subtlex_uk",3,5268,"bigram","LZ","type",4
"subtlex_uk",3,5268,"bigram","MA","type",40
"subtlex_uk",3,5268,"bigram","MB","type",12
"subtlex_uk",3,5268,"bigram","MC","type",25
"subtlex_uk",3,5268,"bigram","MD","type",13
"subtlex_uk",3,5268,"bigram","ME","type",35
"subtlex_uk",3,5268,"bigram","MF","type",12
"subtlex_uk",3,5268,"bigram","MG","type",15
"subtlex_uk",3,5268,"bigram","MH","type",8
"subtlex_uk",3,5268,"bigram","MI","type",38
"subtlex_uk",3,5268,"bigram","MJ","type",4
"subtlex_uk",3,5268,"bigram","MK","type",2
"subtlex_uk",3,5268,"bigram","ML","type",8
"subtlex_uk",3,5268,"bigram","MM","type",20
"subtlex_uk",3,5268,"bigram","MN","type",9
"subtlex_uk",3,5268,"bigram","MO","type",32
"subtlex_uk",3,5268,"bigram","MP","type",20
"subtlex_uk",3,5268,"bigram","MQ","type",2
"subtlex_uk",3,5268,"bigram","MR","type",15
"subtlex_uk",3,5268,"bigram","MS","type",30
"subtlex_uk",3,5268,"bigram","MT","type",19
"subtlex_uk",3,5268,"bigram","MU","type",23
"subtlex_uk",3,5268,"bigram","MV","type",9
"subtlex_uk",3,5268,"bigram","MW","type",3
"subtlex_uk",3,5268,"bigram","MX","type",4
"subtlex_uk",3,5268,"bigram","MY","type",7
"subtlex_uk",3,5268,"bigram","MZ","type",2
"subtlex_uk",3,5268,"bigram","NA","type",37
"subtlex_uk",3,5268,"bigram","NB","type",11
"subtlex_uk",3,5268,"bigram","NC","type",19
"subtlex_uk",3,5268,"bigram","ND","type",22
"subtlex_uk",3,5268,"bigram","NE","type",31
"subtlex_uk",3,5268,"bigram","NF","type",7
"subtlex_uk",3,5268,"bigram","NG","type",22
"subtlex_uk",3,5268,"bigram","NH","type",14
"subtlex_uk",3,5268,"bigram","NI","type",28
"subtlex_uk",3,5268,"bigram","NJ","type",1
"subtlex_uk",3,5268,"bigram","NK","type",7
"subtlex_uk",3,5268,"bigram","NL","type",8
"subtlex_uk",3,5268,"bigram","NM","type",6
"subtlex_uk",3,5268,"bigram","NN","type",16
"subtlex_uk",3,5268,"bigram","NO","type",34
"subtlex_uk",3,5268,"bigram","NP","type",14
"subtlex_uk",3,5268,"bigram","NQ","type",1
"subtlex_uk",3,5268,"bigram","NR","type",16
"subtlex_uk",3,5268,"bigram","NS","type",23
"subtlex_uk",3,5268,"bigram","NT","type",22
"subtlex_uk",3,5268,"bigram","NU","type",22
"subtlex_uk",3,5268,"bigram","NV","type",2
"subtlex_uk",3,5268,"bigram","NW","type",6
"subtlex_uk",3,5268,"bigram","NX","type",3
"subtlex_uk",3,5268,"bigram","NY","type",10
"subtlex_uk",3,5268,"bigram","NZ","type",2
"subtlex_uk",3,5268,"bigram","OA","type",25
"subtlex_uk",3,5268,"bigram","OB","type",29
"subtlex_uk",3,5268,"bigram","OC","type",22
"subtlex_uk",3,5268,"bigram","OD","type",31
"subtlex_uk",3,5268,"bigram","OE","type",23
"subtlex_uk",3,5268,"bigram","OF","type",28
"subtlex_uk",3,5268,"bigram","OG","type",23
"subtlex_uk",3,5268,"bigram","OH","type",23
"subtlex_uk",3,5268,"bigram","OI","type",31
"subtlex_uk",3,5268,"bigram","OJ","type",8
"subtlex_uk",3,5268,"bigram","OK","type",21
"subtlex_uk",3,5268,"bigram","OL","type",29
"subtlex_uk",3,5268,"bigram","OM","type",30
"subtlex_uk",3,5268,"bigram","ON","type",36
"subtlex_uk",3,5268,"bigram","OO","type",36
"subtlex_uk",3,5268,"bigram","OP","type",27
"subtlex_uk",3,5268,"bigram","OQ","type",1
"subtlex_uk",3,5268,"bigram","OR","type",40
"subtlex_uk",3,5268,"bigram","OS","type",31
"subtlex_uk",3,5268,"bigram","OT","type",28
"subtlex_uk",3,5268,"bigram","OU","type",32
"subtlex_uk",3,5268,"bigram","OV","type",16
"subtlex_uk",3,5268,"bigram","OW","type",28
"subtlex_uk",3,5268,"bigram","OX","type",21
"subtlex_uk",3,5268,"bigram","OY","type",21
"subtlex_uk",3,5268,"bigram","OZ","type",19
"subtlex_uk",3,5268,"bigram","PA","type",39
"subtlex_uk",3,5268,"bigram","PB","type",11
"subtlex_uk",3,5268,"bigram","PC","type",22
"subtlex_uk",3,5268,"bigram","PD","type",18
"subtlex_uk",3,5268,"bigram","PE","type",29
"subtlex_uk",3,5268,"bigram","PF","type",14
"subtlex_uk",3,5268,"bigram","PG","type",11
"subtlex_uk",3,5268,"bigram","PH","type",14
"subtlex_uk",3,5268,"bigram","PI","type",32
"subtlex_uk",3,5268,"bigram","PJ","type",1
"subtlex_uk",3,5268,"bigram","PK","type",4
"subtlex_uk",3,5268,"bigram","PL","type",25
"subtlex_uk",3,5268,"bigram","PM","type",14
"subtlex_uk",3,5268,"bigram","PN","type",9
"subtlex_uk",3,5268,"bigram","PO","type",37
"subtlex_uk",3,5268,"bigram","PP","type",25
"subtlex_uk",3,5268,"bigram","PQ","type",0
"subtlex_uk",3,5268,"bigram","PR","type",30
"subtlex_uk",3,5268,"bigram","PS","type",37
"subtlex_uk",3,5268,"bigram","PT","type",21
"subtlex_uk",3,5268,"bigram","PU","type",23
"subtlex_uk",3,5268,"bigram","PV","type",7
"subtlex_uk",3,5268,"bigram","PW","type",9
"subtlex_uk",3,5268,"bigram","PX","type",0
"subtlex_uk",3,5268,"bigram","PY","type",8
"subtlex_uk",3,5268,"bigram","PZ","type",2
"subtlex_uk",3,5268,"bigram","QA","type",8
"subtlex_uk",3,5268,"bigram","QB","type",1
"subtlex_uk",3,5268,"bigram","QC","type",2
"subtlex_uk",3,5268,"bigram","QD","type",2
"subtlex_uk",3,5268,"bigram","QE","type",6
"subtlex_uk",3,5268,"bigram","QF","type",0
"subtlex_uk",3,5268,"bigram","QG","type",1
"subtlex_uk",3,5268,"bigram","QH","type",0
"subtlex_uk",3,5268,"bigram","QI","type",4
"subtlex_uk",3,5268,"bigram","QJ","type",0
"subtlex_uk",3,5268,"bigram","QK","type",0
"subtlex_uk",3,5268,"bigram","QL","type",0
"subtlex_uk",3,5268,"bigram","QM","type",5
"subtlex_uk",3,5268,"bigram","QN","type",1
"subtlex_uk",3,5268,"bigram","QO","type",3
"subtlex_uk",3,5268,"bigram","QP","type",1
"subtlex_uk",3,5268,"bigram","QQ","type",0
"subtlex_uk",3,5268,"bigram","QR","type",1
"subtlex_uk",3,5268,"bigram","QS","type",2
"subtlex_uk",3,5268,"bigram","QT","type",2
"subtlex_uk",3,5268,"bigram","QU","type",9
"subtlex_uk",3,5268,"bigram","QV","type",1
"subtlex_uk",3,5268,"bigram","QW","type",0
"subtlex_uk",3,5268,"bigram","QX","type",0
"subtlex_uk",3,5268,"bigram","QY","type",0
"subtlex_uk",3,5268,"bigram","QZ","type",0
"subtlex_uk",3,5268,"bigram","RA","type",41
"subtlex_uk",3,5268,"bigram","RB","type",23
"subtlex_uk",3,5268,"bigram","RC","type",19
"subtlex_uk",3,5268,"bigram","RD","type",22
"subtlex_uk",3,5268,"bigram","RE","type",40
"subtlex_uk",3,5268,"bigram","RF","type",11
"subtlex_uk",3,5268,"bigram","RG","type",16
"subtlex_uk",3,5268,"bigram","RH","type",13
"subtlex_uk",3,5268,"bigram","RI","type",35
"subtlex_uk",3,5268,"bigram","RJ","type",1
"subtlex_uk",3,5268,"bigram","RK","type",14
"subtlex_uk",3,5268,"bigram","RL","type",8
"subtlex_uk",3,5268,"bigram","RM","type",23
"subtlex_uk",3,5268,"bigram","RN","type",14
"subtlex_uk",3,5268,"bigram","RO","type",39
"subtlex_uk",3,5268,"bigram","RP","type",21
"subtlex_uk",3,5268,"bigram","RQ","type",1
"subtlex_uk",3,5268,"bigram","RR","type",22
"subtlex_uk",3,5268,"bigram","RS","type",32
"subtlex_uk",3,5268,"bigram","RT","type",27
"subtlex_uk",3,5268,"bigram","RU","type",28
"subtlex_uk",3,5268,"bigram","RV","type",6
"subtlex_uk",3,5268,"bigram","RW","type",4
"subtlex_uk",3,5268,"bigram","RX","type",3
"subtlex_uk",3,5268,"bigram","RY","type",20
"subtlex_uk",3,5268,"bigram","RZ","type",4
"subtlex_uk",3,5268,"bigram","SA","type",44
"subtlex_uk",3,5268,"bigram","SB","type",13
"subtlex_uk",3,5268,"bigram","SC","type",29
"subtlex_uk",3,5268,"bigram","SD","type",16
"subtlex_uk",3,5268,"bigram","SE","type",40
"subtlex_uk",3,5268,"bigram","SF","type",13
"subtlex_uk",3,5268,"bigram","SG","type",12
"subtlex_uk",3,5268,"bigram","SH","type",34
"subtlex_uk",3,5268,"bigram","SI","type",33
"subtlex_uk",3,5268,"bigram","SJ","type",3
"subtlex_uk",3,5268,"bigram","SK","type",14
"subtlex_uk",3,5268,"bigram","SL","type",20
"subtlex_uk",3,5268,"bigram","SM","type",25
"subtlex_uk",3,5268,"bigram","SN","type",24
"subtlex_uk",3,5268,"bigram","SO","type",36
"subtlex_uk",3,5268,"bigram","SP","type",30
"subtlex_uk",3,5268,"bigram","SQ","type",3
"subtlex_uk",3,5268,"bigram","SR","type",17
"subtlex_uk",3,5268,"bigram","SS","type",28
"subtlex_uk",3,5268,"bigram","ST","type",40
"subtlex_uk",3,5268,"bigram","SU","type",31
"subtlex_uk",3,5268,"bigram","SV","type",5
"subtlex_uk",3,5268,"bigram","SW","type",13
"subtlex_uk",3,5268,"bigram","SX","type",3
"subtlex_uk",3,5268,"bigram","SY","type",11
"subtlex_uk",3,5268,"bigram","SZ","type",4
"subtlex_uk",3,5268,"bigram","TA","type",42
"subtlex_uk",3,5268,"bigram","TB","type",14
"subtlex_uk",3,5268,"bigram","TC","type",29
"subtlex_uk",3,5268,"bigram","TD","type",11
"subtlex_uk",3,5268,"bigram","TE","type",32
"subtlex_uk",3,5268,"bigram","TF","type",9
"subtlex_uk",3,5268,"bigram","TG","type",8
"subtlex_uk",3,5268,"bigram","TH","type",34
"subtlex_uk",3,5268,"bigram","TI","type",30
"subtlex_uk",3,5268,"bigram","TJ","type",0
"subtlex_uk",3,5268,"bigram","TK","type",6
"subtlex_uk",3,5268,"bigram","TL","type",13
"subtlex_uk",3,5268,"bigram","TM","type",10
"subtlex_uk",3,5268,"bigram","TN","type",7
"subtlex_uk",3,5268,"bigram","TO","type",36
"subtlex_uk",3,5268,"bigram","TP","type",11
"subtlex_uk",3,5268,"bigram","TQ","type",0
"subtlex_uk",3,5268,"bigram","TR","type",28
"subtlex_uk",3,5268,"bigram","TS","type",35
"subtlex_uk",3,5268,"bigram","TT","type",17
"subtlex_uk",3,5268,"bigram","TU","type",27
"subtlex_uk",3,5268,"bigram","TV","type",18
"subtlex_uk",3,5268,"bigram","TW","type",12
"subtlex_uk",3,5268,"bigram","TX","type",3
"subtlex_uk",3,5268,"bigram","TY","type",8
"subtlex_uk",3,5268,"bigram","TZ","type",6
"subtlex_uk",3,5268,"bigram","UA","type",17
"subtlex_uk",3,5268,"bigram","UB","type",23
"subtlex_uk",3,5268,"bigram","UC","type",18
"subtlex_uk",3,5268,"bigram","UD","type",28
"subtlex_uk",3,5268,"bigram","UE","type",27
"subtlex_uk",3,5268,"bigram","UF","type",20
"subtlex_uk",3,5268,"bigram","UG","type",23
"subtlex_uk",3,5268,"bigram","UH","type",28
"subtlex_uk",3,5268,"bigram","UI","type",18
"subtlex_uk",3,5268,"bigram","UJ","type",3
"subtlex_uk",3,5268,"bigram","UK","type",14
"subtlex_uk",3,5268,"bigram","UL","type",31
"subtlex_uk",3,5268,"bigram","UM","type",30
"subtlex_uk",3,5268,"bigram","UN","type",36
"subtlex_uk",3,5268,"bigram","UO","type",11
"subtlex_uk",3,5268,"bigram","UP","type",22
"subtlex_uk",3,5268,"bigram","UQ","type",1
"subtlex_uk",3,5268,"bigram","UR","type",41
"subtlex_uk",3,5268,"bigram","US","type",34
"subtlex_uk",3,5268,"bigram","UT","type",28
"subtlex_uk",3,5268,"bigram","UU","type",12
"subtlex_uk",3,5268,"bigram","UV","type",13
"subtlex_uk",3,5268,"bigram","UW","type",7
"subtlex_uk",3,5268,"bigram","UX","type",9
"subtlex_uk",3,5268,"bigram","UY","type",7
"subtlex_uk",3,5268,"bigram","UZ","type",16
"subtlex_uk",3,5268,"bigram","VA","type",32
"subtlex_uk",3,5268,"bigram","VB","type",4
"subtlex_uk",3,5268,"bigram","VC","type",11
"subtlex_uk",3,5268,"bigram","VD","type",3
"subtlex_uk",3,5268,"bigram","VE","type",22
"subtlex_uk",3,5268,"bigram","VF","type",5
"subtlex_uk",3,5268,"bigram","VG","type",2
"subtlex_uk",3,5268,"bigram","VH","type",4
"subtlex_uk",3,5268,"bigram","VI","type",27
"subtlex_uk",3,5268,"bigram","VJ","type",0
"subtlex_uk",3,5268,"bigram","VK","type",0
"subtlex_uk",3,5268,"bigram","VL","type",1
"subtlex_uk",3,5268,"bigram","VM","type",5
"subtlex_uk",3,5268,"bigram","VN","type",2
"subtlex_uk",3,5268,"bigram","VO","type",24
"subtlex_uk",3,5268,"bigram","VP","type",10
"subtlex_uk",3,5268,"bigram","VQ","type",1
"subtlex_uk",3,5268,"bigram","VR","type",10
"subtlex_uk",3,5268,"bigram","VS","type",11
"subtlex_uk",3,5268,"bigram","VT","type",5
"subtlex_uk",3,5268,"bigram","VU","type",10
"subtlex_uk",3,5268,"bigram","VV","type",5
"subtlex_uk",3,5268,"bigram","VW","type",1
"subtlex_uk",3,5268,"bigram","VX","type",1
"subtlex_uk",3,5268,"bigram","VY","type",3
"subtlex_uk",3,5268,"bigram","VZ","type",0
"subtlex_uk",3,5268,"bigram","WA","type",34
"subtlex_uk",3,5268,"bigram","WB","type",8
"subtlex_uk",3,5268,"bigram","WC","type",6
"subtlex_uk",3,5268,"bigram","WD","type",4
"subtlex_uk",3,5268,"bigram","WE","type",28
"subtlex_uk",3,5268,"bigram","WF","type",6
"subtlex_uk",3,5268,"bigram","WG","type",1
"subtlex_uk",3,5268,"bigram","WH","type",9
"subtlex_uk",3,5268,"bigram","WI","type",24
"subtlex_uk",3,5268,"bigram","WJ","type",0
"subtlex_uk",3,5268,"bigram","WK","type",3
"subtlex_uk",3,5268,"bigram","WL","type",6
"subtlex_uk",3,5268,"bigram","WM","type",6
"subtlex_uk",3,5268,"bigram","WN","type",8
"subtlex_uk",3,5268,"bigram","WO","type",27
"subtlex_uk",3,5268,"bigram","WP","type",7
"subtlex_uk",3,5268,"bigram","WQ","type",0
"subtlex_uk",3,5268,"bigram","WR","type",20
"subtlex_uk",3,5268,"bigram","WS","type",12
"subtlex_uk",3,5268,"bigram","WT","type",12
"subtlex_uk",3,5268,"bigram","WU","type",13
"subtlex_uk",3,5268,"bigram","WV","type",3
"subtlex_uk",3,5268,"bigram","WW","type",12
"subtlex_uk",3,5268,"bigram","WX","type",0
"subtlex_uk",3,5268,"bigram","WY","type",8
"subtlex_uk",3,5268,"bigram","WZ","type",0
"subtlex_uk",3,5268,"bigram","XA","type",6
"subtlex_uk",3,5268,"bigram","XB","type",2
"subtlex_uk",3,5268,"bigram","XC","type",1
"subtlex_uk",3,5268,"bigram","XD","type",0
"subtlex_uk",3,5268,"bigram","XE","type",6
"subtlex_uk",3,5268,"bigram","XF","type",3
"subtlex_uk",3,5268,"bigram","XG","type",0
"subtlex_uk",3,5268,"bigram","XH","type",0
"subtlex_uk",3,5268,"bigram","XI","type",10
"subtlex_uk",3,5268,"bigram","XJ","type",3
"subtlex_uk",3,5268,"bigram","XK","type",1
"subtlex_uk",3,5268,"bigram","XL","type",6
"subtlex_uk",3,5268,"bigram","XM","type",0
"subtlex_uk",3,5268,"bigram","XN","type",0
"subtlex_uk",3,5268,"bigram","XO","type",4
"subtlex_uk",3,5268,"bigram","XP","type",2
"subtlex_uk",3,5268,"bigram","XQ","type",0
"subtlex_uk",3,5268,"bigram","XR","type",1
"subtlex_uk",3,5268,"bigram","XS","type",1
"subtlex_uk",3,5268,"bigram","XT","type",4
"subtlex_uk",3,5268,"bigram","XU","type",2
"subtlex_uk",3,5268,"bigram","XV","type",1
"subtlex_uk",3,5268,"bigram","XW","type",0
"subtlex_uk",3,5268,"bigram","XX","type",6
"subtlex_uk",3,5268,"bigram","XY","type",3
"subtlex_uk",3,5268,"bigram","XZ","type",1
"subtlex_uk",3,5268,"bigram","YA","type",30
"subtlex_uk",3,5268,"bigram","YB","type",1
"subtlex_uk",3,5268,"bigram","YC","type",3
"subtlex_uk",3,5268,"bigram","YD","type",9
"subtlex_uk",3,5268,"bigram","YE","type",33
"subtlex_uk",3,5268,"bigram","YF","type",3
"subtlex_uk",3,5268,"bigram","YG","type",1
"subtlex_uk",3,5268,"bigram","YH","type",1
"subtlex_uk",3,5268,"bigram","YI","type",17
"subtlex_uk",3,5268,"bigram","YJ","type",0
"subtlex_uk",3,5268,"bigram","YK","type",2
"subtlex_uk",3,5268,"bigram","YL","type",10
"subtlex_uk",3,5268,"bigram","YM","type",6
"subtlex_uk",3,5268,"bigram","YN","type",9
"subtlex_uk",3,5268,"bigram","YO","type",26
"subtlex_uk",3,5268,"bigram","YP","type",3
"subtlex_uk",3,5268,"bigram","YQ","type",0
"subtlex_uk",3,5268,"bigram","YR","type",7
"subtlex_uk",3,5268,"bigram","YS","type",8
"subtlex_uk",3,5268,"bigram","YT","type",6
"subtlex_uk",3,5268,"bigram","YU","type",16
"subtlex_uk",3,5268,"bigram","YV","type",0
"subtlex_uk",3,5268,"bigram","YW","type",4
"subtlex_uk",3,5268,"bigram","YX","type",1
"subtlex_uk",3,5268,"bigram","YY","type",5
"subtlex_uk",3,5268,"bigram","YZ","type",2
"subtlex_uk",3,5268,"bigram","ZA","type",21
"subtlex_uk",3,5268,"bigram","ZB","type",1
"subtlex_uk",3,5268,"bigram","ZC","type",0
"subtlex_uk",3,5268,"bigram","ZD","type",0
"subtlex_uk",3,5268,"bigram","ZE","type",15
"subtlex_uk",3,5268,"bigram","ZF","type",1
"subtlex_uk",3,5268,"bigram","ZG","type",0
"subtlex_uk",3,5268,"bigram","ZH","type",3
"subtlex_uk",3,5268,"bigram","ZI","type",16
"subtlex_uk",3,5268,"bigram","ZJ","type",1
"subtlex_uk",3,5268,"bigram","ZK","type",0
"subtlex_uk",3,5268,"bigram","ZL","type",0
"subtlex_uk",3,5268,"bigram","ZM","type",0
"subtlex_uk",3,5268,"bigram","ZN","type",0
"subtlex_uk",3,5268,"bigram","ZO","type",12
"subtlex_uk",3,5268,"bigram","ZP","type",1
"subtlex_uk",3,5268,"bigram","ZQ","type",0
"subtlex_uk",3,5268,"bigram","ZR","type",2
"subtlex_uk",3,5268,"bigram","ZS","type",2
"subtlex_uk",3,5268,"bigram","ZT","type",2
"subtlex_uk",3,5268,"bigram","ZU","type",12
"subtlex_uk",3,5268,"bigram","ZV","type",0
"subtlex_uk",3,5268,"bigram","ZW","type",1
"subtlex_uk",3,5268,"bigram","ZX","type",0
"subtlex_uk",3,5268,"bigram","ZY","type",4
"subtlex_uk",3,5268,"bigram","ZZ","type",8
"subtlex_uk",4,11790,"bigram","AA","type",127
"subtlex_uk",4,11790,"bigram","AB","type",135
"subtlex_uk",4,11790,"bigram","AC","type",147
"subtlex_uk",4,11790,"bigram","AD","type",186
"subtlex_uk",4,11790,"bigram","AE","type",98
"subtlex_uk",4,11790,"bigram","AF","type",84
"subtlex_uk",4,11790,"bigram","AG","type",128
"subtlex_uk",4,11790,"bigram","AH","type",127
"subtlex_uk",4,11790,"bigram","AI","type",239
"subtlex_uk",4,11790,"bigram","AJ","type",25
"subtlex_uk",4,11790,"bigram","AK","type",95
"subtlex_uk",4,11790,"bigram","AL","type",280
"subtlex_uk",4,11790,"bigram","AM","type",211
"subtlex_uk",4,11790,"bigram","AN","type",385
"subtlex_uk",4,11790,"bigram","AO","type",36
"subtlex_uk",4,11790,"bigram","AP","type",132
"subtlex_uk",4,11790,"bigram","AQ","type",7
"subtlex_uk",4,11790,"bigram","AR","type",405
"subtlex_uk",4,11790,"bigram","AS","type",244
"subtlex_uk",4,11790,"bigram","AT","type",203
"subtlex_uk",4,11790,"bigram","AU","type",129
"subtlex_uk",4,11790,"bigram","AV","type",77
"subtlex_uk",4,11790,"bigram","AW","type",97
"subtlex_uk",4,11790,"bigram","AX","type",35
"subtlex_uk",4,11790,"bigram","AY","type",110
"subtlex_uk",4,11790,"bigram","AZ","type",56
"subtlex_uk",4,11790,"bigram","BA","type",181
"subtlex_uk",4,11790,"bigram","BB","type",48
"subtlex_uk",4,11790,"bigram","BC","type",23
"subtlex_uk",4,11790,"bigram","BD","type",9
"subtlex_uk",4,11790,"bigram","BE","type",165
"subtlex_uk",4,11790,"bigram","BF","type",5
"subtlex_uk",4,11790,"bigram","BG","type",37
"subtlex_uk",4,11790,"bigram","BH","type",9
"subtlex_uk",4,11790,"bigram","BI","type",107
"subtlex_uk",4,11790,"bigram","BJ","type",1
"subtlex_uk",4,11790,"bigram","BK","type",0
"subtlex_uk",4,11790,"bigram","BL","type",78
"subtlex_uk",4,11790,"bigram","BM","type",8
"subtlex_uk",4,11790,"bigram","BN","type",5
"subtlex_uk",4,11790,"bigram","BO","type",169
"subtlex_uk",4,11790,"bigram","BP","type",4
"subtlex_uk",4,11790,"bigram","BQ","type",1
"subtlex_uk",4,11790,"bigram","BR","type",93
"subtlex_uk",4,11790,"bigram","BS","type",82
"subtlex_uk",4,11790,"bigram","BT","type",25
"subtlex_uk",4,11790,"bigram","BU","type",99
"subtlex_uk",4,11790,"bigram","BV","type",3
"subtlex_uk",4,11790,"bigram","BW","type",6
"subtlex_uk",4,11790,"bigram","BX","type",0
"subtlex_uk",4,11790,"bigram","BY","type",39
"subtlex_uk",4,11790,"bigram","BZ","type",3
"subtlex_uk",4,11790,"bigram","CA","type",183
"subtlex_uk",4,11790,"bigram","CB","type",12
"subtlex_uk",4,11790,"bigram","CC","type",28
"subtlex_uk",4,11790,"bigram","CD","type",11
"subtlex_uk",4,11790,"bigram","CE","type",99
"subtlex_uk",4,11790,"bigram","CF","type",5
"subtlex_uk",4,11790,"bigram","CG","type",2
"subtlex_uk",4,11790,"bigram","CH","type",189
"subtlex_uk",4,11790,"bigram","CI","type",53
"subtlex_uk",4,11790,"bigram","CJ","type",1
"subtlex_uk",4,11790,"bigram","CK","type",89
"subtlex_uk",4,11790,"bigram","CL","type",64
"subtlex_uk",4,11790,"bigram","CM","type",10
"subtlex_uk",4,11790,"bigram","CN","type",5
"subtlex_uk",4,11790,"bigram","CO","type",176
"subtlex_uk",4,11790,"bigram","CP","type",7
"subtlex_uk",4,11790,"bigram","CQ","type",1
"subtlex_uk",4,11790,"bigram","CR","type",51
"subtlex_uk",4,11790,"bigram","CS","type",60
"subtlex_uk",4,11790,"bigram","CT","type",36
"subtlex_uk",4,11790,"bigram","CU","type",55
"subtlex_uk",4,11790,"bigram","CV","type",2
"subtlex_uk",4,11790,"bigram","CW","type",3
"subtlex_uk",4,11790,"bigram","CX","type",0
"subtlex_uk",4,11790,"bigram","CY","type",18
"subtlex_uk",4,11790,"bigram","CZ","type",2
"subtlex_uk",4,11790,"bigram","DA","type",184
"subtlex_uk",4,11790,"bigram","DB","type",2
"subtlex_uk",4,11790,"bigram","DC","type",9
"subtlex_uk",4,11790,"bigram","DD","type",55
"subtlex_uk",4,11790,"bigram","DE","type",202
"subtlex_uk",4,11790,"bigram","DF","type",2
"subtlex_uk",4,11790,"bigram","DG","type",9
"subtlex_uk",4,11790,"bigram","DH","type",11
"subtlex_uk",4,11790,"bigram","DI","type",166
"subtlex_uk",4,11790,"bigram","DJ","type",1
"subtlex_uk",4,11790,"bigram","DK","type",1
"subtlex_uk",4,11790,"bigram","DL","type",10
"subtlex_uk",4,11790,"bigram","DM","type",5
"subtlex_uk",4,11790,"bigram","DN","type",7
"subtlex_uk",4,11790,"bigram","DO","type",161
"subtlex_uk",4,11790,"bigram","DP","type",3
"subtlex_uk",4,11790,"bigram","DQ","type",0
"subtlex_uk",4,11790,"bigram","DR","type",52
"subtlex_uk",4,11790,"bigram","DS","type",88
"subtlex_uk",4,11790,"bigram","DT","type",5
"subtlex_uk",4,11790,"bigram","DU","type",87
"subtlex_uk",4,11790,"bigram","DV","type",4
"subtlex_uk",4,11790,"bigram","DW","type",5
"subtlex_uk",4,11790,"bigram","DX","type",2
"subtlex_uk",4,11790,"bigram","DY","type",58
"subtlex_uk",4,11790,"bigram","DZ","type",10
"subtlex_uk",4,11790,"bigram","EA","type",154
"subtlex_uk",4,11790,"bigram","EB","type",86
"subtlex_uk",4,11790,"bigram","EC","type",79
"subtlex_uk",4,11790,"bigram","ED","type",200
"subtlex_uk",4,11790,"bigram","EE","type",285
"subtlex_uk",4,11790,"bigram","EF","type",77
"subtlex_uk",4,11790,"bigram","EG","type",73
"subtlex_uk",4,11790,"bigram","EH","type",49
"subtlex_uk",4,11790,"bigram","EI","type",79
"subtlex_uk",4,11790,"bigram","EJ","type",9
"subtlex_uk",4,11790,"bigram","EK","type",60
"subtlex_uk",4,11790,"bigram","EL","type",219
"subtlex_uk",4,11790,"bigram","EM","type",137
"subtlex_uk",4,11790,"bigram","EN","type",297
"subtlex_uk",4,11790,"bigram","EO","type",49
"subtlex_uk",4,11790,"bigram","EP","type",87
"subtlex_uk",4,11790,"bigram","EQ","type",5
"subtlex_uk",4,11790,"bigram","ER","type",369
"subtlex_uk",4,11790,"bigram","ES","type",240
"subtlex_uk",4,11790,"bigram","ET","type",171
"subtlex_uk",4,11790,"bigram","EU","type",58
"subtlex_uk",4,11790,"bigram","EV","type",52
"subtlex_uk",4,11790,"bigram","EW","type",59
"subtlex_uk",4,11790,"bigram","EX","type",55
"subtlex_uk",4,11790,"bigram","EY","type",65
"subtlex_uk",4,11790,"bigram","EZ","type",43
"subtlex_uk",4,11790,"bigram","FA","type",111
"subtlex_uk",4,11790,"bigram","FB","type",5
"subtlex_uk",4,11790,"bigram","FC","type",7
"subtlex_uk",4,11790,"bigram","FD","type",11
"subtlex_uk",4,11790,"bigram","FE","type",78
"subtlex_uk",4,11790,"bigram","FF","type",80
"subtlex_uk",4,11790,"bigram","FG","type",7
"subtlex_uk",4,11790,"bigram","FH","type",1
"subtlex_uk",4,11790,"bigram","FI","type",93
"subtlex_uk",4,11790,"bigram","FJ","type",0
"subtlex_uk",4,11790,"bigram","FK","type",0
"subtlex_uk",4,11790,"bigram","FL","type",71
"subtlex_uk",4,11790,"bigram","FM","type",5
"subtlex_uk",4,11790,"bigram","FN","type",3
"subtlex_uk",4,11790,"bigram","FO","type",88
"subtlex_uk",4,11790,"bigram","FP","type",14
"subtlex_uk",4,11790,"bigram","FQ","type",0
"subtlex_uk",4,11790,"bigram","FR","type",88
"subtlex_uk",4,11790,"bigram","FS","type",25
"subtlex_uk",4,11790,"bigram","FT","type",47
"subtlex_uk",4,11790,"bigram","FU","type",56
"subtlex_uk",4,11790,"bigram","FV","type",0
"subtlex_uk",4,11790,"bigram","FW","type",1
"subtlex_uk",4,11790,"bigram","FX","type",1
"subtlex_uk",4,11790,"bigram","FY","type",13
"subtlex_uk",4,11790,"bigram","FZ","type",0
"subtlex_uk",4,11790,"bigram","GA","type",156
"subtlex_uk",4,11790,"bigram","GB","type",4
"subtlex_uk",4,11790,"bigram","GC","type",5
"subtlex_uk",4,11790,"bigram","GD","type",4
"subtlex_uk",4,11790,"bigram","GE","type",113
"subtlex_uk",4,11790,"bigram","GF","type",0
"subtlex_uk",4,11790,"bigram","GG","type",48
"subtlex_uk",4,11790,"bigram","GH","type",55
"subtlex_uk",4,11790,"bigram","GI","type",66
"subtlex_uk",4,11790,"bigram","GJ","type",0
"subtlex_uk",4,11790,"bigram","GK","type",0
"subtlex_uk",4,11790,"bigram","GL","type",41
"subtlex_uk",4,11790,"bigram","GM","type",6
"subtlex_uk",4,11790,"bigram","GN","type",7
"subtlex_uk",4,11790,"bigram","GO","type",128
"subtlex_uk",4,11790,"bigram","GP","type",3
"subtlex_uk",4,11790,"bigram","GQ","type",0
"subtlex_uk",4,11790,"bigram","GR","type",67
"subtlex_uk",4,11790,"bigram","GS","type",93
"subtlex_uk",4,11790,"bigram","GT","type",11
"subtlex_uk",4,11790,"bigram","GU","type",58
"subtlex_uk",4,11790,"bigram","GV","type",2
"subtlex_uk",4,11790,"bigram","GW","type",11
"subtlex_uk",4,11790,"bigram","GX","type",1
"subtlex_uk",4,11790,"bigram","GY","type",31
"subtlex_uk",4,11790,"bigram","GZ","type",4
"subtlex_uk",4,11790,"bigram","HA","type",258
"subtlex_uk",4,11790,"bigram","HB","type",3
"subtlex_uk",4,11790,"bigram","HC","type",1
"subtlex_uk",4,11790,"bigram","HD","type",8
"subtlex_uk",4,11790,"bigram","HE","type",200
"subtlex_uk",4,11790,"bigram","HF","type",5
"subtlex_uk",4,11790,"bigram","HG","type",2
"subtlex_uk",4,11790,"bigram","HH","type",39
"subtlex_uk",4,11790,"bigram","HI","type",125
"subtlex_uk",4,11790,"bigram","HJ","type",0
"subtlex_uk",4,11790,"bigram","HK","type",2
"subtlex_uk",4,11790,"bigram","HL","type",16
"subtlex_uk",4,11790,"bigram","HM","type",20
"subtlex_uk",4,11790,"bigram","HN","type",26
"subtlex_uk",4,11790,"bigram","HO","type",194
"subtlex_uk",4,11790,"bigram","HP","type",1
"subtlex_uk",4,11790,"bigram","HQ","type",2
"subtlex_uk",4,11790,"bigram","HR","type",54
"subtlex_uk",4,11790,"bigram","HS","type",21
"subtlex_uk",4,11790,"bigram","HT","type",19
"subtlex_uk",4,11790,"bigram","HU","type",116
"subtlex_uk",4,11790,"bigram","HV","type",0
"subtlex_uk",4,11790,"bigram","HW","type",6
"subtlex_uk",4,11790,"bigram","HX","type",0
"subtlex_uk",4,11790,"bigram","HY","type",26
"subtlex_uk",4,11790,"bigram","HZ","type",0
"subtlex_uk",4,11790,"bigram","IA","type",107
"subtlex_uk",4,11790,"bigram","IB","type",70
"subtlex_uk",4,11790,"bigram","IC","type",123
"subtlex_uk",4,11790,"bigram","ID","type",124
"subtlex_uk",4,11790,"bigram","IE","type",184
"subtlex_uk",4,11790,"bigram","IF","type",89
"subtlex_uk",4,11790,"bigram","IG","type",82
"subtlex_uk",4,11790,"bigram","IH","type",9
"subtlex_uk",4,11790,"bigram","II","type",26
"subtlex_uk",4,11790,"bigram","IJ","type",16
"subtlex_uk",4,11790,"bigram","IK","type",67
"subtlex_uk",4,11790,"bigram","IL","type",182
"subtlex_uk",4,11790,"bigram","IM","type",123
"subtlex_uk",4,11790,"bigram","IN","type",336
"subtlex_uk",4,11790,"bigram","IO","type",56
"subtlex_uk",4,11790,"bigram","IP","type",76
"subtlex_uk",4,11790,"bigram","IQ","type",2
"subtlex_uk",4,11790,"bigram","IR","type",167
"subtlex_uk",4,11790,"bigram","IS","type",228
"subtlex_uk",4,11790,"bigram","IT","type",199
"subtlex_uk",4,11790,"bigram","IU","type",6
"subtlex_uk",4,11790,"bigram","IV","type",50
"subtlex_uk",4,11790,"bigram","IW","type",11
"subtlex_uk",4,11790,"bigram","IX","type",25
"subtlex_uk",4,11790,"bigram","IY","type",13
"subtlex_uk",4,11790,"bigram","IZ","type",48
"subtlex_uk",4,11790,"bigram","JA","type",84
"subtlex_uk",4,11790,"bigram","JB","type",1
"subtlex_uk",4,11790,"bigram","JC","type",2
"subtlex_uk",4,11790,"bigram","JD","type",4
"subtlex_uk",4,11790,"bigram","JE","type",51
"subtlex_uk",4,11790,"bigram","JF","type",0
"subtlex_uk",4,11790,"bigram","JG","type",0
"subtlex_uk",4,11790,"bigram","JH","type",2
"subtlex_uk",4,11790,"bigram","JI","type",46
"subtlex_uk",4,11790,"bigram","JJ","type",2
"subtlex_uk",4,11790,"bigram","JK","type",2
"subtlex_uk",4,11790,"bigram","JL","type",0
"subtlex_uk",4,11790,"bigram","JM","type",1
"subtlex_uk",4,11790,"bigram","JN","type",1
"subtlex_uk",4,11790,"bigram","JO","type",86
"subtlex_uk",4,11790,"bigram","JP","type",2
"subtlex_uk",4,11790,"bigram","JQ","type",0
"subtlex_uk",4,11790,"bigram","JR","type",1
"subtlex_uk",4,11790,"bigram","JS","type",4
"subtlex_uk",4,11790,"bigram","JT","type",1
"subtlex_uk",4,11790,"bigram","JU","type",57
"subtlex_uk",4,11790,"bigram","JV","type",0
"subtlex_uk",4,11790,"bigram","JW","type",0
"subtlex_uk",4,11790,"bigram","JX","type",0
"subtlex_uk",4,11790,"bigram","JY","type",0
"subtlex_uk",4,11790,"bigram","JZ","type",0
"subtlex_uk",4,11790,"bigram","KA","type",150
"subtlex_uk",4,11790,"bigram","KB","type",1
"subtlex_uk",4,11790,"bigram","KC","type",2
"subtlex_uk",4,11790,"bigram","KD","type",0
"subtlex_uk",4,11790,"bigram","KE","type",141
"subtlex_uk",4,11790,"bigram","KF","type",6
"subtlex_uk",4,11790,"bigram","KG","type",0
"subtlex_uk",4,11790,"bigram","KH","type",14
"subtlex_uk",4,11790,"bigram","KI","type",113
"subtlex_uk",4,11790,"bigram","KJ","type",0
"subtlex_uk",4,11790,"bigram","KK","type",6
"subtlex_uk",4,11790,"bigram","KL","type",10
"subtlex_uk",4,11790,"bigram","KM","type",1
"subtlex_uk",4,11790,"bigram","KN","type",16
"subtlex_uk",4,11790,"bigram","KO","type",105
"subtlex_uk",4,11790,"bigram","KP","type",8
"subtlex_uk",4,11790,"bigram","KQ","type",0
"subtlex_uk",4,11790,"bigram","KR","type",20
"subtlex_uk",4,11790,"bigram","KS","type",36
"subtlex_uk",4,11790,"bigram","KT","type",5
"subtlex_uk",4,11790,"bigram","KU","type",53
"subtlex_uk",4,11790,"bigram","KV","type",1
"subtlex_uk",4,11790,"bigram","KW","type",8
"subtlex_uk",4,11790,"bigram","KX","type",1
"subtlex_uk",4,11790,"bigram","KY","type",28
"subtlex_uk",4,11790,"bigram","KZ","type",0
"subtlex_uk",4,11790,"bigram","LA","type",293
"subtlex_uk",4,11790,"bigram","LB","type",13
"subtlex_uk",4,11790,"bigram","LC","type",8
"subtlex_uk",4,11790,"bigram","LD","type",45
"subtlex_uk",4,11790,"bigram","LE","type",257
"subtlex_uk",4,11790,"bigram","LF","type",19
"subtlex_uk",4,11790,"bigram","LG","type",22
"subtlex_uk",4,11790,"bigram","LH","type",3
"subtlex_uk",4,11790,"bigram","LI","type",211
"subtlex_uk",4,11790,"bigram","LJ","type",0
"subtlex_uk",4,11790,"bigram","LK","type",30
"subtlex_uk",4,11790,"bigram","LL","type",117
"subtlex_uk",4,11790,"bigram","LM","type",19
"subtlex_uk",4,11790,"bigram","LN","type",10
"subtlex_uk",4,11790,"bigram","LO","type",218
"subtlex_uk",4,11790,"bigram","LP","type",14
"subtlex_uk",4,11790,"bigram","LQ","type",0
"subtlex_uk",4,11790,"bigram","LR","type",9
"subtlex_uk",4,11790,"bigram","LS","type",67
"subtlex_uk",4,11790,"bigram","LT","type",83
"subtlex_uk",4,11790,"bigram","LU","type",121
"subtlex_uk",4,11790,"bigram","LV","type",14
"subtlex_uk",4,11790,"bigram","LW","type",5
"subtlex_uk",4,11790,"bigram","LX","type",2
"subtlex_uk",4,11790,"bigram","LY","type",77
"subtlex_uk",4,11790,"bigram","LZ","type",8
"subtlex_uk",4,11790,"bigram","MA","type",270
"subtlex_uk",4,11790,"bigram","MB","type",25
"subtlex_uk",4,11790,"bigram","MC","type",9
"subtlex_uk",4,11790,"bigram","MD","type",5
"subtlex_uk",4,11790,"bigram","ME","type",169
"subtlex_uk",4,11790,"bigram","MF","type",9
"subtlex_uk",4,11790,"bigram","MG","type",5
"subtlex_uk",4,11790,"bigram","MH","type",10
"subtlex_uk",4,11790,"bigram","MI","type",143
"subtlex_uk",4,11790,"bigram","MJ","type",0
"subtlex_uk",4,11790,"bigram","MK","type",0
"subtlex_uk",4,11790,"bigram","ML","type",6
"subtlex_uk",4,11790,"bigram","MM","type",55
"subtlex_uk",4,11790,"bigram","MN","type",11
"subtlex_uk",4,11790,"bigram","MO","type",164
"subtlex_uk",4,11790,"bigram","MP","type",68
"subtlex_uk",4,11790,"bigram","MQ","type",2
"subtlex_uk",4,11790,"bigram","MR","type",12
"subtlex_uk",4,11790,"bigram","MS","type",83
"subtlex_uk",4,11790,"bigram","MT","type",11
"subtlex_uk",4,11790,"bigram","MU","type",78
"subtlex_uk",4,11790,"bigram","MV","type",0
"subtlex_uk",4,11790,"bigram","MW","type",9
"subtlex_uk",4,11790,"bigram","MX","type",1
"subtlex_uk",4,11790,"bigram","MY","type",36
"subtlex_uk",4,11790,"bigram","MZ","type",2
"subtlex_uk",4,11790,"bigram","NA","type",233
"subtlex_uk",4,11790,"bigram","NB","type",4
"subtlex_uk",4,11790,"bigram","NC","type",31
"subtlex_uk",4,11790,"bigram","ND","type",111
"subtlex_uk",4,11790,"bigram","NE","type",197
"subtlex_uk",4,11790,"bigram","NF","type",7
"subtlex_uk",4,11790,"bigram","NG","type",117
"subtlex_uk",4,11790,"bigram","NH","type",15
"subtlex_uk",4,11790,"bigram","NI","type",167
"subtlex_uk",4,11790,"bigram","NJ","type",5
"subtlex_uk",4,11790,"bigram","NK","type",69
"subtlex_uk",4,11790,"bigram","NL","type",8
"subtlex_uk",4,11790,"bigram","NM","type",3
"subtlex_uk",4,11790,"bigram","NN","type",78
"subtlex_uk",4,11790,"bigram","NO","type",178
"subtlex_uk",4,11790,"bigram","NP","type",8
"subtlex_uk",4,11790,"bigram","NQ","type",2
"subtlex_uk",4,11790,"bigram","NR","type",9
"subtlex_uk",4,11790,"bigram","NS","type",106
"subtlex_uk",4,11790,"bigram","NT","type",111
"subtlex_uk",4,11790,"bigram","NU","type",81
"subtlex_uk",4,11790,"bigram","NV","type",7
"subtlex_uk",4,11790,"bigram","NW","type",2
"subtlex_uk",4,11790,"bigram","NX","type",7
"subtlex_uk",4,11790,"bigram","NY","type",58
"subtlex_uk",4,11790,"bigram","NZ","type",16
"subtlex_uk",4,11790,"bigram","OA","type",78
"subtlex_uk",4,11790,"bigram","OB","type",106
"subtlex_uk",4,11790,"bigram","OC","type",84
"subtlex_uk",4,11790,"bigram","OD","type",94
"subtlex_uk",4,11790,"bigram","OE","type",77
"subtlex_uk",4,11790,"bigram","OF","type",98
"subtlex_uk",4,11790,"bigram","OG","type",88
"subtlex_uk",4,11790,"bigram","OH","type",44
"subtlex_uk",4,11790,"bigram","OI","type",126
"subtlex_uk",4,11790,"bigram","OJ","type",17
"subtlex_uk",4,11790,"bigram","OK","type",76
"subtlex_uk",4,11790,"bigram","OL","type",183
"subtlex_uk",4,11790,"bigram","OM","type",119
"subtlex_uk",4,11790,"bigram","ON","type",279
"subtlex_uk",4,11790,"bigram","OO","type",286
"subtlex_uk",4,11790,"bigram","OP","type",115
"subtlex_uk",4,11790,"bigram","OQ","type",0
"subtlex_uk",4,11790,"bigram","OR","type",280
"subtlex_uk",4,11790,"bigram","OS","type",173
"subtlex_uk",4,11790,"bigram","OT","type",143
"subtlex_uk",4,11790,"bigram","OU","type",160
"subtlex_uk",4,11790,"bigram","OV","type",38
"subtlex_uk",4,11790,"bigram","OW","type",104
"subtlex_uk",4,11790,"bigram","OX","type",24
"subtlex_uk",4,11790,"bigram","OY","type",50
"subtlex_uk",4,11790,"bigram","OZ","type",32
"subtlex_uk",4,11790,"bigram","PA","type",160
"subtlex_uk",4,11790,"bigram","PB","type",25
"subtlex_uk",4,11790,"bigram","PC","type",16
"subtlex_uk",4,11790,"bigram","PD","type",13
"subtlex_uk",4,11790,"bigram","PE","type",172
"subtlex_uk",4,11790,"bigram","PF","type",7
"subtlex_uk",4,11790,"bigram","PG","type",6
"subtlex_uk",4,11790,"bigram","PH","type",41
"subtlex_uk",4,11790,"bigram","PI","type",98
"subtlex_uk",4,11790,"bigram","PJ","type",0
"subtlex_uk",4,11790,"bigram","PK","type",1
"subtlex_uk",4,11790,"bigram","PL","type",62
"subtlex_uk",4,11790,"bigram","PM","type",9
"subtlex_uk",4,11790,"bigram","PN","type",4
"subtlex_uk",4,11790,"bigram","PO","type",120
"subtlex_uk",4,11790,"bigram","PP","type",54
"subtlex_uk",4,11790,"bigram","PQ","type",1
"subtlex_uk",4,11790,"bigram","PR","type",91
"subtlex_uk",4,11790,"bigram","PS","type",98
"subtlex_uk",4,11790,"bigram","PT","type",39
"subtlex_uk",4,11790,"bigram","PU","type",75
"subtlex_uk",4,11790,"bigram","PV","type",3
"subtlex_uk",4,11790,"bigram","PW","type",16
"subtlex_uk",4,11790,"bigram","PX","type",0
"subtlex_uk",4,11790,"bigram","PY","type",28
"subtlex_uk",4,11790,"bigram","PZ","type",1
"subtlex_uk",4,11790,"bigram","QA","type",10
"subtlex_uk",4,11790,"bigram","QB","type",0
"subtlex_uk",4,11790,"bigram","QC","type",1
"subtlex_uk",4,11790,"bigram","QD","type",0
"subtlex_uk",4,11790,"bigram","QE","type",4
"subtlex_uk",4,11790,"bigram","QF","type",0
"subtlex_uk",4,11790,"bigram","QG","type",0
"subtlex_uk",4,11790,"bigram","QH","type",0
"subtlex_uk",4,11790,"bigram","QI","type",10
"subtlex_uk",4,11790,"bigram","QJ","type",0
"subtlex_uk",4,11790,"bigram","QK","type",0
"subtlex_uk",4,11790,"bigram","QL","type",0
"subtlex_uk",4,11790,"bigram","QM","type",1
"subtlex_uk",4,11790,"bigram","QN","type",0
"subtlex_uk",4,11790,"bigram","QO","type",0
"subtlex_uk",4,11790,"bigram","QP","type",0
"subtlex_uk",4,11790,"bigram","QQ","type",0
"subtlex_uk",4,11790,"bigram","QR","type",2
"subtlex_uk",4,11790,"bigram","QS","type",5
"subtlex_uk",4,11790,"bigram","QT","type",1
"subtlex_uk",4,11790,"bigram","QU","type",44
"subtlex_uk",4,11790,"bigram","QV","type",0
"subtlex_uk",4,11790,"bigram","QW","type",0
"subtlex_uk",4,11790,"bigram","QX","type",0
"subtlex_uk",4,11790,"bigram","QY","type",0
"subtlex_uk",4,11790,"bigram","QZ","type",0
"subtlex_uk",4,11790,"bigram","RA","type",355
"subtlex_uk",4,11790,"bigram","RB","type",50
"subtlex_uk",4,11790,"bigram","RC","type",32
"subtlex_uk",4,11790,"bigram","RD","type",72
"subtlex_uk",4,11790,"bigram","RE","type",308
"subtlex_uk",4,11790,"bigram","RF","type",23
"subtlex_uk",4,11790,"bigram","RG","type",54
"subtlex_uk",4,11790,"bigram","RH","type",23
"subtlex_uk",4,11790,"bigram","RI","type",250
"subtlex_uk",4,11790,"bigram","RJ","type",2
"subtlex_uk",4,11790,"bigram","RK","type",56
"subtlex_uk",4,11790,"bigram","RL","type",49
"subtlex_uk",4,11790,"bigram","RM","type",60
"subtlex_uk",4,11790,"bigram","RN","type",81
"subtlex_uk",4,11790,"bigram","RO","type",282
"subtlex_uk",4,11790,"bigram","RP","type",34
"subtlex_uk",4,11790,"bigram","RQ","type",1
"subtlex_uk",4,11790,"bigram","RR","type",101
"subtlex_uk",4,11790,"bigram","RS","type",111
"subtlex_uk",4,11790,"bigram","RT","type",92
"subtlex_uk",4,11790,"bigram","RU","type",134
"subtlex_uk",4,11790,"bigram","RV","type",14
"subtlex_uk",4,11790,"bigram","RW","type",6
"subtlex_uk",4,11790,"bigram","RX","type",2
"subtlex_uk",4,11790,"bigram","RY","type",82
"subtlex_uk",4,11790,"bigram","RZ","type",14
"subtlex_uk",4,11790,"bigram","SA","type",199
"subtlex_uk",4,11790,"bigram","SB","type",8
"subtlex_uk",4,11790,"bigram","SC","type",44
"subtlex_uk",4,11790,"bigram","SD","type",9
"subtlex_uk",4,11790,"bigram","SE","type",183
"subtlex_uk",4,11790,"bigram","SF","type",8
"subtlex_uk",4,11790,"bigram","SG","type",3
"subtlex_uk",4,11790,"bigram","SH","type",192
"subtlex_uk",4,11790,"bigram","SI","type",129
"subtlex_uk",4,11790,"bigram","SJ","type",1
"subtlex_uk",4,11790,"bigram","SK","type",60
"subtlex_uk",4,11790,"bigram","SL","type",51
"subtlex_uk",4,11790,"bigram","SM","type",46
"subtlex_uk",4,11790,"bigram","SN","type",49
"subtlex_uk",4,11790,"bigram","SO","type",138
"subtlex_uk",4,11790,"bigram","SP","type",73
"subtlex_uk",4,11790,"bigram","SQ","type",2
"subtlex_uk",4,11790,"bigram","SR","type",14
"subtlex_uk",4,11790,"bigram","SS","type",117
"subtlex_uk",4,11790,"bigram","ST","type",195
"subtlex_uk",4,11790,"bigram","SU","type",92
"subtlex_uk",4,11790,"bigram","SV","type",5
"subtlex_uk",4,11790,"bigram","SW","type",28
"subtlex_uk",4,11790,"bigram","SX","type",0
"subtlex_uk",4,11790,"bigram","SY","type",38
"subtlex_uk",4,11790,"bigram","SZ","type",3
"subtlex_uk",4,11790,"bigram","TA","type",214
"subtlex_uk",4,11790,"bigram","TB","type",0
"subtlex_uk",4,11790,"bigram","TC","type",14
"subtlex_uk",4,11790,"bigram","TD","type",18
"subtlex_uk",4,11790,"bigram","TE","type",189
"subtlex_uk",4,11790,"bigram","TF","type",4
"subtlex_uk",4,11790,"bigram","TG","type",1
"subtlex_uk",4,11790,"bigram","TH","type",179
"subtlex_uk",4,11790,"bigram","TI","type",129
"subtlex_uk",4,11790,"bigram","TJ","type",0
"subtlex_uk",4,11790,"bigram","TK","type",6
"subtlex_uk",4,11790,"bigram","TL","type",6
"subtlex_uk",4,11790,"bigram","TM","type",6
"subtlex_uk",4,11790,"bigram","TN","type",4
"subtlex_uk",4,11790,"bigram","TO","type",210
"subtlex_uk",4,11790,"bigram","TP","type",16
"subtlex_uk",4,11790,"bigram","TQ","type",0
"subtlex_uk",4,11790,"bigram","TR","type",96
"subtlex_uk",4,11790,"bigram","TS","type",137
"subtlex_uk",4,11790,"bigram","TT","type",67
"subtlex_uk",4,11790,"bigram","TU","type",91
"subtlex_uk",4,11790,"bigram","TV","type",13
"subtlex_uk",4,11790,"bigram","TW","type",27
"subtlex_uk",4,11790,"bigram","TX","type",0
"subtlex_uk",4,11790,"bigram","TY","type",55
"subtlex_uk",4,11790,"bigram","TZ","type",25
"subtlex_uk",4,11790,"bigram","UA","type",62
"subtlex_uk",4,11790,"bigram","UB","type",64
"subtlex_uk",4,11790,"bigram","UC","type",53
"subtlex_uk",4,11790,"bigram","UD","type",84
"subtlex_uk",4,11790,"bigram","UE","type",114
"subtlex_uk",4,11790,"bigram","UF","type",58
"subtlex_uk",4,11790,"bigram","UG","type",71
"subtlex_uk",4,11790,"bigram","UH","type",22
"subtlex_uk",4,11790,"bigram","UI","type",39
"subtlex_uk",4,11790,"bigram","UJ","type",13
"subtlex_uk",4,11790,"bigram","UK","type",57
"subtlex_uk",4,11790,"bigram","UL","type",128
"subtlex_uk",4,11790,"bigram","UM","type",115
"subtlex_uk",4,11790,"bigram","UN","type",196
"subtlex_uk",4,11790,"bigram","UO","type",21
"subtlex_uk",4,11790,"bigram","UP","type",67
"subtlex_uk",4,11790,"bigram","UQ","type",2
"subtlex_uk",4,11790,"bigram","UR","type",195
"subtlex_uk",4,11790,"bigram","US","type",176
"subtlex_uk",4,11790,"bigram","UT","type",119
"subtlex_uk",4,11790,"bigram","UU","type",16
"subtlex_uk",4,11790,"bigram","UV","type",14
"subtlex_uk",4,11790,"bigram","UW","type",8
"subtlex_uk",4,11790,"bigram","UX","type",20
"subtlex_uk",4,11790,"bigram","UY","type",9
"subtlex_uk",4,11790,"bigram","UZ","type",22
"subtlex_uk",4,11790,"bigram","VA","type",87
"subtlex_uk",4,11790,"bigram","VB","type",0
"subtlex_uk",4,11790,"bigram","VC","type",6
"subtlex_uk",4,11790,"bigram","VD","type",5
"subtlex_uk",4,11790,"bigram","VE","type",126
"subtlex_uk",4,11790,"bigram","VF","type",0
"subtlex_uk",4,11790,"bigram","VG","type",1
"subtlex_uk",4,11790,"bigram","VH","type",2
"subtlex_uk",4,11790,"bigram","VI","type",99
"subtlex_uk",4,11790,"bigram","VJ","type",0
"subtlex_uk",4,11790,"bigram","VK","type",0
"subtlex_uk",4,11790,"bigram","VL","type",4
"subtlex_uk",4,11790,"bigram","VM","type",1
"subtlex_uk",4,11790,"bigram","VN","type",1
"subtlex_uk",4,11790,"bigram","VO","type",60
"subtlex_uk",4,11790,"bigram","VP","type",2
"subtlex_uk",4,11790,"bigram","VQ","type",2
"subtlex_uk",4,11790,"bigram","VR","type",9
"subtlex_uk",4,11790,"bigram","VS","type",21
"subtlex_uk",4,11790,"bigram","VT","type",4
"subtlex_uk",4,11790,"bigram","VU","type",9
"subtlex_uk",4,11790,"bigram","VV","type",2
"subtlex_uk",4,11790,"bigram","VW","type",0
"subtlex_uk",4,11790,"bigram","VX","type",1
"subtlex_uk",4,11790,"bigram","VY","type",18
"subtlex_uk",4,11790,"bigram","VZ","type",0
"subtlex_uk",4,11790,"bigram","WA","type",163
"subtlex_uk",4,11790,"bigram","WB","type",6
"subtlex_uk",4,11790,"bigram","WC","type",3
"subtlex_uk",4,11790,"bigram","WD","type",12
"subtlex_uk",4,11790,"bigram","WE","type",99
"subtlex_uk",4,11790,"bigram","WF","type",5
"subtlex_uk",4,11790,"bigram","WG","type",2
"subtlex_uk",4,11790,"bigram","WH","type",56
"subtlex_uk",4,11790,"bigram","WI","type",92
"subtlex_uk",4,11790,"bigram","WJ","type",2
"subtlex_uk",4,11790,"bigram","WK","type",8
"subtlex_uk",4,11790,"bigram","WL","type",19
"subtlex_uk",4,11790,"bigram","WM","type",2
"subtlex_uk",4,11790,"bigram","WN","type",23
"subtlex_uk",4,11790,"bigram","WO","type",85
"subtlex_uk",4,11790,"bigram","WP","type",6
"subtlex_uk",4,11790,"bigram","WQ","type",0
"subtlex_uk",4,11790,"bigram","WR","type",45
"subtlex_uk",4,11790,"bigram","WS","type",38
"subtlex_uk",4,11790,"bigram","WT","type",4
"subtlex_uk",4,11790,"bigram","WU","type",22
"subtlex_uk",4,11790,"bigram","WV","type",0
"subtlex_uk",4,11790,"bigram","WW","type",17
"subtlex_uk",4,11790,"bigram","WX","type",1
"subtlex_uk",4,11790,"bigram","WY","type",29
"subtlex_uk",4,11790,"bigram","WZ","type",1
"subtlex_uk",4,11790,"bigram","XA","type",13
"subtlex_uk",4,11790,"bigram","XB","type",2
"subtlex_uk",4,11790,"bigram","XC","type",4
"subtlex_uk",4,11790,"bigram","XD","type",0
"subtlex_uk",4,11790,"bigram","XE","type",23
"subtlex_uk",4,11790,"bigram","XF","type",1
"subtlex_uk",4,11790,"bigram","XG","type",0
"subtlex_uk",4,11790,"bigram","XH","type",0
"subtlex_uk",4,11790,"bigram","XI","type",17
"subtlex_uk",4,11790,"bigram","XJ","type",0
"subtlex_uk",4,11790,"bigram","XK","type",1
"subtlex_uk",4,11790,"bigram","XL","type",3
"subtlex_uk",4,11790,"bigram","XM","type",2
"subtlex_uk",4,11790,"bigram","XN","type",0
"subtlex_uk",4,11790,"bigram","XO","type",12
"subtlex_uk",4,11790,"bigram","XP","type",3
"subtlex_uk",4,11790,"bigram","XQ","type",0
"subtlex_uk",4,11790,"bigram","XR","type",3
"subtlex_uk",4,11790,"bigram","XS","type",11
"subtlex_uk",4,11790,"bigram","XT","type",5
"subtlex_uk",4,11790,"bigram","XU","type",1
"subtlex_uk",4,11790,"bigram","XV","type",0
"subtlex_uk",4,11790,"bigram","XW","type",1
"subtlex_uk",4,11790,"bigram","XX","type",12
"subtlex_uk",4,11790,"bigram","XY","type",17
"subtlex_uk",4,11790,"bigram","XZ","type",0
"subtlex_uk",4,11790,"bigram","YA","type",124
"subtlex_uk",4,11790,"bigram","YB","type",3
"subtlex_uk",4,11790,"bigram","YC","type",10
"subtlex_uk",4,11790,"bigram","YD","type",18
"subtlex_uk",4,11790,"bigram","YE","type",84
"subtlex_uk",4,11790,"bigram","YF","type",5
"subtlex_uk",4,11790,"bigram","YG","type",1
"subtlex_uk",4,11790,"bigram","YH","type",1
"subtlex_uk",4,11790,"bigram","YI","type",33
"subtlex_uk",4,11790,"bigram","YJ","type",1
"subtlex_uk",4,11790,"bigram","YK","type",10
"subtlex_uk",4,11790,"bigram","YL","type",30
"subtlex_uk",4,11790,"bigram","YM","type",13
"subtlex_uk",4,11790,"bigram","YN","type",37
"subtlex_uk",4,11790,"bigram","YO","type",76
"subtlex_uk",4,11790,"bigram","YP","type",10
"subtlex_uk",4,11790,"bigram","YQ","type",0
"subtlex_uk",4,11790,"bigram","YR","type",26
"subtlex_uk",4,11790,"bigram","YS","type",57
"subtlex_uk",4,11790,"bigram","YT","type",12
"subtlex_uk",4,11790,"bigram","YU","type",41
"subtlex_uk",4,11790,"bigram","YV","type",2
"subtlex_uk",4,11790,"bigram","YW","type",2
"subtlex_uk",4,11790,"bigram","YX","type",4
"subtlex_uk",4,11790,"bigram","YY","type",5
"subtlex_uk",4,11790,"bigram","YZ","type",4
"subtlex_uk",4,11790,"bigram","ZA","type",66
"subtlex_uk",4,11790,"bigram","ZB","type",4
"subtlex_uk",4,11790,"bigram","ZC","type",0
"subtlex_uk",4,11790,"bigram","ZD","type",1
"subtlex_uk",4,11790,"bigram","ZE","type",51
"subtlex_uk",4,11790,"bigram","ZF","type",0
"subtlex_uk",4,11790,"bigram","ZG","type",0
"subtlex_uk",4,11790,"bigram","ZH","type",5
"subtlex_uk",4,11790,"bigram","ZI","type",41
"subtlex_uk",4,11790,"bigram","ZJ","type",0
"subtlex_uk",4,11790,"bigram","ZK","type",0
"subtlex_uk",4,11790,"bigram","ZL","type",1
"subtlex_uk",4,11790,"bigram","ZM","type",2
"subtlex_uk",4,11790,"bigram","ZN","type",0
"subtlex_uk",4,11790,"bigram","ZO","type",35
"subtlex_uk",4,11790,"bigram","ZP","type",0
"subtlex_uk",4,11790,"bigram","ZQ","type",0
"subtlex_uk",4,11790,"bigram","ZR","type",2
"subtlex_uk",4,11790,"bigram","ZS","type",4
"subtlex_uk",4,11790,"bigram","ZT","type",1
"subtlex_uk",4,11790,"bigram","ZU","type",15
"subtlex_uk",4,11790,"bigram","ZV","type",1
"subtlex_uk",4,11790,"bigram","ZW","type",3
"subtlex_uk",4,11790,"bigram","ZX","type",2
"subtlex_uk",4,11790,"bigram","ZY","type",15
"subtlex_uk",4,11790,"bigram","ZZ","type",29
"subtlex_uk",5,19318,"bigram","AA","type",183
"subtlex_uk",5,19318,"bigram","AB","type",268
"subtlex_uk",5,19318,"bigram","AC","type",301
"subtlex_uk",5,19318,"bigram","AD","type",386
"subtlex_uk",5,19318,"bigram","AE","type",118
"subtlex_uk",5,19318,"bigram","AF","type",121
"subtlex_uk",5,19318,"bigram","AG","type",256
"subtlex_uk",5,19318,"bigram","AH","type",208
"subtlex_uk",5,19318,"bigram","AI","type",478
"subtlex_uk",5,19318,"bigram","AJ","type",49
"subtlex_uk",5,19318,"bigram","AK","type",223
"subtlex_uk",5,19318,"bigram","AL","type",772
"subtlex_uk",5,19318,"bigram","AM","type",483
"subtlex_uk",5,19318,"bigram","AN","type",1113
"subtlex_uk",5,19318,"bigram","AO","type",49
"subtlex_uk",5,19318,"bigram","AP","type",234
"subtlex_uk",5,19318,"bigram","AQ","type",17
"subtlex_uk",5,19318,"bigram","AR","type",1096
"subtlex_uk",5,19318,"bigram","AS","type",588
"subtlex_uk",5,19318,"bigram","AT","type",533
"subtlex_uk",5,19318,"bigram","AU","type",229
"subtlex_uk",5,19318,"bigram","AV","type",181
"subtlex_uk",5,19318,"bigram","AW","type",137
"subtlex_uk",5,19318,"bigram","AX","type",56
"subtlex_uk",5,19318,"bigram","AY","type",244
"subtlex_uk",5,19318,"bigram","AZ","type",127
"subtlex_uk",5,19318,"bigram","BA","type",443
"subtlex_uk",5,19318,"bigram","BB","type",106
"subtlex_uk",5,19318,"bigram","BC","type",4
"subtlex_uk",5,19318,"bigram","BD","type",13
"subtlex_uk",5,19318,"bigram","BE","type",367
"subtlex_uk",5,19318,"bigram","BF","type",3
"subtlex_uk",5,19318,"bigram","BG","type",49
"subtlex_uk",5,19318,"bigram","BH","type",23
"subtlex_uk",5,19318,"bigram","BI","type",235
"subtlex_uk",5,19318,"bigram","BJ","type",4
"subtlex_uk",5,19318,"bigram","BK","type",1
"subtlex_uk",5,19318,"bigram","BL","type",202
"subtlex_uk",5,19318,"bigram","BM","type",4
"subtlex_uk",5,19318,"bigram","BN","type",2
"subtlex_uk",5,19318,"bigram","BO","type",374
"subtlex_uk",5,19318,"bigram","BP","type",2
"subtlex_uk",5,19318,"bigram","BQ","type",0
"subtlex_uk",5,19318,"bigram","BR","type",217
"subtlex_uk",5,19318,"bigram","BS","type",100
"subtlex_uk",5,19318,"bigram","BT","type",29
"subtlex_uk",5,19318,"bigram","BU","type",171
"subtlex_uk",5,19318,"bigram","BV","type",0
"subtlex_uk",5,19318,"bigram","BW","type",3
"subtlex_uk",5,19318,"bigram","BX","type",0
"subtlex_uk",5,19318,"bigram","BY","type",150
"subtlex_uk",5,19318,"bigram","BZ","type",2
"subtlex_uk",5,19318,"bigram","CA","type",392
"subtlex_uk",5,19318,"bigram","CB","type",2
"subtlex_uk",5,19318,"bigram","CC","type",65
"subtlex_uk",5,19318,"bigram","CD","type",1
"subtlex_uk",5,19318,"bigram","CE","type",231
"subtlex_uk",5,19318,"bigram","CF","type",3
"subtlex_uk",5,19318,"bigram","CG","type",2
"subtlex_uk",5,19318,"bigram","CH","type",560
"subtlex_uk",5,19318,"bigram","CI","type",114
"subtlex_uk",5,19318,"bigram","CJ","type",0
"subtlex_uk",5,19318,"bigram","CK","type",258
"subtlex_uk",5,19318,"bigram","CL","type",142
"subtlex_uk",5,19318,"bigram","CM","type",1
"subtlex_uk",5,19318,"bigram","CN","type",3
"subtlex_uk",5,19318,"bigram","CO","type",402
"subtlex_uk",5,19318,"bigram","CP","type",2
"subtlex_uk",5,19318,"bigram","CQ","type",5
"subtlex_uk",5,19318,"bigram","CR","type",172
"subtlex_uk",5,19318,"bigram","CS","type",29
"subtlex_uk",5,19318,"bigram","CT","type",53
"subtlex_uk",5,19318,"bigram","CU","type",125
"subtlex_uk",5,19318,"bigram","CV","type",4
"subtlex_uk",5,19318,"bigram","CW","type",5
"subtlex_uk",5,19318,"bigram","CX","type",0
"subtlex_uk",5,19318,"bigram","CY","type",66
"subtlex_uk",5,19318,"bigram","CZ","type",4
"subtlex_uk",5,19318,"bigram","DA","type",400
"subtlex_uk",5,19318,"bigram","DB","type",7
"subtlex_uk",5,19318,"bigram","DC","type",0
"subtlex_uk",5,19318,"bigram","DD","type",96
"subtlex_uk",5,19318,"bigram","DE","type",510
"subtlex_uk",5,19318,"bigram","DF","type",2
"subtlex_uk",5,19318,"bigram","DG","type",61
"subtlex_uk",5,19318,"bigram","DH","type",34
"subtlex_uk",5,19318,"bigram","DI","type",343
"subtlex_uk",5,19318,"bigram","DJ","type",11
"subtlex_uk",5,19318,"bigram","DK","type",4
"subtlex_uk",5,19318,"bigram","DL","type",43
"subtlex_uk",5,19318,"bigram","DM","type",5
"subtlex_uk",5,19318,"bigram","DN","type",9
"subtlex_uk",5,19318,"bigram","DO","type",349
"subtlex_uk",5,19318,"bigram","DP","type",3
"subtlex_uk",5,19318,"bigram","DQ","type",0
"subtlex_uk",5,19318,"bigram","DR","type",120
"subtlex_uk",5,19318,"bigram","DS","type",162
"subtlex_uk",5,19318,"bigram","DT","type",17
"subtlex_uk",5,19318,"bigram","DU","type",164
"subtlex_uk",5,19318,"bigram","DV","type",4
"subtlex_uk",5,19318,"bigram","DW","type",14
"subtlex_uk",5,19318,"bigram","DX","type",0
"subtlex_uk",5,19318,"bigram","DY","type",194
"subtlex_uk",5,19318,"bigram","DZ","type",12
"subtlex_uk",5,19318,"bigram","EA","type",407
"subtlex_uk",5,19318,"bigram","EB","type",115
"subtlex_uk",5,19318,"bigram","EC","type",157
"subtlex_uk",5,19318,"bigram","ED","type",637
"subtlex_uk",5,19318,"bigram","EE","type",547
"subtlex_uk",5,19318,"bigram","EF","type",83
"subtlex_uk",5,19318,"bigram","EG","type",138
"subtlex_uk",5,19318,"bigram","EH","type",52
"subtlex_uk",5,19318,"bigram","EI","type",186
"subtlex_uk",5,19318,"bigram","EJ","type",16
"subtlex_uk",5,19318,"bigram","EK","type",100
"subtlex_uk",5,19318,"bigram","EL","type",594
"subtlex_uk",5,19318,"bigram","EM","type",218
"subtlex_uk",5,19318,"bigram","EN","type",767
"subtlex_uk",5,19318,"bigram","EO","type",56
"subtlex_uk",5,19318,"bigram","EP","type",133
"subtlex_uk",5,19318,"bigram","EQ","type",6
"subtlex_uk",5,19318,"bigram","ER","type",1080
"subtlex_uk",5,19318,"bigram","ES","type",829
"subtlex_uk",5,19318,"bigram","ET","type",353
"subtlex_uk",5,19318,"bigram","EU","type",94
"subtlex_uk",5,19318,"bigram","EV","type",126
"subtlex_uk",5,19318,"bigram","EW","type",96
"subtlex_uk",5,19318,"bigram","EX","type",97
"subtlex_uk",5,19318,"bigram","EY","type",323
"subtlex_uk",5,19318,"bigram","EZ","type",60
"subtlex_uk",5,19318,"bigram","FA","type",225
"subtlex_uk",5,19318,"bigram","FB","type",0
"subtlex_uk",5,19318,"bigram","FC","type",1
"subtlex_uk",5,19318,"bigram","FD","type",4
"subtlex_uk",5,19318,"bigram","FE","type",155
"subtlex_uk",5,19318,"bigram","FF","type",166
"subtlex_uk",5,19318,"bigram","FG","type",3
"subtlex_uk",5,19318,"bigram","FH","type",4
"subtlex_uk",5,19318,"bigram","FI","type",190
"subtlex_uk",5,19318,"bigram","FJ","type",1
"subtlex_uk",5,19318,"bigram","FK","type",1
"subtlex_uk",5,19318,"bigram","FL","type",127
"subtlex_uk",5,19318,"bigram","FM","type",2
"subtlex_uk",5,19318,"bigram","FN","type",1
"subtlex_uk",5,19318,"bigram","FO","type",139
"subtlex_uk",5,19318,"bigram","FP","type",29
"subtlex_uk",5,19318,"bigram","FQ","type",0
"subtlex_uk",5,19318,"bigram","FR","type",152
"subtlex_uk",5,19318,"bigram","FS","type",51
"subtlex_uk",5,19318,"bigram","FT","type",71
"subtlex_uk",5,19318,"bigram","FU","type",86
"subtlex_uk",5,19318,"bigram","FV","type",0
"subtlex_uk",5,19318,"bigram","FW","type",3
"subtlex_uk",5,19318,"bigram","FX","type",0
"subtlex_uk",5,19318,"bigram","FY","type",58
"subtlex_uk",5,19318,"bigram","FZ","type",1
"subtlex_uk",5,19318,"bigram","GA","type",331
"subtlex_uk",5,19318,"bigram","GB","type",9
"subtlex_uk",5,19318,"bigram","GC","type",3
"subtlex_uk",5,19318,"bigram","GD","type",7
"subtlex_uk",5,19318,"bigram","GE","type",348
"subtlex_uk",5,19318,"bigram","GF","type",0
"subtlex_uk",5,19318,"bigram","GG","type",136
"subtlex_uk",5,19318,"bigram","GH","type",136
"subtlex_uk",5,19318,"bigram","GI","type",161
"subtlex_uk",5,19318,"bigram","GJ","type",0
"subtlex_uk",5,19318,"bigram","GK","type",0
"subtlex_uk",5,19318,"bigram","GL","type",113
"subtlex_uk",5,19318,"bigram","GM","type",9
"subtlex_uk",5,19318,"bigram","GN","type",38
"subtlex_uk",5,19318,"bigram","GO","type",270
"subtlex_uk",5,19318,"bigram","GP","type",0
"subtlex_uk",5,19318,"bigram","GQ","type",0
"subtlex_uk",5,19318,"bigram","GR","type",171
"subtlex_uk",5,19318,"bigram","GS","type",149
"subtlex_uk",5,19318,"bigram","GT","type",22
"subtlex_uk",5,19318,"bigram","GU","type",126
"subtlex_uk",5,19318,"bigram","GV","type",0
"subtlex_uk",5,19318,"bigram","GW","type",16
"subtlex_uk",5,19318,"bigram","GX","type",0
"subtlex_uk",5,19318,"bigram","GY","type",118
"subtlex_uk",5,19318,"bigram","GZ","type",1
"subtlex_uk",5,19318,"bigram","HA","type",674
"subtlex_uk",5,19318,"bigram","HB","type",1
"subtlex_uk",5,19318,"bigram","HC","type",1
"subtlex_uk",5,19318,"bigram","HD","type",5
"subtlex_uk",5,19318,"bigram","HE","type",453
"subtlex_uk",5,19318,"bigram","HF","type",2
"subtlex_uk",5,19318,"bigram","HG","type",2
"subtlex_uk",5,19318,"bigram","HH","type",73
"subtlex_uk",5,19318,"bigram","HI","type",338
"subtlex_uk",5,19318,"bigram","HJ","type",0
"subtlex_uk",5,19318,"bigram","HK","type",2
"subtlex_uk",5,19318,"bigram","HL","type",18
"subtlex_uk",5,19318,"bigram","HM","type",19
"subtlex_uk",5,19318,"bigram","HN","type",20
"subtlex_uk",5,19318,"bigram","HO","type",411
"subtlex_uk",5,19318,"bigram","HP","type",3
"subtlex_uk",5,19318,"bigram","HQ","type",0
"subtlex_uk",5,19318,"bigram","HR","type",93
"subtlex_uk",5,19318,"bigram","HS","type",51
"subtlex_uk",5,19318,"bigram","HT","type",47
"subtlex_uk",5,19318,"bigram","HU","type",194
"subtlex_uk",5,19318,"bigram","HV","type",2
"subtlex_uk",5,19318,"bigram","HW","type",13
"subtlex_uk",5,19318,"bigram","HX","type",0
"subtlex_uk",5,19318,"bigram","HY","type",105
"subtlex_uk",5,19318,"bigram","HZ","type",0
"subtlex_uk",5,19318,"bigram","IA","type",258
"subtlex_uk",5,19318,"bigram","IB","type",115
"subtlex_uk",5,19318,"bigram","IC","type",321
"subtlex_uk",5,19318,"bigram","ID","type",264
"subtlex_uk",5,19318,"bigram","IE","type",436
"subtlex_uk",5,19318,"bigram","IF","type",112
"subtlex_uk",5,19318,"bigram","IG","type",186
"subtlex_uk",5,19318,"bigram","IH","type",21
"subtlex_uk",5,19318,"bigram","II","type",38
"subtlex_uk",5,19318,"bigram","IJ","type",23
"subtlex_uk",5,19318,"bigram","IK","type",120
"subtlex_uk",5,19318,"bigram","IL","type",438
"subtlex_uk",5,19318,"bigram","IM","type",251
"subtlex_uk",5,19318,"bigram","IN","type",1063
"subtlex_uk",5,19318,"bigram","IO","type",137
"subtlex_uk",5,19318,"bigram","IP","type",126
"subtlex_uk",5,19318,"bigram","IQ","type",10
"subtlex_uk",5,19318,"bigram","IR","type",321
"subtlex_uk",5,19318,"bigram","IS","type",504
"subtlex_uk",5,19318,"bigram","IT","type",401
"subtlex_uk",5,19318,"bigram","IU","type",19
"subtlex_uk",5,19318,"bigram","IV","type",112
"subtlex_uk",5,19318,"bigram","IW","type",8
"subtlex_uk",5,19318,"bigram","IX","type",60
"subtlex_uk",5,19318,"bigram","IY","type",17
"subtlex_uk",5,19318,"bigram","IZ","type",77
"subtlex_uk",5,19318,"bigram","JA","type",191
"subtlex_uk",5,19318,"bigram","JB","type",0
"subtlex_uk",5,19318,"bigram","JC","type",0
"subtlex_uk",5,19318,"bigram","JD","type",2
"subtlex_uk",5,19318,"bigram","JE","type",85
"subtlex_uk",5,19318,"bigram","JF","type",0
"subtlex_uk",5,19318,"bigram","JG","type",0
"subtlex_uk",5,19318,"bigram","JH","type",2
"subtlex_uk",5,19318,"bigram","JI","type",75
"subtlex_uk",5,19318,"bigram","JJ","type",1
"subtlex_uk",5,19318,"bigram","JK","type",1
"subtlex_uk",5,19318,"bigram","JL","type",2
"subtlex_uk",5,19318,"bigram","JM","type",1
"subtlex_uk",5,19318,"bigram","JN","type",0
"subtlex_uk",5,19318,"bigram","JO","type",125
"subtlex_uk",5,19318,"bigram","JP","type",1
"subtlex_uk",5,19318,"bigram","JQ","type",0
"subtlex_uk",5,19318,"bigram","JR","type",3
"subtlex_uk",5,19318,"bigram","JS","type",0
"subtlex_uk",5,19318,"bigram","JT","type",0
"subtlex_uk",5,19318,"bigram","JU","type",83
"subtlex_uk",5,19318,"bigram","JV","type",0
"subtlex_uk",5,19318,"bigram","JW","type",1
"subtlex_uk",5,19318,"bigram","JX","type",0
"subtlex_uk",5,19318,"bigram","JY","type",2
"subtlex_uk",5,19318,"bigram","JZ","type",0
"subtlex_uk",5,19318,"bigram","KA","type",326
"subtlex_uk",5,19318,"bigram","KB","type",2
"subtlex_uk",5,19318,"bigram","KC","type",0
"subtlex_uk",5,19318,"bigram","KD","type",0
"subtlex_uk",5,19318,"bigram","KE","type",353
"subtlex_uk",5,19318,"bigram","KF","type",2
"subtlex_uk",5,19318,"bigram","KG","type",0
"subtlex_uk",5,19318,"bigram","KH","type",31
"subtlex_uk",5,19318,"bigram","KI","type",211
"subtlex_uk",5,19318,"bigram","KJ","type",2
"subtlex_uk",5,19318,"bigram","KK","type",35
"subtlex_uk",5,19318,"bigram","KL","type",31
"subtlex_uk",5,19318,"bigram","KM","type",5
"subtlex_uk",5,19318,"bigram","KN","type",37
"subtlex_uk",5,19318,"bigram","KO","type",180
"subtlex_uk",5,19318,"bigram","KP","type",19
"subtlex_uk",5,19318,"bigram","KQ","type",0
"subtlex_uk",5,19318,"bigram","KR","type",64
"subtlex_uk",5,19318,"bigram","KS","type",196
"subtlex_uk",5,19318,"bigram","KT","type",6
"subtlex_uk",5,19318,"bigram","KU","type",71
"subtlex_uk",5,19318,"bigram","KV","type",1
"subtlex_uk",5,19318,"bigram","KW","type",14
"subtlex_uk",5,19318,"bigram","KX","type",0
"subtlex_uk",5,19318,"bigram","KY","type",173
"subtlex_uk",5,19318,"bigram","KZ","type",0
"subtlex_uk",5,19318,"bigram","LA","type",722
"subtlex_uk",5,19318,"bigram","LB","type",30
"subtlex_uk",5,19318,"bigram","LC","type",26
"subtlex_uk",5,19318,"bigram","LD","type",122
"subtlex_uk",5,19318,"bigram","LE","type",754
"subtlex_uk",5,19318,"bigram","LF","type",46
"subtlex_uk",5,19318,"bigram","LG","type",38
"subtlex_uk",5,19318,"bigram","LH","type",9
"subtlex_uk",5,19318,"bigram","LI","type",494
"subtlex_uk",5,19318,"bigram","LJ","type",0
"subtlex_uk",5,19318,"bigram","LK","type",62
"subtlex_uk",5,19318,"bigram","LL","type",410
"subtlex_uk",5,19318,"bigram","LM","type",48
"subtlex_uk",5,19318,"bigram","LN","type",8
"subtlex_uk",5,19318,"bigram","LO","type",467
"subtlex_uk",5,19318,"bigram","LP","type",31
"subtlex_uk",5,19318,"bigram","LQ","type",0
"subtlex_uk",5,19318,"bigram","LR","type",9
"subtlex_uk",5,19318,"bigram","LS","type",188
"subtlex_uk",5,19318,"bigram","LT","type",162
"subtlex_uk",5,19318,"bigram","LU","type",225
"subtlex_uk",5,19318,"bigram","LV","type",35
"subtlex_uk",5,19318,"bigram","LW","type",20
"subtlex_uk",5,19318,"bigram","LX","type",0
"subtlex_uk",5,19318,"bigram","LY","type",306
"subtlex_uk",5,19318,"bigram","LZ","type",6
"subtlex_uk",5,19318,"bigram","MA","type",680
"subtlex_uk",5,19318,"bigram","MB","type",109
"subtlex_uk",5,19318,"bigram","MC","type",32
"subtlex_uk",5,19318,"bigram","MD","type",12
"subtlex_uk",5,19318,"bigram","ME","type",447
"subtlex_uk",5,19318,"bigram","MF","type",8
"subtlex_uk",5,19318,"bigram","MG","type",0
"subtlex_uk",5,19318,"bigram","MH","type",12
"subtlex_uk",5,19318,"bigram","MI","type",341
"subtlex_uk",5,19318,"bigram","MJ","type",3
"subtlex_uk",5,19318,"bigram","MK","type",2
"subtlex_uk",5,19318,"bigram","ML","type",17
"subtlex_uk",5,19318,"bigram","MM","type",147
"subtlex_uk",5,19318,"bigram","MN","type",9
"subtlex_uk",5,19318,"bigram","MO","type",334
"subtlex_uk",5,19318,"bigram","MP","type",145
"subtlex_uk",5,19318,"bigram","MQ","type",1
"subtlex_uk",5,19318,"bigram","MR","type",20
"subtlex_uk",5,19318,"bigram","MS","type",117
"subtlex_uk",5,19318,"bigram","MT","type",10
"subtlex_uk",5,19318,"bigram","MU","type",154
"subtlex_uk",5,19318,"bigram","MV","type",1
"subtlex_uk",5,19318,"bigram","MW","type",8
"subtlex_uk",5,19318,"bigram","MX","type",1
"subtlex_uk",5,19318,"bigram","MY","type",110
"subtlex_uk",5,19318,"bigram","MZ","type",7
"subtlex_uk",5,19318,"bigram","NA","type",492
"subtlex_uk",5,19318,"bigram","NB","type",12
"subtlex_uk",5,19318,"bigram","NC","type",125
"subtlex_uk",5,19318,"bigram","ND","type",310
"subtlex_uk",5,19318,"bigram","NE","type",577
"subtlex_uk",5,19318,"bigram","NF","type",17
"subtlex_uk",5,19318,"bigram","NG","type",428
"subtlex_uk",5,19318,"bigram","NH","type",17
"subtlex_uk",5,19318,"bigram","NI","type",353
"subtlex_uk",5,19318,"bigram","NJ","type",30
"subtlex_uk",5,19318,"bigram","NK","type",187
"subtlex_uk",5,19318,"bigram","NL","type",29
"subtlex_uk",5,19318,"bigram","NM","type",5
"subtlex_uk",5,19318,"bigram","NN","type",220
"subtlex_uk",5,19318,"bigram","NO","type",302
"subtlex_uk",5,19318,"bigram","NP","type",4
"subtlex_uk",5,19318,"bigram","NQ","type",0
"subtlex_uk",5,19318,"bigram","NR","type",13
"subtlex_uk",5,19318,"bigram","NS","type",259
"subtlex_uk",5,19318,"bigram","NT","type",309
"subtlex_uk",5,19318,"bigram","NU","type",85
"subtlex_uk",5,19318,"bigram","NV","type",10
"subtlex_uk",5,19318,"bigram","NW","type",11
"subtlex_uk",5,19318,"bigram","NX","type",5
"subtlex_uk",5,19318,"bigram","NY","type",184
"subtlex_uk",5,19318,"bigram","NZ","type",39
"subtlex_uk",5,19318,"bigram","OA","type",142
"subtlex_uk",5,19318,"bigram","OB","type",165
"subtlex_uk",5,19318,"bigram","OC","type",144
"subtlex_uk",5,19318,"bigram","OD","type",187
"subtlex_uk",5,19318,"bigram","OE","type",110
"subtlex_uk",5,19318,"bigram","OF","type",120
"subtlex_uk",5,19318,"bigram","OG","type",145
"subtlex_uk",5,19318,"bigram","OH","type",75
"subtlex_uk",5,19318,"bigram","OI","type",184
"subtlex_uk",5,19318,"bigram","OJ","type",14
"subtlex_uk",5,19318,"bigram","OK","type",131
"subtlex_uk",5,19318,"bigram","OL","type",370
"subtlex_uk",5,19318,"bigram","OM","type",241
"subtlex_uk",5,19318,"bigram","ON","type",709
"subtlex_uk",5,19318,"bigram","OO","type",556
"subtlex_uk",5,19318,"bigram","OP","type",191
"subtlex_uk",5,19318,"bigram","OQ","type",4
"subtlex_uk",5,19318,"bigram","OR","type",648
"subtlex_uk",5,19318,"bigram","OS","type",383
"subtlex_uk",5,19318,"bigram","OT","type",307
"subtlex_uk",5,19318,"bigram","OU","type",340
"subtlex_uk",5,19318,"bigram","OV","type",111
"subtlex_uk",5,19318,"bigram","OW","type",227
"subtlex_uk",5,19318,"bigram","OX","type",53
"subtlex_uk",5,19318,"bigram","OY","type",91
"subtlex_uk",5,19318,"bigram","OZ","type",47
"subtlex_uk",5,19318,"bigram","PA","type",367
"subtlex_uk",5,19318,"bigram","PB","type",59
"subtlex_uk",5,19318,"bigram","PC","type",11
"subtlex_uk",5,19318,"bigram","PD","type",4
"subtlex_uk",5,19318,"bigram","PE","type",361
"subtlex_uk",5,19318,"bigram","PF","type",13
"subtlex_uk",5,19318,"bigram","PG","type",5
"subtlex_uk",5,19318,"bigram","PH","type",99
"subtlex_uk",5,19318,"bigram","PI","type",214
"subtlex_uk",5,19318,"bigram","PJ","type",1
"subtlex_uk",5,19318,"bigram","PK","type",1
"subtlex_uk",5,19318,"bigram","PL","type",147
"subtlex_uk",5,19318,"bigram","PM","type",6
"subtlex_uk",5,19318,"bigram","PN","type",4
"subtlex_uk",5,19318,"bigram","PO","type",257
"subtlex_uk",5,19318,"bigram","PP","type",123
"subtlex_uk",5,19318,"bigram","PQ","type",0
"subtlex_uk",5,19318,"bigram","PR","type",184
"subtlex_uk",5,19318,"bigram","PS","type",171
"subtlex_uk",5,19318,"bigram","PT","type",53
"subtlex_uk",5,19318,"bigram","PU","type",135
"subtlex_uk",5,19318,"bigram","PV","type",0
"subtlex_uk",5,19318,"bigram","PW","type",25
"subtlex_uk",5,19318,"bigram","PX","type",0
"subtlex_uk",5,19318,"bigram","PY","type",112
"subtlex_uk",5,19318,"bigram","PZ","type",3
"subtlex_uk",5,19318,"bigram","QA","type",18
"subtlex_uk",5,19318,"bigram","QB","type",2
"subtlex_uk",5,19318,"bigram","QC","type",0
"subtlex_uk",5,19318,"bigram","QD","type",0
"subtlex_uk",5,19318,"bigram","QE","type",0
"subtlex_uk",5,19318,"bigram","QF","type",0
"subtlex_uk",5,19318,"bigram","QG","type",0
"subtlex_uk",5,19318,"bigram","QH","type",0
"subtlex_uk",5,19318,"bigram","QI","type",5
"subtlex_uk",5,19318,"bigram","QJ","type",0
"subtlex_uk",5,19318,"bigram","QK","type",0
"subtlex_uk",5,19318,"bigram","QL","type",0
"subtlex_uk",5,19318,"bigram","QM","type",0
"subtlex_uk",5,19318,"bigram","QN","type",0
"subtlex_uk",5,19318,"bigram","QO","type",1
"subtlex_uk",5,19318,"bigram","QP","type",0
"subtlex_uk",5,19318,"bigram","QQ","type",0
"subtlex_uk",5,19318,"bigram","QR","type",0
"subtlex_uk",5,19318,"bigram","QS","type",4
"subtlex_uk",5,19318,"bigram","QT","type",1
"subtlex_uk",5,19318,"bigram","QU","type",116
"subtlex_uk",5,19318,"bigram","QV","type",0
"subtlex_uk",5,19318,"bigram","QW","type",1
"subtlex_uk",5,19318,"bigram","QX","type",0
"subtlex_uk",5,19318,"bigram","QY","type",0
"subtlex_uk",5,19318,"bigram","QZ","type",0
"subtlex_uk",5,19318,"bigram","RA","type",876
"subtlex_uk",5,19318,"bigram","RB","type",80
"subtlex_uk",5,19318,"bigram","RC","type",70
"subtlex_uk",5,19318,"bigram","RD","type",152
"subtlex_uk",5,19318,"bigram","RE","type",819
"subtlex_uk",5,19318,"bigram","RF","type",20
"subtlex_uk",5,19318,"bigram","RG","type",127
"subtlex_uk",5,19318,"bigram","RH","type",32
"subtlex_uk",5,19318,"bigram","RI","type",623
"subtlex_uk",5,19318,"bigram","RJ","type",9
"subtlex_uk",5,19318,"bigram","RK","type",123
"subtlex_uk",5,19318,"bigram","RL","type",93
"subtlex_uk",5,19318,"bigram","RM","type",108
"subtlex_uk",5,19318,"bigram","RN","type",145
"subtlex_uk",5,19318,"bigram","RO","type",627
"subtlex_uk",5,19318,"bigram","RP","type",64
"subtlex_uk",5,19318,"bigram","RQ","type",2
"subtlex_uk",5,19318,"bigram","RR","type",239
"subtlex_uk",5,19318,"bigram","RS","type",224
"subtlex_uk",5,19318,"bigram","RT","type",229
"subtlex_uk",5,19318,"bigram","RU","type",271
"subtlex_uk",5,19318,"bigram","RV","type",35
"subtlex_uk",5,19318,"bigram","RW","type",10
"subtlex_uk",5,19318,"bigram","RX","type",0
"subtlex_uk",5,19318,"bigram","RY","type",212
"subtlex_uk",5,19318,"bigram","RZ","type",13
"subtlex_uk",5,19318,"bigram","SA","type",435
"subtlex_uk",5,19318,"bigram","SB","type",10
"subtlex_uk",5,19318,"bigram","SC","type",146
"subtlex_uk",5,19318,"bigram","SD","type",4
"subtlex_uk",5,19318,"bigram","SE","type",504
"subtlex_uk",5,19318,"bigram","SF","type",0
"subtlex_uk",5,19318,"bigram","SG","type",6
"subtlex_uk",5,19318,"bigram","SH","type",447
"subtlex_uk",5,19318,"bigram","SI","type",286
"subtlex_uk",5,19318,"bigram","SJ","type",0
"subtlex_uk",5,19318,"bigram","SK","type",134
"subtlex_uk",5,19318,"bigram","SL","type",95
"subtlex_uk",5,19318,"bigram","SM","type",73
"subtlex_uk",5,19318,"bigram","SN","type",75
"subtlex_uk",5,19318,"bigram","SO","type",256
"subtlex_uk",5,19318,"bigram","SP","type",181
"subtlex_uk",5,19318,"bigram","SQ","type",15
"subtlex_uk",5,19318,"bigram","SR","type",14
"subtlex_uk",5,19318,"bigram","SS","type",270
"subtlex_uk",5,19318,"bigram","ST","type",595
"subtlex_uk",5,19318,"bigram","SU","type",126
"subtlex_uk",5,19318,"bigram","SV","type",5
"subtlex_uk",5,19318,"bigram","SW","type",78
"subtlex_uk",5,19318,"bigram","SX","type",0
"subtlex_uk",5,19318,"bigram","SY","type",133
"subtlex_uk",5,19318,"bigram","SZ","type",8
"subtlex_uk",5,19318,"bigram","TA","type",535
"subtlex_uk",5,19318,"bigram","TB","type",2
"subtlex_uk",5,19318,"bigram","TC","type",54
"subtlex_uk",5,19318,"bigram","TD","type",17
"subtlex_uk",5,19318,"bigram","TE","type",553
"subtlex_uk",5,19318,"bigram","TF","type",1
"subtlex_uk",5,19318,"bigram","TG","type",0
"subtlex_uk",5,19318,"bigram","TH","type",448
"subtlex_uk",5,19318,"bigram","TI","type",335
"subtlex_uk",5,19318,"bigram","TJ","type",0
"subtlex_uk",5,19318,"bigram","TK","type",25
"subtlex_uk",5,19318,"bigram","TL","type",39
"subtlex_uk",5,19318,"bigram","TM","type",8
"subtlex_uk",5,19318,"bigram","TN","type",5
"subtlex_uk",5,19318,"bigram","TO","type",448
"subtlex_uk",5,19318,"bigram","TP","type",23
"subtlex_uk",5,19318,"bigram","TQ","type",0
"subtlex_uk",5,19318,"bigram","TR","type",259
"subtlex_uk",5,19318,"bigram","TS","type",380
"subtlex_uk",5,19318,"bigram","TT","type",226
"subtlex_uk",5,19318,"bigram","TU","type",178
"subtlex_uk",5,19318,"bigram","TV","type",2
"subtlex_uk",5,19318,"bigram","TW","type",51
"subtlex_uk",5,19318,"bigram","TX","type",0
"subtlex_uk",5,19318,"bigram","TY","type",265
"subtlex_uk",5,19318,"bigram","TZ","type",48
"subtlex_uk",5,19318,"bigram","UA","type",86
"subtlex_uk",5,19318,"bigram","UB","type",124
"subtlex_uk",5,19318,"bigram","UC","type",124
"subtlex_uk",5,19318,"bigram","UD","type",130
"subtlex_uk",5,19318,"bigram","UE","type",190
"subtlex_uk",5,19318,"bigram","UF","type",75
"subtlex_uk",5,19318,"bigram","UG","type",121
"subtlex_uk",5,19318,"bigram","UH","type",19
"subtlex_uk",5,19318,"bigram","UI","type",105
"subtlex_uk",5,19318,"bigram","UJ","type",23
"subtlex_uk",5,19318,"bigram","UK","type",65
"subtlex_uk",5,19318,"bigram","UL","type",231
"subtlex_uk",5,19318,"bigram","UM","type",236
"subtlex_uk",5,19318,"bigram","UN","type",381
"subtlex_uk",5,19318,"bigram","UO","type",32
"subtlex_uk",5,19318,"bigram","UP","type",105
"subtlex_uk",5,19318,"bigram","UQ","type",2
"subtlex_uk",5,19318,"bigram","UR","type",402
"subtlex_uk",5,19318,"bigram","US","type",335
"subtlex_uk",5,19318,"bigram","UT","type",236
"subtlex_uk",5,19318,"bigram","UU","type",28
"subtlex_uk",5,19318,"bigram","UV","type",20
"subtlex_uk",5,19318,"bigram","UW","type",4
"subtlex_uk",5,19318,"bigram","UX","type",21
"subtlex_uk",5,19318,"bigram","UY","type",15
"subtlex_uk",5,19318,"bigram","UZ","type",36
"subtlex_uk",5,19318,"bigram","VA","type",172
"subtlex_uk",5,19318,"bigram","VB","type",0
"subtlex_uk",5,19318,"bigram","VC","type",0
"subtlex_uk",5,19318,"bigram","VD","type",1
"subtlex_uk",5,19318,"bigram","VE","type",385
"subtlex_uk",5,19318,"bigram","VF","type",1
"subtlex_uk",5,19318,"bigram","VG","type",0
"subtlex_uk",5,19318,"bigram","VH","type",0
"subtlex_uk",5,19318,"bigram","VI","type",224
"subtlex_uk",5,19318,"bigram","VJ","type",0
"subtlex_uk",5,19318,"bigram","VK","type",1
"subtlex_uk",5,19318,"bigram","VL","type",1
"subtlex_uk",5,19318,"bigram","VM","type",1
"subtlex_uk",5,19318,"bigram","VN","type",0
"subtlex_uk",5,19318,"bigram","VO","type",102
"subtlex_uk",5,19318,"bigram","VP","type",2
"subtlex_uk",5,19318,"bigram","VQ","type",0
"subtlex_uk",5,19318,"bigram","VR","type",13
"subtlex_uk",5,19318,"bigram","VS","type",9
"subtlex_uk",5,19318,"bigram","VT","type",1
"subtlex_uk",5,19318,"bigram","VU","type",12
"subtlex_uk",5,19318,"bigram","VV","type",14
"subtlex_uk",5,19318,"bigram","VW","type",1
"subtlex_uk",5,19318,"bigram","VX","type",0
"subtlex_uk",5,19318,"bigram","VY","type",39
"subtlex_uk",5,19318,"bigram","VZ","type",0
"subtlex_uk",5,19318,"bigram","WA","type",303
"subtlex_uk",5,19318,"bigram","WB","type",2
"subtlex_uk",5,19318,"bigram","WC","type",3
"subtlex_uk",5,19318,"bigram","WD","type",10
"subtlex_uk",5,19318,"bigram","WE","type",231
"subtlex_uk",5,19318,"bigram","WF","type",5
"subtlex_uk",5,19318,"bigram","WG","type",0
"subtlex_uk",5,19318,"bigram","WH","type",112
"subtlex_uk",5,19318,"bigram","WI","type",202
"subtlex_uk",5,19318,"bigram","WJ","type",0
"subtlex_uk",5,19318,"bigram","WK","type",7
"subtlex_uk",5,19318,"bigram","WL","type",34
"subtlex_uk",5,19318,"bigram","WM","type",4
"subtlex_uk",5,19318,"bigram","WN","type",42
"subtlex_uk",5,19318,"bigram","WO","type",148
"subtlex_uk",5,19318,"bigram","WP","type",5
"subtlex_uk",5,19318,"bigram","WQ","type",0
"subtlex_uk",5,19318,"bigram","WR","type",50
"subtlex_uk",5,19318,"bigram","WS","type",51
"subtlex_uk",5,19318,"bigram","WT","type",10
"subtlex_uk",5,19318,"bigram","WU","type",29
"subtlex_uk",5,19318,"bigram","WV","type",0
"subtlex_uk",5,19318,"bigram","WW","type",29
"subtlex_uk",5,19318,"bigram","WX","type",0
"subtlex_uk",5,19318,"bigram","WY","type",52
"subtlex_uk",5,19318,"bigram","WZ","type",3
"subtlex_uk",5,19318,"bigram","XA","type",12
"subtlex_uk",5,19318,"bigram","XB","type",4
"subtlex_uk",5,19318,"bigram","XC","type",2
"subtlex_uk",5,19318,"bigram","XD","type",1
"subtlex_uk",5,19318,"bigram","XE","type",57
"subtlex_uk",5,19318,"bigram","XF","type",2
"subtlex_uk",5,19318,"bigram","XG","type",0
"subtlex_uk",5,19318,"bigram","XH","type",3
"subtlex_uk",5,19318,"bigram","XI","type",45
"subtlex_uk",5,19318,"bigram","XJ","type",1
"subtlex_uk",5,19318,"bigram","XK","type",4
"subtlex_uk",5,19318,"bigram","XL","type",7
"subtlex_uk",5,19318,"bigram","XM","type",0
"subtlex_uk",5,19318,"bigram","XN","type",2
"subtlex_uk",5,19318,"bigram","XO","type",18
"subtlex_uk",5,19318,"bigram","XP","type",8
"subtlex_uk",5,19318,"bigram","XQ","type",0
"subtlex_uk",5,19318,"bigram","XR","type",1
"subtlex_uk",5,19318,"bigram","XS","type",7
"subtlex_uk",5,19318,"bigram","XT","type",20
"subtlex_uk",5,19318,"bigram","XU","type",8
"subtlex_uk",5,19318,"bigram","XV","type",1
"subtlex_uk",5,19318,"bigram","XW","type",0
"subtlex_uk",5,19318,"bigram","XX","type",4
"subtlex_uk",5,19318,"bigram","XY","type",12
"subtlex_uk",5,19318,"bigram","XZ","type",0
"subtlex_uk",5,19318,"bigram","YA","type",191
"subtlex_uk",5,19318,"bigram","YB","type",14
"subtlex_uk",5,19318,"bigram","YC","type",26
"subtlex_uk",5,19318,"bigram","YD","type",37
"subtlex_uk",5,19318,"bigram","YE","type",161
"subtlex_uk",5,19318,"bigram","YF","type",9
"subtlex_uk",5,19318,"bigram","YG","type",6
"subtlex_uk",5,19318,"bigram","YH","type",1
"subtlex_uk",5,19318,"bigram","YI","type",31
"subtlex_uk",5,19318,"bigram","YJ","type",0
"subtlex_uk",5,19318,"bigram","YK","type",11
"subtlex_uk",5,19318,"bigram","YL","type",87
"subtlex_uk",5,19318,"bigram","YM","type",30
"subtlex_uk",5,19318,"bigram","YN","type",91
"subtlex_uk",5,19318,"bigram","YO","type",112
"subtlex_uk",5,19318,"bigram","YP","type",25
"subtlex_uk",5,19318,"bigram","YQ","type",1
"subtlex_uk",5,19318,"bigram","YR","type",61
"subtlex_uk",5,19318,"bigram","YS","type",108
"subtlex_uk",5,19318,"bigram","YT","type",35
"subtlex_uk",5,19318,"bigram","YU","type",41
"subtlex_uk",5,19318,"bigram","YV","type",2
"subtlex_uk",5,19318,"bigram","YW","type",9
"subtlex_uk",5,19318,"bigram","YX","type",3
"subtlex_uk",5,19318,"bigram","YY","type",16
"subtlex_uk",5,19318,"bigram","YZ","type",1
"subtlex_uk",5,19318,"bigram","ZA","type",140
"subtlex_uk",5,19318,"bigram","ZB","type",3
"subtlex_uk",5,19318,"bigram","ZC","type",2
"subtlex_uk",5,19318,"bigram","ZD","type",2
"subtlex_uk",5,19318,"bigram","ZE","type",108
"subtlex_uk",5,19318,"bigram","ZF","type",0
"subtlex_uk",5,19318,"bigram","ZG","type",0
"subtlex_uk",5,19318,"bigram","ZH","type",10
"subtlex_uk",5,19318,"bigram","ZI","type",73
"subtlex_uk",5,19318,"bigram","ZJ","type",0
"subtlex_uk",5,19318,"bigram","ZK","type",1
"subtlex_uk",5,19318,"bigram","ZL","type",6
"subtlex_uk",5,19318,"bigram","ZM","type",6
"subtlex_uk",5,19318,"bigram","ZN","type",2
"subtlex_uk",5,19318,"bigram","ZO","type",65
"subtlex_uk",5,19318,"bigram","ZP","type",1
"subtlex_uk",5,19318,"bigram","ZQ","type",0
"subtlex_uk",5,19318,"bigram","ZR","type",2
"subtlex_uk",5,19318,"bigram","ZS","type",3
"subtlex_uk",5,19318,"bigram","ZT","type",5
"subtlex_uk",5,19318,"bigram","ZU","type",21
"subtlex_uk",5,19318,"bigram","ZV","type",1
"subtlex_uk",5,19318,"bigram","ZW","type",3
"subtlex_uk",5,19318,"bigram","ZX","type",0
"subtlex_uk",5,19318,"bigram","ZY","type",46
"subtlex_uk",5,19318,"bigram","ZZ","type",92
"subtlex_uk",6,24674,"bigram","AA","type",248
"subtlex_uk",6,24674,"bigram","AB","type",301
"subtlex_uk",6,24674,"bigram","AC","type",470
"subtlex_uk",6,24674,"bigram","AD","type",520
"subtlex_uk",6,24674,"bigram","AE","type",125
"subtlex_uk",6,24674,"bigram","AF","type",156
"subtlex_uk",6,24674,"bigram","AG","type",371
"subtlex_uk",6,24674,"bigram","AH","type",250
"subtlex_uk",6,24674,"bigram","AI","type",565
"subtlex_uk",6,24674,"bigram","AJ","type",52
"subtlex_uk",6,24674,"bigram","AK","type",266
"subtlex_uk",6,24674,"bigram","AL","type",1199
"subtlex_uk",6,24674,"bigram","AM","type",744
"subtlex_uk",6,24674,"bigram","AN","type",1990
"subtlex_uk",6,24674,"bigram","AO","type",56
"subtlex_uk",6,24674,"bigram","AP","type",280
"subtlex_uk",6,24674,"bigram","AQ","type",22
"subtlex_uk",6,24674,"bigram","AR","type",1784
"subtlex_uk",6,24674,"bigram","AS","type",886
"subtlex_uk",6,24674,"bigram","AT","type",811
"subtlex_uk",6,24674,"bigram","AU","type",314
"subtlex_uk",6,24674,"bigram","AV","type",271
"subtlex_uk",6,24674,"bigram","AW","type",180
"subtlex_uk",6,24674,"bigram","AX","type",64
"subtlex_uk",6,24674,"bigram","AY","type",364
"subtlex_uk",6,24674,"bigram","AZ","type",152
"subtlex_uk",6,24674,"bigram","BA","type",588
"subtlex_uk",6,24674,"bigram","BB","type",192
"subtlex_uk",6,24674,"bigram","BC","type",4
"subtlex_uk",6,24674,"bigram","BD","type",17
"subtlex_uk",6,24674,"bigram","BE","type",642
"subtlex_uk",6,24674,"bigram","BF","type",4
"subtlex_uk",6,24674,"bigram","BG","type",65
"subtlex_uk",6,24674,"bigram","BH","type",29
"subtlex_uk",6,24674,"bigram","BI","type",390
"subtlex_uk",6,24674,"bigram","BJ","type",7
"subtlex_uk",6,24674,"bigram","BK","type",1
"subtlex_uk",6,24674,"bigram","BL","type",380
"subtlex_uk",6,24674,"bigram","BM","type",4
"subtlex_uk",6,24674,"bigram","BN","type",7
"subtlex_uk",6,24674,"bigram","BO","type",507
"subtlex_uk",6,24674,"bigram","BP","type",0
"subtlex_uk",6,24674,"bigram","BQ","type",0
"subtlex_uk",6,24674,"bigram","BR","type",326
"subtlex_uk",6,24674,"bigram","BS","type",65
"subtlex_uk",6,24674,"bigram","BT","type",23
"subtlex_uk",6,24674,"bigram","BU","type",308
"subtlex_uk",6,24674,"bigram","BV","type",0
"subtlex_uk",6,24674,"bigram","BW","type",11
"subtlex_uk",6,24674,"bigram","BX","type",0
"subtlex_uk",6,24674,"bigram","BY","type",125
"subtlex_uk",6,24674,"bigram","BZ","type",2
"subtlex_uk",6,24674,"bigram","CA","type",666
"subtlex_uk",6,24674,"bigram","CB","type",4
"subtlex_uk",6,24674,"bigram","CC","type",82
"subtlex_uk",6,24674,"bigram","CD","type",5
"subtlex_uk",6,24674,"bigram","CE","type",371
"subtlex_uk",6,24674,"bigram","CF","type",3
"subtlex_uk",6,24674,"bigram","CG","type",10
"subtlex_uk",6,24674,"bigram","CH","type",838
"subtlex_uk",6,24674,"bigram","CI","type",202
"subtlex_uk",6,24674,"bigram","CJ","type",0
"subtlex_uk",6,24674,"bigram","CK","type",452
"subtlex_uk",6,24674,"bigram","CL","type",201
"subtlex_uk",6,24674,"bigram","CM","type",6
"subtlex_uk",6,24674,"bigram","CN","type",10
"subtlex_uk",6,24674,"bigram","CO","type",709
"subtlex_uk",6,24674,"bigram","CP","type",3
"subtlex_uk",6,24674,"bigram","CQ","type",5
"subtlex_uk",6,24674,"bigram","CR","type",259
"subtlex_uk",6,24674,"bigram","CS","type",48
"subtlex_uk",6,24674,"bigram","CT","type",129
"subtlex_uk",6,24674,"bigram","CU","type",215
"subtlex_uk",6,24674,"bigram","CV","type",0
"subtlex_uk",6,24674,"bigram","CW","type",6
"subtlex_uk",6,24674,"bigram","CX","type",0
"subtlex_uk",6,24674,"bigram","CY","type",62
"subtlex_uk",6,24674,"bigram","CZ","type",5
"subtlex_uk",6,24674,"bigram","DA","type",498
"subtlex_uk",6,24674,"bigram","DB","type",14
"subtlex_uk",6,24674,"bigram","DC","type",9
"subtlex_uk",6,24674,"bigram","DD","type",239
"subtlex_uk",6,24674,"bigram","DE","type",1005
"subtlex_uk",6,24674,"bigram","DF","type",10
"subtlex_uk",6,24674,"bigram","DG","type",112
"subtlex_uk",6,24674,"bigram","DH","type",43
"subtlex_uk",6,24674,"bigram","DI","type",587
"subtlex_uk",6,24674,"bigram","DJ","type",13
"subtlex_uk",6,24674,"bigram","DK","type",3
"subtlex_uk",6,24674,"bigram","DL","type",184
"subtlex_uk",6,24674,"bigram","DM","type",31
"subtlex_uk",6,24674,"bigram","DN","type",26
"subtlex_uk",6,24674,"bigram","DO","type",487
"subtlex_uk",6,24674,"bigram","DP","type",1
"subtlex_uk",6,24674,"bigram","DQ","type",0
"subtlex_uk",6,24674,"bigram","DR","type",205
"subtlex_uk",6,24674,"bigram","DS","type",150
"subtlex_uk",6,24674,"bigram","DT","type",6
"subtlex_uk",6,24674,"bigram","DU","type",214
"subtlex_uk",6,24674,"bigram","DV","type",10
"subtlex_uk",6,24674,"bigram","DW","type",30
"subtlex_uk",6,24674,"bigram","DX","type",0
"subtlex_uk",6,24674,"bigram","DY","type",118
"subtlex_uk",6,24674,"bigram","DZ","type",9
"subtlex_uk",6,24674,"bigram","EA","type",655
"subtlex_uk",6,24674,"bigram","EB","type",166
"subtlex_uk",6,24674,"bigram","EC","type",259
"subtlex_uk",6,24674,"bigram","ED","type",1680
"subtlex_uk",6,24674,"bigram","EE","type",794
"subtlex_uk",6,24674,"bigram","EF","type",123
"subtlex_uk",6,24674,"bigram","EG","type",164
"subtlex_uk",6,24674,"bigram","EH","type",72
"subtlex_uk",6,24674,"bigram","EI","type",272
"subtlex_uk",6,24674,"bigram","EJ","type",22
"subtlex_uk",6,24674,"bigram","EK","type",92
"subtlex_uk",6,24674,"bigram","EL","type",1097
"subtlex_uk",6,24674,"bigram","EM","type",294
"subtlex_uk",6,24674,"bigram","EN","type",1448
"subtlex_uk",6,24674,"bigram","EO","type",85
"subtlex_uk",6,24674,"bigram","EP","type",175
"subtlex_uk",6,24674,"bigram","EQ","type",13
"subtlex_uk",6,24674,"bigram","ER","type",2788
"subtlex_uk",6,24674,"bigram","ES","type",1516
"subtlex_uk",6,24674,"bigram","ET","type",718
"subtlex_uk",6,24674,"bigram","EU","type",144
"subtlex_uk",6,24674,"bigram","EV","type",204
"subtlex_uk",6,24674,"bigram","EW","type",154
"subtlex_uk",6,24674,"bigram","EX","type",148
"subtlex_uk",6,24674,"bigram","EY","type",718
"subtlex_uk",6,24674,"bigram","EZ","type",88
"subtlex_uk",6,24674,"bigram","FA","type",281
"subtlex_uk",6,24674,"bigram","FB","type",3
"subtlex_uk",6,24674,"bigram","FC","type",2
"subtlex_uk",6,24674,"bigram","FD","type",1
"subtlex_uk",6,24674,"bigram","FE","type",299
"subtlex_uk",6,24674,"bigram","FF","type",250
"subtlex_uk",6,24674,"bigram","FG","type",1
"subtlex_uk",6,24674,"bigram","FH","type",1
"subtlex_uk",6,24674,"bigram","FI","type",287
"subtlex_uk",6,24674,"bigram","FJ","type",1
"subtlex_uk",6,24674,"bigram","FK","type",1
"subtlex_uk",6,24674,"bigram","FL","type",182
"subtlex_uk",6,24674,"bigram","FM","type",6
"subtlex_uk",6,24674,"bigram","FN","type",6
"subtlex_uk",6,24674,"bigram","FO","type",213
"subtlex_uk",6,24674,"bigram","FP","type",42
"subtlex_uk",6,24674,"bigram","FQ","type",1
"subtlex_uk",6,24674,"bigram","FR","type",205
"subtlex_uk",6,24674,"bigram","FS","type",38
"subtlex_uk",6,24674,"bigram","FT","type",82
"subtlex_uk",6,24674,"bigram","FU","type",142
"subtlex_uk",6,24674,"bigram","FV","type",0
"subtlex_uk",6,24674,"bigram","FW","type",2
"subtlex_uk",6,24674,"bigram","FX","type",0
"subtlex_uk",6,24674,"bigram","FY","type",45
"subtlex_uk",6,24674,"bigram","FZ","type",0
"subtlex_uk",6,24674,"bigram","GA","type",460
"subtlex_uk",6,24674,"bigram","GB","type",11
"subtlex_uk",6,24674,"bigram","GC","type",1
"subtlex_uk",6,24674,"bigram","GD","type",15
"subtlex_uk",6,24674,"bigram","GE","type",654
"subtlex_uk",6,24674,"bigram","GF","type",3
"subtlex_uk",6,24674,"bigram","GG","type",265
"subtlex_uk",6,24674,"bigram","GH","type",225
"subtlex_uk",6,24674,"bigram","GI","type",329
"subtlex_uk",6,24674,"bigram","GJ","type",1
"subtlex_uk",6,24674,"bigram","GK","type",3
"subtlex_uk",6,24674,"bigram","GL","type",229
"subtlex_uk",6,24674,"bigram","GM","type",18
"subtlex_uk",6,24674,"bigram","GN","type",80
"subtlex_uk",6,24674,"bigram","GO","type",305
"subtlex_uk",6,24674,"bigram","GP","type",4
"subtlex_uk",6,24674,"bigram","GQ","type",0
"subtlex_uk",6,24674,"bigram","GR","type",273
"subtlex_uk",6,24674,"bigram","GS","type",134
"subtlex_uk",6,24674,"bigram","GT","type",29
"subtlex_uk",6,24674,"bigram","GU","type",223
"subtlex_uk",6,24674,"bigram","GV","type",3
"subtlex_uk",6,24674,"bigram","GW","type",24
"subtlex_uk",6,24674,"bigram","GX","type",1
"subtlex_uk",6,24674,"bigram","GY","type",76
"subtlex_uk",6,24674,"bigram","GZ","type",5
"subtlex_uk",6,24674,"bigram","HA","type",1085
"subtlex_uk",6,24674,"bigram","HB","type",4
"subtlex_uk",6,24674,"bigram","HC","type",2
"subtlex_uk",6,24674,"bigram","HD","type",5
"subtlex_uk",6,24674,"bigram","HE","type",820
"subtlex_uk",6,24674,"bigram","HF","type",2
"subtlex_uk",6,24674,"bigram","HG","type",3
"subtlex_uk",6,24674,"bigram","HH","type",101
"subtlex_uk",6,24674,"bigram","HI","type",478
"subtlex_uk",6,24674,"bigram","HJ","type",0
"subtlex_uk",6,24674,"bigram","HK","type",7
"subtlex_uk",6,24674,"bigram","HL","type",42
"subtlex_uk",6,24674,"bigram","HM","type",34
"subtlex_uk",6,24674,"bigram","HN","type",28
"subtlex_uk",6,24674,"bigram","HO","type",571
"subtlex_uk",6,24674,"bigram","HP","type",4
"subtlex_uk",6,24674,"bigram","HQ","type",0
"subtlex_uk",6,24674,"bigram","HR","type",144
"subtlex_uk",6,24674,"bigram","HS","type",96
"subtlex_uk",6,24674,"bigram","HT","type",81
"subtlex_uk",6,24674,"bigram","HU","type",233
"subtlex_uk",6,24674,"bigram","HV","type",2
"subtlex_uk",6,24674,"bigram","HW","type",18
"subtlex_uk",6,24674,"bigram","HX","type",0
"subtlex_uk",6,24674,"bigram","HY","type",142
"subtlex_uk",6,24674,"bigram","HZ","type",1
"subtlex_uk",6,24674,"bigram","IA","type",436
"subtlex_uk",6,24674,"bigram","IB","type",160
"subtlex_uk",6,24674,"bigram","IC","type",580
"subtlex_uk",6,24674,"bigram","ID","type",396
"subtlex_uk",6,24674,"bigram","IE","type",1034
"subtlex_uk",6,24674,"bigram","IF","type",143
"subtlex_uk",6,24674,"bigram","IG","type",330
"subtlex_uk",6,24674,"bigram","IH","type",12
"subtlex_uk",6,24674,"bigram","II","type",38
"subtlex_uk",6,24674,"bigram","IJ","type",16
"subtlex_uk",6,24674,"bigram","IK","type",150
"subtlex_uk",6,24674,"bigram","IL","type",697
"subtlex_uk",6,24674,"bigram","IM","type",343
"subtlex_uk",6,24674,"bigram","IN","type",2397
"subtlex_uk",6,24674,"bigram","IO","type",229
"subtlex_uk",6,24674,"bigram","IP","type",184
"subtlex_uk",6,24674,"bigram","IQ","type",15
"subtlex_uk",6,24674,"bigram","IR","type",418
"subtlex_uk",6,24674,"bigram","IS","type",849
"subtlex_uk",6,24674,"bigram","IT","type",675
"subtlex_uk",6,24674,"bigram","IU","type",59
"subtlex_uk",6,24674,"bigram","IV","type",162
"subtlex_uk",6,24674,"bigram","IW","type",12
"subtlex_uk",6,24674,"bigram","IX","type",40
"subtlex_uk",6,24674,"bigram","IY","type",29
"subtlex_uk",6,24674,"bigram","IZ","type",95
"subtlex_uk",6,24674,"bigram","JA","type",181
"subtlex_uk",6,24674,"bigram","JB","type",1
"subtlex_uk",6,24674,"bigram","JC","type",1
"subtlex_uk",6,24674,"bigram","JD","type",0
"subtlex_uk",6,24674,"bigram","JE","type",112
"subtlex_uk",6,24674,"bigram","JF","type",0
"subtlex_uk",6,24674,"bigram","JG","type",0
"subtlex_uk",6,24674,"bigram","JH","type",4
"subtlex_uk",6,24674,"bigram","JI","type",87
"subtlex_uk",6,24674,"bigram","JJ","type",3
"subtlex_uk",6,24674,"bigram","JK","type",2
"subtlex_uk",6,24674,"bigram","JL","type",1
"subtlex_uk",6,24674,"bigram","JM","type",1
"subtlex_uk",6,24674,"bigram","JN","type",2
"subtlex_uk",6,24674,"bigram","JO","type",128
"subtlex_uk",6,24674,"bigram","JP","type",1
"subtlex_uk",6,24674,"bigram","JQ","type",0
"subtlex_uk",6,24674,"bigram","JR","type",3
"subtlex_uk",6,24674,"bigram","JS","type",0
"subtlex_uk",6,24674,"bigram","JT","type",2
"subtlex_uk",6,24674,"bigram","JU","type",95
"subtlex_uk",6,24674,"bigram","JV","type",0
"subtlex_uk",6,24674,"bigram","JW","type",1
"subtlex_uk",6,24674,"bigram","JX","type",0
"subtlex_uk",6,24674,"bigram","JY","type",0
"subtlex_uk",6,24674,"bigram","JZ","type",1
"subtlex_uk",6,24674,"bigram","KA","type",349
"subtlex_uk",6,24674,"bigram","KB","type",3
"subtlex_uk",6,24674,"bigram","KC","type",0
"subtlex_uk",6,24674,"bigram","KD","type",0
"subtlex_uk",6,24674,"bigram","KE","type",757
"subtlex_uk",6,24674,"bigram","KF","type",0
"subtlex_uk",6,24674,"bigram","KG","type",1
"subtlex_uk",6,24674,"bigram","KH","type",62
"subtlex_uk",6,24674,"bigram","KI","type",474
"subtlex_uk",6,24674,"bigram","KJ","type",2
"subtlex_uk",6,24674,"bigram","KK","type",25
"subtlex_uk",6,24674,"bigram","KL","type",82
"subtlex_uk",6,24674,"bigram","KM","type",2
"subtlex_uk",6,24674,"bigram","KN","type",44
"subtlex_uk",6,24674,"bigram","KO","type",173
"subtlex_uk",6,24674,"bigram","KP","type",16
"subtlex_uk",6,24674,"bigram","KQ","type",0
"subtlex_uk",6,24674,"bigram","KR","type",57
"subtlex_uk",6,24674,"bigram","KS","type",179
"subtlex_uk",6,24674,"bigram","KT","type",8
"subtlex_uk",6,24674,"bigram","KU","type",97
"subtlex_uk",6,24674,"bigram","KV","type",3
"subtlex_uk",6,24674,"bigram","KW","type",26
"subtlex_uk",6,24674,"bigram","KX","type",1
"subtlex_uk",6,24674,"bigram","KY","type",128
"subtlex_uk",6,24674,"bigram","KZ","type",0
"subtlex_uk",6,24674,"bigram","LA","type",1054
"subtlex_uk",6,24674,"bigram","LB","type",58
"subtlex_uk",6,24674,"bigram","LC","type",40
"subtlex_uk",6,24674,"bigram","LD","type",195
"subtlex_uk",6,24674,"bigram","LE","type",1766
"subtlex_uk",6,24674,"bigram","LF","type",48
"subtlex_uk",6,24674,"bigram","LG","type",43
"subtlex_uk",6,24674,"bigram","LH","type",16
"subtlex_uk",6,24674,"bigram","LI","type",952
"subtlex_uk",6,24674,"bigram","LJ","type",6
"subtlex_uk",6,24674,"bigram","LK","type",71
"subtlex_uk",6,24674,"bigram","LL","type",857
"subtlex_uk",6,24674,"bigram","LM","type",93
"subtlex_uk",6,24674,"bigram","LN","type",17
"subtlex_uk",6,24674,"bigram","LO","type",717
"subtlex_uk",6,24674,"bigram","LP","type",37
"subtlex_uk",6,24674,"bigram","LQ","type",0
"subtlex_uk",6,24674,"bigram","LR","type",20
"subtlex_uk",6,24674,"bigram","LS","type",254
"subtlex_uk",6,24674,"bigram","LT","type",234
"subtlex_uk",6,24674,"bigram","LU","type",313
"subtlex_uk",6,24674,"bigram","LV","type",68
"subtlex_uk",6,24674,"bigram","LW","type",26
"subtlex_uk",6,24674,"bigram","LX","type",2
"subtlex_uk",6,24674,"bigram","LY","type",538
"subtlex_uk",6,24674,"bigram","LZ","type",13
"subtlex_uk",6,24674,"bigram","MA","type",1125
"subtlex_uk",6,24674,"bigram","MB","type",213
"subtlex_uk",6,24674,"bigram","MC","type",93
"subtlex_uk",6,24674,"bigram","MD","type",7
"subtlex_uk",6,24674,"bigram","ME","type",763
"subtlex_uk",6,24674,"bigram","MF","type",4
"subtlex_uk",6,24674,"bigram","MG","type",3
"subtlex_uk",6,24674,"bigram","MH","type",10
"subtlex_uk",6,24674,"bigram","MI","type",526
"subtlex_uk",6,24674,"bigram","MJ","type",5
"subtlex_uk",6,24674,"bigram","MK","type",4
"subtlex_uk",6,24674,"bigram","ML","type",44
"subtlex_uk",6,24674,"bigram","MM","type",209
"subtlex_uk",6,24674,"bigram","MN","type",25
"subtlex_uk",6,24674,"bigram","MO","type",502
"subtlex_uk",6,24674,"bigram","MP","type",241
"subtlex_uk",6,24674,"bigram","MQ","type",0
"subtlex_uk",6,24674,"bigram","MR","type",20
"subtlex_uk",6,24674,"bigram","MS","type",94
"subtlex_uk",6,24674,"bigram","MT","type",15
"subtlex_uk",6,24674,"bigram","MU","type",217
"subtlex_uk",6,24674,"bigram","MV","type",1
"subtlex_uk",6,24674,"bigram","MW","type",6
"subtlex_uk",6,24674,"bigram","MX","type",2
"subtlex_uk",6,24674,"bigram","MY","type",86
"subtlex_uk",6,24674,"bigram","MZ","type",6
"subtlex_uk",6,24674,"bigram","NA","type",701
"subtlex_uk",6,24674,"bigram","NB","type",24
"subtlex_uk",6,24674,"bigram","NC","type",227
"subtlex_uk",6,24674,"bigram","ND","type",554
"subtlex_uk",6,24674,"bigram","NE","type",1070
"subtlex_uk",6,24674,"bigram","NF","type",45
"subtlex_uk",6,24674,"bigram","NG","type",940
"subtlex_uk",6,24674,"bigram","NH","type",30
"subtlex_uk",6,24674,"bigram","NI","type",593
"subtlex_uk",6,24674,"bigram","NJ","type",36
"subtlex_uk",6,24674,"bigram","NK","type",233
"subtlex_uk",6,24674,"bigram","NL","type",76
"subtlex_uk",6,24674,"bigram","NM","type",36
"subtlex_uk",6,24674,"bigram","NN","type",362
"subtlex_uk",6,24674,"bigram","NO","type",413
"subtlex_uk",6,24674,"bigram","NP","type",14
"subtlex_uk",6,24674,"bigram","NQ","type",8
"subtlex_uk",6,24674,"bigram","NR","type",40
"subtlex_uk",6,24674,"bigram","NS","type",466
"subtlex_uk",6,24674,"bigram","NT","type",558
"subtlex_uk",6,24674,"bigram","NU","type",150
"subtlex_uk",6,24674,"bigram","NV","type",29
"subtlex_uk",6,24674,"bigram","NW","type",27
"subtlex_uk",6,24674,"bigram","NX","type",11
"subtlex_uk",6,24674,"bigram","NY","type",131
"subtlex_uk",6,24674,"bigram","NZ","type",44
"subtlex_uk",6,24674,"bigram","OA","type",167
"subtlex_uk",6,24674,"bigram","OB","type",230
"subtlex_uk",6,24674,"bigram","OC","type",209
"subtlex_uk",6,24674,"bigram","OD","type",289
"subtlex_uk",6,24674,"bigram","OE","type",138
"subtlex_uk",6,24674,"bigram","OF","type",126
"subtlex_uk",6,24674,"bigram","OG","type",190
"subtlex_uk",6,24674,"bigram","OH","type",63
"subtlex_uk",6,24674,"bigram","OI","type",202
"subtlex_uk",6,24674,"bigram","OJ","type",18
"subtlex_uk",6,24674,"bigram","OK","type",172
"subtlex_uk",6,24674,"bigram","OL","type",566
"subtlex_uk",6,24674,"bigram","OM","type",398
"subtlex_uk",6,24674,"bigram","ON","type",1471
"subtlex_uk",6,24674,"bigram","OO","type",746
"subtlex_uk",6,24674,"bigram","OP","type",282
"subtlex_uk",6,24674,"bigram","OQ","type",9
"subtlex_uk",6,24674,"bigram","OR","type",1012
"subtlex_uk",6,24674,"bigram","OS","type",563
"subtlex_uk",6,24674,"bigram","OT","type",444
"subtlex_uk",6,24674,"bigram","OU","type",542
"subtlex_uk",6,24674,"bigram","OV","type",157
"subtlex_uk",6,24674,"bigram","OW","type",418
"subtlex_uk",6,24674,"bigram","OX","type",65
"subtlex_uk",6,24674,"bigram","OY","type",134
"subtlex_uk",6,24674,"bigram","OZ","type",51
"subtlex_uk",6,24674,"bigram","PA","type",476
"subtlex_uk",6,24674,"bigram","PB","type",55
"subtlex_uk",6,24674,"bigram","PC","type",3
"subtlex_uk",6,24674,"bigram","PD","type",7
"subtlex_uk",6,24674,"bigram","PE","type",648
"subtlex_uk",6,24674,"bigram","PF","type",11
"subtlex_uk",6,24674,"bigram","PG","type",3
"subtlex_uk",6,24674,"bigram","PH","type",164
"subtlex_uk",6,24674,"bigram","PI","type",419
"subtlex_uk",6,24674,"bigram","PJ","type",2
"subtlex_uk",6,24674,"bigram","PK","type",11
"subtlex_uk",6,24674,"bigram","PL","type",271
"subtlex_uk",6,24674,"bigram","PM","type",7
"subtlex_uk",6,24674,"bigram","PN","type",10
"subtlex_uk",6,24674,"bigram","PO","type",391
"subtlex_uk",6,24674,"bigram","PP","type",232
"subtlex_uk",6,24674,"bigram","PQ","type",0
"subtlex_uk",6,24674,"bigram","PR","type",261
"subtlex_uk",6,24674,"bigram","PS","type",137
"subtlex_uk",6,24674,"bigram","PT","type",79
"subtlex_uk",6,24674,"bigram","PU","type",175
"subtlex_uk",6,24674,"bigram","PV","type",1
"subtlex_uk",6,24674,"bigram","PW","type",17
"subtlex_uk",6,24674,"bigram","PX","type",0
"subtlex_uk",6,24674,"bigram","PY","type",102
"subtlex_uk",6,24674,"bigram","PZ","type",1
"subtlex_uk",6,24674,"bigram","QA","type",13
"subtlex_uk",6,24674,"bigram","QB","type",0
"subtlex_uk",6,24674,"bigram","QC","type",0
"subtlex_uk",6,24674,"bigram","QD","type",0
"subtlex_uk",6,24674,"bigram","QE","type",1
"subtlex_uk",6,24674,"bigram","QF","type",0
"subtlex_uk",6,24674,"bigram","QG","type",0
"subtlex_uk",6,24674,"bigram","QH","type",0
"subtlex_uk",6,24674,"bigram","QI","type",5
"subtlex_uk",6,24674,"bigram","QJ","type",0
"subtlex_uk",6,24674,"bigram","QK","type",0
"subtlex_uk",6,24674,"bigram","QL","type",1
"subtlex_uk",6,24674,"bigram","QM","type",0
"subtlex_uk",6,24674,"bigram","QN","type",0
"subtlex_uk",6,24674,"bigram","QO","type",1
"subtlex_uk",6,24674,"bigram","QP","type",0
"subtlex_uk",6,24674,"bigram","QQ","type",0
"subtlex_uk",6,24674,"bigram","QR","type",0
"subtlex_uk",6,24674,"bigram","QS","type",1
"subtlex_uk",6,24674,"bigram","QT","type",0
"subtlex_uk",6,24674,"bigram","QU","type",212
"subtlex_uk",6,24674,"bigram","QV","type",0
"subtlex_uk",6,24674,"bigram","QW","type",2
"subtlex_uk",6,24674,"bigram","QX","type",0
"subtlex_uk",6,24674,"bigram","QY","type",0
"subtlex_uk",6,24674,"bigram","QZ","type",0
"subtlex_uk",6,24674,"bigram","RA","type",1250
"subtlex_uk",6,24674,"bigram","RB","type",153
"subtlex_uk",6,24674,"bigram","RC","type",108
"subtlex_uk",6,24674,"bigram","RD","type",316
"subtlex_uk",6,24674,"bigram","RE","type",1359
"subtlex_uk",6,24674,"bigram","RF","type",38
"subtlex_uk",6,24674,"bigram","RG","type",217
"subtlex_uk",6,24674,"bigram","RH","type",53
"subtlex_uk",6,24674,"bigram","RI","type",1054
"subtlex_uk",6,24674,"bigram","RJ","type",9
"subtlex_uk",6,24674,"bigram","RK","type",177
"subtlex_uk",6,24674,"bigram","RL","type",166
"subtlex_uk",6,24674,"bigram","RM","type",184
"subtlex_uk",6,24674,"bigram","RN","type",253
"subtlex_uk",6,24674,"bigram","RO","type",957
"subtlex_uk",6,24674,"bigram","RP","type",84
"subtlex_uk",6,24674,"bigram","RQ","type",10
"subtlex_uk",6,24674,"bigram","RR","type",455
"subtlex_uk",6,24674,"bigram","RS","type",503
"subtlex_uk",6,24674,"bigram","RT","type",350
"subtlex_uk",6,24674,"bigram","RU","type",370
"subtlex_uk",6,24674,"bigram","RV","type",88
"subtlex_uk",6,24674,"bigram","RW","type",32
"subtlex_uk",6,24674,"bigram","RX","type",1
"subtlex_uk",6,24674,"bigram","RY","type",313
"subtlex_uk",6,24674,"bigram","RZ","type",28
"subtlex_uk",6,24674,"bigram","SA","type",553
"subtlex_uk",6,24674,"bigram","SB","type",39
"subtlex_uk",6,24674,"bigram","SC","type",273
"subtlex_uk",6,24674,"bigram","SD","type",11
"subtlex_uk",6,24674,"bigram","SE","type",969
"subtlex_uk",6,24674,"bigram","SF","type",4
"subtlex_uk",6,24674,"bigram","SG","type",12
"subtlex_uk",6,24674,"bigram","SH","type",735
"subtlex_uk",6,24674,"bigram","SI","type",491
"subtlex_uk",6,24674,"bigram","SJ","type",2
"subtlex_uk",6,24674,"bigram","SK","type",183
"subtlex_uk",6,24674,"bigram","SL","type",185
"subtlex_uk",6,24674,"bigram","SM","type",133
"subtlex_uk",6,24674,"bigram","SN","type",105
"subtlex_uk",6,24674,"bigram","SO","type",432
"subtlex_uk",6,24674,"bigram","SP","type",253
"subtlex_uk",6,24674,"bigram","SQ","type",36
"subtlex_uk",6,24674,"bigram","SR","type",10
"subtlex_uk",6,24674,"bigram","SS","type",503
"subtlex_uk",6,24674,"bigram","ST","type",1026
"subtlex_uk",6,24674,"bigram","SU","type",218
"subtlex_uk",6,24674,"bigram","SV","type",4
"subtlex_uk",6,24674,"bigram","SW","type",88
"subtlex_uk",6,24674,"bigram","SX","type",0
"subtlex_uk",6,24674,"bigram","SY","type",126
"subtlex_uk",6,24674,"bigram","SZ","type",8
"subtlex_uk",6,24674,"bigram","TA","type",769
"subtlex_uk",6,24674,"bigram","TB","type",19
"subtlex_uk",6,24674,"bigram","TC","type",80
"subtlex_uk",6,24674,"bigram","TD","type",7
"subtlex_uk",6,24674,"bigram","TE","type",1201
"subtlex_uk",6,24674,"bigram","TF","type",13
"subtlex_uk",6,24674,"bigram","TG","type",5
"subtlex_uk",6,24674,"bigram","TH","type",590
"subtlex_uk",6,24674,"bigram","TI","type",673
"subtlex_uk",6,24674,"bigram","TJ","type",2
"subtlex_uk",6,24674,"bigram","TK","type",40
"subtlex_uk",6,24674,"bigram","TL","type",156
"subtlex_uk",6,24674,"bigram","TM","type",29
"subtlex_uk",6,24674,"bigram","TN","type",22
"subtlex_uk",6,24674,"bigram","TO","type",809
"subtlex_uk",6,24674,"bigram","TP","type",21
"subtlex_uk",6,24674,"bigram","TQ","type",0
"subtlex_uk",6,24674,"bigram","TR","type",448
"subtlex_uk",6,24674,"bigram","TS","type",376
"subtlex_uk",6,24674,"bigram","TT","type",463
"subtlex_uk",6,24674,"bigram","TU","type",242
"subtlex_uk",6,24674,"bigram","TV","type",4
"subtlex_uk",6,24674,"bigram","TW","type",71
"subtlex_uk",6,24674,"bigram","TX","type",0
"subtlex_uk",6,24674,"bigram","TY","type",271
"subtlex_uk",6,24674,"bigram","TZ","type",41
"subtlex_uk",6,24674,"bigram","UA","type",140
"subtlex_uk",6,24674,"bigram","UB","type",156
"subtlex_uk",6,24674,"bigram","UC","type",177
"subtlex_uk",6,24674,"bigram","UD","type",214
"subtlex_uk",6,24674,"bigram","UE","type",246
"subtlex_uk",6,24674,"bigram","UF","type",111
"subtlex_uk",6,24674,"bigram","UG","type",188
"subtlex_uk",6,24674,"bigram","UH","type",19
"subtlex_uk",6,24674,"bigram","UI","type",162
"subtlex_uk",6,24674,"bigram","UJ","type",7
"subtlex_uk",6,24674,"bigram","UK","type",59
"subtlex_uk",6,24674,"bigram","UL","type",373
"subtlex_uk",6,24674,"bigram","UM","type",366
"subtlex_uk",6,24674,"bigram","UN","type",580
"subtlex_uk",6,24674,"bigram","UO","type",26
"subtlex_uk",6,24674,"bigram","UP","type",204
"subtlex_uk",6,24674,"bigram","UQ","type",4
"subtlex_uk",6,24674,"bigram","UR","type",646
"subtlex_uk",6,24674,"bigram","US","type",585
"subtlex_uk",6,24674,"bigram","UT","type",359
"subtlex_uk",6,24674,"bigram","UU","type",32
"subtlex_uk",6,24674,"bigram","UV","type",32
"subtlex_uk",6,24674,"bigram","UW","type",3
"subtlex_uk",6,24674,"bigram","UX","type",31
"subtlex_uk",6,24674,"bigram","UY","type",17
"subtlex_uk",6,24674,"bigram","UZ","type",43
"subtlex_uk",6,24674,"bigram","VA","type",251
"subtlex_uk",6,24674,"bigram","VB","type",0
"subtlex_uk",6,24674,"bigram","VC","type",0
"subtlex_uk",6,24674,"bigram","VD","type",1
"subtlex_uk",6,24674,"bigram","VE","type",593
"subtlex_uk",6,24674,"bigram","VF","type",0
"subtlex_uk",6,24674,"bigram","VG","type",1
"subtlex_uk",6,24674,"bigram","VH","type",1
"subtlex_uk",6,24674,"bigram","VI","type",371
"subtlex_uk",6,24674,"bigram","VJ","type",0
"subtlex_uk",6,24674,"bigram","VK","type",1
"subtlex_uk",6,24674,"bigram","VL","type",11
"subtlex_uk",6,24674,"bigram","VM","type",0
"subtlex_uk",6,24674,"bigram","VN","type",5
"subtlex_uk",6,24674,"bigram","VO","type",146
"subtlex_uk",6,24674,"bigram","VP","type",0
"subtlex_uk",6,24674,"bigram","VQ","type",0
"subtlex_uk",6,24674,"bigram","VR","type",27
"subtlex_uk",6,24674,"bigram","VS","type",3
"subtlex_uk",6,24674,"bigram","VT","type",2
"subtlex_uk",6,24674,"bigram","VU","type",13
"subtlex_uk",6,24674,"bigram","VV","type",16
"subtlex_uk",6,24674,"bigram","VW","type",0
"subtlex_uk",6,24674,"bigram","VX","type",0
"subtlex_uk",6,24674,"bigram","VY","type",21
"subtlex_uk",6,24674,"bigram","VZ","type",0
"subtlex_uk",6,24674,"bigram","WA","type",429
"subtlex_uk",6,24674,"bigram","WB","type",8
"subtlex_uk",6,24674,"bigram","WC","type",1
"subtlex_uk",6,24674,"bigram","WD","type",26
"subtlex_uk",6,24674,"bigram","WE","type",348
"subtlex_uk",6,24674,"bigram","WF","type",4
"subtlex_uk",6,24674,"bigram","WG","type",2
"subtlex_uk",6,24674,"bigram","WH","type",127
"subtlex_uk",6,24674,"bigram","WI","type",334
"subtlex_uk",6,24674,"bigram","WJ","type",0
"subtlex_uk",6,24674,"bigram","WK","type",15
"subtlex_uk",6,24674,"bigram","WL","type",70
"subtlex_uk",6,24674,"bigram","WM","type",14
"subtlex_uk",6,24674,"bigram","WN","type",61
"subtlex_uk",6,24674,"bigram","WO","type",187
"subtlex_uk",6,24674,"bigram","WP","type",7
"subtlex_uk",6,24674,"bigram","WQ","type",0
"subtlex_uk",6,24674,"bigram","WR","type",58
"subtlex_uk",6,24674,"bigram","WS","type",65
"subtlex_uk",6,24674,"bigram","WT","type",21
"subtlex_uk",6,24674,"bigram","WU","type",25
"subtlex_uk",6,24674,"bigram","WV","type",0
"subtlex_uk",6,24674,"bigram","WW","type",31
"subtlex_uk",6,24674,"bigram","WX","type",0
"subtlex_uk",6,24674,"bigram","WY","type",57
"subtlex_uk",6,24674,"bigram","WZ","type",7
"subtlex_uk",6,24674,"bigram","XA","type",25
"subtlex_uk",6,24674,"bigram","XB","type",3
"subtlex_uk",6,24674,"bigram","XC","type",10
"subtlex_uk",6,24674,"bigram","XD","type",0
"subtlex_uk",6,24674,"bigram","XE","type",49
"subtlex_uk",6,24674,"bigram","XF","type",3
"subtlex_uk",6,24674,"bigram","XG","type",0
"subtlex_uk",6,24674,"bigram","XH","type",13
"subtlex_uk",6,24674,"bigram","XI","type",62
"subtlex_uk",6,24674,"bigram","XJ","type",0
"subtlex_uk",6,24674,"bigram","XK","type",0
"subtlex_uk",6,24674,"bigram","XL","type",14
"subtlex_uk",6,24674,"bigram","XM","type",7
"subtlex_uk",6,24674,"bigram","XN","type",0
"subtlex_uk",6,24674,"bigram","XO","type",12
"subtlex_uk",6,24674,"bigram","XP","type",20
"subtlex_uk",6,24674,"bigram","XQ","type",0
"subtlex_uk",6,24674,"bigram","XR","type",0
"subtlex_uk",6,24674,"bigram","XS","type",3
"subtlex_uk",6,24674,"bigram","XT","type",48
"subtlex_uk",6,24674,"bigram","XU","type",8
"subtlex_uk",6,24674,"bigram","XV","type",0
"subtlex_uk",6,24674,"bigram","XW","type",2
"subtlex_uk",6,24674,"bigram","XX","type",1
"subtlex_uk",6,24674,"bigram","XY","type",7
"subtlex_uk",6,24674,"bigram","XZ","type",0
"subtlex_uk",6,24674,"bigram","YA","type",176
"subtlex_uk",6,24674,"bigram","YB","type",22
"subtlex_uk",6,24674,"bigram","YC","type",29
"subtlex_uk",6,24674,"bigram","YD","type",64
"subtlex_uk",6,24674,"bigram","YE","type",161
"subtlex_uk",6,24674,"bigram","YF","type",14
"subtlex_uk",6,24674,"bigram","YG","type",12
"subtlex_uk",6,24674,"bigram","YH","type",15
"subtlex_uk",6,24674,"bigram","YI","type",64
"subtlex_uk",6,24674,"bigram","YJ","type",2
"subtlex_uk",6,24674,"bigram","YK","type",14
"subtlex_uk",6,24674,"bigram","YL","type",108
"subtlex_uk",6,24674,"bigram","YM","type",49
"subtlex_uk",6,24674,"bigram","YN","type",154
"subtlex_uk",6,24674,"bigram","YO","type",117
"subtlex_uk",6,24674,"bigram","YP","type",33
"subtlex_uk",6,24674,"bigram","YQ","type",1
"subtlex_uk",6,24674,"bigram","YR","type",52
"subtlex_uk",6,24674,"bigram","YS","type",197
"subtlex_uk",6,24674,"bigram","YT","type",46
"subtlex_uk",6,24674,"bigram","YU","type",33
"subtlex_uk",6,24674,"bigram","YV","type",12
"subtlex_uk",6,24674,"bigram","YW","type",10
"subtlex_uk",6,24674,"bigram","YX","type",3
"subtlex_uk",6,24674,"bigram","YY","type",11
"subtlex_uk",6,24674,"bigram","YZ","type",7
"subtlex_uk",6,24674,"bigram","ZA","type",135
"subtlex_uk",6,24674,"bigram","ZB","type",4
"subtlex_uk",6,24674,"bigram","ZC","type",2
"subtlex_uk",6,24674,"bigram","ZD","type",1
"subtlex_uk",6,24674,"bigram","ZE","type",178
"subtlex_uk",6,24674,"bigram","ZF","type",0
"subtlex_uk",6,24674,"bigram","ZG","type",0
"subtlex_uk",6,24674,"bigram","ZH","type",8
"subtlex_uk",6,24674,"bigram","ZI","type",105
"subtlex_uk",6,24674,"bigram","ZJ","type",0
"subtlex_uk",6,24674,"bigram","ZK","type",3
"subtlex_uk",6,24674,"bigram","ZL","type",34
"subtlex_uk",6,24674,"bigram","ZM","type",7
"subtlex_uk",6,24674,"bigram","ZN","type",6
"subtlex_uk",6,24674,"bigram","ZO","type",52
"subtlex_uk",6,24674,"bigram","ZP","type",1
"subtlex_uk",6,24674,"bigram","ZQ","type",0
"subtlex_uk",6,24674,"bigram","ZR","type",4
"subtlex_uk",6,24674,"bigram","ZS","type",5
"subtlex_uk",6,24674,"bigram","ZT","type",3
"subtlex_uk",6,24674,"bigram","ZU","type",30
"subtlex_uk",6,24674,"bigram","ZV","type",2
"subtlex_uk",6,24674,"bigram","ZW","type",5
"subtlex_uk",6,24674,"bigram","ZX","type",0
"subtlex_uk",6,24674,"bigram","ZY","type",34
"subtlex_uk",6,24674,"bigram","ZZ","type",105
"subtlex_uk",7,26018,"bigram","AA","type",257
"subtlex_uk",7,26018,"bigram","AB","type",388
"subtlex_uk",7,26018,"bigram","AC","type",664
"subtlex_uk",7,26018,"bigram","AD","type",597
"subtlex_uk",7,26018,"bigram","AE","type",126
"subtlex_uk",7,26018,"bigram","AF","type",159
"subtlex_uk",7,26018,"bigram","AG","type",525
"subtlex_uk",7,26018,"bigram","AH","type",198
"subtlex_uk",7,26018,"bigram","AI","type",617
"subtlex_uk",7,26018,"bigram","AJ","type",32
"subtlex_uk",7,26018,"bigram","AK","type",232
"subtlex_uk",7,26018,"bigram","AL","type",1498
"subtlex_uk",7,26018,"bigram","AM","type",875
"subtlex_uk",7,26018,"bigram","AN","type",2555
"subtlex_uk",7,26018,"bigram","AO","type",43
"subtlex_uk",7,26018,"bigram","AP","type",360
"subtlex_uk",7,26018,"bigram","AQ","type",33
"subtlex_uk",7,26018,"bigram","AR","type",2190
"subtlex_uk",7,26018,"bigram","AS","type",979
"subtlex_uk",7,26018,"bigram","AT","type",1103
"subtlex_uk",7,26018,"bigram","AU","type",355
"subtlex_uk",7,26018,"bigram","AV","type",287
"subtlex_uk",7,26018,"bigram","AW","type",205
"subtlex_uk",7,26018,"bigram","AX","type",59
"subtlex_uk",7,26018,"bigram","AY","type",416
"subtlex_uk",7,26018,"bigram","AZ","type",133
"subtlex_uk",7,26018,"bigram","BA","type",740
"subtlex_uk",7,26018,"bigram","BB","type",255
"subtlex_uk",7,26018,"bigram","BC","type",9
"subtlex_uk",7,26018,"bigram","BD","type",13
"subtlex_uk",7,26018,"bigram","BE","type",744
"subtlex_uk",7,26018,"bigram","BF","type",1
"subtlex_uk",7,26018,"bigram","BG","type",28
"subtlex_uk",7,26018,"bigram","BH","type",25
"subtlex_uk",7,26018,"bigram","BI","type",449
"subtlex_uk",7,26018,"bigram","BJ","type",4
"subtlex_uk",7,26018,"bigram","BK","type",3
"subtlex_uk",7,26018,"bigram","BL","type",476
"subtlex_uk",7,26018,"bigram","BM","type",5
"subtlex_uk",7,26018,"bigram","BN","type",8
"subtlex_uk",7,26018,"bigram","BO","type",586
"subtlex_uk",7,26018,"bigram","BP","type",3
"subtlex_uk",7,26018,"bigram","BQ","type",0
"subtlex_uk",7,26018,"bigram","BR","type",465
"subtlex_uk",7,26018,"bigram","BS","type",72
"subtlex_uk",7,26018,"bigram","BT","type",31
"subtlex_uk",7,26018,"bigram","BU","type",449
"subtlex_uk",7,26018,"bigram","BV","type",4
"subtlex_uk",7,26018,"bigram","BW","type",6
"subtlex_uk",7,26018,"bigram","BX","type",0
"subtlex_uk",7,26018,"bigram","BY","type",80
"subtlex_uk",7,26018,"bigram","BZ","type",3
"subtlex_uk",7,26018,"bigram","CA","type",904
"subtlex_uk",7,26018,"bigram","CB","type",4
"subtlex_uk",7,26018,"bigram","CC","type",112
"subtlex_uk",7,26018,"bigram","CD","type",5
"subtlex_uk",7,26018,"bigram","CE","type",490
"subtlex_uk",7,26018,"bigram","CF","type",0
"subtlex_uk",7,26018,"bigram","CG","type",28
"subtlex_uk",7,26018,"bigram","CH","type",1211
"subtlex_uk",7,26018,"bigram","CI","type",290
"subtlex_uk",7,26018,"bigram","CJ","type",0
"subtlex_uk",7,26018,"bigram","CK","type",797
"subtlex_uk",7,26018,"bigram","CL","type",296
"subtlex_uk",7,26018,"bigram","CM","type",6
"subtlex_uk",7,26018,"bigram","CN","type",12
"subtlex_uk",7,26018,"bigram","CO","type",932
"subtlex_uk",7,26018,"bigram","CP","type",6
"subtlex_uk",7,26018,"bigram","CQ","type",20
"subtlex_uk",7,26018,"bigram","CR","type",363
"subtlex_uk",7,26018,"bigram","CS","type",56
"subtlex_uk",7,26018,"bigram","CT","type",211
"subtlex_uk",7,26018,"bigram","CU","type",257
"subtlex_uk",7,26018,"bigram","CV","type",4
"subtlex_uk",7,26018,"bigram","CW","type",9
"subtlex_uk",7,26018,"bigram","CX","type",1
"subtlex_uk",7,26018,"bigram","CY","type",66
"subtlex_uk",7,26018,"bigram","CZ","type",9
"subtlex_uk",7,26018,"bigram","DA","type",534
"subtlex_uk",7,26018,"bigram","DB","type",42
"subtlex_uk",7,26018,"bigram","DC","type",10
"subtlex_uk",7,26018,"bigram","DD","type",280
"subtlex_uk",7,26018,"bigram","DE","type",1148
"subtlex_uk",7,26018,"bigram","DF","type",26
"subtlex_uk",7,26018,"bigram","DG","type",137
"subtlex_uk",7,26018,"bigram","DH","type",45
"subtlex_uk",7,26018,"bigram","DI","type",757
"subtlex_uk",7,26018,"bigram","DJ","type",17
"subtlex_uk",7,26018,"bigram","DK","type",6
"subtlex_uk",7,26018,"bigram","DL","type",241
"subtlex_uk",7,26018,"bigram","DM","type",54
"subtlex_uk",7,26018,"bigram","DN","type",26
"subtlex_uk",7,26018,"bigram","DO","type",585
"subtlex_uk",7,26018,"bigram","DP","type",13
"subtlex_uk",7,26018,"bigram","DQ","type",0
"subtlex_uk",7,26018,"bigram","DR","type",262
"subtlex_uk",7,26018,"bigram","DS","type",173
"subtlex_uk",7,26018,"bigram","DT","type",12
"subtlex_uk",7,26018,"bigram","DU","type",219
"subtlex_uk",7,26018,"bigram","DV","type",14
"subtlex_uk",7,26018,"bigram","DW","type",61
"subtlex_uk",7,26018,"bigram","DX","type",0
"subtlex_uk",7,26018,"bigram","DY","type",101
"subtlex_uk",7,26018,"bigram","DZ","type",15
"subtlex_uk",7,26018,"bigram","EA","type",909
"subtlex_uk",7,26018,"bigram","EB","type",195
"subtlex_uk",7,26018,"bigram","EC","type",370
"subtlex_uk",7,26018,"bigram","ED","type",2044
"subtlex_uk",7,26018,"bigram","EE","type",742
"subtlex_uk",7,26018,"bigram","EF","type",184
"subtlex_uk",7,26018,"bigram","EG","type",219
"subtlex_uk",7,26018,"bigram","EH","type",76
"subtlex_uk",7,26018,"bigram","EI","type",278
"subtlex_uk",7,26018,"bigram","EJ","type",23
"subtlex_uk",7,26018,"bigram","EK","type",90
"subtlex_uk",7,26018,"bigram","EL","type",1363
"subtlex_uk",7,26018,"bigram","EM","type",404
"subtlex_uk",7,26018,"bigram","EN","type",1635
"subtlex_uk",7,26018,"bigram","EO","type",114
"subtlex_uk",7,26018,"bigram","EP","type",219
"subtlex_uk",7,26018,"bigram","EQ","type",33
"subtlex_uk",7,26018,"bigram","ER","type",3781
"subtlex_uk",7,26018,"bigram","ES","type",2332
"subtlex_uk",7,26018,"bigram","ET","type",1047
"subtlex_uk",7,26018,"bigram","EU","type",158
"subtlex_uk",7,26018,"bigram","EV","type",238
"subtlex_uk",7,26018,"bigram","EW","type",167
"subtlex_uk",7,26018,"bigram","EX","type",158
"subtlex_uk",7,26018,"bigram","EY","type",618
"subtlex_uk",7,26018,"bigram","EZ","type",97
"subtlex_uk",7,26018,"bigram","FA","type",321
"subtlex_uk",7,26018,"bigram","FB","type",4
"subtlex_uk",7,26018,"bigram","FC","type",2
"subtlex_uk",7,26018,"bigram","FD","type",5
"subtlex_uk",7,26018,"bigram","FE","type",298
"subtlex_uk",7,26018,"bigram","FF","type",318
"subtlex_uk",7,26018,"bigram","FG","type",3
"subtlex_uk",7,26018,"bigram","FH","type",4
"subtlex_uk",7,26018,"bigram","FI","type",337
"subtlex_uk",7,26018,"bigram","FJ","type",0
"subtlex_uk",7,26018,"bigram","FK","type",3
"subtlex_uk",7,26018,"bigram","FL","type",243
"subtlex_uk",7,26018,"bigram","FM","type",8
"subtlex_uk",7,26018,"bigram","FN","type",9
"subtlex_uk",7,26018,"bigram","FO","type",330
"subtlex_uk",7,26018,"bigram","FP","type",22
"subtlex_uk",7,26018,"bigram","FQ","type",0
"subtlex_uk",7,26018,"bigram","FR","type",251
"subtlex_uk",7,26018,"bigram","FS","type",26
"subtlex_uk",7,26018,"bigram","FT","type",91
"subtlex_uk",7,26018,"bigram","FU","type",201
"subtlex_uk",7,26018,"bigram","FV","type",0
"subtlex_uk",7,26018,"bigram","FW","type",9
"subtlex_uk",7,26018,"bigram","FX","type",0
"subtlex_uk",7,26018,"bigram","FY","type",49
"subtlex_uk",7,26018,"bigram","FZ","type",1
"subtlex_uk",7,26018,"bigram","GA","type",476
"subtlex_uk",7,26018,"bigram","GB","type",18
"subtlex_uk",7,26018,"bigram","GC","type",3
"subtlex_uk",7,26018,"bigram","GD","type",23
"subtlex_uk",7,26018,"bigram","GE","type",797
"subtlex_uk",7,26018,"bigram","GF","type",9
"subtlex_uk",7,26018,"bigram","GG","type",338
"subtlex_uk",7,26018,"bigram","GH","type",313
"subtlex_uk",7,26018,"bigram","GI","type",404
"subtlex_uk",7,26018,"bigram","GJ","type",0
"subtlex_uk",7,26018,"bigram","GK","type",6
"subtlex_uk",7,26018,"bigram","GL","type",316
"subtlex_uk",7,26018,"bigram","GM","type",34
"subtlex_uk",7,26018,"bigram","GN","type",100
"subtlex_uk",7,26018,"bigram","GO","type",328
"subtlex_uk",7,26018,"bigram","GP","type",7
"subtlex_uk",7,26018,"bigram","GQ","type",0
"subtlex_uk",7,26018,"bigram","GR","type",390
"subtlex_uk",7,26018,"bigram","GS","type",160
"subtlex_uk",7,26018,"bigram","GT","type",29
"subtlex_uk",7,26018,"bigram","GU","type",233
"subtlex_uk",7,26018,"bigram","GV","type",2
"subtlex_uk",7,26018,"bigram","GW","type",53
"subtlex_uk",7,26018,"bigram","GX","type",2
"subtlex_uk",7,26018,"bigram","GY","type",44
"subtlex_uk",7,26018,"bigram","GZ","type",2
"subtlex_uk",7,26018,"bigram","HA","type",1260
"subtlex_uk",7,26018,"bigram","HB","type",6
"subtlex_uk",7,26018,"bigram","HC","type",1
"subtlex_uk",7,26018,"bigram","HD","type",8
"subtlex_uk",7,26018,"bigram","HE","type",1189
"subtlex_uk",7,26018,"bigram","HF","type",7
"subtlex_uk",7,26018,"bigram","HG","type",4
"subtlex_uk",7,26018,"bigram","HH","type",123
"subtlex_uk",7,26018,"bigram","HI","type",720
"subtlex_uk",7,26018,"bigram","HJ","type",3
"subtlex_uk",7,26018,"bigram","HK","type",11
"subtlex_uk",7,26018,"bigram","HL","type",62
"subtlex_uk",7,26018,"bigram","HM","type",54
"subtlex_uk",7,26018,"bigram","HN","type",34
"subtlex_uk",7,26018,"bigram","HO","type",630
"subtlex_uk",7,26018,"bigram","HP","type",5
"subtlex_uk",7,26018,"bigram","HQ","type",1
"subtlex_uk",7,26018,"bigram","HR","type",132
"subtlex_uk",7,26018,"bigram","HS","type",64
"subtlex_uk",7,26018,"bigram","HT","type",125
"subtlex_uk",7,26018,"bigram","HU","type",270
"subtlex_uk",7,26018,"bigram","HV","type",4
"subtlex_uk",7,26018,"bigram","HW","type",26
"subtlex_uk",7,26018,"bigram","HX","type",0
"subtlex_uk",7,26018,"bigram","HY","type",113
"subtlex_uk",7,26018,"bigram","HZ","type",3
"subtlex_uk",7,26018,"bigram","IA","type",587
"subtlex_uk",7,26018,"bigram","IB","type",194
"subtlex_uk",7,26018,"bigram","IC","type",892
"subtlex_uk",7,26018,"bigram","ID","type",505
"subtlex_uk",7,26018,"bigram","IE","type",1310
"subtlex_uk",7,26018,"bigram","IF","type",181
"subtlex_uk",7,26018,"bigram","IG","type",405
"subtlex_uk",7,26018,"bigram","IH","type",15
"subtlex_uk",7,26018,"bigram","II","type",19
"subtlex_uk",7,26018,"bigram","IJ","type",19
"subtlex_uk",7,26018,"bigram","IK","type",109
"subtlex_uk",7,26018,"bigram","IL","type",900
"subtlex_uk",7,26018,"bigram","IM","type",407
"subtlex_uk",7,26018,"bigram","IN","type",3691
"subtlex_uk",7,26018,"bigram","IO","type",360
"subtlex_uk",7,26018,"bigram","IP","type",261
"subtlex_uk",7,26018,"bigram","IQ","type",32
"subtlex_uk",7,26018,"bigram","IR","type",467
"subtlex_uk",7,26018,"bigram","IS","type",1109
"subtlex_uk",7,26018,"bigram","IT","type",904
"subtlex_uk",7,26018,"bigram","IU","type",84
"subtlex_uk",7,26018,"bigram","IV","type",223
"subtlex_uk",7,26018,"bigram","IW","type",11
"subtlex_uk",7,26018,"bigram","IX","type",41
"subtlex_uk",7,26018,"bigram","IY","type",14
"subtlex_uk",7,26018,"bigram","IZ","type",107
"subtlex_uk",7,26018,"bigram","JA","type",153
"subtlex_uk",7,26018,"bigram","JB","type",0
"subtlex_uk",7,26018,"bigram","JC","type",0
"subtlex_uk",7,26018,"bigram","JD","type",1
"subtlex_uk",7,26018,"bigram","JE","type",98
"subtlex_uk",7,26018,"bigram","JF","type",0
"subtlex_uk",7,26018,"bigram","JG","type",0
"subtlex_uk",7,26018,"bigram","JH","type",1
"subtlex_uk",7,26018,"bigram","JI","type",81
"subtlex_uk",7,26018,"bigram","JJ","type",1
"subtlex_uk",7,26018,"bigram","JK","type",2
"subtlex_uk",7,26018,"bigram","JL","type",0
"subtlex_uk",7,26018,"bigram","JM","type",0
"subtlex_uk",7,26018,"bigram","JN","type",5
"subtlex_uk",7,26018,"bigram","JO","type",140
"subtlex_uk",7,26018,"bigram","JP","type",0
"subtlex_uk",7,26018,"bigram","JQ","type",0
"subtlex_uk",7,26018,"bigram","JR","type",0
"subtlex_uk",7,26018,"bigram","JS","type",1
"subtlex_uk",7,26018,"bigram","JT","type",1
"subtlex_uk",7,26018,"bigram","JU","type",90
"subtlex_uk",7,26018,"bigram","JV","type",1
"subtlex_uk",7,26018,"bigram","JW","type",0
"subtlex_uk",7,26018,"bigram","JX","type",0
"subtlex_uk",7,26018,"bigram","JY","type",1
"subtlex_uk",7,26018,"bigram","JZ","type",0
"subtlex_uk",7,26018,"bigram","KA","type",239
"subtlex_uk",7,26018,"bigram","KB","type",8
"subtlex_uk",7,26018,"bigram","KC","type",2
"subtlex_uk",7,26018,"bigram","KD","type",7
"subtlex_uk",7,26018,"bigram","KE","type",730
"subtlex_uk",7,26018,"bigram","KF","type",7
"subtlex_uk",7,26018,"bigram","KG","type",1
"subtlex_uk",7,26018,"bigram","KH","type",70
"subtlex_uk",7,26018,"bigram","KI","type",613
"subtlex_uk",7,26018,"bigram","KJ","type",1
"subtlex_uk",7,26018,"bigram","KK","type",15
"subtlex_uk",7,26018,"bigram","KL","type",167
"subtlex_uk",7,26018,"bigram","KM","type",26
"subtlex_uk",7,26018,"bigram","KN","type",70
"subtlex_uk",7,26018,"bigram","KO","type",119
"subtlex_uk",7,26018,"bigram","KP","type",15
"subtlex_uk",7,26018,"bigram","KQ","type",0
"subtlex_uk",7,26018,"bigram","KR","type",56
"subtlex_uk",7,26018,"bigram","KS","type",68
"subtlex_uk",7,26018,"bigram","KT","type",15
"subtlex_uk",7,26018,"bigram","KU","type",55
"subtlex_uk",7,26018,"bigram","KV","type",2
"subtlex_uk",7,26018,"bigram","KW","type",29
"subtlex_uk",7,26018,"bigram","KX","type",0
"subtlex_uk",7,26018,"bigram","KY","type",47
"subtlex_uk",7,26018,"bigram","KZ","type",0
"subtlex_uk",7,26018,"bigram","LA","type",1324
"subtlex_uk",7,26018,"bigram","LB","type",83
"subtlex_uk",7,26018,"bigram","LC","type",66
"subtlex_uk",7,26018,"bigram","LD","type",250
"subtlex_uk",7,26018,"bigram","LE","type",2369
"subtlex_uk",7,26018,"bigram","LF","type",99
"subtlex_uk",7,26018,"bigram","LG","type",51
"subtlex_uk",7,26018,"bigram","LH","type",27
"subtlex_uk",7,26018,"bigram","LI","type",1327
"subtlex_uk",7,26018,"bigram","LJ","type",5
"subtlex_uk",7,26018,"bigram","LK","type",88
"subtlex_uk",7,26018,"bigram","LL","type",1318
"subtlex_uk",7,26018,"bigram","LM","type",105
"subtlex_uk",7,26018,"bigram","LN","type",19
"subtlex_uk",7,26018,"bigram","LO","type",834
"subtlex_uk",7,26018,"bigram","LP","type",48
"subtlex_uk",7,26018,"bigram","LQ","type",3
"subtlex_uk",7,26018,"bigram","LR","type",24
"subtlex_uk",7,26018,"bigram","LS","type",328
"subtlex_uk",7,26018,"bigram","LT","type",235
"subtlex_uk",7,26018,"bigram","LU","type",356
"subtlex_uk",7,26018,"bigram","LV","type",68
"subtlex_uk",7,26018,"bigram","LW","type",47
"subtlex_uk",7,26018,"bigram","LX","type",0
"subtlex_uk",7,26018,"bigram","LY","type",502
"subtlex_uk",7,26018,"bigram","LZ","type",14
"subtlex_uk",7,26018,"bigram","MA","type",1295
"subtlex_uk",7,26018,"bigram","MB","type",296
"subtlex_uk",7,26018,"bigram","MC","type",125
"subtlex_uk",7,26018,"bigram","MD","type",9
"subtlex_uk",7,26018,"bigram","ME","type",781
"subtlex_uk",7,26018,"bigram","MF","type",17
"subtlex_uk",7,26018,"bigram","MG","type",4
"subtlex_uk",7,26018,"bigram","MH","type",13
"subtlex_uk",7,26018,"bigram","MI","type",669
"subtlex_uk",7,26018,"bigram","MJ","type",3
"subtlex_uk",7,26018,"bigram","MK","type",6
"subtlex_uk",7,26018,"bigram","ML","type",48
"subtlex_uk",7,26018,"bigram","MM","type",224
"subtlex_uk",7,26018,"bigram","MN","type",30
"subtlex_uk",7,26018,"bigram","MO","type",622
"subtlex_uk",7,26018,"bigram","MP","type",332
"subtlex_uk",7,26018,"bigram","MQ","type",2
"subtlex_uk",7,26018,"bigram","MR","type",10
"subtlex_uk",7,26018,"bigram","MS","type",140
"subtlex_uk",7,26018,"bigram","MT","type",12
"subtlex_uk",7,26018,"bigram","MU","type",248
"subtlex_uk",7,26018,"bigram","MV","type",2
"subtlex_uk",7,26018,"bigram","MW","type",7
"subtlex_uk",7,26018,"bigram","MX","type",0
"subtlex_uk",7,26018,"bigram","MY","type",49
"subtlex_uk",7,26018,"bigram","MZ","type",0
"subtlex_uk",7,26018,"bigram","NA","type",761
"subtlex_uk",7,26018,"bigram","NB","type",61
"subtlex_uk",7,26018,"bigram","NC","type",353
"subtlex_uk",7,26018,"bigram","ND","type",846
"subtlex_uk",7,26018,"bigram","NE","type",1325
"subtlex_uk",7,26018,"bigram","NF","type",98
"subtlex_uk",7,26018,"bigram","NG","type",2110
"subtlex_uk",7,26018,"bigram","NH","type",68
"subtlex_uk",7,26018,"bigram","NI","type",840
"subtlex_uk",7,26018,"bigram","NJ","type",38
"subtlex_uk",7,26018,"bigram","NK","type",263
"subtlex_uk",7,26018,"bigram","NL","type",79
"subtlex_uk",7,26018,"bigram","NM","type",28
"subtlex_uk",7,26018,"bigram","NN","type",478
"subtlex_uk",7,26018,"bigram","NO","type",478
"subtlex_uk",7,26018,"bigram","NP","type",18
"subtlex_uk",7,26018,"bigram","NQ","type",12
"subtlex_uk",7,26018,"bigram","NR","type",44
"subtlex_uk",7,26018,"bigram","NS","type",808
"subtlex_uk",7,26018,"bigram","NT","type",846
"subtlex_uk",7,26018,"bigram","NU","type",177
"subtlex_uk",7,26018,"bigram","NV","type",42
"subtlex_uk",7,26018,"bigram","NW","type",49
"subtlex_uk",7,26018,"bigram","NX","type",11
"subtlex_uk",7,26018,"bigram","NY","type",119
"subtlex_uk",7,26018,"bigram","NZ","type",52
"subtlex_uk",7,26018,"bigram","OA","type",199
"subtlex_uk",7,26018,"bigram","OB","type",232
"subtlex_uk",7,26018,"bigram","OC","type",377
"subtlex_uk",7,26018,"bigram","OD","type",354
"subtlex_uk",7,26018,"bigram","OE","type",128
"subtlex_uk",7,26018,"bigram","OF","type",163
"subtlex_uk",7,26018,"bigram","OG","type",219
"subtlex_uk",7,26018,"bigram","OH","type",56
"subtlex_uk",7,26018,"bigram","OI","type",214
"subtlex_uk",7,26018,"bigram","OJ","type",12
"subtlex_uk",7,26018,"bigram","OK","type",146
"subtlex_uk",7,26018,"bigram","OL","type",763
"subtlex_uk",7,26018,"bigram","OM","type",456
"subtlex_uk",7,26018,"bigram","ON","type",1713
"subtlex_uk",7,26018,"bigram","OO","type",783
"subtlex_uk",7,26018,"bigram","OP","type",360
"subtlex_uk",7,26018,"bigram","OQ","type",5
"subtlex_uk",7,26018,"bigram","OR","type",1337
"subtlex_uk",7,26018,"bigram","OS","type",556
"subtlex_uk",7,26018,"bigram","OT","type",548
"subtlex_uk",7,26018,"bigram","OU","type",847
"subtlex_uk",7,26018,"bigram","OV","type",223
"subtlex_uk",7,26018,"bigram","OW","type",427
"subtlex_uk",7,26018,"bigram","OX","type",108
"subtlex_uk",7,26018,"bigram","OY","type",134
"subtlex_uk",7,26018,"bigram","OZ","type",53
"subtlex_uk",7,26018,"bigram","PA","type",579
"subtlex_uk",7,26018,"bigram","PB","type",49
"subtlex_uk",7,26018,"bigram","PC","type",10
"subtlex_uk",7,26018,"bigram","PD","type",9
"subtlex_uk",7,26018,"bigram","PE","type",764
"subtlex_uk",7,26018,"bigram","PF","type",19
"subtlex_uk",7,26018,"bigram","PG","type",6
"subtlex_uk",7,26018,"bigram","PH","type",169
"subtlex_uk",7,26018,"bigram","PI","type",631
"subtlex_uk",7,26018,"bigram","PJ","type",0
"subtlex_uk",7,26018,"bigram","PK","type",13
"subtlex_uk",7,26018,"bigram","PL","type",382
"subtlex_uk",7,26018,"bigram","PM","type",8
"subtlex_uk",7,26018,"bigram","PN","type",7
"subtlex_uk",7,26018,"bigram","PO","type",458
"subtlex_uk",7,26018,"bigram","PP","type",319
"subtlex_uk",7,26018,"bigram","PQ","type",0
"subtlex_uk",7,26018,"bigram","PR","type",387
"subtlex_uk",7,26018,"bigram","PS","type",147
"subtlex_uk",7,26018,"bigram","PT","type",116
"subtlex_uk",7,26018,"bigram","PU","type",184
"subtlex_uk",7,26018,"bigram","PV","type",0
"subtlex_uk",7,26018,"bigram","PW","type",22
"subtlex_uk",7,26018,"bigram","PX","type",0
"subtlex_uk",7,26018,"bigram","PY","type",39
"subtlex_uk",7,26018,"bigram","PZ","type",2
"subtlex_uk",7,26018,"bigram","QA","type",15
"subtlex_uk",7,26018,"bigram","QB","type",1
"subtlex_uk",7,26018,"bigram","QC","type",0
"subtlex_uk",7,26018,"bigram","QD","type",0
"subtlex_uk",7,26018,"bigram","QE","type",2
"subtlex_uk",7,26018,"bigram","QF","type",0
"subtlex_uk",7,26018,"bigram","QG","type",0
"subtlex_uk",7,26018,"bigram","QH","type",0
"subtlex_uk",7,26018,"bigram","QI","type",8
"subtlex_uk",7,26018,"bigram","QJ","type",0
"subtlex_uk",7,26018,"bigram","QK","type",0
"subtlex_uk",7,26018,"bigram","QL","type",0
"subtlex_uk",7,26018,"bigram","QM","type",0
"subtlex_uk",7,26018,"bigram","QN","type",0
"subtlex_uk",7,26018,"bigram","QO","type",0
"subtlex_uk",7,26018,"bigram","QP","type",0
"subtlex_uk",7,26018,"bigram","QQ","type",3
"subtlex_uk",7,26018,"bigram","QR","type",0
"subtlex_uk",7,26018,"bigram","QS","type",1
"subtlex_uk",7,26018,"bigram","QT","type",2
"subtlex_uk",7,26018,"bigram","QU","type",311
"subtlex_uk",7,26018,"bigram","QV","type",1
"subtlex_uk",7,26018,"bigram","QW","type",0
"subtlex_uk",7,26018,"bigram","QX","type",0
"subtlex_uk",7,26018,"bigram","QY","type",0
"subtlex_uk",7,26018,"bigram","QZ","type",0
"subtlex_uk",7,26018,"bigram","RA","type",1549
"subtlex_uk",7,26018,"bigram","RB","type",169
"subtlex_uk",7,26018,"bigram","RC","type",159
"subtlex_uk",7,26018,"bigram","RD","type",538
"subtlex_uk",7,26018,"bigram","RE","type",1992
"subtlex_uk",7,26018,"bigram","RF","type",55
"subtlex_uk",7,26018,"bigram","RG","type",252
"subtlex_uk",7,26018,"bigram","RH","type",58
"subtlex_uk",7,26018,"bigram","RI","type",1499
"subtlex_uk",7,26018,"bigram","RJ","type",8
"subtlex_uk",7,26018,"bigram","RK","type",170
"subtlex_uk",7,26018,"bigram","RL","type",215
"subtlex_uk",7,26018,"bigram","RM","type",229
"subtlex_uk",7,26018,"bigram","RN","type",369
"subtlex_uk",7,26018,"bigram","RO","type",1172
"subtlex_uk",7,26018,"bigram","RP","type",119
"subtlex_uk",7,26018,"bigram","RQ","type",15
"subtlex_uk",7,26018,"bigram","RR","type",537
"subtlex_uk",7,26018,"bigram","RS","type",1160
"subtlex_uk",7,26018,"bigram","RT","type",527
"subtlex_uk",7,26018,"bigram","RU","type",408
"subtlex_uk",7,26018,"bigram","RV","type",90
"subtlex_uk",7,26018,"bigram","RW","type",57
"subtlex_uk",7,26018,"bigram","RX","type",4
"subtlex_uk",7,26018,"bigram","RY","type",405
"subtlex_uk",7,26018,"bigram","RZ","type",20
"subtlex_uk",7,26018,"bigram","SA","type",539
"subtlex_uk",7,26018,"bigram","SB","type",45
"subtlex_uk",7,26018,"bigram","SC","type",389
"subtlex_uk",7,26018,"bigram","SD","type",31
"subtlex_uk",7,26018,"bigram","SE","type",1056
"subtlex_uk",7,26018,"bigram","SF","type",17
"subtlex_uk",7,26018,"bigram","SG","type",6
"subtlex_uk",7,26018,"bigram","SH","type",1010
"subtlex_uk",7,26018,"bigram","SI","type",683
"subtlex_uk",7,26018,"bigram","SJ","type",1
"subtlex_uk",7,26018,"bigram","SK","type",205
"subtlex_uk",7,26018,"bigram","SL","type",238
"subtlex_uk",7,26018,"bigram","SM","type",187
"subtlex_uk",7,26018,"bigram","SN","type",121
"subtlex_uk",7,26018,"bigram","SO","type",496
"subtlex_uk",7,26018,"bigram","SP","type",319
"subtlex_uk",7,26018,"bigram","SQ","type",60
"subtlex_uk",7,26018,"bigram","SR","type",17
"subtlex_uk",7,26018,"bigram","SS","type",712
"subtlex_uk",7,26018,"bigram","ST","type",1516
"subtlex_uk",7,26018,"bigram","SU","type",313
"subtlex_uk",7,26018,"bigram","SV","type",6
"subtlex_uk",7,26018,"bigram","SW","type",127
"subtlex_uk",7,26018,"bigram","SX","type",0
"subtlex_uk",7,26018,"bigram","SY","type",82
"subtlex_uk",7,26018,"bigram","SZ","type",8
"subtlex_uk",7,26018,"bigram","TA","type",955
"subtlex_uk",7,26018,"bigram","TB","type",36
"subtlex_uk",7,26018,"bigram","TC","type",146
"subtlex_uk",7,26018,"bigram","TD","type",16
"subtlex_uk",7,26018,"bigram","TE","type",1656
"subtlex_uk",7,26018,"bigram","TF","type",30
"subtlex_uk",7,26018,"bigram","TG","type",9
"subtlex_uk",7,26018,"bigram","TH","type",714
"subtlex_uk",7,26018,"bigram","TI","type",1161
"subtlex_uk",7,26018,"bigram","TJ","type",5
"subtlex_uk",7,26018,"bigram","TK","type",32
"subtlex_uk",7,26018,"bigram","TL","type",256
"subtlex_uk",7,26018,"bigram","TM","type",55
"subtlex_uk",7,26018,"bigram","TN","type",48
"subtlex_uk",7,26018,"bigram","TO","type",966
"subtlex_uk",7,26018,"bigram","TP","type",31
"subtlex_uk",7,26018,"bigram","TQ","type",1
"subtlex_uk",7,26018,"bigram","TR","type",613
"subtlex_uk",7,26018,"bigram","TS","type",534
"subtlex_uk",7,26018,"bigram","TT","type",793
"subtlex_uk",7,26018,"bigram","TU","type",306
"subtlex_uk",7,26018,"bigram","TV","type",4
"subtlex_uk",7,26018,"bigram","TW","type",121
"subtlex_uk",7,26018,"bigram","TX","type",2
"subtlex_uk",7,26018,"bigram","TY","type",268
"subtlex_uk",7,26018,"bigram","TZ","type",61
"subtlex_uk",7,26018,"bigram","UA","type",187
"subtlex_uk",7,26018,"bigram","UB","type",176
"subtlex_uk",7,26018,"bigram","UC","type",238
"subtlex_uk",7,26018,"bigram","UD","type",231
"subtlex_uk",7,26018,"bigram","UE","type",272
"subtlex_uk",7,26018,"bigram","UF","type",105
"subtlex_uk",7,26018,"bigram","UG","type",208
"subtlex_uk",7,26018,"bigram","UH","type",12
"subtlex_uk",7,26018,"bigram","UI","type",246
"subtlex_uk",7,26018,"bigram","UJ","type",12
"subtlex_uk",7,26018,"bigram","UK","type",48
"subtlex_uk",7,26018,"bigram","UL","type",483
"subtlex_uk",7,26018,"bigram","UM","type",446
"subtlex_uk",7,26018,"bigram","UN","type",668
"subtlex_uk",7,26018,"bigram","UO","type",26
"subtlex_uk",7,26018,"bigram","UP","type",201
"subtlex_uk",7,26018,"bigram","UQ","type",4
"subtlex_uk",7,26018,"bigram","UR","type",890
"subtlex_uk",7,26018,"bigram","US","type",715
"subtlex_uk",7,26018,"bigram","UT","type",469
"subtlex_uk",7,26018,"bigram","UU","type",22
"subtlex_uk",7,26018,"bigram","UV","type",36
"subtlex_uk",7,26018,"bigram","UW","type",5
"subtlex_uk",7,26018,"bigram","UX","type",40
"subtlex_uk",7,26018,"bigram","UY","type",19
"subtlex_uk",7,26018,"bigram","UZ","type",48
"subtlex_uk",7,26018,"bigram","VA","type",296
"subtlex_uk",7,26018,"bigram","VB","type",1
"subtlex_uk",7,26018,"bigram","VC","type",1
"subtlex_uk",7,26018,"bigram","VD","type",2
"subtlex_uk",7,26018,"bigram","VE","type",690
"subtlex_uk",7,26018,"bigram","VF","type",0
"subtlex_uk",7,26018,"bigram","VG","type",2
"subtlex_uk",7,26018,"bigram","VH","type",0
"subtlex_uk",7,26018,"bigram","VI","type",420
"subtlex_uk",7,26018,"bigram","VJ","type",0
"subtlex_uk",7,26018,"bigram","VK","type",1
"subtlex_uk",7,26018,"bigram","VL","type",8
"subtlex_uk",7,26018,"bigram","VM","type",0
"subtlex_uk",7,26018,"bigram","VN","type",1
"subtlex_uk",7,26018,"bigram","VO","type",130
"subtlex_uk",7,26018,"bigram","VP","type",1
"subtlex_uk",7,26018,"bigram","VQ","type",0
"subtlex_uk",7,26018,"bigram","VR","type",16
"subtlex_uk",7,26018,"bigram","VS","type",6
"subtlex_uk",7,26018,"bigram","VT","type",0
"subtlex_uk",7,26018,"bigram","VU","type",15
"subtlex_uk",7,26018,"bigram","VV","type",16
"subtlex_uk",7,26018,"bigram","VW","type",0
"subtlex_uk",7,26018,"bigram","VX","type",0
"subtlex_uk",7,26018,"bigram","VY","type",10
"subtlex_uk",7,26018,"bigram","VZ","type",0
"subtlex_uk",7,26018,"bigram","WA","type",544
"subtlex_uk",7,26018,"bigram","WB","type",27
"subtlex_uk",7,26018,"bigram","WC","type",10
"subtlex_uk",7,26018,"bigram","WD","type",31
"subtlex_uk",7,26018,"bigram","WE","type",370
"subtlex_uk",7,26018,"bigram","WF","type",7
"subtlex_uk",7,26018,"bigram","WG","type",7
"subtlex_uk",7,26018,"bigram","WH","type",194
"subtlex_uk",7,26018,"bigram","WI","type",411
"subtlex_uk",7,26018,"bigram","WJ","type",1
"subtlex_uk",7,26018,"bigram","WK","type",21
"subtlex_uk",7,26018,"bigram","WL","type",68
"subtlex_uk",7,26018,"bigram","WM","type",23
"subtlex_uk",7,26018,"bigram","WN","type",81
"subtlex_uk",7,26018,"bigram","WO","type",244
"subtlex_uk",7,26018,"bigram","WP","type",9
"subtlex_uk",7,26018,"bigram","WQ","type",2
"subtlex_uk",7,26018,"bigram","WR","type",65
"subtlex_uk",7,26018,"bigram","WS","type",100
"subtlex_uk",7,26018,"bigram","WT","type",17
"subtlex_uk",7,26018,"bigram","WU","type",13
"subtlex_uk",7,26018,"bigram","WV","type",0
"subtlex_uk",7,26018,"bigram","WW","type",20
"subtlex_uk",7,26018,"bigram","WX","type",0
"subtlex_uk",7,26018,"bigram","WY","type",58
"subtlex_uk",7,26018,"bigram","WZ","type",4
"subtlex_uk",7,26018,"bigram","XA","type",26
"subtlex_uk",7,26018,"bigram","XB","type",5
"subtlex_uk",7,26018,"bigram","XC","type",30
"subtlex_uk",7,26018,"bigram","XD","type",0
"subtlex_uk",7,26018,"bigram","XE","type",43
"subtlex_uk",7,26018,"bigram","XF","type",9
"subtlex_uk",7,26018,"bigram","XG","type",0
"subtlex_uk",7,26018,"bigram","XH","type",18
"subtlex_uk",7,26018,"bigram","XI","type",57
"subtlex_uk",7,26018,"bigram","XJ","type",0
"subtlex_uk",7,26018,"bigram","XK","type",1
"subtlex_uk",7,26018,"bigram","XL","type",4
"subtlex_uk",7,26018,"bigram","XM","type",7
"subtlex_uk",7,26018,"bigram","XN","type",1
"subtlex_uk",7,26018,"bigram","XO","type",12
"subtlex_uk",7,26018,"bigram","XP","type",28
"subtlex_uk",7,26018,"bigram","XQ","type",0
"subtlex_uk",7,26018,"bigram","XR","type",2
"subtlex_uk",7,26018,"bigram","XS","type",7
"subtlex_uk",7,26018,"bigram","XT","type",48
"subtlex_uk",7,26018,"bigram","XU","type",6
"subtlex_uk",7,26018,"bigram","XV","type",0
"subtlex_uk",7,26018,"bigram","XW","type",8
"subtlex_uk",7,26018,"bigram","XX","type",1
"subtlex_uk",7,26018,"bigram","XY","type",3
"subtlex_uk",7,26018,"bigram","XZ","type",1
"subtlex_uk",7,26018,"bigram","YA","type",149
"subtlex_uk",7,26018,"bigram","YB","type",43
"subtlex_uk",7,26018,"bigram","YC","type",53
"subtlex_uk",7,26018,"bigram","YD","type",55
"subtlex_uk",7,26018,"bigram","YE","type",183
"subtlex_uk",7,26018,"bigram","YF","type",17
"subtlex_uk",7,26018,"bigram","YG","type",19
"subtlex_uk",7,26018,"bigram","YH","type",10
"subtlex_uk",7,26018,"bigram","YI","type",73
"subtlex_uk",7,26018,"bigram","YJ","type",2
"subtlex_uk",7,26018,"bigram","YK","type",13
"subtlex_uk",7,26018,"bigram","YL","type",85
"subtlex_uk",7,26018,"bigram","YM","type",48
"subtlex_uk",7,26018,"bigram","YN","type",157
"subtlex_uk",7,26018,"bigram","YO","type",100
"subtlex_uk",7,26018,"bigram","YP","type",37
"subtlex_uk",7,26018,"bigram","YQ","type",1
"subtlex_uk",7,26018,"bigram","YR","type",57
"subtlex_uk",7,26018,"bigram","YS","type",206
"subtlex_uk",7,26018,"bigram","YT","type",49
"subtlex_uk",7,26018,"bigram","YU","type",22
"subtlex_uk",7,26018,"bigram","YV","type",6
"subtlex_uk",7,26018,"bigram","YW","type",22
"subtlex_uk",7,26018,"bigram","YX","type",1
"subtlex_uk",7,26018,"bigram","YY","type",5
"subtlex_uk",7,26018,"bigram","YZ","type",4
"subtlex_uk",7,26018,"bigram","ZA","type",127
"subtlex_uk",7,26018,"bigram","ZB","type",4
"subtlex_uk",7,26018,"bigram","ZC","type",4
"subtlex_uk",7,26018,"bigram","ZD","type",1
"subtlex_uk",7,26018,"bigram","ZE","type",185
"subtlex_uk",7,26018,"bigram","ZF","type",0
"subtlex_uk",7,26018,"bigram","ZG","type",1
"subtlex_uk",7,26018,"bigram","ZH","type",10
"subtlex_uk",7,26018,"bigram","ZI","type",146
"subtlex_uk",7,26018,"bigram","ZJ","type",0
"subtlex_uk",7,26018,"bigram","ZK","type",4
"subtlex_uk",7,26018,"bigram","ZL","type",51
"subtlex_uk",7,26018,"bigram","ZM","type",9
"subtlex_uk",7,26018,"bigram","ZN","type",8
"subtlex_uk",7,26018,"bigram","ZO","type",60
"subtlex_uk",7,26018,"bigram","ZP","type",2
"subtlex_uk",7,26018,"bigram","ZQ","type",1
"subtlex_uk",7,26018,"bigram","ZR","type",1
"subtlex_uk",7,26018,"bigram","ZS","type",4
"subtlex_uk",7,26018,"bigram","ZT","type",2
"subtlex_uk",7,26018,"bigram","ZU","type",17
"subtlex_uk",7,26018,"bigram","ZV","type",2
"subtlex_uk",7,26018,"bigram","ZW","type",3
"subtlex_uk",7,26018,"bigram","ZX","type",0
"subtlex_uk",7,26018,"bigram","ZY","type",12
"subtlex_uk",7,26018,"bigram","ZZ","type",146
"subtlex_uk",8,22770,"bigram","AA","type",185
"subtlex_uk",8,22770,"bigram","AB","type",528
"subtlex_uk",8,22770,"bigram","AC","type",852
"subtlex_uk",8,22770,"bigram","AD","type",697
"subtlex_uk",8,22770,"bigram","AE","type",99
"subtlex_uk",8,22770,"bigram","AF","type",141
"subtlex_uk",8,22770,"bigram","AG","type",472
"subtlex_uk",8,22770,"bigram","AH","type",141
"subtlex_uk",8,22770,"bigram","AI","type",578
"subtlex_uk",8,22770,"bigram","AJ","type",32
"subtlex_uk",8,22770,"bigram","AK","type",242
"subtlex_uk",8,22770,"bigram","AL","type",1529
"subtlex_uk",8,22770,"bigram","AM","type",735
"subtlex_uk",8,22770,"bigram","AN","type",2581
"subtlex_uk",8,22770,"bigram","AO","type",30
"subtlex_uk",8,22770,"bigram","AP","type",352
"subtlex_uk",8,22770,"bigram","AQ","type",24
"subtlex_uk",8,22770,"bigram","AR","type",2029
"subtlex_uk",8,22770,"bigram","AS","type",932
"subtlex_uk",8,22770,"bigram","AT","type",1366
"subtlex_uk",8,22770,"bigram","AU","type",309
"subtlex_uk",8,22770,"bigram","AV","type",252
"subtlex_uk",8,22770,"bigram","AW","type",211
"subtlex_uk",8,22770,"bigram","AX","type",44
"subtlex_uk",8,22770,"bigram","AY","type",360
"subtlex_uk",8,22770,"bigram","AZ","type",96
"subtlex_uk",8,22770,"bigram","BA","type",726
"subtlex_uk",8,22770,"bigram","BB","type",145
"subtlex_uk",8,22770,"bigram","BC","type",7
"subtlex_uk",8,22770,"bigram","BD","type",12
"subtlex_uk",8,22770,"bigram","BE","type",721
"subtlex_uk",8,22770,"bigram","BF","type",4
"subtlex_uk",8,22770,"bigram","BG","type",16
"subtlex_uk",8,22770,"bigram","BH","type",15
"subtlex_uk",8,22770,"bigram","BI","type",358
"subtlex_uk",8,22770,"bigram","BJ","type",6
"subtlex_uk",8,22770,"bigram","BK","type",3
"subtlex_uk",8,22770,"bigram","BL","type",559
"subtlex_uk",8,22770,"bigram","BM","type",3
"subtlex_uk",8,22770,"bigram","BN","type",11
"subtlex_uk",8,22770,"bigram","BO","type",478
"subtlex_uk",8,22770,"bigram","BP","type",3
"subtlex_uk",8,22770,"bigram","BQ","type",0
"subtlex_uk",8,22770,"bigram","BR","type",454
"subtlex_uk",8,22770,"bigram","BS","type",76
"subtlex_uk",8,22770,"bigram","BT","type",31
"subtlex_uk",8,22770,"bigram","BU","type",384
"subtlex_uk",8,22770,"bigram","BV","type",2
"subtlex_uk",8,22770,"bigram","BW","type",10
"subtlex_uk",8,22770,"bigram","BX","type",0
"subtlex_uk",8,22770,"bigram","BY","type",70
"subtlex_uk",8,22770,"bigram","BZ","type",1
"subtlex_uk",8,22770,"bigram","CA","type",919
"subtlex_uk",8,22770,"bigram","CB","type",6
"subtlex_uk",8,22770,"bigram","CC","type",145
"subtlex_uk",8,22770,"bigram","CD","type",10
"subtlex_uk",8,22770,"bigram","CE","type",568
"subtlex_uk",8,22770,"bigram","CF","type",4
"subtlex_uk",8,22770,"bigram","CG","type",26
"subtlex_uk",8,22770,"bigram","CH","type",1273
"subtlex_uk",8,22770,"bigram","CI","type",346
"subtlex_uk",8,22770,"bigram","CJ","type",0
"subtlex_uk",8,22770,"bigram","CK","type",849
"subtlex_uk",8,22770,"bigram","CL","type",339
"subtlex_uk",8,22770,"bigram","CM","type",12
"subtlex_uk",8,22770,"bigram","CN","type",12
"subtlex_uk",8,22770,"bigram","CO","type",1017
"subtlex_uk",8,22770,"bigram","CP","type",2
"subtlex_uk",8,22770,"bigram","CQ","type",15
"subtlex_uk",8,22770,"bigram","CR","type",422
"subtlex_uk",8,22770,"bigram","CS","type",59
"subtlex_uk",8,22770,"bigram","CT","type",268
"subtlex_uk",8,22770,"bigram","CU","type",259
"subtlex_uk",8,22770,"bigram","CV","type",2
"subtlex_uk",8,22770,"bigram","CW","type",1
"subtlex_uk",8,22770,"bigram","CX","type",0
"subtlex_uk",8,22770,"bigram","CY","type",72
"subtlex_uk",8,22770,"bigram","CZ","type",4
"subtlex_uk",8,22770,"bigram","DA","type",465
"subtlex_uk",8,22770,"bigram","DB","type",70
"subtlex_uk",8,22770,"bigram","DC","type",28
"subtlex_uk",8,22770,"bigram","DD","type",171
"subtlex_uk",8,22770,"bigram","DE","type",1208
"subtlex_uk",8,22770,"bigram","DF","type",39
"subtlex_uk",8,22770,"bigram","DG","type",137
"subtlex_uk",8,22770,"bigram","DH","type",58
"subtlex_uk",8,22770,"bigram","DI","type",756
"subtlex_uk",8,22770,"bigram","DJ","type",19
"subtlex_uk",8,22770,"bigram","DK","type",7
"subtlex_uk",8,22770,"bigram","DL","type",203
"subtlex_uk",8,22770,"bigram","DM","type",48
"subtlex_uk",8,22770,"bigram","DN","type",30
"subtlex_uk",8,22770,"bigram","DO","type",484
"subtlex_uk",8,22770,"bigram","DP","type",20
"subtlex_uk",8,22770,"bigram","DQ","type",1
"subtlex_uk",8,22770,"bigram","DR","type",269
"subtlex_uk",8,22770,"bigram","DS","type",293
"subtlex_uk",8,22770,"bigram","DT","type",21
"subtlex_uk",8,22770,"bigram","DU","type",203
"subtlex_uk",8,22770,"bigram","DV","type",17
"subtlex_uk",8,22770,"bigram","DW","type",92
"subtlex_uk",8,22770,"bigram","DX","type",0
"subtlex_uk",8,22770,"bigram","DY","type",112
"subtlex_uk",8,22770,"bigram","DZ","type",9
"subtlex_uk",8,22770,"bigram","EA","type",1019
"subtlex_uk",8,22770,"bigram","EB","type",199
"subtlex_uk",8,22770,"bigram","EC","type",436
"subtlex_uk",8,22770,"bigram","ED","type",1984
"subtlex_uk",8,22770,"bigram","EE","type",696
"subtlex_uk",8,22770,"bigram","EF","type",220
"subtlex_uk",8,22770,"bigram","EG","type",228
"subtlex_uk",8,22770,"bigram","EH","type",86
"subtlex_uk",8,22770,"bigram","EI","type",288
"subtlex_uk",8,22770,"bigram","EJ","type",21
"subtlex_uk",8,22770,"bigram","EK","type",64
"subtlex_uk",8,22770,"bigram","EL","type",1346
"subtlex_uk",8,22770,"bigram","EM","type",445
"subtlex_uk",8,22770,"bigram","EN","type",1778
"subtlex_uk",8,22770,"bigram","EO","type",122
"subtlex_uk",8,22770,"bigram","EP","type",257
"subtlex_uk",8,22770,"bigram","EQ","type",38
"subtlex_uk",8,22770,"bigram","ER","type",3529
"subtlex_uk",8,22770,"bigram","ES","type",2525
"subtlex_uk",8,22770,"bigram","ET","type",939
"subtlex_uk",8,22770,"bigram","EU","type",141
"subtlex_uk",8,22770,"bigram","EV","type",286
"subtlex_uk",8,22770,"bigram","EW","type",198
"subtlex_uk",8,22770,"bigram","EX","type",160
"subtlex_uk",8,22770,"bigram","EY","type",356
"subtlex_uk",8,22770,"bigram","EZ","type",56
"subtlex_uk",8,22770,"bigram","FA","type",286
"subtlex_uk",8,22770,"bigram","FB","type",6
"subtlex_uk",8,22770,"bigram","FC","type",4
"subtlex_uk",8,22770,"bigram","FD","type",3
"subtlex_uk",8,22770,"bigram","FE","type",305
"subtlex_uk",8,22770,"bigram","FF","type",299
"subtlex_uk",8,22770,"bigram","FG","type",4
"subtlex_uk",8,22770,"bigram","FH","type",3
"subtlex_uk",8,22770,"bigram","FI","type",437
"subtlex_uk",8,22770,"bigram","FJ","type",0
"subtlex_uk",8,22770,"bigram","FK","type",2
"subtlex_uk",8,22770,"bigram","FL","type",308
"subtlex_uk",8,22770,"bigram","FM","type",6
"subtlex_uk",8,22770,"bigram","FN","type",7
"subtlex_uk",8,22770,"bigram","FO","type",396
"subtlex_uk",8,22770,"bigram","FP","type",14
"subtlex_uk",8,22770,"bigram","FQ","type",0
"subtlex_uk",8,22770,"bigram","FR","type",277
"subtlex_uk",8,22770,"bigram","FS","type",27
"subtlex_uk",8,22770,"bigram","FT","type",89
"subtlex_uk",8,22770,"bigram","FU","type",201
"subtlex_uk",8,22770,"bigram","FV","type",0
"subtlex_uk",8,22770,"bigram","FW","type",2
"subtlex_uk",8,22770,"bigram","FX","type",0
"subtlex_uk",8,22770,"bigram","FY","type",30
"subtlex_uk",8,22770,"bigram","FZ","type",1
"subtlex_uk",8,22770,"bigram","GA","type",479
"subtlex_uk",8,22770,"bigram","GB","type",21
"subtlex_uk",8,22770,"bigram","GC","type",3
"subtlex_uk",8,22770,"bigram","GD","type",16
"subtlex_uk",8,22770,"bigram","GE","type",691
"subtlex_uk",8,22770,"bigram","GF","type",15
"subtlex_uk",8,22770,"bigram","GG","type",199
"subtlex_uk",8,22770,"bigram","GH","type",373
"subtlex_uk",8,22770,"bigram","GI","type",363
"subtlex_uk",8,22770,"bigram","GJ","type",1
"subtlex_uk",8,22770,"bigram","GK","type",4
"subtlex_uk",8,22770,"bigram","GL","type",301
"subtlex_uk",8,22770,"bigram","GM","type",33
"subtlex_uk",8,22770,"bigram","GN","type",103
"subtlex_uk",8,22770,"bigram","GO","type",289
"subtlex_uk",8,22770,"bigram","GP","type",10
"subtlex_uk",8,22770,"bigram","GQ","type",0
"subtlex_uk",8,22770,"bigram","GR","type",417
"subtlex_uk",8,22770,"bigram","GS","type",320
"subtlex_uk",8,22770,"bigram","GT","type",40
"subtlex_uk",8,22770,"bigram","GU","type",190
"subtlex_uk",8,22770,"bigram","GV","type",3
"subtlex_uk",8,22770,"bigram","GW","type",45
"subtlex_uk",8,22770,"bigram","GX","type",0
"subtlex_uk",8,22770,"bigram","GY","type",51
"subtlex_uk",8,22770,"bigram","GZ","type",4
"subtlex_uk",8,22770,"bigram","HA","type",1045
"subtlex_uk",8,22770,"bigram","HB","type",30
"subtlex_uk",8,22770,"bigram","HC","type",13
"subtlex_uk",8,22770,"bigram","HD","type",16
"subtlex_uk",8,22770,"bigram","HE","type",1163
"subtlex_uk",8,22770,"bigram","HF","type",17
"subtlex_uk",8,22770,"bigram","HG","type",5
"subtlex_uk",8,22770,"bigram","HH","type",128
"subtlex_uk",8,22770,"bigram","HI","type",810
"subtlex_uk",8,22770,"bigram","HJ","type",0
"subtlex_uk",8,22770,"bigram","HK","type",11
"subtlex_uk",8,22770,"bigram","HL","type",61
"subtlex_uk",8,22770,"bigram","HM","type",78
"subtlex_uk",8,22770,"bigram","HN","type",50
"subtlex_uk",8,22770,"bigram","HO","type",719
"subtlex_uk",8,22770,"bigram","HP","type",6
"subtlex_uk",8,22770,"bigram","HQ","type",1
"subtlex_uk",8,22770,"bigram","HR","type",152
"subtlex_uk",8,22770,"bigram","HS","type",47
"subtlex_uk",8,22770,"bigram","HT","type",156
"subtlex_uk",8,22770,"bigram","HU","type",218
"subtlex_uk",8,22770,"bigram","HV","type",1
"subtlex_uk",8,22770,"bigram","HW","type",36
"subtlex_uk",8,22770,"bigram","HX","type",0
"subtlex_uk",8,22770,"bigram","HY","type",85
"subtlex_uk",8,22770,"bigram","HZ","type",0
"subtlex_uk",8,22770,"bigram","IA","type",669
"subtlex_uk",8,22770,"bigram","IB","type",179
"subtlex_uk",8,22770,"bigram","IC","type",1018
"subtlex_uk",8,22770,"bigram","ID","type",509
"subtlex_uk",8,22770,"bigram","IE","type",1096
"subtlex_uk",8,22770,"bigram","IF","type",219
"subtlex_uk",8,22770,"bigram","IG","type",427
"subtlex_uk",8,22770,"bigram","IH","type",26
"subtlex_uk",8,22770,"bigram","II","type",25
"subtlex_uk",8,22770,"bigram","IJ","type",16
"subtlex_uk",8,22770,"bigram","IK","type",90
"subtlex_uk",8,22770,"bigram","IL","type",925
"subtlex_uk",8,22770,"bigram","IM","type",395
"subtlex_uk",8,22770,"bigram","IN","type",3886
"subtlex_uk",8,22770,"bigram","IO","type",426
"subtlex_uk",8,22770,"bigram","IP","type",269
"subtlex_uk",8,22770,"bigram","IQ","type",39
"subtlex_uk",8,22770,"bigram","IR","type",536
"subtlex_uk",8,22770,"bigram","IS","type",1292
"subtlex_uk",8,22770,"bigram","IT","type",1010
"subtlex_uk",8,22770,"bigram","IU","type",94
"subtlex_uk",8,22770,"bigram","IV","type",245
"subtlex_uk",8,22770,"bigram","IW","type",15
"subtlex_uk",8,22770,"bigram","IX","type",36
"subtlex_uk",8,22770,"bigram","IY","type",17
"subtlex_uk",8,22770,"bigram","IZ","type",94
"subtlex_uk",8,22770,"bigram","JA","type",117
"subtlex_uk",8,22770,"bigram","JB","type",0
"subtlex_uk",8,22770,"bigram","JC","type",2
"subtlex_uk",8,22770,"bigram","JD","type",2
"subtlex_uk",8,22770,"bigram","JE","type",82
"subtlex_uk",8,22770,"bigram","JF","type",0
"subtlex_uk",8,22770,"bigram","JG","type",0
"subtlex_uk",8,22770,"bigram","JH","type",0
"subtlex_uk",8,22770,"bigram","JI","type",34
"subtlex_uk",8,22770,"bigram","JJ","type",1
"subtlex_uk",8,22770,"bigram","JK","type",1
"subtlex_uk",8,22770,"bigram","JL","type",1
"subtlex_uk",8,22770,"bigram","JM","type",2
"subtlex_uk",8,22770,"bigram","JN","type",1
"subtlex_uk",8,22770,"bigram","JO","type",83
"subtlex_uk",8,22770,"bigram","JP","type",2
"subtlex_uk",8,22770,"bigram","JQ","type",0
"subtlex_uk",8,22770,"bigram","JR","type",0
"subtlex_uk",8,22770,"bigram","JS","type",2
"subtlex_uk",8,22770,"bigram","JT","type",0
"subtlex_uk",8,22770,"bigram","JU","type",73
"subtlex_uk",8,22770,"bigram","JV","type",0
"subtlex_uk",8,22770,"bigram","JW","type",1
"subtlex_uk",8,22770,"bigram","JX","type",0
"subtlex_uk",8,22770,"bigram","JY","type",2
"subtlex_uk",8,22770,"bigram","JZ","type",0
"subtlex_uk",8,22770,"bigram","KA","type",238
"subtlex_uk",8,22770,"bigram","KB","type",20
"subtlex_uk",8,22770,"bigram","KC","type",9
"subtlex_uk",8,22770,"bigram","KD","type",10
"subtlex_uk",8,22770,"bigram","KE","type",549
"subtlex_uk",8,22770,"bigram","KF","type",35
"subtlex_uk",8,22770,"bigram","KG","type",4
"subtlex_uk",8,22770,"bigram","KH","type",69
"subtlex_uk",8,22770,"bigram","KI","type",520
"subtlex_uk",8,22770,"bigram","KJ","type",2
"subtlex_uk",8,22770,"bigram","KK","type",19
"subtlex_uk",8,22770,"bigram","KL","type",153
"subtlex_uk",8,22770,"bigram","KM","type",24
"subtlex_uk",8,22770,"bigram","KN","type",83
"subtlex_uk",8,22770,"bigram","KO","type",117
"subtlex_uk",8,22770,"bigram","KP","type",28
"subtlex_uk",8,22770,"bigram","KQ","type",0
"subtlex_uk",8,22770,"bigram","KR","type",48
"subtlex_uk",8,22770,"bigram","KS","type",152
"subtlex_uk",8,22770,"bigram","KT","type",30
"subtlex_uk",8,22770,"bigram","KU","type",44
"subtlex_uk",8,22770,"bigram","KV","type",2
"subtlex_uk",8,22770,"bigram","KW","type",58
"subtlex_uk",8,22770,"bigram","KX","type",0
"subtlex_uk",8,22770,"bigram","KY","type",60
"subtlex_uk",8,22770,"bigram","KZ","type",0
"subtlex_uk",8,22770,"bigram","LA","type",1401
"subtlex_uk",8,22770,"bigram","LB","type",77
"subtlex_uk",8,22770,"bigram","LC","type",69
"subtlex_uk",8,22770,"bigram","LD","type",320
"subtlex_uk",8,22770,"bigram","LE","type",2058
"subtlex_uk",8,22770,"bigram","LF","type",77
"subtlex_uk",8,22770,"bigram","LG","type",49
"subtlex_uk",8,22770,"bigram","LH","type",25
"subtlex_uk",8,22770,"bigram","LI","type",1634
"subtlex_uk",8,22770,"bigram","LJ","type",3
"subtlex_uk",8,22770,"bigram","LK","type",72
"subtlex_uk",8,22770,"bigram","LL","type",1460
"subtlex_uk",8,22770,"bigram","LM","type",112
"subtlex_uk",8,22770,"bigram","LN","type",18
"subtlex_uk",8,22770,"bigram","LO","type",856
"subtlex_uk",8,22770,"bigram","LP","type",63
"subtlex_uk",8,22770,"bigram","LQ","type",1
"subtlex_uk",8,22770,"bigram","LR","type",19
"subtlex_uk",8,22770,"bigram","LS","type",307
"subtlex_uk",8,22770,"bigram","LT","type",212
"subtlex_uk",8,22770,"bigram","LU","type",360
"subtlex_uk",8,22770,"bigram","LV","type",73
"subtlex_uk",8,22770,"bigram","LW","type",43
"subtlex_uk",8,22770,"bigram","LX","type",2
"subtlex_uk",8,22770,"bigram","LY","type",537
"subtlex_uk",8,22770,"bigram","LZ","type",9
"subtlex_uk",8,22770,"bigram","MA","type",1196
"subtlex_uk",8,22770,"bigram","MB","type",278
"subtlex_uk",8,22770,"bigram","MC","type",151
"subtlex_uk",8,22770,"bigram","MD","type",4
"subtlex_uk",8,22770,"bigram","ME","type",889
"subtlex_uk",8,22770,"bigram","MF","type",17
"subtlex_uk",8,22770,"bigram","MG","type",6
"subtlex_uk",8,22770,"bigram","MH","type",17
"subtlex_uk",8,22770,"bigram","MI","type",673
"subtlex_uk",8,22770,"bigram","MJ","type",1
"subtlex_uk",8,22770,"bigram","MK","type",3
"subtlex_uk",8,22770,"bigram","ML","type",37
"subtlex_uk",8,22770,"bigram","MM","type",193
"subtlex_uk",8,22770,"bigram","MN","type",34
"subtlex_uk",8,22770,"bigram","MO","type",580
"subtlex_uk",8,22770,"bigram","MP","type",340
"subtlex_uk",8,22770,"bigram","MQ","type",2
"subtlex_uk",8,22770,"bigram","MR","type",10
"subtlex_uk",8,22770,"bigram","MS","type",140
"subtlex_uk",8,22770,"bigram","MT","type",11
"subtlex_uk",8,22770,"bigram","MU","type",216
"subtlex_uk",8,22770,"bigram","MV","type",1
"subtlex_uk",8,22770,"bigram","MW","type",14
"subtlex_uk",8,22770,"bigram","MX","type",0
"subtlex_uk",8,22770,"bigram","MY","type",43
"subtlex_uk",8,22770,"bigram","MZ","type",4
"subtlex_uk",8,22770,"bigram","NA","type",734
"subtlex_uk",8,22770,"bigram","NB","type",87
"subtlex_uk",8,22770,"bigram","NC","type",472
"subtlex_uk",8,22770,"bigram","ND","type",969
"subtlex_uk",8,22770,"bigram","NE","type",1404
"subtlex_uk",8,22770,"bigram","NF","type",146
"subtlex_uk",8,22770,"bigram","NG","type",2452
"subtlex_uk",8,22770,"bigram","NH","type",89
"subtlex_uk",8,22770,"bigram","NI","type",844
"subtlex_uk",8,22770,"bigram","NJ","type",35
"subtlex_uk",8,22770,"bigram","NK","type",217
"subtlex_uk",8,22770,"bigram","NL","type",79
"subtlex_uk",8,22770,"bigram","NM","type",42
"subtlex_uk",8,22770,"bigram","NN","type",375
"subtlex_uk",8,22770,"bigram","NO","type",486
"subtlex_uk",8,22770,"bigram","NP","type",39
"subtlex_uk",8,22770,"bigram","NQ","type",17
"subtlex_uk",8,22770,"bigram","NR","type",40
"subtlex_uk",8,22770,"bigram","NS","type",818
"subtlex_uk",8,22770,"bigram","NT","type",1032
"subtlex_uk",8,22770,"bigram","NU","type",153
"subtlex_uk",8,22770,"bigram","NV","type",83
"subtlex_uk",8,22770,"bigram","NW","type",54
"subtlex_uk",8,22770,"bigram","NX","type",4
"subtlex_uk",8,22770,"bigram","NY","type",102
"subtlex_uk",8,22770,"bigram","NZ","type",37
"subtlex_uk",8,22770,"bigram","OA","type",201
"subtlex_uk",8,22770,"bigram","OB","type",203
"subtlex_uk",8,22770,"bigram","OC","type",391
"subtlex_uk",8,22770,"bigram","OD","type",367
"subtlex_uk",8,22770,"bigram","OE","type",92
"subtlex_uk",8,22770,"bigram","OF","type",141
"subtlex_uk",8,22770,"bigram","OG","type",212
"subtlex_uk",8,22770,"bigram","OH","type",56
"subtlex_uk",8,22770,"bigram","OI","type",205
"subtlex_uk",8,22770,"bigram","OJ","type",7
"subtlex_uk",8,22770,"bigram","OK","type",155
"subtlex_uk",8,22770,"bigram","OL","type",815
"subtlex_uk",8,22770,"bigram","OM","type",533
"subtlex_uk",8,22770,"bigram","ON","type",1746
"subtlex_uk",8,22770,"bigram","OO","type",789
"subtlex_uk",8,22770,"bigram","OP","type",339
"subtlex_uk",8,22770,"bigram","OQ","type",12
"subtlex_uk",8,22770,"bigram","OR","type",1511
"subtlex_uk",8,22770,"bigram","OS","type",540
"subtlex_uk",8,22770,"bigram","OT","type",545
"subtlex_uk",8,22770,"bigram","OU","type",847
"subtlex_uk",8,22770,"bigram","OV","type",358
"subtlex_uk",8,22770,"bigram","OW","type",404
"subtlex_uk",8,22770,"bigram","OX","type",67
"subtlex_uk",8,22770,"bigram","OY","type",97
"subtlex_uk",8,22770,"bigram","OZ","type",34
"subtlex_uk",8,22770,"bigram","PA","type",529
"subtlex_uk",8,22770,"bigram","PB","type",31
"subtlex_uk",8,22770,"bigram","PC","type",13
"subtlex_uk",8,22770,"bigram","PD","type",10
"subtlex_uk",8,22770,"bigram","PE","type",760
"subtlex_uk",8,22770,"bigram","PF","type",18
"subtlex_uk",8,22770,"bigram","PG","type",4
"subtlex_uk",8,22770,"bigram","PH","type",198
"subtlex_uk",8,22770,"bigram","PI","type",519
"subtlex_uk",8,22770,"bigram","PJ","type",2
"subtlex_uk",8,22770,"bigram","PK","type",10
"subtlex_uk",8,22770,"bigram","PL","type",388
"subtlex_uk",8,22770,"bigram","PM","type",13
"subtlex_uk",8,22770,"bigram","PN","type",11
"subtlex_uk",8,22770,"bigram","PO","type",503
"subtlex_uk",8,22770,"bigram","PP","type",254
"subtlex_uk",8,22770,"bigram","PQ","type",0
"subtlex_uk",8,22770,"bigram","PR","type",426
"subtlex_uk",8,22770,"bigram","PS","type",183
"subtlex_uk",8,22770,"bigram","PT","type",127
"subtlex_uk",8,22770,"bigram","PU","type",176
"subtlex_uk",8,22770,"bigram","PV","type",1
"subtlex_uk",8,22770,"bigram","PW","type",37
"subtlex_uk",8,22770,"bigram","PX","type",0
"subtlex_uk",8,22770,"bigram","PY","type",27
"subtlex_uk",8,22770,"bigram","PZ","type",0
"subtlex_uk",8,22770,"bigram","QA","type",5
"subtlex_uk",8,22770,"bigram","QB","type",0
"subtlex_uk",8,22770,"bigram","QC","type",0
"subtlex_uk",8,22770,"bigram","QD","type",0
"subtlex_uk",8,22770,"bigram","QE","type",1
"subtlex_uk",8,22770,"bigram","QF","type",0
"subtlex_uk",8,22770,"bigram","QG","type",0
"subtlex_uk",8,22770,"bigram","QH","type",1
"subtlex_uk",8,22770,"bigram","QI","type",2
"subtlex_uk",8,22770,"bigram","QJ","type",0
"subtlex_uk",8,22770,"bigram","QK","type",0
"subtlex_uk",8,22770,"bigram","QL","type",0
"subtlex_uk",8,22770,"bigram","QM","type",0
"subtlex_uk",8,22770,"bigram","QN","type",0
"subtlex_uk",8,22770,"bigram","QO","type",0
"subtlex_uk",8,22770,"bigram","QP","type",0
"subtlex_uk",8,22770,"bigram","QQ","type",0
"subtlex_uk",8,22770,"bigram","QR","type",0
"subtlex_uk",8,22770,"bigram","QS","type",0
"subtlex_uk",8,22770,"bigram","QT","type",0
"subtlex_uk",8,22770,"bigram","QU","type",331
"subtlex_uk",8,22770,"bigram","QV","type",0
"subtlex_uk",8,22770,"bigram","QW","type",0
"subtlex_uk",8,22770,"bigram","QX","type",0
"subtlex_uk",8,22770,"bigram","QY","type",0
"subtlex_uk",8,22770,"bigram","QZ","type",0
"subtlex_uk",8,22770,"bigram","RA","type",1587
"subtlex_uk",8,22770,"bigram","RB","type",163
"subtlex_uk",8,22770,"bigram","RC","type",199
"subtlex_uk",8,22770,"bigram","RD","type",527
"subtlex_uk",8,22770,"bigram","RE","type",2318
"subtlex_uk",8,22770,"bigram","RF","type",85
"subtlex_uk",8,22770,"bigram","RG","type",260
"subtlex_uk",8,22770,"bigram","RH","type",61
"subtlex_uk",8,22770,"bigram","RI","type",1612
"subtlex_uk",8,22770,"bigram","RJ","type",12
"subtlex_uk",8,22770,"bigram","RK","type",206
"subtlex_uk",8,22770,"bigram","RL","type",201
"subtlex_uk",8,22770,"bigram","RM","type",297
"subtlex_uk",8,22770,"bigram","RN","type",367
"subtlex_uk",8,22770,"bigram","RO","type",1198
"subtlex_uk",8,22770,"bigram","RP","type",115
"subtlex_uk",8,22770,"bigram","RQ","type",13
"subtlex_uk",8,22770,"bigram","RR","type",460
"subtlex_uk",8,22770,"bigram","RS","type",1043
"subtlex_uk",8,22770,"bigram","RT","type",630
"subtlex_uk",8,22770,"bigram","RU","type",402
"subtlex_uk",8,22770,"bigram","RV","type",81
"subtlex_uk",8,22770,"bigram","RW","type",44
"subtlex_uk",8,22770,"bigram","RX","type",1
"subtlex_uk",8,22770,"bigram","RY","type",384
"subtlex_uk",8,22770,"bigram","RZ","type",11
"subtlex_uk",8,22770,"bigram","SA","type",510
"subtlex_uk",8,22770,"bigram","SB","type",55
"subtlex_uk",8,22770,"bigram","SC","type",450
"subtlex_uk",8,22770,"bigram","SD","type",37
"subtlex_uk",8,22770,"bigram","SE","type",1092
"subtlex_uk",8,22770,"bigram","SF","type",37
"subtlex_uk",8,22770,"bigram","SG","type",18
"subtlex_uk",8,22770,"bigram","SH","type",933
"subtlex_uk",8,22770,"bigram","SI","type",706
"subtlex_uk",8,22770,"bigram","SJ","type",4
"subtlex_uk",8,22770,"bigram","SK","type",200
"subtlex_uk",8,22770,"bigram","SL","type",244
"subtlex_uk",8,22770,"bigram","SM","type",243
"subtlex_uk",8,22770,"bigram","SN","type",120
"subtlex_uk",8,22770,"bigram","SO","type",495
"subtlex_uk",8,22770,"bigram","SP","type",413
"subtlex_uk",8,22770,"bigram","SQ","type",68
"subtlex_uk",8,22770,"bigram","SR","type",11
"subtlex_uk",8,22770,"bigram","SS","type",848
"subtlex_uk",8,22770,"bigram","ST","type",1907
"subtlex_uk",8,22770,"bigram","SU","type",351
"subtlex_uk",8,22770,"bigram","SV","type",10
"subtlex_uk",8,22770,"bigram","SW","type",140
"subtlex_uk",8,22770,"bigram","SX","type",0
"subtlex_uk",8,22770,"bigram","SY","type",80
"subtlex_uk",8,22770,"bigram","SZ","type",7
"subtlex_uk",8,22770,"bigram","TA","type",939
"subtlex_uk",8,22770,"bigram","TB","type",54
"subtlex_uk",8,22770,"bigram","TC","type",200
"subtlex_uk",8,22770,"bigram","TD","type",15
"subtlex_uk",8,22770,"bigram","TE","type",1872
"subtlex_uk",8,22770,"bigram","TF","type",59
"subtlex_uk",8,22770,"bigram","TG","type",24
"subtlex_uk",8,22770,"bigram","TH","type",799
"subtlex_uk",8,22770,"bigram","TI","type",1429
"subtlex_uk",8,22770,"bigram","TJ","type",14
"subtlex_uk",8,22770,"bigram","TK","type",26
"subtlex_uk",8,22770,"bigram","TL","type",242
"subtlex_uk",8,22770,"bigram","TM","type",52
"subtlex_uk",8,22770,"bigram","TN","type",41
"subtlex_uk",8,22770,"bigram","TO","type",944
"subtlex_uk",8,22770,"bigram","TP","type",25
"subtlex_uk",8,22770,"bigram","TQ","type",1
"subtlex_uk",8,22770,"bigram","TR","type",753
"subtlex_uk",8,22770,"bigram","TS","type",583
"subtlex_uk",8,22770,"bigram","TT","type",627
"subtlex_uk",8,22770,"bigram","TU","type",343
"subtlex_uk",8,22770,"bigram","TV","type",4
"subtlex_uk",8,22770,"bigram","TW","type",144
"subtlex_uk",8,22770,"bigram","TX","type",0
"subtlex_uk",8,22770,"bigram","TY","type",280
"subtlex_uk",8,22770,"bigram","TZ","type",45
"subtlex_uk",8,22770,"bigram","UA","type",178
"subtlex_uk",8,22770,"bigram","UB","type",152
"subtlex_uk",8,22770,"bigram","UC","type",237
"subtlex_uk",8,22770,"bigram","UD","type",184
"subtlex_uk",8,22770,"bigram","UE","type",235
"subtlex_uk",8,22770,"bigram","UF","type",100
"subtlex_uk",8,22770,"bigram","UG","type",214
"subtlex_uk",8,22770,"bigram","UH","type",15
"subtlex_uk",8,22770,"bigram","UI","type",250
"subtlex_uk",8,22770,"bigram","UJ","type",10
"subtlex_uk",8,22770,"bigram","UK","type",55
"subtlex_uk",8,22770,"bigram","UL","type",492
"subtlex_uk",8,22770,"bigram","UM","type",432
"subtlex_uk",8,22770,"bigram","UN","type",773
"subtlex_uk",8,22770,"bigram","UO","type",35
"subtlex_uk",8,22770,"bigram","UP","type",199
"subtlex_uk",8,22770,"bigram","UQ","type",4
"subtlex_uk",8,22770,"bigram","UR","type",869
"subtlex_uk",8,22770,"bigram","US","type",699
"subtlex_uk",8,22770,"bigram","UT","type",448
"subtlex_uk",8,22770,"bigram","UU","type",14
"subtlex_uk",8,22770,"bigram","UV","type",24
"subtlex_uk",8,22770,"bigram","UW","type",6
"subtlex_uk",8,22770,"bigram","UX","type",38
"subtlex_uk",8,22770,"bigram","UY","type",11
"subtlex_uk",8,22770,"bigram","UZ","type",24
"subtlex_uk",8,22770,"bigram","VA","type",312
"subtlex_uk",8,22770,"bigram","VB","type",0
"subtlex_uk",8,22770,"bigram","VC","type",0
"subtlex_uk",8,22770,"bigram","VD","type",0
"subtlex_uk",8,22770,"bigram","VE","type",854
"subtlex_uk",8,22770,"bigram","VF","type",0
"subtlex_uk",8,22770,"bigram","VG","type",1
"subtlex_uk",8,22770,"bigram","VH","type",0
"subtlex_uk",8,22770,"bigram","VI","type",408
"subtlex_uk",8,22770,"bigram","VJ","type",0
"subtlex_uk",8,22770,"bigram","VK","type",1
"subtlex_uk",8,22770,"bigram","VL","type",8
"subtlex_uk",8,22770,"bigram","VM","type",0
"subtlex_uk",8,22770,"bigram","VN","type",3
"subtlex_uk",8,22770,"bigram","VO","type",125
"subtlex_uk",8,22770,"bigram","VP","type",0
"subtlex_uk",8,22770,"bigram","VQ","type",0
"subtlex_uk",8,22770,"bigram","VR","type",11
"subtlex_uk",8,22770,"bigram","VS","type",5
"subtlex_uk",8,22770,"bigram","VT","type",0
"subtlex_uk",8,22770,"bigram","VU","type",18
"subtlex_uk",8,22770,"bigram","VV","type",9
"subtlex_uk",8,22770,"bigram","VW","type",0
"subtlex_uk",8,22770,"bigram","VX","type",0
"subtlex_uk",8,22770,"bigram","VY","type",9
"subtlex_uk",8,22770,"bigram","VZ","type",0
"subtlex_uk",8,22770,"bigram","WA","type",491
"subtlex_uk",8,22770,"bigram","WB","type",35
"subtlex_uk",8,22770,"bigram","WC","type",9
"subtlex_uk",8,22770,"bigram","WD","type",21
"subtlex_uk",8,22770,"bigram","WE","type",377
"subtlex_uk",8,22770,"bigram","WF","type",12
"subtlex_uk",8,22770,"bigram","WG","type",4
"subtlex_uk",8,22770,"bigram","WH","type",181
"subtlex_uk",8,22770,"bigram","WI","type",376
"subtlex_uk",8,22770,"bigram","WJ","type",2
"subtlex_uk",8,22770,"bigram","WK","type",19
"subtlex_uk",8,22770,"bigram","WL","type",49
"subtlex_uk",8,22770,"bigram","WM","type",11
"subtlex_uk",8,22770,"bigram","WN","type",120
"subtlex_uk",8,22770,"bigram","WO","type",349
"subtlex_uk",8,22770,"bigram","WP","type",5
"subtlex_uk",8,22770,"bigram","WQ","type",0
"subtlex_uk",8,22770,"bigram","WR","type",67
"subtlex_uk",8,22770,"bigram","WS","type",66
"subtlex_uk",8,22770,"bigram","WT","type",12
"subtlex_uk",8,22770,"bigram","WU","type",11
"subtlex_uk",8,22770,"bigram","WV","type",0
"subtlex_uk",8,22770,"bigram","WW","type",13
"subtlex_uk",8,22770,"bigram","WX","type",0
"subtlex_uk",8,22770,"bigram","WY","type",22
"subtlex_uk",8,22770,"bigram","WZ","type",0
"subtlex_uk",8,22770,"bigram","XA","type",25
"subtlex_uk",8,22770,"bigram","XB","type",5
"subtlex_uk",8,22770,"bigram","XC","type",20
"subtlex_uk",8,22770,"bigram","XD","type",0
"subtlex_uk",8,22770,"bigram","XE","type",41
"subtlex_uk",8,22770,"bigram","XF","type",4
"subtlex_uk",8,22770,"bigram","XG","type",2
"subtlex_uk",8,22770,"bigram","XH","type",10
"subtlex_uk",8,22770,"bigram","XI","type",62
"subtlex_uk",8,22770,"bigram","XJ","type",0
"subtlex_uk",8,22770,"bigram","XK","type",0
"subtlex_uk",8,22770,"bigram","XL","type",0
"subtlex_uk",8,22770,"bigram","XM","type",0
"subtlex_uk",8,22770,"bigram","XN","type",0
"subtlex_uk",8,22770,"bigram","XO","type",14
"subtlex_uk",8,22770,"bigram","XP","type",37
"subtlex_uk",8,22770,"bigram","XQ","type",0
"subtlex_uk",8,22770,"bigram","XR","type",1
"subtlex_uk",8,22770,"bigram","XS","type",7
"subtlex_uk",8,22770,"bigram","XT","type",40
"subtlex_uk",8,22770,"bigram","XU","type",8
"subtlex_uk",8,22770,"bigram","XV","type",1
"subtlex_uk",8,22770,"bigram","XW","type",7
"subtlex_uk",8,22770,"bigram","XX","type",0
"subtlex_uk",8,22770,"bigram","XY","type",7
"subtlex_uk",8,22770,"bigram","XZ","type",0
"subtlex_uk",8,22770,"bigram","YA","type",125
"subtlex_uk",8,22770,"bigram","YB","type",51
"subtlex_uk",8,22770,"bigram","YC","type",62
"subtlex_uk",8,22770,"bigram","YD","type",50
"subtlex_uk",8,22770,"bigram","YE","type",123
"subtlex_uk",8,22770,"bigram","YF","type",26
"subtlex_uk",8,22770,"bigram","YG","type",17
"subtlex_uk",8,22770,"bigram","YH","type",8
"subtlex_uk",8,22770,"bigram","YI","type",118
"subtlex_uk",8,22770,"bigram","YJ","type",1
"subtlex_uk",8,22770,"bigram","YK","type",4
"subtlex_uk",8,22770,"bigram","YL","type",72
"subtlex_uk",8,22770,"bigram","YM","type",77
"subtlex_uk",8,22770,"bigram","YN","type",97
"subtlex_uk",8,22770,"bigram","YO","type",71
"subtlex_uk",8,22770,"bigram","YP","type",53
"subtlex_uk",8,22770,"bigram","YQ","type",0
"subtlex_uk",8,22770,"bigram","YR","type",54
"subtlex_uk",8,22770,"bigram","YS","type",225
"subtlex_uk",8,22770,"bigram","YT","type",39
"subtlex_uk",8,22770,"bigram","YU","type",13
"subtlex_uk",8,22770,"bigram","YV","type",1
"subtlex_uk",8,22770,"bigram","YW","type",34
"subtlex_uk",8,22770,"bigram","YX","type",4
"subtlex_uk",8,22770,"bigram","YY","type",1
"subtlex_uk",8,22770,"bigram","YZ","type",4
"subtlex_uk",8,22770,"bigram","ZA","type",80
"subtlex_uk",8,22770,"bigram","ZB","type",5
"subtlex_uk",8,22770,"bigram","ZC","type",3
"subtlex_uk",8,22770,"bigram","ZD","type",1
"subtlex_uk",8,22770,"bigram","ZE","type",121
"subtlex_uk",8,22770,"bigram","ZF","type",0
"subtlex_uk",8,22770,"bigram","ZG","type",0
"subtlex_uk",8,22770,"bigram","ZH","type",15
"subtlex_uk",8,22770,"bigram","ZI","type",92
"subtlex_uk",8,22770,"bigram","ZJ","type",1
"subtlex_uk",8,22770,"bigram","ZK","type",5
"subtlex_uk",8,22770,"bigram","ZL","type",36
"subtlex_uk",8,22770,"bigram","ZM","type",4
"subtlex_uk",8,22770,"bigram","ZN","type",4
"subtlex_uk",8,22770,"bigram","ZO","type",51
"subtlex_uk",8,22770,"bigram","ZP","type",2
"subtlex_uk",8,22770,"bigram","ZQ","type",0
"subtlex_uk",8,22770,"bigram","ZR","type",0
"subtlex_uk",8,22770,"bigram","ZS","type",0
"subtlex_uk",8,22770,"bigram","ZT","type",0
"subtlex_uk",8,22770,"bigram","ZU","type",21
"subtlex_uk",8,22770,"bigram","ZV","type",1
"subtlex_uk",8,22770,"bigram","ZW","type",2
"subtlex_uk",8,22770,"bigram","ZX","type",0
"subtlex_uk",8,22770,"bigram","ZY","type",9
"subtlex_uk",8,22770,"bigram","ZZ","type",81
"subtlex_uk",9,17911,"bigram","AA","type",166
"subtlex_uk",9,17911,"bigram","AB","type",438
"subtlex_uk",9,17911,"bigram","AC","type",775
"subtlex_uk",9,17911,"bigram","AD","type",593
"subtlex_uk",9,17911,"bigram","AE","type",100
"subtlex_uk",9,17911,"bigram","AF","type",131
"subtlex_uk",9,17911,"bigram","AG","type",364
"subtlex_uk",9,17911,"bigram","AH","type",91
"subtlex_uk",9,17911,"bigram","AI","type",469
"subtlex_uk",9,17911,"bigram","AJ","type",20
"subtlex_uk",9,17911,"bigram","AK","type",228
"subtlex_uk",9,17911,"bigram","AL","type",1360
"subtlex_uk",9,17911,"bigram","AM","type",580
"subtlex_uk",9,17911,"bigram","AN","type",2214
"subtlex_uk",9,17911,"bigram","AO","type",9
"subtlex_uk",9,17911,"bigram","AP","type",342
"subtlex_uk",9,17911,"bigram","AQ","type",15
"subtlex_uk",9,17911,"bigram","AR","type",1753
"subtlex_uk",9,17911,"bigram","AS","type",757
"subtlex_uk",9,17911,"bigram","AT","type",1524
"subtlex_uk",9,17911,"bigram","AU","type",271
"subtlex_uk",9,17911,"bigram","AV","type",225
"subtlex_uk",9,17911,"bigram","AW","type",132
"subtlex_uk",9,17911,"bigram","AX","type",36
"subtlex_uk",9,17911,"bigram","AY","type",211
"subtlex_uk",9,17911,"bigram","AZ","type",80
"subtlex_uk",9,17911,"bigram","BA","type",561
"subtlex_uk",9,17911,"bigram","BB","type",77
"subtlex_uk",9,17911,"bigram","BC","type",4
"subtlex_uk",9,17911,"bigram","BD","type",14
"subtlex_uk",9,17911,"bigram","BE","type",580
"subtlex_uk",9,17911,"bigram","BF","type",2
"subtlex_uk",9,17911,"bigram","BG","type",7
"subtlex_uk",9,17911,"bigram","BH","type",11
"subtlex_uk",9,17911,"bigram","BI","type",249
"subtlex_uk",9,17911,"bigram","BJ","type",9
"subtlex_uk",9,17911,"bigram","BK","type",1
"subtlex_uk",9,17911,"bigram","BL","type",501
"subtlex_uk",9,17911,"bigram","BM","type",5
"subtlex_uk",9,17911,"bigram","BN","type",6
"subtlex_uk",9,17911,"bigram","BO","type",459
"subtlex_uk",9,17911,"bigram","BP","type",3
"subtlex_uk",9,17911,"bigram","BQ","type",0
"subtlex_uk",9,17911,"bigram","BR","type",420
"subtlex_uk",9,17911,"bigram","BS","type",72
"subtlex_uk",9,17911,"bigram","BT","type",17
"subtlex_uk",9,17911,"bigram","BU","type",304
"subtlex_uk",9,17911,"bigram","BV","type",3
"subtlex_uk",9,17911,"bigram","BW","type",3
"subtlex_uk",9,17911,"bigram","BX","type",0
"subtlex_uk",9,17911,"bigram","BY","type",47
"subtlex_uk",9,17911,"bigram","BZ","type",3
"subtlex_uk",9,17911,"bigram","CA","type",891
"subtlex_uk",9,17911,"bigram","CB","type",2
"subtlex_uk",9,17911,"bigram","CC","type",128
"subtlex_uk",9,17911,"bigram","CD","type",12
"subtlex_uk",9,17911,"bigram","CE","type",569
"subtlex_uk",9,17911,"bigram","CF","type",6
"subtlex_uk",9,17911,"bigram","CG","type",17
"subtlex_uk",9,17911,"bigram","CH","type",1080
"subtlex_uk",9,17911,"bigram","CI","type",374
"subtlex_uk",9,17911,"bigram","CJ","type",0
"subtlex_uk",9,17911,"bigram","CK","type",654
"subtlex_uk",9,17911,"bigram","CL","type",307
"subtlex_uk",9,17911,"bigram","CM","type",10
"subtlex_uk",9,17911,"bigram","CN","type",5
"subtlex_uk",9,17911,"bigram","CO","type",978
"subtlex_uk",9,17911,"bigram","CP","type",4
"subtlex_uk",9,17911,"bigram","CQ","type",17
"subtlex_uk",9,17911,"bigram","CR","type",409
"subtlex_uk",9,17911,"bigram","CS","type",58
"subtlex_uk",9,17911,"bigram","CT","type",356
"subtlex_uk",9,17911,"bigram","CU","type",246
"subtlex_uk",9,17911,"bigram","CV","type",0
"subtlex_uk",9,17911,"bigram","CW","type",7
"subtlex_uk",9,17911,"bigram","CX","type",1
"subtlex_uk",9,17911,"bigram","CY","type",85
"subtlex_uk",9,17911,"bigram","CZ","type",3
"subtlex_uk",9,17911,"bigram","DA","type",351
"subtlex_uk",9,17911,"bigram","DB","type",54
"subtlex_uk",9,17911,"bigram","DC","type",32
"subtlex_uk",9,17911,"bigram","DD","type",131
"subtlex_uk",9,17911,"bigram","DE","type",1181
"subtlex_uk",9,17911,"bigram","DF","type",43
"subtlex_uk",9,17911,"bigram","DG","type",125
"subtlex_uk",9,17911,"bigram","DH","type",37
"subtlex_uk",9,17911,"bigram","DI","type",743
"subtlex_uk",9,17911,"bigram","DJ","type",10
"subtlex_uk",9,17911,"bigram","DK","type",4
"subtlex_uk",9,17911,"bigram","DL","type",146
"subtlex_uk",9,17911,"bigram","DM","type",35
"subtlex_uk",9,17911,"bigram","DN","type",24
"subtlex_uk",9,17911,"bigram","DO","type",414
"subtlex_uk",9,17911,"bigram","DP","type",16
"subtlex_uk",9,17911,"bigram","DQ","type",0
"subtlex_uk",9,17911,"bigram","DR","type",241
"subtlex_uk",9,17911,"bigram","DS","type",327
"subtlex_uk",9,17911,"bigram","DT","type",21
"subtlex_uk",9,17911,"bigram","DU","type",150
"subtlex_uk",9,17911,"bigram","DV","type",20
"subtlex_uk",9,17911,"bigram","DW","type",53
"subtlex_uk",9,17911,"bigram","DX","type",0
"subtlex_uk",9,17911,"bigram","DY","type",74
"subtlex_uk",9,17911,"bigram","DZ","type",4
"subtlex_uk",9,17911,"bigram","EA","type",860
"subtlex_uk",9,17911,"bigram","EB","type",184
"subtlex_uk",9,17911,"bigram","EC","type",511
"subtlex_uk",9,17911,"bigram","ED","type",1670
"subtlex_uk",9,17911,"bigram","EE","type",533
"subtlex_uk",9,17911,"bigram","EF","type",218
"subtlex_uk",9,17911,"bigram","EG","type",233
"subtlex_uk",9,17911,"bigram","EH","type",104
"subtlex_uk",9,17911,"bigram","EI","type",239
"subtlex_uk",9,17911,"bigram","EJ","type",19
"subtlex_uk",9,17911,"bigram","EK","type",43
"subtlex_uk",9,17911,"bigram","EL","type",1112
"subtlex_uk",9,17911,"bigram","EM","type",449
"subtlex_uk",9,17911,"bigram","EN","type",1677
"subtlex_uk",9,17911,"bigram","EO","type",100
"subtlex_uk",9,17911,"bigram","EP","type",293
"subtlex_uk",9,17911,"bigram","EQ","type",43
"subtlex_uk",9,17911,"bigram","ER","type",3219
"subtlex_uk",9,17911,"bigram","ES","type",2430
"subtlex_uk",9,17911,"bigram","ET","type",771
"subtlex_uk",9,17911,"bigram","EU","type",116
"subtlex_uk",9,17911,"bigram","EV","type",213
"subtlex_uk",9,17911,"bigram","EW","type",192
"subtlex_uk",9,17911,"bigram","EX","type",204
"subtlex_uk",9,17911,"bigram","EY","type",218
"subtlex_uk",9,17911,"bigram","EZ","type",39
"subtlex_uk",9,17911,"bigram","FA","type",232
"subtlex_uk",9,17911,"bigram","FB","type",5
"subtlex_uk",9,17911,"bigram","FC","type",5
"subtlex_uk",9,17911,"bigram","FD","type",2
"subtlex_uk",9,17911,"bigram","FE","type",266
"subtlex_uk",9,17911,"bigram","FF","type",189
"subtlex_uk",9,17911,"bigram","FG","type",0
"subtlex_uk",9,17911,"bigram","FH","type",2
"subtlex_uk",9,17911,"bigram","FI","type",448
"subtlex_uk",9,17911,"bigram","FJ","type",1
"subtlex_uk",9,17911,"bigram","FK","type",0
"subtlex_uk",9,17911,"bigram","FL","type",202
"subtlex_uk",9,17911,"bigram","FM","type",1
"subtlex_uk",9,17911,"bigram","FN","type",4
"subtlex_uk",9,17911,"bigram","FO","type",344
"subtlex_uk",9,17911,"bigram","FP","type",6
"subtlex_uk",9,17911,"bigram","FQ","type",0
"subtlex_uk",9,17911,"bigram","FR","type",222
"subtlex_uk",9,17911,"bigram","FS","type",25
"subtlex_uk",9,17911,"bigram","FT","type",83
"subtlex_uk",9,17911,"bigram","FU","type",157
"subtlex_uk",9,17911,"bigram","FV","type",0
"subtlex_uk",9,17911,"bigram","FW","type",0
"subtlex_uk",9,17911,"bigram","FX","type",0
"subtlex_uk",9,17911,"bigram","FY","type",36
"subtlex_uk",9,17911,"bigram","FZ","type",1
"subtlex_uk",9,17911,"bigram","GA","type",418
"subtlex_uk",9,17911,"bigram","GB","type",19
"subtlex_uk",9,17911,"bigram","GC","type",6
"subtlex_uk",9,17911,"bigram","GD","type",13
"subtlex_uk",9,17911,"bigram","GE","type",588
"subtlex_uk",9,17911,"bigram","GF","type",17
"subtlex_uk",9,17911,"bigram","GG","type",125
"subtlex_uk",9,17911,"bigram","GH","type",374
"subtlex_uk",9,17911,"bigram","GI","type",281
"subtlex_uk",9,17911,"bigram","GJ","type",0
"subtlex_uk",9,17911,"bigram","GK","type",0
"subtlex_uk",9,17911,"bigram","GL","type",244
"subtlex_uk",9,17911,"bigram","GM","type",26
"subtlex_uk",9,17911,"bigram","GN","type",126
"subtlex_uk",9,17911,"bigram","GO","type",229
"subtlex_uk",9,17911,"bigram","GP","type",5
"subtlex_uk",9,17911,"bigram","GQ","type",2
"subtlex_uk",9,17911,"bigram","GR","type",362
"subtlex_uk",9,17911,"bigram","GS","type",224
"subtlex_uk",9,17911,"bigram","GT","type",92
"subtlex_uk",9,17911,"bigram","GU","type",194
"subtlex_uk",9,17911,"bigram","GV","type",2
"subtlex_uk",9,17911,"bigram","GW","type",14
"subtlex_uk",9,17911,"bigram","GX","type",0
"subtlex_uk",9,17911,"bigram","GY","type",58
"subtlex_uk",9,17911,"bigram","GZ","type",6
"subtlex_uk",9,17911,"bigram","HA","type",863
"subtlex_uk",9,17911,"bigram","HB","type",39
"subtlex_uk",9,17911,"bigram","HC","type",23
"subtlex_uk",9,17911,"bigram","HD","type",13
"subtlex_uk",9,17911,"bigram","HE","type",921
"subtlex_uk",9,17911,"bigram","HF","type",24
"subtlex_uk",9,17911,"bigram","HG","type",11
"subtlex_uk",9,17911,"bigram","HH","type",111
"subtlex_uk",9,17911,"bigram","HI","type",694
"subtlex_uk",9,17911,"bigram","HJ","type",2
"subtlex_uk",9,17911,"bigram","HK","type",13
"subtlex_uk",9,17911,"bigram","HL","type",74
"subtlex_uk",9,17911,"bigram","HM","type",54
"subtlex_uk",9,17911,"bigram","HN","type",45
"subtlex_uk",9,17911,"bigram","HO","type",710
"subtlex_uk",9,17911,"bigram","HP","type",14
"subtlex_uk",9,17911,"bigram","HQ","type",0
"subtlex_uk",9,17911,"bigram","HR","type",144
"subtlex_uk",9,17911,"bigram","HS","type",60
"subtlex_uk",9,17911,"bigram","HT","type",205
"subtlex_uk",9,17911,"bigram","HU","type",175
"subtlex_uk",9,17911,"bigram","HV","type",1
"subtlex_uk",9,17911,"bigram","HW","type",66
"subtlex_uk",9,17911,"bigram","HX","type",0
"subtlex_uk",9,17911,"bigram","HY","type",94
"subtlex_uk",9,17911,"bigram","HZ","type",1
"subtlex_uk",9,17911,"bigram","IA","type",613
"subtlex_uk",9,17911,"bigram","IB","type",138
"subtlex_uk",9,17911,"bigram","IC","type",940
"subtlex_uk",9,17911,"bigram","ID","type",460
"subtlex_uk",9,17911,"bigram","IE","type",855
"subtlex_uk",9,17911,"bigram","IF","type",246
"subtlex_uk",9,17911,"bigram","IG","type",456
"subtlex_uk",9,17911,"bigram","IH","type",10
"subtlex_uk",9,17911,"bigram","II","type",18
"subtlex_uk",9,17911,"bigram","IJ","type",8
"subtlex_uk",9,17911,"bigram","IK","type",62
"subtlex_uk",9,17911,"bigram","IL","type",765
"subtlex_uk",9,17911,"bigram","IM","type",399
"subtlex_uk",9,17911,"bigram","IN","type",3582
"subtlex_uk",9,17911,"bigram","IO","type",593
"subtlex_uk",9,17911,"bigram","IP","type",208
"subtlex_uk",9,17911,"bigram","IQ","type",36
"subtlex_uk",9,17911,"bigram","IR","type",420
"subtlex_uk",9,17911,"bigram","IS","type",1304
"subtlex_uk",9,17911,"bigram","IT","type",907
"subtlex_uk",9,17911,"bigram","IU","type",109
"subtlex_uk",9,17911,"bigram","IV","type",290
"subtlex_uk",9,17911,"bigram","IW","type",13
"subtlex_uk",9,17911,"bigram","IX","type",23
"subtlex_uk",9,17911,"bigram","IY","type",6
"subtlex_uk",9,17911,"bigram","IZ","type",111
"subtlex_uk",9,17911,"bigram","JA","type",88
"subtlex_uk",9,17911,"bigram","JB","type",0
"subtlex_uk",9,17911,"bigram","JC","type",1
"subtlex_uk",9,17911,"bigram","JD","type",1
"subtlex_uk",9,17911,"bigram","JE","type",55
"subtlex_uk",9,17911,"bigram","JF","type",0
"subtlex_uk",9,17911,"bigram","JG","type",0
"subtlex_uk",9,17911,"bigram","JH","type",1
"subtlex_uk",9,17911,"bigram","JI","type",14
"subtlex_uk",9,17911,"bigram","JJ","type",1
"subtlex_uk",9,17911,"bigram","JK","type",0
"subtlex_uk",9,17911,"bigram","JL","type",0
"subtlex_uk",9,17911,"bigram","JM","type",0
"subtlex_uk",9,17911,"bigram","JN","type",0
"subtlex_uk",9,17911,"bigram","JO","type",59
"subtlex_uk",9,17911,"bigram","JP","type",1
"subtlex_uk",9,17911,"bigram","JQ","type",0
"subtlex_uk",9,17911,"bigram","JR","type",0
"subtlex_uk",9,17911,"bigram","JS","type",2
"subtlex_uk",9,17911,"bigram","JT","type",0
"subtlex_uk",9,17911,"bigram","JU","type",67
"subtlex_uk",9,17911,"bigram","JV","type",0
"subtlex_uk",9,17911,"bigram","JW","type",0
"subtlex_uk",9,17911,"bigram","JX","type",0
"subtlex_uk",9,17911,"bigram","JY","type",0
"subtlex_uk",9,17911,"bigram","JZ","type",0
"subtlex_uk",9,17911,"bigram","KA","type",141
"subtlex_uk",9,17911,"bigram","KB","type",33
"subtlex_uk",9,17911,"bigram","KC","type",9
"subtlex_uk",9,17911,"bigram","KD","type",11
"subtlex_uk",9,17911,"bigram","KE","type",429
"subtlex_uk",9,17911,"bigram","KF","type",30
"subtlex_uk",9,17911,"bigram","KG","type",2
"subtlex_uk",9,17911,"bigram","KH","type",62
"subtlex_uk",9,17911,"bigram","KI","type",330
"subtlex_uk",9,17911,"bigram","KJ","type",3
"subtlex_uk",9,17911,"bigram","KK","type",4
"subtlex_uk",9,17911,"bigram","KL","type",92
"subtlex_uk",9,17911,"bigram","KM","type",14
"subtlex_uk",9,17911,"bigram","KN","type",66
"subtlex_uk",9,17911,"bigram","KO","type",98
"subtlex_uk",9,17911,"bigram","KP","type",28
"subtlex_uk",9,17911,"bigram","KQ","type",0
"subtlex_uk",9,17911,"bigram","KR","type",26
"subtlex_uk",9,17911,"bigram","KS","type",201
"subtlex_uk",9,17911,"bigram","KT","type",15
"subtlex_uk",9,17911,"bigram","KU","type",24
"subtlex_uk",9,17911,"bigram","KV","type",4
"subtlex_uk",9,17911,"bigram","KW","type",40
"subtlex_uk",9,17911,"bigram","KX","type",0
"subtlex_uk",9,17911,"bigram","KY","type",44
"subtlex_uk",9,17911,"bigram","KZ","type",0
"subtlex_uk",9,17911,"bigram","LA","type",1224
"subtlex_uk",9,17911,"bigram","LB","type",74
"subtlex_uk",9,17911,"bigram","LC","type",50
"subtlex_uk",9,17911,"bigram","LD","type",285
"subtlex_uk",9,17911,"bigram","LE","type",1678
"subtlex_uk",9,17911,"bigram","LF","type",72
"subtlex_uk",9,17911,"bigram","LG","type",60
"subtlex_uk",9,17911,"bigram","LH","type",25
"subtlex_uk",9,17911,"bigram","LI","type",1456
"subtlex_uk",9,17911,"bigram","LJ","type",4
"subtlex_uk",9,17911,"bigram","LK","type",58
"subtlex_uk",9,17911,"bigram","LL","type",1266
"subtlex_uk",9,17911,"bigram","LM","type",86
"subtlex_uk",9,17911,"bigram","LN","type",15
"subtlex_uk",9,17911,"bigram","LO","type",731
"subtlex_uk",9,17911,"bigram","LP","type",37
"subtlex_uk",9,17911,"bigram","LQ","type",2
"subtlex_uk",9,17911,"bigram","LR","type",14
"subtlex_uk",9,17911,"bigram","LS","type",263
"subtlex_uk",9,17911,"bigram","LT","type",160
"subtlex_uk",9,17911,"bigram","LU","type",233
"subtlex_uk",9,17911,"bigram","LV","type",65
"subtlex_uk",9,17911,"bigram","LW","type",33
"subtlex_uk",9,17911,"bigram","LX","type",0
"subtlex_uk",9,17911,"bigram","LY","type",518
"subtlex_uk",9,17911,"bigram","LZ","type",2
"subtlex_uk",9,17911,"bigram","MA","type",1009
"subtlex_uk",9,17911,"bigram","MB","type",271
"subtlex_uk",9,17911,"bigram","MC","type",119
"subtlex_uk",9,17911,"bigram","MD","type",2
"subtlex_uk",9,17911,"bigram","ME","type",801
"subtlex_uk",9,17911,"bigram","MF","type",13
"subtlex_uk",9,17911,"bigram","MG","type",2
"subtlex_uk",9,17911,"bigram","MH","type",13
"subtlex_uk",9,17911,"bigram","MI","type",579
"subtlex_uk",9,17911,"bigram","MJ","type",1
"subtlex_uk",9,17911,"bigram","MK","type",3
"subtlex_uk",9,17911,"bigram","ML","type",13
"subtlex_uk",9,17911,"bigram","MM","type",164
"subtlex_uk",9,17911,"bigram","MN","type",25
"subtlex_uk",9,17911,"bigram","MO","type",500
"subtlex_uk",9,17911,"bigram","MP","type",337
"subtlex_uk",9,17911,"bigram","MQ","type",1
"subtlex_uk",9,17911,"bigram","MR","type",8
"subtlex_uk",9,17911,"bigram","MS","type",134
"subtlex_uk",9,17911,"bigram","MT","type",12
"subtlex_uk",9,17911,"bigram","MU","type",166
"subtlex_uk",9,17911,"bigram","MV","type",1
"subtlex_uk",9,17911,"bigram","MW","type",9
"subtlex_uk",9,17911,"bigram","MX","type",0
"subtlex_uk",9,17911,"bigram","MY","type",43
"subtlex_uk",9,17911,"bigram","MZ","type",0
"subtlex_uk",9,17911,"bigram","NA","type",648
"subtlex_uk",9,17911,"bigram","NB","type",84
"subtlex_uk",9,17911,"bigram","NC","type",544
"subtlex_uk",9,17911,"bigram","ND","type",1006
"subtlex_uk",9,17911,"bigram","NE","type",1459
"subtlex_uk",9,17911,"bigram","NF","type",137
"subtlex_uk",9,17911,"bigram","NG","type",2123
"subtlex_uk",9,17911,"bigram","NH","type",84
"subtlex_uk",9,17911,"bigram","NI","type",857
"subtlex_uk",9,17911,"bigram","NJ","type",25
"subtlex_uk",9,17911,"bigram","NK","type",165
"subtlex_uk",9,17911,"bigram","NL","type",54
"subtlex_uk",9,17911,"bigram","NM","type",33
"subtlex_uk",9,17911,"bigram","NN","type",283
"subtlex_uk",9,17911,"bigram","NO","type",446
"subtlex_uk",9,17911,"bigram","NP","type",42
"subtlex_uk",9,17911,"bigram","NQ","type",23
"subtlex_uk",9,17911,"bigram","NR","type",30
"subtlex_uk",9,17911,"bigram","NS","type",767
"subtlex_uk",9,17911,"bigram","NT","type",1097
"subtlex_uk",9,17911,"bigram","NU","type",123
"subtlex_uk",9,17911,"bigram","NV","type",86
"subtlex_uk",9,17911,"bigram","NW","type",50
"subtlex_uk",9,17911,"bigram","NX","type",3
"subtlex_uk",9,17911,"bigram","NY","type",62
"subtlex_uk",9,17911,"bigram","NZ","type",22
"subtlex_uk",9,17911,"bigram","OA","type",207
"subtlex_uk",9,17911,"bigram","OB","type",160
"subtlex_uk",9,17911,"bigram","OC","type",377
"subtlex_uk",9,17911,"bigram","OD","type",341
"subtlex_uk",9,17911,"bigram","OE","type",77
"subtlex_uk",9,17911,"bigram","OF","type",122
"subtlex_uk",9,17911,"bigram","OG","type",189
"subtlex_uk",9,17911,"bigram","OH","type",35
"subtlex_uk",9,17911,"bigram","OI","type",148
"subtlex_uk",9,17911,"bigram","OJ","type",7
"subtlex_uk",9,17911,"bigram","OK","type",125
"subtlex_uk",9,17911,"bigram","OL","type",750
"subtlex_uk",9,17911,"bigram","OM","type",533
"subtlex_uk",9,17911,"bigram","ON","type",1887
"subtlex_uk",9,17911,"bigram","OO","type",682
"subtlex_uk",9,17911,"bigram","OP","type",290
"subtlex_uk",9,17911,"bigram","OQ","type",7
"subtlex_uk",9,17911,"bigram","OR","type",1473
"subtlex_uk",9,17911,"bigram","OS","type",479
"subtlex_uk",9,17911,"bigram","OT","type",452
"subtlex_uk",9,17911,"bigram","OU","type",868
"subtlex_uk",9,17911,"bigram","OV","type",319
"subtlex_uk",9,17911,"bigram","OW","type",394
"subtlex_uk",9,17911,"bigram","OX","type",55
"subtlex_uk",9,17911,"bigram","OY","type",61
"subtlex_uk",9,17911,"bigram","OZ","type",23
"subtlex_uk",9,17911,"bigram","PA","type",515
"subtlex_uk",9,17911,"bigram","PB","type",40
"subtlex_uk",9,17911,"bigram","PC","type",7
"subtlex_uk",9,17911,"bigram","PD","type",10
"subtlex_uk",9,17911,"bigram","PE","type",714
"subtlex_uk",9,17911,"bigram","PF","type",10
"subtlex_uk",9,17911,"bigram","PG","type",3
"subtlex_uk",9,17911,"bigram","PH","type",206
"subtlex_uk",9,17911,"bigram","PI","type",352
"subtlex_uk",9,17911,"bigram","PJ","type",2
"subtlex_uk",9,17911,"bigram","PK","type",7
"subtlex_uk",9,17911,"bigram","PL","type",348
"subtlex_uk",9,17911,"bigram","PM","type",11
"subtlex_uk",9,17911,"bigram","PN","type",15
"subtlex_uk",9,17911,"bigram","PO","type",492
"subtlex_uk",9,17911,"bigram","PP","type",202
"subtlex_uk",9,17911,"bigram","PQ","type",0
"subtlex_uk",9,17911,"bigram","PR","type",444
"subtlex_uk",9,17911,"bigram","PS","type",143
"subtlex_uk",9,17911,"bigram","PT","type",131
"subtlex_uk",9,17911,"bigram","PU","type",131
"subtlex_uk",9,17911,"bigram","PV","type",0
"subtlex_uk",9,17911,"bigram","PW","type",19
"subtlex_uk",9,17911,"bigram","PX","type",0
"subtlex_uk",9,17911,"bigram","PY","type",23
"subtlex_uk",9,17911,"bigram","PZ","type",1
"subtlex_uk",9,17911,"bigram","QA","type",1
"subtlex_uk",9,17911,"bigram","QB","type",0
"subtlex_uk",9,17911,"bigram","QC","type",0
"subtlex_uk",9,17911,"bigram","QD","type",0
"subtlex_uk",9,17911,"bigram","QE","type",0
"subtlex_uk",9,17911,"bigram","QF","type",0
"subtlex_uk",9,17911,"bigram","QG","type",0
"subtlex_uk",9,17911,"bigram","QH","type",0
"subtlex_uk",9,17911,"bigram","QI","type",2
"subtlex_uk",9,17911,"bigram","QJ","type",0
"subtlex_uk",9,17911,"bigram","QK","type",0
"subtlex_uk",9,17911,"bigram","QL","type",0
"subtlex_uk",9,17911,"bigram","QM","type",0
"subtlex_uk",9,17911,"bigram","QN","type",0
"subtlex_uk",9,17911,"bigram","QO","type",1
"subtlex_uk",9,17911,"bigram","QP","type",0
"subtlex_uk",9,17911,"bigram","QQ","type",0
"subtlex_uk",9,17911,"bigram","QR","type",0
"subtlex_uk",9,17911,"bigram","QS","type",0
"subtlex_uk",9,17911,"bigram","QT","type",0
"subtlex_uk",9,17911,"bigram","QU","type",285
"subtlex_uk",9,17911,"bigram","QV","type",2
"subtlex_uk",9,17911,"bigram","QW","type",0
"subtlex_uk",9,17911,"bigram","QX","type",0
"subtlex_uk",9,17911,"bigram","QY","type",0
"subtlex_uk",9,17911,"bigram","QZ","type",0
"subtlex_uk",9,17911,"bigram","RA","type",1358
"subtlex_uk",9,17911,"bigram","RB","type",164
"subtlex_uk",9,17911,"bigram","RC","type",191
"subtlex_uk",9,17911,"bigram","RD","type",464
"subtlex_uk",9,17911,"bigram","RE","type",2072
"subtlex_uk",9,17911,"bigram","RF","type",89
"subtlex_uk",9,17911,"bigram","RG","type",267
"subtlex_uk",9,17911,"bigram","RH","type",71
"subtlex_uk",9,17911,"bigram","RI","type",1640
"subtlex_uk",9,17911,"bigram","RJ","type",11
"subtlex_uk",9,17911,"bigram","RK","type",183
"subtlex_uk",9,17911,"bigram","RL","type",199
"subtlex_uk",9,17911,"bigram","RM","type",286
"subtlex_uk",9,17911,"bigram","RN","type",338
"subtlex_uk",9,17911,"bigram","RO","type",1107
"subtlex_uk",9,17911,"bigram","RP","type",125
"subtlex_uk",9,17911,"bigram","RQ","type",10
"subtlex_uk",9,17911,"bigram","RR","type",368
"subtlex_uk",9,17911,"bigram","RS","type",802
"subtlex_uk",9,17911,"bigram","RT","type",631
"subtlex_uk",9,17911,"bigram","RU","type",317
"subtlex_uk",9,17911,"bigram","RV","type",74
"subtlex_uk",9,17911,"bigram","RW","type",49
"subtlex_uk",9,17911,"bigram","RX","type",0
"subtlex_uk",9,17911,"bigram","RY","type",278
"subtlex_uk",9,17911,"bigram","RZ","type",11
"subtlex_uk",9,17911,"bigram","SA","type",414
"subtlex_uk",9,17911,"bigram","SB","type",60
"subtlex_uk",9,17911,"bigram","SC","type",437
"subtlex_uk",9,17911,"bigram","SD","type",36
"subtlex_uk",9,17911,"bigram","SE","type",1094
"subtlex_uk",9,17911,"bigram","SF","type",47
"subtlex_uk",9,17911,"bigram","SG","type",25
"subtlex_uk",9,17911,"bigram","SH","type",727
"subtlex_uk",9,17911,"bigram","SI","type",718
"subtlex_uk",9,17911,"bigram","SJ","type",2
"subtlex_uk",9,17911,"bigram","SK","type",157
"subtlex_uk",9,17911,"bigram","SL","type",174
"subtlex_uk",9,17911,"bigram","SM","type",216
"subtlex_uk",9,17911,"bigram","SN","type",73
"subtlex_uk",9,17911,"bigram","SO","type",414
"subtlex_uk",9,17911,"bigram","SP","type",342
"subtlex_uk",9,17911,"bigram","SQ","type",66
"subtlex_uk",9,17911,"bigram","SR","type",22
"subtlex_uk",9,17911,"bigram","SS","type",883
"subtlex_uk",9,17911,"bigram","ST","type",1824
"subtlex_uk",9,17911,"bigram","SU","type",328
"subtlex_uk",9,17911,"bigram","SV","type",11
"subtlex_uk",9,17911,"bigram","SW","type",137
"subtlex_uk",9,17911,"bigram","SX","type",0
"subtlex_uk",9,17911,"bigram","SY","type",65
"subtlex_uk",9,17911,"bigram","SZ","type",8
"subtlex_uk",9,17911,"bigram","TA","type",873
"subtlex_uk",9,17911,"bigram","TB","type",49
"subtlex_uk",9,17911,"bigram","TC","type",170
"subtlex_uk",9,17911,"bigram","TD","type",8
"subtlex_uk",9,17911,"bigram","TE","type",1974
"subtlex_uk",9,17911,"bigram","TF","type",51
"subtlex_uk",9,17911,"bigram","TG","type",13
"subtlex_uk",9,17911,"bigram","TH","type",790
"subtlex_uk",9,17911,"bigram","TI","type",1569
"subtlex_uk",9,17911,"bigram","TJ","type",4
"subtlex_uk",9,17911,"bigram","TK","type",18
"subtlex_uk",9,17911,"bigram","TL","type",193
"subtlex_uk",9,17911,"bigram","TM","type",47
"subtlex_uk",9,17911,"bigram","TN","type",38
"subtlex_uk",9,17911,"bigram","TO","type",978
"subtlex_uk",9,17911,"bigram","TP","type",22
"subtlex_uk",9,17911,"bigram","TQ","type",0
"subtlex_uk",9,17911,"bigram","TR","type",739
"subtlex_uk",9,17911,"bigram","TS","type",459
"subtlex_uk",9,17911,"bigram","TT","type",484
"subtlex_uk",9,17911,"bigram","TU","type",273
"subtlex_uk",9,17911,"bigram","TV","type",6
"subtlex_uk",9,17911,"bigram","TW","type",101
"subtlex_uk",9,17911,"bigram","TX","type",0
"subtlex_uk",9,17911,"bigram","TY","type",229
"subtlex_uk",9,17911,"bigram","TZ","type",38
"subtlex_uk",9,17911,"bigram","UA","type",181
"subtlex_uk",9,17911,"bigram","UB","type",137
"subtlex_uk",9,17911,"bigram","UC","type",207
"subtlex_uk",9,17911,"bigram","UD","type",145
"subtlex_uk",9,17911,"bigram","UE","type",218
"subtlex_uk",9,17911,"bigram","UF","type",51
"subtlex_uk",9,17911,"bigram","UG","type",165
"subtlex_uk",9,17911,"bigram","UH","type",5
"subtlex_uk",9,17911,"bigram","UI","type",198
"subtlex_uk",9,17911,"bigram","UJ","type",6
"subtlex_uk",9,17911,"bigram","UK","type",29
"subtlex_uk",9,17911,"bigram","UL","type",423
"subtlex_uk",9,17911,"bigram","UM","type",341
"subtlex_uk",9,17911,"bigram","UN","type",748
"subtlex_uk",9,17911,"bigram","UO","type",27
"subtlex_uk",9,17911,"bigram","UP","type",195
"subtlex_uk",9,17911,"bigram","UQ","type",0
"subtlex_uk",9,17911,"bigram","UR","type",748
"subtlex_uk",9,17911,"bigram","US","type",671
"subtlex_uk",9,17911,"bigram","UT","type",394
"subtlex_uk",9,17911,"bigram","UU","type",17
"subtlex_uk",9,17911,"bigram","UV","type",19
"subtlex_uk",9,17911,"bigram","UW","type",1
"subtlex_uk",9,17911,"bigram","UX","type",20
"subtlex_uk",9,17911,"bigram","UY","type",5
"subtlex_uk",9,17911,"bigram","UZ","type",13
"subtlex_uk",9,17911,"bigram","VA","type",262
"subtlex_uk",9,17911,"bigram","VB","type",0
"subtlex_uk",9,17911,"bigram","VC","type",0
"subtlex_uk",9,17911,"bigram","VD","type",0
"subtlex_uk",9,17911,"bigram","VE","type",811
"subtlex_uk",9,17911,"bigram","VF","type",0
"subtlex_uk",9,17911,"bigram","VG","type",0
"subtlex_uk",9,17911,"bigram","VH","type",1
"subtlex_uk",9,17911,"bigram","VI","type",362
"subtlex_uk",9,17911,"bigram","VJ","type",0
"subtlex_uk",9,17911,"bigram","VK","type",0
"subtlex_uk",9,17911,"bigram","VL","type",4
"subtlex_uk",9,17911,"bigram","VM","type",0
"subtlex_uk",9,17911,"bigram","VN","type",2
"subtlex_uk",9,17911,"bigram","VO","type",112
"subtlex_uk",9,17911,"bigram","VP","type",0
"subtlex_uk",9,17911,"bigram","VQ","type",0
"subtlex_uk",9,17911,"bigram","VR","type",7
"subtlex_uk",9,17911,"bigram","VS","type",5
"subtlex_uk",9,17911,"bigram","VT","type",1
"subtlex_uk",9,17911,"bigram","VU","type",15
"subtlex_uk",9,17911,"bigram","VV","type",4
"subtlex_uk",9,17911,"bigram","VW","type",0
"subtlex_uk",9,17911,"bigram","VX","type",0
"subtlex_uk",9,17911,"bigram","VY","type",6
"subtlex_uk",9,17911,"bigram","VZ","type",0
"subtlex_uk",9,17911,"bigram","WA","type",377
"subtlex_uk",9,17911,"bigram","WB","type",22
"subtlex_uk",9,17911,"bigram","WC","type",16
"subtlex_uk",9,17911,"bigram","WD","type",24
"subtlex_uk",9,17911,"bigram","WE","type",264
"subtlex_uk",9,17911,"bigram","WF","type",12
"subtlex_uk",9,17911,"bigram","WG","type",4
"subtlex_uk",9,17911,"bigram","WH","type",146
"subtlex_uk",9,17911,"bigram","WI","type",324
"subtlex_uk",9,17911,"bigram","WJ","type",1
"subtlex_uk",9,17911,"bigram","WK","type",19
"subtlex_uk",9,17911,"bigram","WL","type",24
"subtlex_uk",9,17911,"bigram","WM","type",13
"subtlex_uk",9,17911,"bigram","WN","type",137
"subtlex_uk",9,17911,"bigram","WO","type",326
"subtlex_uk",9,17911,"bigram","WP","type",6
"subtlex_uk",9,17911,"bigram","WQ","type",0
"subtlex_uk",9,17911,"bigram","WR","type",53
"subtlex_uk",9,17911,"bigram","WS","type",66
"subtlex_uk",9,17911,"bigram","WT","type",14
"subtlex_uk",9,17911,"bigram","WU","type",6
"subtlex_uk",9,17911,"bigram","WV","type",0
"subtlex_uk",9,17911,"bigram","WW","type",9
"subtlex_uk",9,17911,"bigram","WX","type",0
"subtlex_uk",9,17911,"bigram","WY","type",14
"subtlex_uk",9,17911,"bigram","WZ","type",0
"subtlex_uk",9,17911,"bigram","XA","type",20
"subtlex_uk",9,17911,"bigram","XB","type",2
"subtlex_uk",9,17911,"bigram","XC","type",42
"subtlex_uk",9,17911,"bigram","XD","type",0
"subtlex_uk",9,17911,"bigram","XE","type",62
"subtlex_uk",9,17911,"bigram","XF","type",3
"subtlex_uk",9,17911,"bigram","XG","type",1
"subtlex_uk",9,17911,"bigram","XH","type",9
"subtlex_uk",9,17911,"bigram","XI","type",50
"subtlex_uk",9,17911,"bigram","XJ","type",0
"subtlex_uk",9,17911,"bigram","XK","type",0
"subtlex_uk",9,17911,"bigram","XL","type",0
"subtlex_uk",9,17911,"bigram","XM","type",2
"subtlex_uk",9,17911,"bigram","XN","type",0
"subtlex_uk",9,17911,"bigram","XO","type",14
"subtlex_uk",9,17911,"bigram","XP","type",46
"subtlex_uk",9,17911,"bigram","XQ","type",1
"subtlex_uk",9,17911,"bigram","XR","type",0
"subtlex_uk",9,17911,"bigram","XS","type",2
"subtlex_uk",9,17911,"bigram","XT","type",41
"subtlex_uk",9,17911,"bigram","XU","type",9
"subtlex_uk",9,17911,"bigram","XV","type",1
"subtlex_uk",9,17911,"bigram","XW","type",1
"subtlex_uk",9,17911,"bigram","XX","type",0
"subtlex_uk",9,17911,"bigram","XY","type",8
"subtlex_uk",9,17911,"bigram","XZ","type",0
"subtlex_uk",9,17911,"bigram","YA","type",88
"subtlex_uk",9,17911,"bigram","YB","type",51
"subtlex_uk",9,17911,"bigram","YC","type",51
"subtlex_uk",9,17911,"bigram","YD","type",46
"subtlex_uk",9,17911,"bigram","YE","type",102
"subtlex_uk",9,17911,"bigram","YF","type",16
"subtlex_uk",9,17911,"bigram","YG","type",29
"subtlex_uk",9,17911,"bigram","YH","type",17
"subtlex_uk",9,17911,"bigram","YI","type",67
"subtlex_uk",9,17911,"bigram","YJ","type",2
"subtlex_uk",9,17911,"bigram","YK","type",4
"subtlex_uk",9,17911,"bigram","YL","type",66
"subtlex_uk",9,17911,"bigram","YM","type",93
"subtlex_uk",9,17911,"bigram","YN","type",77
"subtlex_uk",9,17911,"bigram","YO","type",46
"subtlex_uk",9,17911,"bigram","YP","type",57
"subtlex_uk",9,17911,"bigram","YQ","type",0
"subtlex_uk",9,17911,"bigram","YR","type",39
"subtlex_uk",9,17911,"bigram","YS","type",183
"subtlex_uk",9,17911,"bigram","YT","type",48
"subtlex_uk",9,17911,"bigram","YU","type",6
"subtlex_uk",9,17911,"bigram","YV","type",3
"subtlex_uk",9,17911,"bigram","YW","type",32
"subtlex_uk",9,17911,"bigram","YX","type",0
"subtlex_uk",9,17911,"bigram","YY","type",4
"subtlex_uk",9,17911,"bigram","YZ","type",5
"subtlex_uk",9,17911,"bigram","ZA","type",57
"subtlex_uk",9,17911,"bigram","ZB","type",5
"subtlex_uk",9,17911,"bigram","ZC","type",1
"subtlex_uk",9,17911,"bigram","ZD","type",0
"subtlex_uk",9,17911,"bigram","ZE","type",125
"subtlex_uk",9,17911,"bigram","ZF","type",0
"subtlex_uk",9,17911,"bigram","ZG","type",1
"subtlex_uk",9,17911,"bigram","ZH","type",3
"subtlex_uk",9,17911,"bigram","ZI","type",74
"subtlex_uk",9,17911,"bigram","ZJ","type",0
"subtlex_uk",9,17911,"bigram","ZK","type",3
"subtlex_uk",9,17911,"bigram","ZL","type",25
"subtlex_uk",9,17911,"bigram","ZM","type",4
"subtlex_uk",9,17911,"bigram","ZN","type",2
"subtlex_uk",9,17911,"bigram","ZO","type",37
"subtlex_uk",9,17911,"bigram","ZP","type",1
"subtlex_uk",9,17911,"bigram","ZQ","type",1
"subtlex_uk",9,17911,"bigram","ZR","type",2
"subtlex_uk",9,17911,"bigram","ZS","type",1
"subtlex_uk",9,17911,"bigram","ZT","type",4
"subtlex_uk",9,17911,"bigram","ZU","type",11
"subtlex_uk",9,17911,"bigram","ZV","type",3
"subtlex_uk",9,17911,"bigram","ZW","type",1
"subtlex_uk",9,17911,"bigram","ZX","type",0
"subtlex_uk",9,17911,"bigram","ZY","type",11
"subtlex_uk",9,17911,"bigram","ZZ","type",61
"subtlex_uk",10,13135,"bigram","AA","type",128
"subtlex_uk",10,13135,"bigram","AB","type",480
"subtlex_uk",10,13135,"bigram","AC","type",622
"subtlex_uk",10,13135,"bigram","AD","type",429
"subtlex_uk",10,13135,"bigram","AE","type",56
"subtlex_uk",10,13135,"bigram","AF","type",93
"subtlex_uk",10,13135,"bigram","AG","type",275
"subtlex_uk",10,13135,"bigram","AH","type",72
"subtlex_uk",10,13135,"bigram","AI","type",318
"subtlex_uk",10,13135,"bigram","AJ","type",16
"subtlex_uk",10,13135,"bigram","AK","type",152
"subtlex_uk",10,13135,"bigram","AL","type",1153
"subtlex_uk",10,13135,"bigram","AM","type",479
"subtlex_uk",10,13135,"bigram","AN","type",1671
"subtlex_uk",10,13135,"bigram","AO","type",3
"subtlex_uk",10,13135,"bigram","AP","type",269
"subtlex_uk",10,13135,"bigram","AQ","type",8
"subtlex_uk",10,13135,"bigram","AR","type",1205
"subtlex_uk",10,13135,"bigram","AS","type",607
"subtlex_uk",10,13135,"bigram","AT","type",1582
"subtlex_uk",10,13135,"bigram","AU","type",204
"subtlex_uk",10,13135,"bigram","AV","type",154
"subtlex_uk",10,13135,"bigram","AW","type",58
"subtlex_uk",10,13135,"bigram","AX","type",22
"subtlex_uk",10,13135,"bigram","AY","type",110
"subtlex_uk",10,13135,"bigram","AZ","type",48
"subtlex_uk",10,13135,"bigram","BA","type",404
"subtlex_uk",10,13135,"bigram","BB","type",69
"subtlex_uk",10,13135,"bigram","BC","type",7
"subtlex_uk",10,13135,"bigram","BD","type",17
"subtlex_uk",10,13135,"bigram","BE","type",466
"subtlex_uk",10,13135,"bigram","BF","type",0
"subtlex_uk",10,13135,"bigram","BG","type",3
"subtlex_uk",10,13135,"bigram","BH","type",4
"subtlex_uk",10,13135,"bigram","BI","type",252
"subtlex_uk",10,13135,"bigram","BJ","type",8
"subtlex_uk",10,13135,"bigram","BK","type",0
"subtlex_uk",10,13135,"bigram","BL","type",514
"subtlex_uk",10,13135,"bigram","BM","type",10
"subtlex_uk",10,13135,"bigram","BN","type",5
"subtlex_uk",10,13135,"bigram","BO","type",375
"subtlex_uk",10,13135,"bigram","BP","type",2
"subtlex_uk",10,13135,"bigram","BQ","type",0
"subtlex_uk",10,13135,"bigram","BR","type",327
"subtlex_uk",10,13135,"bigram","BS","type",77
"subtlex_uk",10,13135,"bigram","BT","type",11
"subtlex_uk",10,13135,"bigram","BU","type",246
"subtlex_uk",10,13135,"bigram","BV","type",4
"subtlex_uk",10,13135,"bigram","BW","type",3
"subtlex_uk",10,13135,"bigram","BX","type",0
"subtlex_uk",10,13135,"bigram","BY","type",21
"subtlex_uk",10,13135,"bigram","BZ","type",1
"subtlex_uk",10,13135,"bigram","CA","type",716
"subtlex_uk",10,13135,"bigram","CB","type",0
"subtlex_uk",10,13135,"bigram","CC","type",118
"subtlex_uk",10,13135,"bigram","CD","type",6
"subtlex_uk",10,13135,"bigram","CE","type",521
"subtlex_uk",10,13135,"bigram","CF","type",3
"subtlex_uk",10,13135,"bigram","CG","type",8
"subtlex_uk",10,13135,"bigram","CH","type",848
"subtlex_uk",10,13135,"bigram","CI","type",379
"subtlex_uk",10,13135,"bigram","CJ","type",0
"subtlex_uk",10,13135,"bigram","CK","type",439
"subtlex_uk",10,13135,"bigram","CL","type",204
"subtlex_uk",10,13135,"bigram","CM","type",3
"subtlex_uk",10,13135,"bigram","CN","type",6
"subtlex_uk",10,13135,"bigram","CO","type",827
"subtlex_uk",10,13135,"bigram","CP","type",3
"subtlex_uk",10,13135,"bigram","CQ","type",11
"subtlex_uk",10,13135,"bigram","CR","type",342
"subtlex_uk",10,13135,"bigram","CS","type",47
"subtlex_uk",10,13135,"bigram","CT","type",363
"subtlex_uk",10,13135,"bigram","CU","type",238
"subtlex_uk",10,13135,"bigram","CV","type",0
"subtlex_uk",10,13135,"bigram","CW","type",3
"subtlex_uk",10,13135,"bigram","CX","type",0
"subtlex_uk",10,13135,"bigram","CY","type",73
"subtlex_uk",10,13135,"bigram","CZ","type",10
"subtlex_uk",10,13135,"bigram","DA","type",235
"subtlex_uk",10,13135,"bigram","DB","type",39
"subtlex_uk",10,13135,"bigram","DC","type",21
"subtlex_uk",10,13135,"bigram","DD","type",110
"subtlex_uk",10,13135,"bigram","DE","type",976
"subtlex_uk",10,13135,"bigram","DF","type",20
"subtlex_uk",10,13135,"bigram","DG","type",81
"subtlex_uk",10,13135,"bigram","DH","type",29
"subtlex_uk",10,13135,"bigram","DI","type",664
"subtlex_uk",10,13135,"bigram","DJ","type",11
"subtlex_uk",10,13135,"bigram","DK","type",4
"subtlex_uk",10,13135,"bigram","DL","type",116
"subtlex_uk",10,13135,"bigram","DM","type",49
"subtlex_uk",10,13135,"bigram","DN","type",27
"subtlex_uk",10,13135,"bigram","DO","type",242
"subtlex_uk",10,13135,"bigram","DP","type",14
"subtlex_uk",10,13135,"bigram","DQ","type",0
"subtlex_uk",10,13135,"bigram","DR","type",162
"subtlex_uk",10,13135,"bigram","DS","type",269
"subtlex_uk",10,13135,"bigram","DT","type",14
"subtlex_uk",10,13135,"bigram","DU","type",118
"subtlex_uk",10,13135,"bigram","DV","type",16
"subtlex_uk",10,13135,"bigram","DW","type",31
"subtlex_uk",10,13135,"bigram","DX","type",0
"subtlex_uk",10,13135,"bigram","DY","type",43
"subtlex_uk",10,13135,"bigram","DZ","type",4
"subtlex_uk",10,13135,"bigram","EA","type",653
"subtlex_uk",10,13135,"bigram","EB","type",154
"subtlex_uk",10,13135,"bigram","EC","type",471
"subtlex_uk",10,13135,"bigram","ED","type",1265
"subtlex_uk",10,13135,"bigram","EE","type",387
"subtlex_uk",10,13135,"bigram","EF","type",192
"subtlex_uk",10,13135,"bigram","EG","type",189
"subtlex_uk",10,13135,"bigram","EH","type",88
"subtlex_uk",10,13135,"bigram","EI","type",171
"subtlex_uk",10,13135,"bigram","EJ","type",16
"subtlex_uk",10,13135,"bigram","EK","type",29
"subtlex_uk",10,13135,"bigram","EL","type",874
"subtlex_uk",10,13135,"bigram","EM","type",352
"subtlex_uk",10,13135,"bigram","EN","type",1571
"subtlex_uk",10,13135,"bigram","EO","type",106
"subtlex_uk",10,13135,"bigram","EP","type",269
"subtlex_uk",10,13135,"bigram","EQ","type",38
"subtlex_uk",10,13135,"bigram","ER","type",2847
"subtlex_uk",10,13135,"bigram","ES","type",2056
"subtlex_uk",10,13135,"bigram","ET","type",599
"subtlex_uk",10,13135,"bigram","EU","type",88
"subtlex_uk",10,13135,"bigram","EV","type",191
"subtlex_uk",10,13135,"bigram","EW","type",110
"subtlex_uk",10,13135,"bigram","EX","type",167
"subtlex_uk",10,13135,"bigram","EY","type",114
"subtlex_uk",10,13135,"bigram","EZ","type",26
"subtlex_uk",10,13135,"bigram","FA","type",148
"subtlex_uk",10,13135,"bigram","FB","type",5
"subtlex_uk",10,13135,"bigram","FC","type",3
"subtlex_uk",10,13135,"bigram","FD","type",0
"subtlex_uk",10,13135,"bigram","FE","type",197
"subtlex_uk",10,13135,"bigram","FF","type",129
"subtlex_uk",10,13135,"bigram","FG","type",3
"subtlex_uk",10,13135,"bigram","FH","type",1
"subtlex_uk",10,13135,"bigram","FI","type",354
"subtlex_uk",10,13135,"bigram","FJ","type",0
"subtlex_uk",10,13135,"bigram","FK","type",1
"subtlex_uk",10,13135,"bigram","FL","type",178
"subtlex_uk",10,13135,"bigram","FM","type",3
"subtlex_uk",10,13135,"bigram","FN","type",1
"subtlex_uk",10,13135,"bigram","FO","type",230
"subtlex_uk",10,13135,"bigram","FP","type",3
"subtlex_uk",10,13135,"bigram","FQ","type",0
"subtlex_uk",10,13135,"bigram","FR","type",187
"subtlex_uk",10,13135,"bigram","FS","type",14
"subtlex_uk",10,13135,"bigram","FT","type",63
"subtlex_uk",10,13135,"bigram","FU","type",119
"subtlex_uk",10,13135,"bigram","FV","type",0
"subtlex_uk",10,13135,"bigram","FW","type",1
"subtlex_uk",10,13135,"bigram","FX","type",0
"subtlex_uk",10,13135,"bigram","FY","type",41
"subtlex_uk",10,13135,"bigram","FZ","type",0
"subtlex_uk",10,13135,"bigram","GA","type",282
"subtlex_uk",10,13135,"bigram","GB","type",15
"subtlex_uk",10,13135,"bigram","GC","type",5
"subtlex_uk",10,13135,"bigram","GD","type",10
"subtlex_uk",10,13135,"bigram","GE","type",467
"subtlex_uk",10,13135,"bigram","GF","type",10
"subtlex_uk",10,13135,"bigram","GG","type",85
"subtlex_uk",10,13135,"bigram","GH","type",326
"subtlex_uk",10,13135,"bigram","GI","type",232
"subtlex_uk",10,13135,"bigram","GJ","type",0
"subtlex_uk",10,13135,"bigram","GK","type",2
"subtlex_uk",10,13135,"bigram","GL","type",213
"subtlex_uk",10,13135,"bigram","GM","type",25
"subtlex_uk",10,13135,"bigram","GN","type",72
"subtlex_uk",10,13135,"bigram","GO","type",164
"subtlex_uk",10,13135,"bigram","GP","type",3
"subtlex_uk",10,13135,"bigram","GQ","type",1
"subtlex_uk",10,13135,"bigram","GR","type",306
"subtlex_uk",10,13135,"bigram","GS","type",113
"subtlex_uk",10,13135,"bigram","GT","type",168
"subtlex_uk",10,13135,"bigram","GU","type",134
"subtlex_uk",10,13135,"bigram","GV","type",1
"subtlex_uk",10,13135,"bigram","GW","type",18
"subtlex_uk",10,13135,"bigram","GX","type",0
"subtlex_uk",10,13135,"bigram","GY","type",50
"subtlex_uk",10,13135,"bigram","GZ","type",2
"subtlex_uk",10,13135,"bigram","HA","type",672
"subtlex_uk",10,13135,"bigram","HB","type",31
"subtlex_uk",10,13135,"bigram","HC","type",29
"subtlex_uk",10,13135,"bigram","HD","type",8
"subtlex_uk",10,13135,"bigram","HE","type",762
"subtlex_uk",10,13135,"bigram","HF","type",29
"subtlex_uk",10,13135,"bigram","HG","type",10
"subtlex_uk",10,13135,"bigram","HH","type",69
"subtlex_uk",10,13135,"bigram","HI","type",512
"subtlex_uk",10,13135,"bigram","HJ","type",0
"subtlex_uk",10,13135,"bigram","HK","type",6
"subtlex_uk",10,13135,"bigram","HL","type",65
"subtlex_uk",10,13135,"bigram","HM","type",49
"subtlex_uk",10,13135,"bigram","HN","type",40
"subtlex_uk",10,13135,"bigram","HO","type",557
"subtlex_uk",10,13135,"bigram","HP","type",11
"subtlex_uk",10,13135,"bigram","HQ","type",2
"subtlex_uk",10,13135,"bigram","HR","type",122
"subtlex_uk",10,13135,"bigram","HS","type",62
"subtlex_uk",10,13135,"bigram","HT","type",162
"subtlex_uk",10,13135,"bigram","HU","type",170
"subtlex_uk",10,13135,"bigram","HV","type",2
"subtlex_uk",10,13135,"bigram","HW","type",40
"subtlex_uk",10,13135,"bigram","HX","type",0
"subtlex_uk",10,13135,"bigram","HY","type",107
"subtlex_uk",10,13135,"bigram","HZ","type",0
"subtlex_uk",10,13135,"bigram","IA","type",530
"subtlex_uk",10,13135,"bigram","IB","type",141
"subtlex_uk",10,13135,"bigram","IC","type",888
"subtlex_uk",10,13135,"bigram","ID","type",328
"subtlex_uk",10,13135,"bigram","IE","type",563
"subtlex_uk",10,13135,"bigram","IF","type",182
"subtlex_uk",10,13135,"bigram","IG","type",343
"subtlex_uk",10,13135,"bigram","IH","type",10
"subtlex_uk",10,13135,"bigram","II","type",5
"subtlex_uk",10,13135,"bigram","IJ","type",5
"subtlex_uk",10,13135,"bigram","IK","type",52
"subtlex_uk",10,13135,"bigram","IL","type",603
"subtlex_uk",10,13135,"bigram","IM","type",332
"subtlex_uk",10,13135,"bigram","IN","type",3048
"subtlex_uk",10,13135,"bigram","IO","type",724
"subtlex_uk",10,13135,"bigram","IP","type",187
"subtlex_uk",10,13135,"bigram","IQ","type",35
"subtlex_uk",10,13135,"bigram","IR","type",285
"subtlex_uk",10,13135,"bigram","IS","type",1272
"subtlex_uk",10,13135,"bigram","IT","type",852
"subtlex_uk",10,13135,"bigram","IU","type",70
"subtlex_uk",10,13135,"bigram","IV","type",282
"subtlex_uk",10,13135,"bigram","IW","type",7
"subtlex_uk",10,13135,"bigram","IX","type",16
"subtlex_uk",10,13135,"bigram","IY","type",4
"subtlex_uk",10,13135,"bigram","IZ","type",85
"subtlex_uk",10,13135,"bigram","JA","type",57
"subtlex_uk",10,13135,"bigram","JB","type",0
"subtlex_uk",10,13135,"bigram","JC","type",0
"subtlex_uk",10,13135,"bigram","JD","type",0
"subtlex_uk",10,13135,"bigram","JE","type",45
"subtlex_uk",10,13135,"bigram","JF","type",0
"subtlex_uk",10,13135,"bigram","JG","type",0
"subtlex_uk",10,13135,"bigram","JH","type",0
"subtlex_uk",10,13135,"bigram","JI","type",12
"subtlex_uk",10,13135,"bigram","JJ","type",0
"subtlex_uk",10,13135,"bigram","JK","type",0
"subtlex_uk",10,13135,"bigram","JL","type",0
"subtlex_uk",10,13135,"bigram","JM","type",0
"subtlex_uk",10,13135,"bigram","JN","type",1
"subtlex_uk",10,13135,"bigram","JO","type",34
"subtlex_uk",10,13135,"bigram","JP","type",0
"subtlex_uk",10,13135,"bigram","JQ","type",0
"subtlex_uk",10,13135,"bigram","JR","type",0
"subtlex_uk",10,13135,"bigram","JS","type",0
"subtlex_uk",10,13135,"bigram","JT","type",0
"subtlex_uk",10,13135,"bigram","JU","type",37
"subtlex_uk",10,13135,"bigram","JV","type",0
"subtlex_uk",10,13135,"bigram","JW","type",0
"subtlex_uk",10,13135,"bigram","JX","type",0
"subtlex_uk",10,13135,"bigram","JY","type",0
"subtlex_uk",10,13135,"bigram","JZ","type",0
"subtlex_uk",10,13135,"bigram","KA","type",103
"subtlex_uk",10,13135,"bigram","KB","type",24
"subtlex_uk",10,13135,"bigram","KC","type",7
"subtlex_uk",10,13135,"bigram","KD","type",5
"subtlex_uk",10,13135,"bigram","KE","type",332
"subtlex_uk",10,13135,"bigram","KF","type",16
"subtlex_uk",10,13135,"bigram","KG","type",4
"subtlex_uk",10,13135,"bigram","KH","type",35
"subtlex_uk",10,13135,"bigram","KI","type",237
"subtlex_uk",10,13135,"bigram","KJ","type",1
"subtlex_uk",10,13135,"bigram","KK","type",9
"subtlex_uk",10,13135,"bigram","KL","type",51
"subtlex_uk",10,13135,"bigram","KM","type",14
"subtlex_uk",10,13135,"bigram","KN","type",35
"subtlex_uk",10,13135,"bigram","KO","type",55
"subtlex_uk",10,13135,"bigram","KP","type",15
"subtlex_uk",10,13135,"bigram","KQ","type",1
"subtlex_uk",10,13135,"bigram","KR","type",27
"subtlex_uk",10,13135,"bigram","KS","type",160
"subtlex_uk",10,13135,"bigram","KT","type",6
"subtlex_uk",10,13135,"bigram","KU","type",21
"subtlex_uk",10,13135,"bigram","KV","type",0
"subtlex_uk",10,13135,"bigram","KW","type",17
"subtlex_uk",10,13135,"bigram","KX","type",0
"subtlex_uk",10,13135,"bigram","KY","type",24
"subtlex_uk",10,13135,"bigram","KZ","type",0
"subtlex_uk",10,13135,"bigram","LA","type",986
"subtlex_uk",10,13135,"bigram","LB","type",54
"subtlex_uk",10,13135,"bigram","LC","type",42
"subtlex_uk",10,13135,"bigram","LD","type",219
"subtlex_uk",10,13135,"bigram","LE","type",1377
"subtlex_uk",10,13135,"bigram","LF","type",29
"subtlex_uk",10,13135,"bigram","LG","type",32
"subtlex_uk",10,13135,"bigram","LH","type",27
"subtlex_uk",10,13135,"bigram","LI","type",1239
"subtlex_uk",10,13135,"bigram","LJ","type",0
"subtlex_uk",10,13135,"bigram","LK","type",52
"subtlex_uk",10,13135,"bigram","LL","type",972
"subtlex_uk",10,13135,"bigram","LM","type",62
"subtlex_uk",10,13135,"bigram","LN","type",12
"subtlex_uk",10,13135,"bigram","LO","type",589
"subtlex_uk",10,13135,"bigram","LP","type",28
"subtlex_uk",10,13135,"bigram","LQ","type",2
"subtlex_uk",10,13135,"bigram","LR","type",13
"subtlex_uk",10,13135,"bigram","LS","type",162
"subtlex_uk",10,13135,"bigram","LT","type",132
"subtlex_uk",10,13135,"bigram","LU","type",198
"subtlex_uk",10,13135,"bigram","LV","type",48
"subtlex_uk",10,13135,"bigram","LW","type",29
"subtlex_uk",10,13135,"bigram","LX","type",0
"subtlex_uk",10,13135,"bigram","LY","type",566
"subtlex_uk",10,13135,"bigram","LZ","type",2
"subtlex_uk",10,13135,"bigram","MA","type",773
"subtlex_uk",10,13135,"bigram","MB","type",220
"subtlex_uk",10,13135,"bigram","MC","type",53
"subtlex_uk",10,13135,"bigram","MD","type",3
"subtlex_uk",10,13135,"bigram","ME","type",714
"subtlex_uk",10,13135,"bigram","MF","type",9
"subtlex_uk",10,13135,"bigram","MG","type",2
"subtlex_uk",10,13135,"bigram","MH","type",6
"subtlex_uk",10,13135,"bigram","MI","type",551
"subtlex_uk",10,13135,"bigram","MJ","type",0
"subtlex_uk",10,13135,"bigram","MK","type",1
"subtlex_uk",10,13135,"bigram","ML","type",13
"subtlex_uk",10,13135,"bigram","MM","type",151
"subtlex_uk",10,13135,"bigram","MN","type",21
"subtlex_uk",10,13135,"bigram","MO","type",434
"subtlex_uk",10,13135,"bigram","MP","type",270
"subtlex_uk",10,13135,"bigram","MQ","type",0
"subtlex_uk",10,13135,"bigram","MR","type",3
"subtlex_uk",10,13135,"bigram","MS","type",102
"subtlex_uk",10,13135,"bigram","MT","type",5
"subtlex_uk",10,13135,"bigram","MU","type",120
"subtlex_uk",10,13135,"bigram","MV","type",1
"subtlex_uk",10,13135,"bigram","MW","type",4
"subtlex_uk",10,13135,"bigram","MX","type",0
"subtlex_uk",10,13135,"bigram","MY","type",31
"subtlex_uk",10,13135,"bigram","MZ","type",0
"subtlex_uk",10,13135,"bigram","NA","type",577
"subtlex_uk",10,13135,"bigram","NB","type",94
"subtlex_uk",10,13135,"bigram","NC","type",515
"subtlex_uk",10,13135,"bigram","ND","type",834
"subtlex_uk",10,13135,"bigram","NE","type",1103
"subtlex_uk",10,13135,"bigram","NF","type",131
"subtlex_uk",10,13135,"bigram","NG","type",1849
"subtlex_uk",10,13135,"bigram","NH","type",84
"subtlex_uk",10,13135,"bigram","NI","type",722
"subtlex_uk",10,13135,"bigram","NJ","type",16
"subtlex_uk",10,13135,"bigram","NK","type",104
"subtlex_uk",10,13135,"bigram","NL","type",41
"subtlex_uk",10,13135,"bigram","NM","type",35
"subtlex_uk",10,13135,"bigram","NN","type",229
"subtlex_uk",10,13135,"bigram","NO","type",341
"subtlex_uk",10,13135,"bigram","NP","type",37
"subtlex_uk",10,13135,"bigram","NQ","type",17
"subtlex_uk",10,13135,"bigram","NR","type",46
"subtlex_uk",10,13135,"bigram","NS","type",700
"subtlex_uk",10,13135,"bigram","NT","type",1104
"subtlex_uk",10,13135,"bigram","NU","type",96
"subtlex_uk",10,13135,"bigram","NV","type",72
"subtlex_uk",10,13135,"bigram","NW","type",33
"subtlex_uk",10,13135,"bigram","NX","type",0
"subtlex_uk",10,13135,"bigram","NY","type",53
"subtlex_uk",10,13135,"bigram","NZ","type",16
"subtlex_uk",10,13135,"bigram","OA","type",143
"subtlex_uk",10,13135,"bigram","OB","type",109
"subtlex_uk",10,13135,"bigram","OC","type",283
"subtlex_uk",10,13135,"bigram","OD","type",223
"subtlex_uk",10,13135,"bigram","OE","type",47
"subtlex_uk",10,13135,"bigram","OF","type",83
"subtlex_uk",10,13135,"bigram","OG","type",190
"subtlex_uk",10,13135,"bigram","OH","type",25
"subtlex_uk",10,13135,"bigram","OI","type",100
"subtlex_uk",10,13135,"bigram","OJ","type",6
"subtlex_uk",10,13135,"bigram","OK","type",87
"subtlex_uk",10,13135,"bigram","OL","type",580
"subtlex_uk",10,13135,"bigram","OM","type",488
"subtlex_uk",10,13135,"bigram","ON","type",1812
"subtlex_uk",10,13135,"bigram","OO","type",440
"subtlex_uk",10,13135,"bigram","OP","type",307
"subtlex_uk",10,13135,"bigram","OQ","type",7
"subtlex_uk",10,13135,"bigram","OR","type",1224
"subtlex_uk",10,13135,"bigram","OS","type",354
"subtlex_uk",10,13135,"bigram","OT","type",344
"subtlex_uk",10,13135,"bigram","OU","type",728
"subtlex_uk",10,13135,"bigram","OV","type",251
"subtlex_uk",10,13135,"bigram","OW","type",261
"subtlex_uk",10,13135,"bigram","OX","type",46
"subtlex_uk",10,13135,"bigram","OY","type",35
"subtlex_uk",10,13135,"bigram","OZ","type",17
"subtlex_uk",10,13135,"bigram","PA","type",398
"subtlex_uk",10,13135,"bigram","PB","type",20
"subtlex_uk",10,13135,"bigram","PC","type",3
"subtlex_uk",10,13135,"bigram","PD","type",5
"subtlex_uk",10,13135,"bigram","PE","type",645
"subtlex_uk",10,13135,"bigram","PF","type",5
"subtlex_uk",10,13135,"bigram","PG","type",0
"subtlex_uk",10,13135,"bigram","PH","type",256
"subtlex_uk",10,13135,"bigram","PI","type",246
"subtlex_uk",10,13135,"bigram","PJ","type",0
"subtlex_uk",10,13135,"bigram","PK","type",2
"subtlex_uk",10,13135,"bigram","PL","type",253
"subtlex_uk",10,13135,"bigram","PM","type",8
"subtlex_uk",10,13135,"bigram","PN","type",9
"subtlex_uk",10,13135,"bigram","PO","type",430
"subtlex_uk",10,13135,"bigram","PP","type",174
"subtlex_uk",10,13135,"bigram","PQ","type",0
"subtlex_uk",10,13135,"bigram","PR","type",431
"subtlex_uk",10,13135,"bigram","PS","type",73
"subtlex_uk",10,13135,"bigram","PT","type",127
"subtlex_uk",10,13135,"bigram","PU","type",124
"subtlex_uk",10,13135,"bigram","PV","type",0
"subtlex_uk",10,13135,"bigram","PW","type",8
"subtlex_uk",10,13135,"bigram","PX","type",0
"subtlex_uk",10,13135,"bigram","PY","type",23
"subtlex_uk",10,13135,"bigram","PZ","type",0
"subtlex_uk",10,13135,"bigram","QA","type",1
"subtlex_uk",10,13135,"bigram","QB","type",0
"subtlex_uk",10,13135,"bigram","QC","type",0
"subtlex_uk",10,13135,"bigram","QD","type",0
"subtlex_uk",10,13135,"bigram","QE","type",0
"subtlex_uk",10,13135,"bigram","QF","type",0
"subtlex_uk",10,13135,"bigram","QG","type",0
"subtlex_uk",10,13135,"bigram","QH","type",0
"subtlex_uk",10,13135,"bigram","QI","type",0
"subtlex_uk",10,13135,"bigram","QJ","type",0
"subtlex_uk",10,13135,"bigram","QK","type",0
"subtlex_uk",10,13135,"bigram","QL","type",0
"subtlex_uk",10,13135,"bigram","QM","type",0
"subtlex_uk",10,13135,"bigram","QN","type",0
"subtlex_uk",10,13135,"bigram","QO","type",0
"subtlex_uk",10,13135,"bigram","QP","type",0
"subtlex_uk",10,13135,"bigram","QQ","type",0
"subtlex_uk",10,13135,"bigram","QR","type",0
"subtlex_uk",10,13135,"bigram","QS","type",0
"subtlex_uk",10,13135,"bigram","QT","type",0
"subtlex_uk",10,13135,"bigram","QU","type",213
"subtlex_uk",10,13135,"bigram","QV","type",0
"subtlex_uk",10,13135,"bigram","QW","type",0
"subtlex_uk",10,13135,"bigram","QX","type",0
"subtlex_uk",10,13135,"bigram","QY","type",0
"subtlex_uk",10,13135,"bigram","QZ","type",0
"subtlex_uk",10,13135,"bigram","RA","type",1246
"subtlex_uk",10,13135,"bigram","RB","type",169
"subtlex_uk",10,13135,"bigram","RC","type",186
"subtlex_uk",10,13135,"bigram","RD","type",278
"subtlex_uk",10,13135,"bigram","RE","type",1651
"subtlex_uk",10,13135,"bigram","RF","type",89
"subtlex_uk",10,13135,"bigram","RG","type",214
"subtlex_uk",10,13135,"bigram","RH","type",70
"subtlex_uk",10,13135,"bigram","RI","type",1274
"subtlex_uk",10,13135,"bigram","RJ","type",11
"subtlex_uk",10,13135,"bigram","RK","type",134
"subtlex_uk",10,13135,"bigram","RL","type",166
"subtlex_uk",10,13135,"bigram","RM","type",240
"subtlex_uk",10,13135,"bigram","RN","type",235
"subtlex_uk",10,13135,"bigram","RO","type",921
"subtlex_uk",10,13135,"bigram","RP","type",106
"subtlex_uk",10,13135,"bigram","RQ","type",7
"subtlex_uk",10,13135,"bigram","RR","type",301
"subtlex_uk",10,13135,"bigram","RS","type",766
"subtlex_uk",10,13135,"bigram","RT","type",486
"subtlex_uk",10,13135,"bigram","RU","type",211
"subtlex_uk",10,13135,"bigram","RV","type",66
"subtlex_uk",10,13135,"bigram","RW","type",70
"subtlex_uk",10,13135,"bigram","RX","type",0
"subtlex_uk",10,13135,"bigram","RY","type",224
"subtlex_uk",10,13135,"bigram","RZ","type",9
"subtlex_uk",10,13135,"bigram","SA","type",266
"subtlex_uk",10,13135,"bigram","SB","type",82
"subtlex_uk",10,13135,"bigram","SC","type",396
"subtlex_uk",10,13135,"bigram","SD","type",13
"subtlex_uk",10,13135,"bigram","SE","type",886
"subtlex_uk",10,13135,"bigram","SF","type",35
"subtlex_uk",10,13135,"bigram","SG","type",15
"subtlex_uk",10,13135,"bigram","SH","type",524
"subtlex_uk",10,13135,"bigram","SI","type",669
"subtlex_uk",10,13135,"bigram","SJ","type",2
"subtlex_uk",10,13135,"bigram","SK","type",87
"subtlex_uk",10,13135,"bigram","SL","type",151
"subtlex_uk",10,13135,"bigram","SM","type",172
"subtlex_uk",10,13135,"bigram","SN","type",40
"subtlex_uk",10,13135,"bigram","SO","type",306
"subtlex_uk",10,13135,"bigram","SP","type",305
"subtlex_uk",10,13135,"bigram","SQ","type",36
"subtlex_uk",10,13135,"bigram","SR","type",13
"subtlex_uk",10,13135,"bigram","SS","type",769
"subtlex_uk",10,13135,"bigram","ST","type",1494
"subtlex_uk",10,13135,"bigram","SU","type",306
"subtlex_uk",10,13135,"bigram","SV","type",18
"subtlex_uk",10,13135,"bigram","SW","type",120
"subtlex_uk",10,13135,"bigram","SX","type",0
"subtlex_uk",10,13135,"bigram","SY","type",50
"subtlex_uk",10,13135,"bigram","SZ","type",8
"subtlex_uk",10,13135,"bigram","TA","type",745
"subtlex_uk",10,13135,"bigram","TB","type",38
"subtlex_uk",10,13135,"bigram","TC","type",141
"subtlex_uk",10,13135,"bigram","TD","type",3
"subtlex_uk",10,13135,"bigram","TE","type",1761
"subtlex_uk",10,13135,"bigram","TF","type",32
"subtlex_uk",10,13135,"bigram","TG","type",16
"subtlex_uk",10,13135,"bigram","TH","type",671
"subtlex_uk",10,13135,"bigram","TI","type",1729
"subtlex_uk",10,13135,"bigram","TJ","type",0
"subtlex_uk",10,13135,"bigram","TK","type",8
"subtlex_uk",10,13135,"bigram","TL","type",178
"subtlex_uk",10,13135,"bigram","TM","type",42
"subtlex_uk",10,13135,"bigram","TN","type",22
"subtlex_uk",10,13135,"bigram","TO","type",887
"subtlex_uk",10,13135,"bigram","TP","type",20
"subtlex_uk",10,13135,"bigram","TQ","type",0
"subtlex_uk",10,13135,"bigram","TR","type",678
"subtlex_uk",10,13135,"bigram","TS","type",389
"subtlex_uk",10,13135,"bigram","TT","type",391
"subtlex_uk",10,13135,"bigram","TU","type",237
"subtlex_uk",10,13135,"bigram","TV","type",3
"subtlex_uk",10,13135,"bigram","TW","type",67
"subtlex_uk",10,13135,"bigram","TX","type",0
"subtlex_uk",10,13135,"bigram","TY","type",186
"subtlex_uk",10,13135,"bigram","TZ","type",25
"subtlex_uk",10,13135,"bigram","UA","type",158
"subtlex_uk",10,13135,"bigram","UB","type",122
"subtlex_uk",10,13135,"bigram","UC","type",156
"subtlex_uk",10,13135,"bigram","UD","type",99
"subtlex_uk",10,13135,"bigram","UE","type",163
"subtlex_uk",10,13135,"bigram","UF","type",35
"subtlex_uk",10,13135,"bigram","UG","type",118
"subtlex_uk",10,13135,"bigram","UH","type",10
"subtlex_uk",10,13135,"bigram","UI","type",142
"subtlex_uk",10,13135,"bigram","UJ","type",5
"subtlex_uk",10,13135,"bigram","UK","type",21
"subtlex_uk",10,13135,"bigram","UL","type",410
"subtlex_uk",10,13135,"bigram","UM","type",296
"subtlex_uk",10,13135,"bigram","UN","type",730
"subtlex_uk",10,13135,"bigram","UO","type",21
"subtlex_uk",10,13135,"bigram","UP","type",160
"subtlex_uk",10,13135,"bigram","UQ","type",1
"subtlex_uk",10,13135,"bigram","UR","type",580
"subtlex_uk",10,13135,"bigram","US","type",547
"subtlex_uk",10,13135,"bigram","UT","type",308
"subtlex_uk",10,13135,"bigram","UU","type",0
"subtlex_uk",10,13135,"bigram","UV","type",6
"subtlex_uk",10,13135,"bigram","UW","type",0
"subtlex_uk",10,13135,"bigram","UX","type",10
"subtlex_uk",10,13135,"bigram","UY","type",7
"subtlex_uk",10,13135,"bigram","UZ","type",11
"subtlex_uk",10,13135,"bigram","VA","type",227
"subtlex_uk",10,13135,"bigram","VB","type",0
"subtlex_uk",10,13135,"bigram","VC","type",1
"subtlex_uk",10,13135,"bigram","VD","type",0
"subtlex_uk",10,13135,"bigram","VE","type",649
"subtlex_uk",10,13135,"bigram","VF","type",0
"subtlex_uk",10,13135,"bigram","VG","type",0
"subtlex_uk",10,13135,"bigram","VH","type",0
"subtlex_uk",10,13135,"bigram","VI","type",301
"subtlex_uk",10,13135,"bigram","VJ","type",0
"subtlex_uk",10,13135,"bigram","VK","type",0
"subtlex_uk",10,13135,"bigram","VL","type",1
"subtlex_uk",10,13135,"bigram","VM","type",0
"subtlex_uk",10,13135,"bigram","VN","type",1
"subtlex_uk",10,13135,"bigram","VO","type",77
"subtlex_uk",10,13135,"bigram","VP","type",0
"subtlex_uk",10,13135,"bigram","VQ","type",0
"subtlex_uk",10,13135,"bigram","VR","type",5
"subtlex_uk",10,13135,"bigram","VS","type",6
"subtlex_uk",10,13135,"bigram","VT","type",0
"subtlex_uk",10,13135,"bigram","VU","type",9
"subtlex_uk",10,13135,"bigram","VV","type",2
"subtlex_uk",10,13135,"bigram","VW","type",0
"subtlex_uk",10,13135,"bigram","VX","type",0
"subtlex_uk",10,13135,"bigram","VY","type",4
"subtlex_uk",10,13135,"bigram","VZ","type",0
"subtlex_uk",10,13135,"bigram","WA","type",292
"subtlex_uk",10,13135,"bigram","WB","type",17
"subtlex_uk",10,13135,"bigram","WC","type",5
"subtlex_uk",10,13135,"bigram","WD","type",7
"subtlex_uk",10,13135,"bigram","WE","type",218
"subtlex_uk",10,13135,"bigram","WF","type",9
"subtlex_uk",10,13135,"bigram","WG","type",6
"subtlex_uk",10,13135,"bigram","WH","type",91
"subtlex_uk",10,13135,"bigram","WI","type",197
"subtlex_uk",10,13135,"bigram","WJ","type",1
"subtlex_uk",10,13135,"bigram","WK","type",9
"subtlex_uk",10,13135,"bigram","WL","type",19
"subtlex_uk",10,13135,"bigram","WM","type",12
"subtlex_uk",10,13135,"bigram","WN","type",83
"subtlex_uk",10,13135,"bigram","WO","type",237
"subtlex_uk",10,13135,"bigram","WP","type",4
"subtlex_uk",10,13135,"bigram","WQ","type",0
"subtlex_uk",10,13135,"bigram","WR","type",27
"subtlex_uk",10,13135,"bigram","WS","type",41
"subtlex_uk",10,13135,"bigram","WT","type",8
"subtlex_uk",10,13135,"bigram","WU","type",6
"subtlex_uk",10,13135,"bigram","WV","type",0
"subtlex_uk",10,13135,"bigram","WW","type",9
"subtlex_uk",10,13135,"bigram","WX","type",0
"subtlex_uk",10,13135,"bigram","WY","type",11
"subtlex_uk",10,13135,"bigram","WZ","type",1
"subtlex_uk",10,13135,"bigram","XA","type",20
"subtlex_uk",10,13135,"bigram","XB","type",2
"subtlex_uk",10,13135,"bigram","XC","type",24
"subtlex_uk",10,13135,"bigram","XD","type",0
"subtlex_uk",10,13135,"bigram","XE","type",34
"subtlex_uk",10,13135,"bigram","XF","type",5
"subtlex_uk",10,13135,"bigram","XG","type",0
"subtlex_uk",10,13135,"bigram","XH","type",10
"subtlex_uk",10,13135,"bigram","XI","type",37
"subtlex_uk",10,13135,"bigram","XJ","type",0
"subtlex_uk",10,13135,"bigram","XK","type",0
"subtlex_uk",10,13135,"bigram","XL","type",1
"subtlex_uk",10,13135,"bigram","XM","type",1
"subtlex_uk",10,13135,"bigram","XN","type",0
"subtlex_uk",10,13135,"bigram","XO","type",15
"subtlex_uk",10,13135,"bigram","XP","type",38
"subtlex_uk",10,13135,"bigram","XQ","type",0
"subtlex_uk",10,13135,"bigram","XR","type",0
"subtlex_uk",10,13135,"bigram","XS","type",3
"subtlex_uk",10,13135,"bigram","XT","type",36
"subtlex_uk",10,13135,"bigram","XU","type",10
"subtlex_uk",10,13135,"bigram","XV","type",0
"subtlex_uk",10,13135,"bigram","XW","type",0
"subtlex_uk",10,13135,"bigram","XX","type",1
"subtlex_uk",10,13135,"bigram","XY","type",5
"subtlex_uk",10,13135,"bigram","XZ","type",0
"subtlex_uk",10,13135,"bigram","YA","type",58
"subtlex_uk",10,13135,"bigram","YB","type",38
"subtlex_uk",10,13135,"bigram","YC","type",49
"subtlex_uk",10,13135,"bigram","YD","type",40
"subtlex_uk",10,13135,"bigram","YE","type",57
"subtlex_uk",10,13135,"bigram","YF","type",15
"subtlex_uk",10,13135,"bigram","YG","type",19
"subtlex_uk",10,13135,"bigram","YH","type",17
"subtlex_uk",10,13135,"bigram","YI","type",73
"subtlex_uk",10,13135,"bigram","YJ","type",0
"subtlex_uk",10,13135,"bigram","YK","type",6
"subtlex_uk",10,13135,"bigram","YL","type",43
"subtlex_uk",10,13135,"bigram","YM","type",69
"subtlex_uk",10,13135,"bigram","YN","type",50
"subtlex_uk",10,13135,"bigram","YO","type",26
"subtlex_uk",10,13135,"bigram","YP","type",64
"subtlex_uk",10,13135,"bigram","YQ","type",0
"subtlex_uk",10,13135,"bigram","YR","type",25
"subtlex_uk",10,13135,"bigram","YS","type",110
"subtlex_uk",10,13135,"bigram","YT","type",44
"subtlex_uk",10,13135,"bigram","YU","type",4
"subtlex_uk",10,13135,"bigram","YV","type",10
"subtlex_uk",10,13135,"bigram","YW","type",27
"subtlex_uk",10,13135,"bigram","YX","type",1
"subtlex_uk",10,13135,"bigram","YY","type",0
"subtlex_uk",10,13135,"bigram","YZ","type",4
"subtlex_uk",10,13135,"bigram","ZA","type",40
"subtlex_uk",10,13135,"bigram","ZB","type",4
"subtlex_uk",10,13135,"bigram","ZC","type",2
"subtlex_uk",10,13135,"bigram","ZD","type",0
"subtlex_uk",10,13135,"bigram","ZE","type",113
"subtlex_uk",10,13135,"bigram","ZF","type",0
"subtlex_uk",10,13135,"bigram","ZG","type",2
"subtlex_uk",10,13135,"bigram","ZH","type",3
"subtlex_uk",10,13135,"bigram","ZI","type",37
"subtlex_uk",10,13135,"bigram","ZJ","type",0
"subtlex_uk",10,13135,"bigram","ZK","type",3
"subtlex_uk",10,13135,"bigram","ZL","type",13
"subtlex_uk",10,13135,"bigram","ZM","type",4
"subtlex_uk",10,13135,"bigram","ZN","type",2
"subtlex_uk",10,13135,"bigram","ZO","type",30
"subtlex_uk",10,13135,"bigram","ZP","type",0
"subtlex_uk",10,13135,"bigram","ZQ","type",0
"subtlex_uk",10,13135,"bigram","ZR","type",0
"subtlex_uk",10,13135,"bigram","ZS","type",3
"subtlex_uk",10,13135,"bigram","ZT","type",1
"subtlex_uk",10,13135,"bigram","ZU","type",9
"subtlex_uk",10,13135,"bigram","ZV","type",1
"subtlex_uk",10,13135,"bigram","ZW","type",2
"subtlex_uk",10,13135,"bigram","ZX","type",0
"subtlex_uk",10,13135,"bigram","ZY","type",8
"subtlex_uk",10,13135,"bigram","ZZ","type",35
