"corpus","word_length","n_words","ngram","bigram","method","pos1","pos2","pos3","pos4","pos5","pos6","pos7","pos8","pos9"
"subtlex_uk",3,5268,"bigram","AA","type",14,20,NA,NA,NA,NA,NA,NA,NA
"subtlex_uk",3,5268,"bigram","AB","type",19,19,NA,NA,NA,NA,NA,NA,NA
"subtlex_uk",3,5268,"bigram","AC","type",16,17,NA,NA,NA,NA,NA,NA,NA
"subtlex_uk",3,5268,"bigram","AD","type",17,23,NA,NA,NA,NA,NA,NA,NA
"subtlex_uk",3,5268,"bigram","AE","type",15,17,NA,NA,NA,NA,NA,NA,NA
"subtlex_uk",3,5268,"bigram","AF","type",10,16,NA,NA,NA,NA,NA,NA,NA
"subtlex_uk",3,5268,"bigram","AG","type",13,21,NA,NA,NA,NA,NA,NA,NA
"subtlex_uk",3,5268,"bigram","AH","type",10,22,NA,NA,NA,NA,NA,NA,NA
"subtlex_uk",3,5268,"bigram","AI","type",18,19,NA,NA,NA,NA,NA,NA,NA
"subtlex_uk",3,5268,"bigram","AJ","type",5,10,NA,NA,NA,NA,NA,NA,NA
"subtlex_uk",3,5268,"bigram","AK","type",8,19,NA,NA,NA,NA,NA,NA,NA
"subtlex_uk",3,5268,"bigram","AL","type",19,25,NA,NA,NA,NA,NA,NA,NA
"subtlex_uk",3,5268,"bigram","AM","type",17,23,NA,NA,NA,NA,NA,NA,NA
"subtlex_uk",3,5268,"bigram","AN","type",17,26,NA,NA,NA,NA,NA,NA,NA
"subtlex_uk",3,5268,"bigram","AO","type",11,18,NA,NA,NA,NA,NA,NA,NA
"subtlex_uk",3,5268,"bigram","AP","type",15,21,NA,NA,NA,NA,NA,NA,NA
"subtlex_uk",3,5268,"bigram","AQ","type",2,1,NA,NA,NA,NA,NA,NA,NA
"subtlex_uk",3,5268,"bigram","AR","type",22,24,NA,NA,NA,NA,NA,NA,NA
"subtlex_uk",3,5268,"bigram","AS","type",17,24,NA,NA,NA,NA,NA,NA,NA
"subtlex_uk",3,5268,"bigram","AT","type",16,23,NA,NA,NA,NA,NA,NA,NA
"subtlex_uk",3,5268,"bigram","AU","type",15,16,NA,NA,NA,NA,NA,NA,NA
"subtlex_uk",3,5268,"bigram","AV","type",12,17,NA,NA,NA,NA,NA,NA,NA
"subtlex_uk",3,5268,"bigram","AW","type",12,19,NA,NA,NA,NA,NA,NA,NA
"subtlex_uk",3,5268,"bigram","AX","type",4,14,NA,NA,NA,NA,NA,NA,NA
"subtlex_uk",3,5268,"bigram","AY","type",8,20,NA,NA,NA,NA,NA,NA,NA
"subtlex_uk",3,5268,"bigram","AZ","type",6,19,NA,NA,NA,NA,NA,NA,NA
"subtlex_uk",3,5268,"bigram","BA","type",24,16,NA,NA,NA,NA,NA,NA,NA
"subtlex_uk",3,5268,"bigram","BB","type",9,4,NA,NA,NA,NA,NA,NA,NA
"subtlex_uk",3,5268,"bigram","BC","type",11,12,NA,NA,NA,NA,NA,NA,NA
"subtlex_uk",3,5268,"bigram","BD","type",7,6,NA,NA,NA,NA,NA,NA,NA
"subtlex_uk",3,5268,"bigram","BE","type",23,10,NA,NA,NA,NA,NA,NA,NA
"subtlex_uk",3,5268,"bigram","BF","type",6,1,NA,NA,NA,NA,NA,NA,NA
"subtlex_uk",3,5268,"bigram","BG","type",3,8,NA,NA,NA,NA,NA,NA,NA
"subtlex_uk",3,5268,"bigram","BH","type",7,3,NA,NA,NA,NA,NA,NA,NA
"subtlex_uk",3,5268,"bigram","BI","type",20,10,NA,NA,NA,NA,NA,NA,NA
"subtlex_uk",3,5268,"bigram","BJ","type",1,2,NA,NA,NA,NA,NA,NA,NA
"subtlex_uk",3,5268,"bigram","BK","type",1,2,NA,NA,NA,NA,NA,NA,NA
"subtlex_uk",3,5268,"bigram","BL","type",9,11,NA,NA,NA,NA,NA,NA,NA
"subtlex_uk",3,5268,"bigram","BM","type",13,5,NA,NA,NA,NA,NA,NA,NA
"subtlex_uk",3,5268,"bigram","BN","type",6,3,NA,NA,NA,NA,NA,NA,NA
"subtlex_uk",3,5268,"bigram","BO","type",25,11,NA,NA,NA,NA,NA,NA,NA
"subtlex_uk",3,5268,"bigram","BP","type",9,3,NA,NA,NA,NA,NA,NA,NA
"subtlex_uk",3,5268,"bigram","BQ","type",0,1,NA,NA,NA,NA,NA,NA,NA
"subtlex_uk",3,5268,"bigram","BR","type",15,6,NA,NA,NA,NA,NA,NA,NA
"subtlex_uk",3,5268,"bigram","BS","type",14,18,NA,NA,NA,NA,NA,NA,NA
"subtlex_uk",3,5268,"bigram","BT","type",10,8,NA,NA,NA,NA,NA,NA,NA
"subtlex_uk",3,5268,"bigram","BU","type",18,4,NA,NA,NA,NA,NA,NA,NA
"subtlex_uk",3,5268,"bigram","BV","type",2,3,NA,NA,NA,NA,NA,NA,NA
"subtlex_uk",3,5268,"bigram","BW","type",3,2,NA,NA,NA,NA,NA,NA,NA
"subtlex_uk",3,5268,"bigram","BX","type",0,0,NA,NA,NA,NA,NA,NA,NA
"subtlex_uk",3,5268,"bigram","BY","type",8,3,NA,NA,NA,NA,NA,NA,NA
"subtlex_uk",3,5268,"bigram","BZ","type",2,1,NA,NA,NA,NA,NA,NA,NA
"subtlex_uk",3,5268,"bigram","CA","type",22,15,NA,NA,NA,NA,NA,NA,NA
"subtlex_uk",3,5268,"bigram","CB","type",10,12,NA,NA,NA,NA,NA,NA,NA
"subtlex_uk",3,5268,"bigram","CC","type",14,14,NA,NA,NA,NA,NA,NA,NA
"subtlex_uk",3,5268,"bigram","CD","type",8,10,NA,NA,NA,NA,NA,NA,NA
"subtlex_uk",3,5268,"bigram","CE","type",18,9,NA,NA,NA,NA,NA,NA,NA
"subtlex_uk",3,5268,"bigram","CF","type",7,0,NA,NA,NA,NA,NA,NA,NA
"subtlex_uk",3,5268,"bigram","CG","type",4,6,NA,NA,NA,NA,NA,NA,NA
"subtlex_uk",3,5268,"bigram","CH","type",15,19,NA,NA,NA,NA,NA,NA,NA
"subtlex_uk",3,5268,"bigram","CI","type",16,9,NA,NA,NA,NA,NA,NA,NA
"subtlex_uk",3,5268,"bigram","CJ","type",1,3,NA,NA,NA,NA,NA,NA,NA
"subtlex_uk",3,5268,"bigram","CK","type",1,8,NA,NA,NA,NA,NA,NA,NA
"subtlex_uk",3,5268,"bigram","CL","type",10,4,NA,NA,NA,NA,NA,NA,NA
"subtlex_uk",3,5268,"bigram","CM","type",9,10,NA,NA,NA,NA,NA,NA,NA
"subtlex_uk",3,5268,"bigram","CN","type",5,6,NA,NA,NA,NA,NA,NA,NA
"subtlex_uk",3,5268,"bigram","CO","type",25,9,NA,NA,NA,NA,NA,NA,NA
"subtlex_uk",3,5268,"bigram","CP","type",14,10,NA,NA,NA,NA,NA,NA,NA
"subtlex_uk",3,5268,"bigram","CQ","type",2,0,NA,NA,NA,NA,NA,NA,NA
"subtlex_uk",3,5268,"bigram","CR","type",16,9,NA,NA,NA,NA,NA,NA,NA
"subtlex_uk",3,5268,"bigram","CS","type",15,16,NA,NA,NA,NA,NA,NA,NA
"subtlex_uk",3,5268,"bigram","CT","type",9,13,NA,NA,NA,NA,NA,NA,NA
"subtlex_uk",3,5268,"bigram","CU","type",14,8,NA,NA,NA,NA,NA,NA,NA
"subtlex_uk",3,5268,"bigram","CV","type",6,2,NA,NA,NA,NA,NA,NA,NA
"subtlex_uk",3,5268,"bigram","CW","type",6,1,NA,NA,NA,NA,NA,NA,NA
"subtlex_uk",3,5268,"bigram","CX","type",0,1,NA,NA,NA,NA,NA,NA,NA
"subtlex_uk",3,5268,"bigram","CY","type",6,3,NA,NA,NA,NA,NA,NA,NA
"subtlex_uk",3,5268,"bigram","CZ","type",0,0,NA,NA,NA,NA,NA,NA,NA
"subtlex_uk",3,5268,"bigram","DA","type",24,15,NA,NA,NA,NA,NA,NA,NA
"subtlex_uk",3,5268,"bigram","DB","type",12,4,NA,NA,NA,NA,NA,NA,NA
"subtlex_uk",3,5268,"bigram","DC","type",10,13,NA,NA,NA,NA,NA,NA,NA
"subtlex_uk",3,5268,"bigram","DD","type",12,6,NA,NA,NA,NA,NA,NA,NA
"subtlex_uk",3,5268,"bigram","DE","type",24,6,NA,NA,NA,NA,NA,NA,NA
"subtlex_uk",3,5268,"bigram","DF","type",8,10,NA,NA,NA,NA,NA,NA,NA
"subtlex_uk",3,5268,"bigram","DG","type",4,3,NA,NA,NA,NA,NA,NA,NA
"subtlex_uk",3,5268,"bigram","DH","type",8,2,NA,NA,NA,NA,NA,NA,NA
"subtlex_uk",3,5268,"bigram","DI","type",22,9,NA,NA,NA,NA,NA,NA,NA
"subtlex_uk",3,5268,"bigram","DJ","type",1,1,NA,NA,NA,NA,NA,NA,NA
"subtlex_uk",3,5268,"bigram","DK","type",1,1,NA,NA,NA,NA,NA,NA,NA
"subtlex_uk",3,5268,"bigram","DL","type",8,7,NA,NA,NA,NA,NA,NA,NA
"subtlex_uk",3,5268,"bigram","DM","type",9,4,NA,NA,NA,NA,NA,NA,NA
"subtlex_uk",3,5268,"bigram","DN","type",8,3,NA,NA,NA,NA,NA,NA,NA
"subtlex_uk",3,5268,"bigram","DO","type",23,11,NA,NA,NA,NA,NA,NA,NA
"subtlex_uk",3,5268,"bigram","DP","type",9,14,NA,NA,NA,NA,NA,NA,NA
"subtlex_uk",3,5268,"bigram","DQ","type",0,1,NA,NA,NA,NA,NA,NA,NA
"subtlex_uk",3,5268,"bigram","DR","type",15,7,NA,NA,NA,NA,NA,NA,NA
"subtlex_uk",3,5268,"bigram","DS","type",15,18,NA,NA,NA,NA,NA,NA,NA
"subtlex_uk",3,5268,"bigram","DT","type",4,6,NA,NA,NA,NA,NA,NA,NA
"subtlex_uk",3,5268,"bigram","DU","type",22,7,NA,NA,NA,NA,NA,NA,NA
"subtlex_uk",3,5268,"bigram","DV","type",5,2,NA,NA,NA,NA,NA,NA,NA
"subtlex_uk",3,5268,"bigram","DW","type",6,1,NA,NA,NA,NA,NA,NA,NA
"subtlex_uk",3,5268,"bigram","DX","type",2,1,NA,NA,NA,NA,NA,NA,NA
"subtlex_uk",3,5268,"bigram","DY","type",3,7,NA,NA,NA,NA,NA,NA,NA
"subtlex_uk",3,5268,"bigram","DZ","type",0,3,NA,NA,NA,NA,NA,NA,NA
"subtlex_uk",3,5268,"bigram","EA","type",11,20,NA,NA,NA,NA,NA,NA,NA
"subtlex_uk",3,5268,"bigram","EB","type",11,22,NA,NA,NA,NA,NA,NA,NA
"subtlex_uk",3,5268,"bigram","EC","type",15,15,NA,NA,NA,NA,NA,NA,NA
"subtlex_uk",3,5268,"bigram","ED","type",15,23,NA,NA,NA,NA,NA,NA,NA
"subtlex_uk",3,5268,"bigram","EE","type",20,23,NA,NA,NA,NA,NA,NA,NA
"subtlex_uk",3,5268,"bigram","EF","type",9,18,NA,NA,NA,NA,NA,NA,NA
"subtlex_uk",3,5268,"bigram","EG","type",7,18,NA,NA,NA,NA,NA,NA,NA
"subtlex_uk",3,5268,"bigram","EH","type",5,17,NA,NA,NA,NA,NA,NA,NA
"subtlex_uk",3,5268,"bigram","EI","type",8,16,NA,NA,NA,NA,NA,NA,NA
"subtlex_uk",3,5268,"bigram","EJ","type",0,4,NA,NA,NA,NA,NA,NA,NA
"subtlex_uk",3,5268,"bigram","EK","type",2,11,NA,NA,NA,NA,NA,NA,NA
"subtlex_uk",3,5268,"bigram","EL","type",17,20,NA,NA,NA,NA,NA,NA,NA
"subtlex_uk",3,5268,"bigram","EM","type",13,24,NA,NA,NA,NA,NA,NA,NA
"subtlex_uk",3,5268,"bigram","EN","type",12,25,NA,NA,NA,NA,NA,NA,NA
"subtlex_uk",3,5268,"bigram","EO","type",5,13,NA,NA,NA,NA,NA,NA,NA
"subtlex_uk",3,5268,"bigram","EP","type",12,20,NA,NA,NA,NA,NA,NA,NA
"subtlex_uk",3,5268,"bigram","EQ","type",0,1,NA,NA,NA,NA,NA,NA,NA
"subtlex_uk",3,5268,"bigram","ER","type",17,24,NA,NA,NA,NA,NA,NA,NA
"subtlex_uk",3,5268,"bigram","ES","type",18,23,NA,NA,NA,NA,NA,NA,NA
"subtlex_uk",3,5268,"bigram","ET","type",12,25,NA,NA,NA,NA,NA,NA,NA
"subtlex_uk",3,5268,"bigram","EU","type",6,14,NA,NA,NA,NA,NA,NA,NA
"subtlex_uk",3,5268,"bigram","EV","type",6,12,NA,NA,NA,NA,NA,NA,NA
"subtlex_uk",3,5268,"bigram","EW","type",3,15,NA,NA,NA,NA,NA,NA,NA
"subtlex_uk",3,5268,"bigram","EX","type",8,16,NA,NA,NA,NA,NA,NA,NA
"subtlex_uk",3,5268,"bigram","EY","type",6,18,NA,NA,NA,NA,NA,NA,NA
"subtlex_uk",3,5268,"bigram","EZ","type",1,18,NA,NA,NA,NA,NA,NA,NA
"subtlex_uk",3,5268,"bigram","FA","type",24,11,NA,NA,NA,NA,NA,NA,NA
"subtlex_uk",3,5268,"bigram","FB","type",3,2,NA,NA,NA,NA,NA,NA,NA
"subtlex_uk",3,5268,"bigram","FC","type",4,13,NA,NA,NA,NA,NA,NA,NA
"subtlex_uk",3,5268,"bigram","FD","type",4,1,NA,NA,NA,NA,NA,NA,NA
"subtlex_uk",3,5268,"bigram","FE","type",16,5,NA,NA,NA,NA,NA,NA,NA
"subtlex_uk",3,5268,"bigram","FF","type",5,9,NA,NA,NA,NA,NA,NA,NA
"subtlex_uk",3,5268,"bigram","FG","type",1,4,NA,NA,NA,NA,NA,NA,NA
"subtlex_uk",3,5268,"bigram","FH","type",1,0,NA,NA,NA,NA,NA,NA,NA
"subtlex_uk",3,5268,"bigram","FI","type",21,7,NA,NA,NA,NA,NA,NA,NA
"subtlex_uk",3,5268,"bigram","FJ","type",0,1,NA,NA,NA,NA,NA,NA,NA
"subtlex_uk",3,5268,"bigram","FK","type",0,3,NA,NA,NA,NA,NA,NA,NA
"subtlex_uk",3,5268,"bigram","FL","type",11,11,NA,NA,NA,NA,NA,NA,NA
"subtlex_uk",3,5268,"bigram","FM","type",1,5,NA,NA,NA,NA,NA,NA,NA
"subtlex_uk",3,5268,"bigram","FN","type",0,2,NA,NA,NA,NA,NA,NA,NA
"subtlex_uk",3,5268,"bigram","FO","type",20,5,NA,NA,NA,NA,NA,NA,NA
"subtlex_uk",3,5268,"bigram","FP","type",4,5,NA,NA,NA,NA,NA,NA,NA
"subtlex_uk",3,5268,"bigram","FQ","type",0,0,NA,NA,NA,NA,NA,NA,NA
"subtlex_uk",3,5268,"bigram","FR","type",17,13,NA,NA,NA,NA,NA,NA,NA
"subtlex_uk",3,5268,"bigram","FS","type",10,9,NA,NA,NA,NA,NA,NA,NA
"subtlex_uk",3,5268,"bigram","FT","type",8,11,NA,NA,NA,NA,NA,NA,NA
"subtlex_uk",3,5268,"bigram","FU","type",13,2,NA,NA,NA,NA,NA,NA,NA
"subtlex_uk",3,5268,"bigram","FV","type",0,0,NA,NA,NA,NA,NA,NA,NA
"subtlex_uk",3,5268,"bigram","FW","type",1,0,NA,NA,NA,NA,NA,NA,NA
"subtlex_uk",3,5268,"bigram","FX","type",1,1,NA,NA,NA,NA,NA,NA,NA
"subtlex_uk",3,5268,"bigram","FY","type",6,2,NA,NA,NA,NA,NA,NA,NA
"subtlex_uk",3,5268,"bigram","FZ","type",1,0,NA,NA,NA,NA,NA,NA,NA
"subtlex_uk",3,5268,"bigram","GA","type",20,11,NA,NA,NA,NA,NA,NA,NA
"subtlex_uk",3,5268,"bigram","GB","type",9,5,NA,NA,NA,NA,NA,NA,NA
"subtlex_uk",3,5268,"bigram","GC","type",6,11,NA,NA,NA,NA,NA,NA,NA
"subtlex_uk",3,5268,"bigram","GD","type",8,1,NA,NA,NA,NA,NA,NA,NA
"subtlex_uk",3,5268,"bigram","GE","type",20,5,NA,NA,NA,NA,NA,NA,NA
"subtlex_uk",3,5268,"bigram","GF","type",2,3,NA,NA,NA,NA,NA,NA,NA
"subtlex_uk",3,5268,"bigram","GG","type",3,6,NA,NA,NA,NA,NA,NA,NA
"subtlex_uk",3,5268,"bigram","GH","type",9,8,NA,NA,NA,NA,NA,NA,NA
"subtlex_uk",3,5268,"bigram","GI","type",18,6,NA,NA,NA,NA,NA,NA,NA
"subtlex_uk",3,5268,"bigram","GJ","type",0,0,NA,NA,NA,NA,NA,NA,NA
"subtlex_uk",3,5268,"bigram","GK","type",1,0,NA,NA,NA,NA,NA,NA,NA
"subtlex_uk",3,5268,"bigram","GL","type",13,0,NA,NA,NA,NA,NA,NA,NA
"subtlex_uk",3,5268,"bigram","GM","type",7,6,NA,NA,NA,NA,NA,NA,NA
"subtlex_uk",3,5268,"bigram","GN","type",8,4,NA,NA,NA,NA,NA,NA,NA
"subtlex_uk",3,5268,"bigram","GO","type",23,5,NA,NA,NA,NA,NA,NA,NA
"subtlex_uk",3,5268,"bigram","GP","type",4,4,NA,NA,NA,NA,NA,NA,NA
"subtlex_uk",3,5268,"bigram","GQ","type",0,0,NA,NA,NA,NA,NA,NA,NA
"subtlex_uk",3,5268,"bigram","GR","type",13,1,NA,NA,NA,NA,NA,NA,NA
"subtlex_uk",3,5268,"bigram","GS","type",10,16,NA,NA,NA,NA,NA,NA,NA
"subtlex_uk",3,5268,"bigram","GT","type",13,5,NA,NA,NA,NA,NA,NA,NA
"subtlex_uk",3,5268,"bigram","GU","type",17,0,NA,NA,NA,NA,NA,NA,NA
"subtlex_uk",3,5268,"bigram","GV","type",1,3,NA,NA,NA,NA,NA,NA,NA
"subtlex_uk",3,5268,"bigram","GW","type",2,1,NA,NA,NA,NA,NA,NA,NA
"subtlex_uk",3,5268,"bigram","GX","type",0,0,NA,NA,NA,NA,NA,NA,NA
"subtlex_uk",3,5268,"bigram","GY","type",5,1,NA,NA,NA,NA,NA,NA,NA
"subtlex_uk",3,5268,"bigram","GZ","type",1,0,NA,NA,NA,NA,NA,NA,NA
"subtlex_uk",3,5268,"bigram","HA","type",26,15,NA,NA,NA,NA,NA,NA,NA
"subtlex_uk",3,5268,"bigram","HB","type",3,5,NA,NA,NA,NA,NA,NA,NA
"subtlex_uk",3,5268,"bigram","HC","type",6,4,NA,NA,NA,NA,NA,NA,NA
"subtlex_uk",3,5268,"bigram","HD","type",3,5,NA,NA,NA,NA,NA,NA,NA
"subtlex_uk",3,5268,"bigram","HE","type",23,14,NA,NA,NA,NA,NA,NA,NA
"subtlex_uk",3,5268,"bigram","HF","type",0,5,NA,NA,NA,NA,NA,NA,NA
"subtlex_uk",3,5268,"bigram","HG","type",2,2,NA,NA,NA,NA,NA,NA,NA
"subtlex_uk",3,5268,"bigram","HH","type",1,10,NA,NA,NA,NA,NA,NA,NA
"subtlex_uk",3,5268,"bigram","HI","type",19,14,NA,NA,NA,NA,NA,NA,NA
"subtlex_uk",3,5268,"bigram","HJ","type",1,0,NA,NA,NA,NA,NA,NA,NA
"subtlex_uk",3,5268,"bigram","HK","type",0,3,NA,NA,NA,NA,NA,NA,NA
"subtlex_uk",3,5268,"bigram","HL","type",3,5,NA,NA,NA,NA,NA,NA,NA
"subtlex_uk",3,5268,"bigram","HM","type",11,9,NA,NA,NA,NA,NA,NA,NA
"subtlex_uk",3,5268,"bigram","HN","type",5,3,NA,NA,NA,NA,NA,NA,NA
"subtlex_uk",3,5268,"bigram","HO","type",23,13,NA,NA,NA,NA,NA,NA,NA
"subtlex_uk",3,5268,"bigram","HP","type",7,6,NA,NA,NA,NA,NA,NA,NA
"subtlex_uk",3,5268,"bigram","HQ","type",2,1,NA,NA,NA,NA,NA,NA,NA
"subtlex_uk",3,5268,"bigram","HR","type",11,5,NA,NA,NA,NA,NA,NA,NA
"subtlex_uk",3,5268,"bigram","HS","type",9,11,NA,NA,NA,NA,NA,NA,NA
"subtlex_uk",3,5268,"bigram","HT","type",5,8,NA,NA,NA,NA,NA,NA,NA
"subtlex_uk",3,5268,"bigram","HU","type",20,9,NA,NA,NA,NA,NA,NA,NA
"subtlex_uk",3,5268,"bigram","HV","type",4,1,NA,NA,NA,NA,NA,NA,NA
"subtlex_uk",3,5268,"bigram","HW","type",2,3,NA,NA,NA,NA,NA,NA,NA
"subtlex_uk",3,5268,"bigram","HX","type",1,0,NA,NA,NA,NA,NA,NA,NA
"subtlex_uk",3,5268,"bigram","HY","type",3,5,NA,NA,NA,NA,NA,NA,NA
"subtlex_uk",3,5268,"bigram","HZ","type",0,2,NA,NA,NA,NA,NA,NA,NA
"subtlex_uk",3,5268,"bigram","IA","type",8,21,NA,NA,NA,NA,NA,NA,NA
"subtlex_uk",3,5268,"bigram","IB","type",13,20,NA,NA,NA,NA,NA,NA,NA
"subtlex_uk",3,5268,"bigram","IC","type",21,15,NA,NA,NA,NA,NA,NA,NA
"subtlex_uk",3,5268,"bigram","ID","type",12,21,NA,NA,NA,NA,NA,NA,NA
"subtlex_uk",3,5268,"bigram","IE","type",12,22,NA,NA,NA,NA,NA,NA,NA
"subtlex_uk",3,5268,"bigram","IF","type",9,19,NA,NA,NA,NA,NA,NA,NA
"subtlex_uk",3,5268,"bigram","IG","type",8,21,NA,NA,NA,NA,NA,NA,NA
"subtlex_uk",3,5268,"bigram","IH","type",7,8,NA,NA,NA,NA,NA,NA,NA
"subtlex_uk",3,5268,"bigram","II","type",5,9,NA,NA,NA,NA,NA,NA,NA
"subtlex_uk",3,5268,"bigram","IJ","type",0,9,NA,NA,NA,NA,NA,NA,NA
"subtlex_uk",3,5268,"bigram","IK","type",5,14,NA,NA,NA,NA,NA,NA,NA
"subtlex_uk",3,5268,"bigram","IL","type",9,20,NA,NA,NA,NA,NA,NA,NA
"subtlex_uk",3,5268,"bigram","IM","type",12,22,NA,NA,NA,NA,NA,NA,NA
"subtlex_uk",3,5268,"bigram","IN","type",14,25,NA,NA,NA,NA,NA,NA,NA
"subtlex_uk",3,5268,"bigram","IO","type",9,12,NA,NA,NA,NA,NA,NA,NA
"subtlex_uk",3,5268,"bigram","IP","type",10,22,NA,NA,NA,NA,NA,NA,NA
"subtlex_uk",3,5268,"bigram","IQ","type",1,0,NA,NA,NA,NA,NA,NA,NA
"subtlex_uk",3,5268,"bigram","IR","type",14,22,NA,NA,NA,NA,NA,NA,NA
"subtlex_uk",3,5268,"bigram","IS","type",16,24,NA,NA,NA,NA,NA,NA,NA
"subtlex_uk",3,5268,"bigram","IT","type",17,24,NA,NA,NA,NA,NA,NA,NA
"subtlex_uk",3,5268,"bigram","IU","type",3,9,NA,NA,NA,NA,NA,NA,NA
"subtlex_uk",3,5268,"bigram","IV","type",10,13,NA,NA,NA,NA,NA,NA,NA
"subtlex_uk",3,5268,"bigram","IW","type",4,0,NA,NA,NA,NA,NA,NA,NA
"subtlex_uk",3,5268,"bigram","IX","type",1,15,NA,NA,NA,NA,NA,NA,NA
"subtlex_uk",3,5268,"bigram","IY","type",2,4,NA,NA,NA,NA,NA,NA,NA
"subtlex_uk",3,5268,"bigram","IZ","type",3,18,NA,NA,NA,NA,NA,NA,NA
"subtlex_uk",3,5268,"bigram","JA","type",23,1,NA,NA,NA,NA,NA,NA,NA
"subtlex_uk",3,5268,"bigram","JB","type",2,1,NA,NA,NA,NA,NA,NA,NA
"subtlex_uk",3,5268,"bigram","JC","type",2,0,NA,NA,NA,NA,NA,NA,NA
"subtlex_uk",3,5268,"bigram","JD","type",1,1,NA,NA,NA,NA,NA,NA,NA
"subtlex_uk",3,5268,"bigram","JE","type",17,0,NA,NA,NA,NA,NA,NA,NA
"subtlex_uk",3,5268,"bigram","JF","type",1,0,NA,NA,NA,NA,NA,NA,NA
"subtlex_uk",3,5268,"bigram","JG","type",0,0,NA,NA,NA,NA,NA,NA,NA
"subtlex_uk",3,5268,"bigram","JH","type",1,0,NA,NA,NA,NA,NA,NA,NA
"subtlex_uk",3,5268,"bigram","JI","type",14,2,NA,NA,NA,NA,NA,NA,NA
"subtlex_uk",3,5268,"bigram","JJ","type",2,0,NA,NA,NA,NA,NA,NA,NA
"subtlex_uk",3,5268,"bigram","JK","type",0,1,NA,NA,NA,NA,NA,NA,NA
"subtlex_uk",3,5268,"bigram","JL","type",7,0,NA,NA,NA,NA,NA,NA,NA
"subtlex_uk",3,5268,"bigram","JM","type",3,1,NA,NA,NA,NA,NA,NA,NA
"subtlex_uk",3,5268,"bigram","JN","type",3,0,NA,NA,NA,NA,NA,NA,NA
"subtlex_uk",3,5268,"bigram","JO","type",19,2,NA,NA,NA,NA,NA,NA,NA
"subtlex_uk",3,5268,"bigram","JP","type",5,2,NA,NA,NA,NA,NA,NA,NA
"subtlex_uk",3,5268,"bigram","JQ","type",0,1,NA,NA,NA,NA,NA,NA,NA
"subtlex_uk",3,5268,"bigram","JR","type",2,1,NA,NA,NA,NA,NA,NA,NA
"subtlex_uk",3,5268,"bigram","JS","type",6,6,NA,NA,NA,NA,NA,NA,NA
"subtlex_uk",3,5268,"bigram","JT","type",1,0,NA,NA,NA,NA,NA,NA,NA
"subtlex_uk",3,5268,"bigram","JU","type",17,0,NA,NA,NA,NA,NA,NA,NA
"subtlex_uk",3,5268,"bigram","JV","type",2,0,NA,NA,NA,NA,NA,NA,NA
"subtlex_uk",3,5268,"bigram","JW","type",1,0,NA,NA,NA,NA,NA,NA,NA
"subtlex_uk",3,5268,"bigram","JX","type",1,0,NA,NA,NA,NA,NA,NA,NA
"subtlex_uk",3,5268,"bigram","JY","type",0,0,NA,NA,NA,NA,NA,NA,NA
"subtlex_uk",3,5268,"bigram","JZ","type",0,0,NA,NA,NA,NA,NA,NA,NA
"subtlex_uk",3,5268,"bigram","KA","type",21,8,NA,NA,NA,NA,NA,NA,NA
"subtlex_uk",3,5268,"bigram","KB","type",4,2,NA,NA,NA,NA,NA,NA,NA
"subtlex_uk",3,5268,"bigram","KC","type",3,0,NA,NA,NA,NA,NA,NA,NA
"subtlex_uk",3,5268,"bigram","KD","type",0,2,NA,NA,NA,NA,NA,NA,NA
"subtlex_uk",3,5268,"bigram","KE","type",19,7,NA,NA,NA,NA,NA,NA,NA
"subtlex_uk",3,5268,"bigram","KF","type",3,0,NA,NA,NA,NA,NA,NA,NA
"subtlex_uk",3,5268,"bigram","KG","type",2,3,NA,NA,NA,NA,NA,NA,NA
"subtlex_uk",3,5268,"bigram","KH","type",3,1,NA,NA,NA,NA,NA,NA,NA
"subtlex_uk",3,5268,"bigram","KI","type",14,5,NA,NA,NA,NA,NA,NA,NA
"subtlex_uk",3,5268,"bigram","KJ","type",0,0,NA,NA,NA,NA,NA,NA,NA
"subtlex_uk",3,5268,"bigram","KK","type",1,2,NA,NA,NA,NA,NA,NA,NA
"subtlex_uk",3,5268,"bigram","KL","type",7,0,NA,NA,NA,NA,NA,NA,NA
"subtlex_uk",3,5268,"bigram","KM","type",4,1,NA,NA,NA,NA,NA,NA,NA
"subtlex_uk",3,5268,"bigram","KN","type",5,1,NA,NA,NA,NA,NA,NA,NA
"subtlex_uk",3,5268,"bigram","KO","type",15,4,NA,NA,NA,NA,NA,NA,NA
"subtlex_uk",3,5268,"bigram","KP","type",6,1,NA,NA,NA,NA,NA,NA,NA
"subtlex_uk",3,5268,"bigram","KQ","type",0,0,NA,NA,NA,NA,NA,NA,NA
"subtlex_uk",3,5268,"bigram","KR","type",5,3,NA,NA,NA,NA,NA,NA,NA
"subtlex_uk",3,5268,"bigram","KS","type",3,3,NA,NA,NA,NA,NA,NA,NA
"subtlex_uk",3,5268,"bigram","KT","type",3,2,NA,NA,NA,NA,NA,NA,NA
"subtlex_uk",3,5268,"bigram","KU","type",15,2,NA,NA,NA,NA,NA,NA,NA
"subtlex_uk",3,5268,"bigram","KV","type",0,0,NA,NA,NA,NA,NA,NA,NA
"subtlex_uk",3,5268,"bigram","KW","type",3,1,NA,NA,NA,NA,NA,NA,NA
"subtlex_uk",3,5268,"bigram","KX","type",0,0,NA,NA,NA,NA,NA,NA,NA
"subtlex_uk",3,5268,"bigram","KY","type",7,2,NA,NA,NA,NA,NA,NA,NA
"subtlex_uk",3,5268,"bigram","KZ","type",0,1,NA,NA,NA,NA,NA,NA,NA
"subtlex_uk",3,5268,"bigram","LA","type",23,18,NA,NA,NA,NA,NA,NA,NA
"subtlex_uk",3,5268,"bigram","LB","type",8,5,NA,NA,NA,NA,NA,NA,NA
"subtlex_uk",3,5268,"bigram","LC","type",7,10,NA,NA,NA,NA,NA,NA,NA
"subtlex_uk",3,5268,"bigram","LD","type",5,12,NA,NA,NA,NA,NA,NA,NA
"subtlex_uk",3,5268,"bigram","LE","type",24,15,NA,NA,NA,NA,NA,NA,NA
"subtlex_uk",3,5268,"bigram","LF","type",6,7,NA,NA,NA,NA,NA,NA,NA
"subtlex_uk",3,5268,"bigram","LG","type",8,7,NA,NA,NA,NA,NA,NA,NA
"subtlex_uk",3,5268,"bigram","LH","type",2,1,NA,NA,NA,NA,NA,NA,NA
"subtlex_uk",3,5268,"bigram","LI","type",20,11,NA,NA,NA,NA,NA,NA,NA
"subtlex_uk",3,5268,"bigram","LJ","type",0,0,NA,NA,NA,NA,NA,NA,NA
"subtlex_uk",3,5268,"bigram","LK","type",2,7,NA,NA,NA,NA,NA,NA,NA
"subtlex_uk",3,5268,"bigram","LL","type",11,11,NA,NA,NA,NA,NA,NA,NA
"subtlex_uk",3,5268,"bigram","LM","type",7,7,NA,NA,NA,NA,NA,NA,NA
"subtlex_uk",3,5268,"bigram","LN","type",3,3,NA,NA,NA,NA,NA,NA,NA
"subtlex_uk",3,5268,"bigram","LO","type",23,11,NA,NA,NA,NA,NA,NA,NA
"subtlex_uk",3,5268,"bigram","LP","type",6,10,NA,NA,NA,NA,NA,NA,NA
"subtlex_uk",3,5268,"bigram","LQ","type",0,0,NA,NA,NA,NA,NA,NA,NA
"subtlex_uk",3,5268,"bigram","LR","type",5,7,NA,NA,NA,NA,NA,NA,NA
"subtlex_uk",3,5268,"bigram","LS","type",8,18,NA,NA,NA,NA,NA,NA,NA
"subtlex_uk",3,5268,"bigram","LT","type",5,12,NA,NA,NA,NA,NA,NA,NA
"subtlex_uk",3,5268,"bigram","LU","type",18,11,NA,NA,NA,NA,NA,NA,NA
"subtlex_uk",3,5268,"bigram","LV","type",2,2,NA,NA,NA,NA,NA,NA,NA
"subtlex_uk",3,5268,"bigram","LW","type",1,1,NA,NA,NA,NA,NA,NA,NA
"subtlex_uk",3,5268,"bigram","LX","type",1,0,NA,NA,NA,NA,NA,NA,NA
"subtlex_uk",3,5268,"bigram","LY","type",5,11,NA,NA,NA,NA,NA,NA,NA
"subtlex_uk",3,5268,"bigram","LZ","type",0,4,NA,NA,NA,NA,NA,NA,NA
"subtlex_uk",3,5268,"bigram","MA","type",25,15,NA,NA,NA,NA,NA,NA,NA
"subtlex_uk",3,5268,"bigram","MB","type",4,8,NA,NA,NA,NA,NA,NA,NA
"subtlex_uk",3,5268,"bigram","MC","type",12,13,NA,NA,NA,NA,NA,NA,NA
"subtlex_uk",3,5268,"bigram","MD","type",5,8,NA,NA,NA,NA,NA,NA,NA
"subtlex_uk",3,5268,"bigram","ME","type",24,11,NA,NA,NA,NA,NA,NA,NA
"subtlex_uk",3,5268,"bigram","MF","type",4,8,NA,NA,NA,NA,NA,NA,NA
"subtlex_uk",3,5268,"bigram","MG","type",7,8,NA,NA,NA,NA,NA,NA,NA
"subtlex_uk",3,5268,"bigram","MH","type",5,3,NA,NA,NA,NA,NA,NA,NA
"subtlex_uk",3,5268,"bigram","MI","type",26,12,NA,NA,NA,NA,NA,NA,NA
"subtlex_uk",3,5268,"bigram","MJ","type",1,3,NA,NA,NA,NA,NA,NA,NA
"subtlex_uk",3,5268,"bigram","MK","type",2,0,NA,NA,NA,NA,NA,NA,NA
"subtlex_uk",3,5268,"bigram","ML","type",6,2,NA,NA,NA,NA,NA,NA,NA
"subtlex_uk",3,5268,"bigram","MM","type",11,9,NA,NA,NA,NA,NA,NA,NA
"subtlex_uk",3,5268,"bigram","MN","type",6,3,NA,NA,NA,NA,NA,NA,NA
"subtlex_uk",3,5268,"bigram","MO","type",23,9,NA,NA,NA,NA,NA,NA,NA
"subtlex_uk",3,5268,"bigram","MP","type",10,10,NA,NA,NA,NA,NA,NA,NA
"subtlex_uk",3,5268,"bigram","MQ","type",1,1,NA,NA,NA,NA,NA,NA,NA
"subtlex_uk",3,5268,"bigram","MR","type",10,5,NA,NA,NA,NA,NA,NA,NA
"subtlex_uk",3,5268,"bigram","MS","type",13,17,NA,NA,NA,NA,NA,NA,NA
"subtlex_uk",3,5268,"bigram","MT","type",7,12,NA,NA,NA,NA,NA,NA,NA
"subtlex_uk",3,5268,"bigram","MU","type",19,4,NA,NA,NA,NA,NA,NA,NA
"subtlex_uk",3,5268,"bigram","MV","type",5,4,NA,NA,NA,NA,NA,NA,NA
"subtlex_uk",3,5268,"bigram","MW","type",1,2,NA,NA,NA,NA,NA,NA,NA
"subtlex_uk",3,5268,"bigram","MX","type",1,3,NA,NA,NA,NA,NA,NA,NA
"subtlex_uk",3,5268,"bigram","MY","type",3,4,NA,NA,NA,NA,NA,NA,NA
"subtlex_uk",3,5268,"bigram","MZ","type",0,2,NA,NA,NA,NA,NA,NA,NA
"subtlex_uk",3,5268,"bigram","NA","type",24,13,NA,NA,NA,NA,NA,NA,NA
"subtlex_uk",3,5268,"bigram","NB","type",5,6,NA,NA,NA,NA,NA,NA,NA
"subtlex_uk",3,5268,"bigram","NC","type",9,10,NA,NA,NA,NA,NA,NA,NA
"subtlex_uk",3,5268,"bigram","ND","type",8,14,NA,NA,NA,NA,NA,NA,NA
"subtlex_uk",3,5268,"bigram","NE","type",23,8,NA,NA,NA,NA,NA,NA,NA
"subtlex_uk",3,5268,"bigram","NF","type",6,1,NA,NA,NA,NA,NA,NA,NA
"subtlex_uk",3,5268,"bigram","NG","type",7,15,NA,NA,NA,NA,NA,NA,NA
"subtlex_uk",3,5268,"bigram","NH","type",7,7,NA,NA,NA,NA,NA,NA,NA
"subtlex_uk",3,5268,"bigram","NI","type",21,7,NA,NA,NA,NA,NA,NA,NA
"subtlex_uk",3,5268,"bigram","NJ","type",0,1,NA,NA,NA,NA,NA,NA,NA
"subtlex_uk",3,5268,"bigram","NK","type",0,7,NA,NA,NA,NA,NA,NA,NA
"subtlex_uk",3,5268,"bigram","NL","type",5,3,NA,NA,NA,NA,NA,NA,NA
"subtlex_uk",3,5268,"bigram","NM","type",5,1,NA,NA,NA,NA,NA,NA,NA
"subtlex_uk",3,5268,"bigram","NN","type",6,10,NA,NA,NA,NA,NA,NA,NA
"subtlex_uk",3,5268,"bigram","NO","type",24,10,NA,NA,NA,NA,NA,NA,NA
"subtlex_uk",3,5268,"bigram","NP","type",8,6,NA,NA,NA,NA,NA,NA,NA
"subtlex_uk",3,5268,"bigram","NQ","type",1,0,NA,NA,NA,NA,NA,NA,NA
"subtlex_uk",3,5268,"bigram","NR","type",10,6,NA,NA,NA,NA,NA,NA,NA
"subtlex_uk",3,5268,"bigram","NS","type",11,12,NA,NA,NA,NA,NA,NA,NA
"subtlex_uk",3,5268,"bigram","NT","type",10,12,NA,NA,NA,NA,NA,NA,NA
"subtlex_uk",3,5268,"bigram","NU","type",17,5,NA,NA,NA,NA,NA,NA,NA
"subtlex_uk",3,5268,"bigram","NV","type",2,0,NA,NA,NA,NA,NA,NA,NA
"subtlex_uk",3,5268,"bigram","NW","type",5,1,NA,NA,NA,NA,NA,NA,NA
"subtlex_uk",3,5268,"bigram","NX","type",2,1,NA,NA,NA,NA,NA,NA,NA
"subtlex_uk",3,5268,"bigram","NY","type",6,4,NA,NA,NA,NA,NA,NA,NA
"subtlex_uk",3,5268,"bigram","NZ","type",0,2,NA,NA,NA,NA,NA,NA,NA
"subtlex_uk",3,5268,"bigram","OA","type",13,12,NA,NA,NA,NA,NA,NA,NA
"subtlex_uk",3,5268,"bigram","OB","type",9,20,NA,NA,NA,NA,NA,NA,NA
"subtlex_uk",3,5268,"bigram","OC","type",8,14,NA,NA,NA,NA,NA,NA,NA
"subtlex_uk",3,5268,"bigram","OD","type",9,22,NA,NA,NA,NA,NA,NA,NA
"subtlex_uk",3,5268,"bigram","OE","type",6,17,NA,NA,NA,NA,NA,NA,NA
"subtlex_uk",3,5268,"bigram","OF","type",9,19,NA,NA,NA,NA,NA,NA,NA
"subtlex_uk",3,5268,"bigram","OG","type",6,17,NA,NA,NA,NA,NA,NA,NA
"subtlex_uk",3,5268,"bigram","OH","type",7,16,NA,NA,NA,NA,NA,NA,NA
"subtlex_uk",3,5268,"bigram","OI","type",13,18,NA,NA,NA,NA,NA,NA,NA
"subtlex_uk",3,5268,"bigram","OJ","type",3,5,NA,NA,NA,NA,NA,NA,NA
"subtlex_uk",3,5268,"bigram","OK","type",4,17,NA,NA,NA,NA,NA,NA,NA
"subtlex_uk",3,5268,"bigram","OL","type",9,20,NA,NA,NA,NA,NA,NA,NA
"subtlex_uk",3,5268,"bigram","OM","type",8,22,NA,NA,NA,NA,NA,NA,NA
"subtlex_uk",3,5268,"bigram","ON","type",12,24,NA,NA,NA,NA,NA,NA,NA
"subtlex_uk",3,5268,"bigram","OO","type",16,20,NA,NA,NA,NA,NA,NA,NA
"subtlex_uk",3,5268,"bigram","OP","type",8,19,NA,NA,NA,NA,NA,NA,NA
"subtlex_uk",3,5268,"bigram","OQ","type",0,1,NA,NA,NA,NA,NA,NA,NA
"subtlex_uk",3,5268,"bigram","OR","type",18,22,NA,NA,NA,NA,NA,NA,NA
"subtlex_uk",3,5268,"bigram","OS","type",10,21,NA,NA,NA,NA,NA,NA,NA
"subtlex_uk",3,5268,"bigram","OT","type",8,20,NA,NA,NA,NA,NA,NA,NA
"subtlex_uk",3,5268,"bigram","OU","type",11,21,NA,NA,NA,NA,NA,NA,NA
"subtlex_uk",3,5268,"bigram","OV","type",4,12,NA,NA,NA,NA,NA,NA,NA
"subtlex_uk",3,5268,"bigram","OW","type",7,21,NA,NA,NA,NA,NA,NA,NA
"subtlex_uk",3,5268,"bigram","OX","type",4,17,NA,NA,NA,NA,NA,NA,NA
"subtlex_uk",3,5268,"bigram","OY","type",4,17,NA,NA,NA,NA,NA,NA,NA
"subtlex_uk",3,5268,"bigram","OZ","type",3,16,NA,NA,NA,NA,NA,NA,NA
"subtlex_uk",3,5268,"bigram","PA","type",24,15,NA,NA,NA,NA,NA,NA,NA
"subtlex_uk",3,5268,"bigram","PB","type",8,3,NA,NA,NA,NA,NA,NA,NA
"subtlex_uk",3,5268,"bigram","PC","type",10,12,NA,NA,NA,NA,NA,NA,NA
"subtlex_uk",3,5268,"bigram","PD","type",10,8,NA,NA,NA,NA,NA,NA,NA
"subtlex_uk",3,5268,"bigram","PE","type",20,9,NA,NA,NA,NA,NA,NA,NA
"subtlex_uk",3,5268,"bigram","PF","type",9,5,NA,NA,NA,NA,NA,NA,NA
"subtlex_uk",3,5268,"bigram","PG","type",4,7,NA,NA,NA,NA,NA,NA,NA
"subtlex_uk",3,5268,"bigram","PH","type",10,4,NA,NA,NA,NA,NA,NA,NA
"subtlex_uk",3,5268,"bigram","PI","type",21,11,NA,NA,NA,NA,NA,NA,NA
"subtlex_uk",3,5268,"bigram","PJ","type",1,0,NA,NA,NA,NA,NA,NA,NA
"subtlex_uk",3,5268,"bigram","PK","type",2,2,NA,NA,NA,NA,NA,NA,NA
"subtlex_uk",3,5268,"bigram","PL","type",15,10,NA,NA,NA,NA,NA,NA,NA
"subtlex_uk",3,5268,"bigram","PM","type",6,8,NA,NA,NA,NA,NA,NA,NA
"subtlex_uk",3,5268,"bigram","PN","type",7,2,NA,NA,NA,NA,NA,NA,NA
"subtlex_uk",3,5268,"bigram","PO","type",25,12,NA,NA,NA,NA,NA,NA,NA
"subtlex_uk",3,5268,"bigram","PP","type",13,12,NA,NA,NA,NA,NA,NA,NA
"subtlex_uk",3,5268,"bigram","PQ","type",0,0,NA,NA,NA,NA,NA,NA,NA
"subtlex_uk",3,5268,"bigram","PR","type",16,14,NA,NA,NA,NA,NA,NA,NA
"subtlex_uk",3,5268,"bigram","PS","type",17,20,NA,NA,NA,NA,NA,NA,NA
"subtlex_uk",3,5268,"bigram","PT","type",8,13,NA,NA,NA,NA,NA,NA,NA
"subtlex_uk",3,5268,"bigram","PU","type",18,5,NA,NA,NA,NA,NA,NA,NA
"subtlex_uk",3,5268,"bigram","PV","type",5,2,NA,NA,NA,NA,NA,NA,NA
"subtlex_uk",3,5268,"bigram","PW","type",7,2,NA,NA,NA,NA,NA,NA,NA
"subtlex_uk",3,5268,"bigram","PX","type",0,0,NA,NA,NA,NA,NA,NA,NA
"subtlex_uk",3,5268,"bigram","PY","type",5,3,NA,NA,NA,NA,NA,NA,NA
"subtlex_uk",3,5268,"bigram","PZ","type",0,2,NA,NA,NA,NA,NA,NA,NA
"subtlex_uk",3,5268,"bigram","QA","type",6,2,NA,NA,NA,NA,NA,NA,NA
"subtlex_uk",3,5268,"bigram","QB","type",1,0,NA,NA,NA,NA,NA,NA,NA
"subtlex_uk",3,5268,"bigram","QC","type",1,1,NA,NA,NA,NA,NA,NA,NA
"subtlex_uk",3,5268,"bigram","QD","type",1,1,NA,NA,NA,NA,NA,NA,NA
"subtlex_uk",3,5268,"bigram","QE","type",5,1,NA,NA,NA,NA,NA,NA,NA
"subtlex_uk",3,5268,"bigram","QF","type",0,0,NA,NA,NA,NA,NA,NA,NA
"subtlex_uk",3,5268,"bigram","QG","type",0,1,NA,NA,NA,NA,NA,NA,NA
"subtlex_uk",3,5268,"bigram","QH","type",0,0,NA,NA,NA,NA,NA,NA,NA
"subtlex_uk",3,5268,"bigram","QI","type",4,0,NA,NA,NA,NA,NA,NA,NA
"subtlex_uk",3,5268,"bigram","QJ","type",0,0,NA,NA,NA,NA,NA,NA,NA
"subtlex_uk",3,5268,"bigram","QK","type",0,0,NA,NA,NA,NA,NA,NA,NA
"subtlex_uk",3,5268,"bigram","QL","type",0,0,NA,NA,NA,NA,NA,NA,NA
"subtlex_uk",3,5268,"bigram","QM","type",4,1,NA,NA,NA,NA,NA,NA,NA
"subtlex_uk",3,5268,"bigram","QN","type",1,0,NA,NA,NA,NA,NA,NA,NA
"subtlex_uk",3,5268,"bigram","QO","type",3,0,NA,NA,NA,NA,NA,NA,NA
"subtlex_uk",3,5268,"bigram","QP","type",1,0,NA,NA,NA,NA,NA,NA,NA
"subtlex_uk",3,5268,"bigram","QQ","type",0,0,NA,NA,NA,NA,NA,NA,NA
"subtlex_uk",3,5268,"bigram","QR","type",1,0,NA,NA,NA,NA,NA,NA,NA
"subtlex_uk",3,5268,"bigram","QS","type",0,2,NA,NA,NA,NA,NA,NA,NA
"subtlex_uk",3,5268,"bigram","QT","type",1,1,NA,NA,NA,NA,NA,NA,NA
"subtlex_uk",3,5268,"bigram","QU","type",8,1,NA,NA,NA,NA,NA,NA,NA
"subtlex_uk",3,5268,"bigram","QV","type",1,0,NA,NA,NA,NA,NA,NA,NA
"subtlex_uk",3,5268,"bigram","QW","type",0,0,NA,NA,NA,NA,NA,NA,NA
"subtlex_uk",3,5268,"bigram","QX","type",0,0,NA,NA,NA,NA,NA,NA,NA
"subtlex_uk",3,5268,"bigram","QY","type",0,0,NA,NA,NA,NA,NA,NA,NA
"subtlex_uk",3,5268,"bigram","QZ","type",0,0,NA,NA,NA,NA,NA,NA,NA
"subtlex_uk",3,5268,"bigram","RA","type",22,19,NA,NA,NA,NA,NA,NA,NA
"subtlex_uk",3,5268,"bigram","RB","type",7,16,NA,NA,NA,NA,NA,NA,NA
"subtlex_uk",3,5268,"bigram","RC","type",10,9,NA,NA,NA,NA,NA,NA,NA
"subtlex_uk",3,5268,"bigram","RD","type",9,13,NA,NA,NA,NA,NA,NA,NA
"subtlex_uk",3,5268,"bigram","RE","type",26,14,NA,NA,NA,NA,NA,NA,NA
"subtlex_uk",3,5268,"bigram","RF","type",5,6,NA,NA,NA,NA,NA,NA,NA
"subtlex_uk",3,5268,"bigram","RG","type",4,12,NA,NA,NA,NA,NA,NA,NA
"subtlex_uk",3,5268,"bigram","RH","type",8,5,NA,NA,NA,NA,NA,NA,NA
"subtlex_uk",3,5268,"bigram","RI","type",20,15,NA,NA,NA,NA,NA,NA,NA
"subtlex_uk",3,5268,"bigram","RJ","type",0,1,NA,NA,NA,NA,NA,NA,NA
"subtlex_uk",3,5268,"bigram","RK","type",1,13,NA,NA,NA,NA,NA,NA,NA
"subtlex_uk",3,5268,"bigram","RL","type",3,5,NA,NA,NA,NA,NA,NA,NA
"subtlex_uk",3,5268,"bigram","RM","type",8,15,NA,NA,NA,NA,NA,NA,NA
"subtlex_uk",3,5268,"bigram","RN","type",3,11,NA,NA,NA,NA,NA,NA,NA
"subtlex_uk",3,5268,"bigram","RO","type",24,15,NA,NA,NA,NA,NA,NA,NA
"subtlex_uk",3,5268,"bigram","RP","type",9,12,NA,NA,NA,NA,NA,NA,NA
"subtlex_uk",3,5268,"bigram","RQ","type",0,1,NA,NA,NA,NA,NA,NA,NA
"subtlex_uk",3,5268,"bigram","RR","type",7,15,NA,NA,NA,NA,NA,NA,NA
"subtlex_uk",3,5268,"bigram","RS","type",12,20,NA,NA,NA,NA,NA,NA,NA
"subtlex_uk",3,5268,"bigram","RT","type",8,19,NA,NA,NA,NA,NA,NA,NA
"subtlex_uk",3,5268,"bigram","RU","type",18,10,NA,NA,NA,NA,NA,NA,NA
"subtlex_uk",3,5268,"bigram","RV","type",3,3,NA,NA,NA,NA,NA,NA,NA
"subtlex_uk",3,5268,"bigram","RW","type",2,2,NA,NA,NA,NA,NA,NA,NA
"subtlex_uk",3,5268,"bigram","RX","type",1,2,NA,NA,NA,NA,NA,NA,NA
"subtlex_uk",3,5268,"bigram","RY","type",6,14,NA,NA,NA,NA,NA,NA,NA
"subtlex_uk",3,5268,"bigram","RZ","type",0,4,NA,NA,NA,NA,NA,NA,NA
"subtlex_uk",3,5268,"bigram","SA","type",26,18,NA,NA,NA,NA,NA,NA,NA
"subtlex_uk",3,5268,"bigram","SB","type",2,11,NA,NA,NA,NA,NA,NA,NA
"subtlex_uk",3,5268,"bigram","SC","type",11,18,NA,NA,NA,NA,NA,NA,NA
"subtlex_uk",3,5268,"bigram","SD","type",8,8,NA,NA,NA,NA,NA,NA,NA
"subtlex_uk",3,5268,"bigram","SE","type",26,14,NA,NA,NA,NA,NA,NA,NA
"subtlex_uk",3,5268,"bigram","SF","type",6,7,NA,NA,NA,NA,NA,NA,NA
"subtlex_uk",3,5268,"bigram","SG","type",6,6,NA,NA,NA,NA,NA,NA,NA
"subtlex_uk",3,5268,"bigram","SH","type",14,20,NA,NA,NA,NA,NA,NA,NA
"subtlex_uk",3,5268,"bigram","SI","type",19,14,NA,NA,NA,NA,NA,NA,NA
"subtlex_uk",3,5268,"bigram","SJ","type",1,2,NA,NA,NA,NA,NA,NA,NA
"subtlex_uk",3,5268,"bigram","SK","type",8,6,NA,NA,NA,NA,NA,NA,NA
"subtlex_uk",3,5268,"bigram","SL","type",14,6,NA,NA,NA,NA,NA,NA,NA
"subtlex_uk",3,5268,"bigram","SM","type",10,15,NA,NA,NA,NA,NA,NA,NA
"subtlex_uk",3,5268,"bigram","SN","type",19,5,NA,NA,NA,NA,NA,NA,NA
"subtlex_uk",3,5268,"bigram","SO","type",24,12,NA,NA,NA,NA,NA,NA,NA
"subtlex_uk",3,5268,"bigram","SP","type",18,12,NA,NA,NA,NA,NA,NA,NA
"subtlex_uk",3,5268,"bigram","SQ","type",2,1,NA,NA,NA,NA,NA,NA,NA
"subtlex_uk",3,5268,"bigram","SR","type",9,8,NA,NA,NA,NA,NA,NA,NA
"subtlex_uk",3,5268,"bigram","SS","type",11,17,NA,NA,NA,NA,NA,NA,NA
"subtlex_uk",3,5268,"bigram","ST","type",19,21,NA,NA,NA,NA,NA,NA,NA
"subtlex_uk",3,5268,"bigram","SU","type",21,10,NA,NA,NA,NA,NA,NA,NA
"subtlex_uk",3,5268,"bigram","SV","type",3,2,NA,NA,NA,NA,NA,NA,NA
"subtlex_uk",3,5268,"bigram","SW","type",11,2,NA,NA,NA,NA,NA,NA,NA
"subtlex_uk",3,5268,"bigram","SX","type",1,2,NA,NA,NA,NA,NA,NA,NA
"subtlex_uk",3,5268,"bigram","SY","type",6,5,NA,NA,NA,NA,NA,NA,NA
"subtlex_uk",3,5268,"bigram","SZ","type",1,3,NA,NA,NA,NA,NA,NA,NA
"subtlex_uk",3,5268,"bigram","TA","type",24,18,NA,NA,NA,NA,NA,NA,NA
"subtlex_uk",3,5268,"bigram","TB","type",7,7,NA,NA,NA,NA,NA,NA,NA
"subtlex_uk",3,5268,"bigram","TC","type",12,17,NA,NA,NA,NA,NA,NA,NA
"subtlex_uk",3,5268,"bigram","TD","type",4,7,NA,NA,NA,NA,NA,NA,NA
"subtlex_uk",3,5268,"bigram","TE","type",23,9,NA,NA,NA,NA,NA,NA,NA
"subtlex_uk",3,5268,"bigram","TF","type",5,4,NA,NA,NA,NA,NA,NA,NA
"subtlex_uk",3,5268,"bigram","TG","type",5,3,NA,NA,NA,NA,NA,NA,NA
"subtlex_uk",3,5268,"bigram","TH","type",20,14,NA,NA,NA,NA,NA,NA,NA
"subtlex_uk",3,5268,"bigram","TI","type",19,11,NA,NA,NA,NA,NA,NA,NA
"subtlex_uk",3,5268,"bigram","TJ","type",0,0,NA,NA,NA,NA,NA,NA,NA
"subtlex_uk",3,5268,"bigram","TK","type",6,0,NA,NA,NA,NA,NA,NA,NA
"subtlex_uk",3,5268,"bigram","TL","type",7,6,NA,NA,NA,NA,NA,NA,NA
"subtlex_uk",3,5268,"bigram","TM","type",6,4,NA,NA,NA,NA,NA,NA,NA
"subtlex_uk",3,5268,"bigram","TN","type",4,3,NA,NA,NA,NA,NA,NA,NA
"subtlex_uk",3,5268,"bigram","TO","type",24,12,NA,NA,NA,NA,NA,NA,NA
"subtlex_uk",3,5268,"bigram","TP","type",5,6,NA,NA,NA,NA,NA,NA,NA
"subtlex_uk",3,5268,"bigram","TQ","type",0,0,NA,NA,NA,NA,NA,NA,NA
"subtlex_uk",3,5268,"bigram","TR","type",20,8,NA,NA,NA,NA,NA,NA,NA
"subtlex_uk",3,5268,"bigram","TS","type",14,21,NA,NA,NA,NA,NA,NA,NA
"subtlex_uk",3,5268,"bigram","TT","type",8,9,NA,NA,NA,NA,NA,NA,NA
"subtlex_uk",3,5268,"bigram","TU","type",21,6,NA,NA,NA,NA,NA,NA,NA
"subtlex_uk",3,5268,"bigram","TV","type",9,9,NA,NA,NA,NA,NA,NA,NA
"subtlex_uk",3,5268,"bigram","TW","type",10,2,NA,NA,NA,NA,NA,NA,NA
"subtlex_uk",3,5268,"bigram","TX","type",2,1,NA,NA,NA,NA,NA,NA,NA
"subtlex_uk",3,5268,"bigram","TY","type",3,5,NA,NA,NA,NA,NA,NA,NA
"subtlex_uk",3,5268,"bigram","TZ","type",1,5,NA,NA,NA,NA,NA,NA,NA
"subtlex_uk",3,5268,"bigram","UA","type",6,11,NA,NA,NA,NA,NA,NA,NA
"subtlex_uk",3,5268,"bigram","UB","type",5,18,NA,NA,NA,NA,NA,NA,NA
"subtlex_uk",3,5268,"bigram","UC","type",12,6,NA,NA,NA,NA,NA,NA,NA
"subtlex_uk",3,5268,"bigram","UD","type",11,17,NA,NA,NA,NA,NA,NA,NA
"subtlex_uk",3,5268,"bigram","UE","type",9,18,NA,NA,NA,NA,NA,NA,NA
"subtlex_uk",3,5268,"bigram","UF","type",5,15,NA,NA,NA,NA,NA,NA,NA
"subtlex_uk",3,5268,"bigram","UG","type",7,16,NA,NA,NA,NA,NA,NA,NA
"subtlex_uk",3,5268,"bigram","UH","type",7,21,NA,NA,NA,NA,NA,NA,NA
"subtlex_uk",3,5268,"bigram","UI","type",3,15,NA,NA,NA,NA,NA,NA,NA
"subtlex_uk",3,5268,"bigram","UJ","type",0,3,NA,NA,NA,NA,NA,NA,NA
"subtlex_uk",3,5268,"bigram","UK","type",4,10,NA,NA,NA,NA,NA,NA,NA
"subtlex_uk",3,5268,"bigram","UL","type",11,20,NA,NA,NA,NA,NA,NA,NA
"subtlex_uk",3,5268,"bigram","UM","type",7,23,NA,NA,NA,NA,NA,NA,NA
"subtlex_uk",3,5268,"bigram","UN","type",14,22,NA,NA,NA,NA,NA,NA,NA
"subtlex_uk",3,5268,"bigram","UO","type",0,11,NA,NA,NA,NA,NA,NA,NA
"subtlex_uk",3,5268,"bigram","UP","type",5,17,NA,NA,NA,NA,NA,NA,NA
"subtlex_uk",3,5268,"bigram","UQ","type",0,1,NA,NA,NA,NA,NA,NA,NA
"subtlex_uk",3,5268,"bigram","UR","type",17,24,NA,NA,NA,NA,NA,NA,NA
"subtlex_uk",3,5268,"bigram","US","type",13,21,NA,NA,NA,NA,NA,NA,NA
"subtlex_uk",3,5268,"bigram","UT","type",8,20,NA,NA,NA,NA,NA,NA,NA
"subtlex_uk",3,5268,"bigram","UU","type",5,7,NA,NA,NA,NA,NA,NA,NA
"subtlex_uk",3,5268,"bigram","UV","type",3,10,NA,NA,NA,NA,NA,NA,NA
"subtlex_uk",3,5268,"bigram","UW","type",1,6,NA,NA,NA,NA,NA,NA,NA
"subtlex_uk",3,5268,"bigram","UX","type",1,8,NA,NA,NA,NA,NA,NA,NA
"subtlex_uk",3,5268,"bigram","UY","type",1,6,NA,NA,NA,NA,NA,NA,NA
"subtlex_uk",3,5268,"bigram","UZ","type",1,15,NA,NA,NA,NA,NA,NA,NA
"subtlex_uk",3,5268,"bigram","VA","type",19,13,NA,NA,NA,NA,NA,NA,NA
"subtlex_uk",3,5268,"bigram","VB","type",1,3,NA,NA,NA,NA,NA,NA,NA
"subtlex_uk",3,5268,"bigram","VC","type",3,8,NA,NA,NA,NA,NA,NA,NA
"subtlex_uk",3,5268,"bigram","VD","type",1,2,NA,NA,NA,NA,NA,NA,NA
"subtlex_uk",3,5268,"bigram","VE","type",15,7,NA,NA,NA,NA,NA,NA,NA
"subtlex_uk",3,5268,"bigram","VF","type",2,3,NA,NA,NA,NA,NA,NA,NA
"subtlex_uk",3,5268,"bigram","VG","type",1,1,NA,NA,NA,NA,NA,NA,NA
"subtlex_uk",3,5268,"bigram","VH","type",4,0,NA,NA,NA,NA,NA,NA,NA
"subtlex_uk",3,5268,"bigram","VI","type",20,7,NA,NA,NA,NA,NA,NA,NA
"subtlex_uk",3,5268,"bigram","VJ","type",0,0,NA,NA,NA,NA,NA,NA,NA
"subtlex_uk",3,5268,"bigram","VK","type",0,0,NA,NA,NA,NA,NA,NA,NA
"subtlex_uk",3,5268,"bigram","VL","type",1,0,NA,NA,NA,NA,NA,NA,NA
"subtlex_uk",3,5268,"bigram","VM","type",3,2,NA,NA,NA,NA,NA,NA,NA
"subtlex_uk",3,5268,"bigram","VN","type",1,1,NA,NA,NA,NA,NA,NA,NA
"subtlex_uk",3,5268,"bigram","VO","type",19,5,NA,NA,NA,NA,NA,NA,NA
"subtlex_uk",3,5268,"bigram","VP","type",3,7,NA,NA,NA,NA,NA,NA,NA
"subtlex_uk",3,5268,"bigram","VQ","type",0,1,NA,NA,NA,NA,NA,NA,NA
"subtlex_uk",3,5268,"bigram","VR","type",4,6,NA,NA,NA,NA,NA,NA,NA
"subtlex_uk",3,5268,"bigram","VS","type",3,8,NA,NA,NA,NA,NA,NA,NA
"subtlex_uk",3,5268,"bigram","VT","type",2,3,NA,NA,NA,NA,NA,NA,NA
"subtlex_uk",3,5268,"bigram","VU","type",9,1,NA,NA,NA,NA,NA,NA,NA
"subtlex_uk",3,5268,"bigram","VV","type",2,3,NA,NA,NA,NA,NA,NA,NA
"subtlex_uk",3,5268,"bigram","VW","type",1,0,NA,NA,NA,NA,NA,NA,NA
"subtlex_uk",3,5268,"bigram","VX","type",1,0,NA,NA,NA,NA,NA,NA,NA
"subtlex_uk",3,5268,"bigram","VY","type",1,2,NA,NA,NA,NA,NA,NA,NA
"subtlex_uk",3,5268,"bigram","VZ","type",0,0,NA,NA,NA,NA,NA,NA,NA
"subtlex_uk",3,5268,"bigram","WA","type",22,12,NA,NA,NA,NA,NA,NA,NA
"subtlex_uk",3,5268,"bigram","WB","type",4,4,NA,NA,NA,NA,NA,NA,NA
"subtlex_uk",3,5268,"bigram","WC","type",4,2,NA,NA,NA,NA,NA,NA,NA
"subtlex_uk",3,5268,"bigram","WD","type",4,0,NA,NA,NA,NA,NA,NA,NA
"subtlex_uk",3,5268,"bigram","WE","type",19,9,NA,NA,NA,NA,NA,NA,NA
"subtlex_uk",3,5268,"bigram","WF","type",2,4,NA,NA,NA,NA,NA,NA,NA
"subtlex_uk",3,5268,"bigram","WG","type",1,0,NA,NA,NA,NA,NA,NA,NA
"subtlex_uk",3,5268,"bigram","WH","type",7,2,NA,NA,NA,NA,NA,NA,NA
"subtlex_uk",3,5268,"bigram","WI","type",19,5,NA,NA,NA,NA,NA,NA,NA
"subtlex_uk",3,5268,"bigram","WJ","type",0,0,NA,NA,NA,NA,NA,NA,NA
"subtlex_uk",3,5268,"bigram","WK","type",2,1,NA,NA,NA,NA,NA,NA,NA
"subtlex_uk",3,5268,"bigram","WL","type",3,3,NA,NA,NA,NA,NA,NA,NA
"subtlex_uk",3,5268,"bigram","WM","type",2,4,NA,NA,NA,NA,NA,NA,NA
"subtlex_uk",3,5268,"bigram","WN","type",2,6,NA,NA,NA,NA,NA,NA,NA
"subtlex_uk",3,5268,"bigram","WO","type",23,4,NA,NA,NA,NA,NA,NA,NA
"subtlex_uk",3,5268,"bigram","WP","type",4,3,NA,NA,NA,NA,NA,NA,NA
"subtlex_uk",3,5268,"bigram","WQ","type",0,0,NA,NA,NA,NA,NA,NA,NA
"subtlex_uk",3,5268,"bigram","WR","type",14,6,NA,NA,NA,NA,NA,NA,NA
"subtlex_uk",3,5268,"bigram","WS","type",5,7,NA,NA,NA,NA,NA,NA,NA
"subtlex_uk",3,5268,"bigram","WT","type",6,6,NA,NA,NA,NA,NA,NA,NA
"subtlex_uk",3,5268,"bigram","WU","type",12,1,NA,NA,NA,NA,NA,NA,NA
"subtlex_uk",3,5268,"bigram","WV","type",1,2,NA,NA,NA,NA,NA,NA,NA
"subtlex_uk",3,5268,"bigram","WW","type",7,5,NA,NA,NA,NA,NA,NA,NA
"subtlex_uk",3,5268,"bigram","WX","type",0,0,NA,NA,NA,NA,NA,NA,NA
"subtlex_uk",3,5268,"bigram","WY","type",5,3,NA,NA,NA,NA,NA,NA,NA
"subtlex_uk",3,5268,"bigram","WZ","type",0,0,NA,NA,NA,NA,NA,NA,NA
"subtlex_uk",3,5268,"bigram","XA","type",4,2,NA,NA,NA,NA,NA,NA,NA
"subtlex_uk",3,5268,"bigram","XB","type",0,2,NA,NA,NA,NA,NA,NA,NA
"subtlex_uk",3,5268,"bigram","XC","type",0,1,NA,NA,NA,NA,NA,NA,NA
"subtlex_uk",3,5268,"bigram","XD","type",0,0,NA,NA,NA,NA,NA,NA,NA
"subtlex_uk",3,5268,"bigram","XE","type",3,3,NA,NA,NA,NA,NA,NA,NA
"subtlex_uk",3,5268,"bigram","XF","type",2,1,NA,NA,NA,NA,NA,NA,NA
"subtlex_uk",3,5268,"bigram","XG","type",0,0,NA,NA,NA,NA,NA,NA,NA
"subtlex_uk",3,5268,"bigram","XH","type",0,0,NA,NA,NA,NA,NA,NA,NA
"subtlex_uk",3,5268,"bigram","XI","type",8,2,NA,NA,NA,NA,NA,NA,NA
"subtlex_uk",3,5268,"bigram","XJ","type",3,0,NA,NA,NA,NA,NA,NA,NA
"subtlex_uk",3,5268,"bigram","XK","type",1,0,NA,NA,NA,NA,NA,NA,NA
"subtlex_uk",3,5268,"bigram","XL","type",2,4,NA,NA,NA,NA,NA,NA,NA
"subtlex_uk",3,5268,"bigram","XM","type",0,0,NA,NA,NA,NA,NA,NA,NA
"subtlex_uk",3,5268,"bigram","XN","type",0,0,NA,NA,NA,NA,NA,NA,NA
"subtlex_uk",3,5268,"bigram","XO","type",1,3,NA,NA,NA,NA,NA,NA,NA
"subtlex_uk",3,5268,"bigram","XP","type",0,2,NA,NA,NA,NA,NA,NA,NA
"subtlex_uk",3,5268,"bigram","XQ","type",0,0,NA,NA,NA,NA,NA,NA,NA
"subtlex_uk",3,5268,"bigram","XR","type",0,1,NA,NA,NA,NA,NA,NA,NA
"subtlex_uk",3,5268,"bigram","XS","type",0,1,NA,NA,NA,NA,NA,NA,NA
"subtlex_uk",3,5268,"bigram","XT","type",1,3,NA,NA,NA,NA,NA,NA,NA
"subtlex_uk",3,5268,"bigram","XU","type",1,1,NA,NA,NA,NA,NA,NA,NA
"subtlex_uk",3,5268,"bigram","XV","type",1,0,NA,NA,NA,NA,NA,NA,NA
"subtlex_uk",3,5268,"bigram","XW","type",0,0,NA,NA,NA,NA,NA,NA,NA
"subtlex_uk",3,5268,"bigram","XX","type",2,4,NA,NA,NA,NA,NA,NA,NA
"subtlex_uk",3,5268,"bigram","XY","type",2,1,NA,NA,NA,NA,NA,NA,NA
"subtlex_uk",3,5268,"bigram","XZ","type",1,0,NA,NA,NA,NA,NA,NA,NA
"subtlex_uk",3,5268,"bigram","YA","type",21,9,NA,NA,NA,NA,NA,NA,NA
"subtlex_uk",3,5268,"bigram","YB","type",1,0,NA,NA,NA,NA,NA,NA,NA
"subtlex_uk",3,5268,"bigram","YC","type",0,3,NA,NA,NA,NA,NA,NA,NA
"subtlex_uk",3,5268,"bigram","YD","type",1,8,NA,NA,NA,NA,NA,NA,NA
"subtlex_uk",3,5268,"bigram","YE","type",17,16,NA,NA,NA,NA,NA,NA,NA
"subtlex_uk",3,5268,"bigram","YF","type",1,2,NA,NA,NA,NA,NA,NA,NA
"subtlex_uk",3,5268,"bigram","YG","type",0,1,NA,NA,NA,NA,NA,NA,NA
"subtlex_uk",3,5268,"bigram","YH","type",1,0,NA,NA,NA,NA,NA,NA,NA
"subtlex_uk",3,5268,"bigram","YI","type",14,3,NA,NA,NA,NA,NA,NA,NA
"subtlex_uk",3,5268,"bigram","YJ","type",0,0,NA,NA,NA,NA,NA,NA,NA
"subtlex_uk",3,5268,"bigram","YK","type",0,2,NA,NA,NA,NA,NA,NA,NA
"subtlex_uk",3,5268,"bigram","YL","type",3,7,NA,NA,NA,NA,NA,NA,NA
"subtlex_uk",3,5268,"bigram","YM","type",1,5,NA,NA,NA,NA,NA,NA,NA
"subtlex_uk",3,5268,"bigram","YN","type",1,8,NA,NA,NA,NA,NA,NA,NA
"subtlex_uk",3,5268,"bigram","YO","type",19,7,NA,NA,NA,NA,NA,NA,NA
"subtlex_uk",3,5268,"bigram","YP","type",1,2,NA,NA,NA,NA,NA,NA,NA
"subtlex_uk",3,5268,"bigram","YQ","type",0,0,NA,NA,NA,NA,NA,NA,NA
"subtlex_uk",3,5268,"bigram","YR","type",1,6,NA,NA,NA,NA,NA,NA,NA
"subtlex_uk",3,5268,"bigram","YS","type",2,6,NA,NA,NA,NA,NA,NA,NA
"subtlex_uk",3,5268,"bigram","YT","type",2,4,NA,NA,NA,NA,NA,NA,NA
"subtlex_uk",3,5268,"bigram","YU","type",13,3,NA,NA,NA,NA,NA,NA,NA
"subtlex_uk",3,5268,"bigram","YV","type",0,0,NA,NA,NA,NA,NA,NA,NA
"subtlex_uk",3,5268,"bigram","YW","type",1,3,NA,NA,NA,NA,NA,NA,NA
"subtlex_uk",3,5268,"bigram","YX","type",0,1,NA,NA,NA,NA,NA,NA,NA
"subtlex_uk",3,5268,"bigram","YY","type",1,4,NA,NA,NA,NA,NA,NA,NA
"subtlex_uk",3,5268,"bigram","YZ","type",0,2,NA,NA,NA,NA,NA,NA,NA
"subtlex_uk",3,5268,"bigram","ZA","type",18,3,NA,NA,NA,NA,NA,NA,NA
"subtlex_uk",3,5268,"bigram","ZB","type",1,0,NA,NA,NA,NA,NA,NA,NA
"subtlex_uk",3,5268,"bigram","ZC","type",0,0,NA,NA,NA,NA,NA,NA,NA
"subtlex_uk",3,5268,"bigram","ZD","type",0,0,NA,NA,NA,NA,NA,NA,NA
"subtlex_uk",3,5268,"bigram","ZE","type",12,3,NA,NA,NA,NA,NA,NA,NA
"subtlex_uk",3,5268,"bigram","ZF","type",1,0,NA,NA,NA,NA,NA,NA,NA
"subtlex_uk",3,5268,"bigram","ZG","type",0,0,NA,NA,NA,NA,NA,NA,NA
"subtlex_uk",3,5268,"bigram","ZH","type",3,0,NA,NA,NA,NA,NA,NA,NA
"subtlex_uk",3,5268,"bigram","ZI","type",14,2,NA,NA,NA,NA,NA,NA,NA
"subtlex_uk",3,5268,"bigram","ZJ","type",0,1,NA,NA,NA,NA,NA,NA,NA
"subtlex_uk",3,5268,"bigram","ZK","type",0,0,NA,NA,NA,NA,NA,NA,NA
"subtlex_uk",3,5268,"bigram","ZL","type",0,0,NA,NA,NA,NA,NA,NA,NA
"subtlex_uk",3,5268,"bigram","ZM","type",0,0,NA,NA,NA,NA,NA,NA,NA
"subtlex_uk",3,5268,"bigram","ZN","type",0,0,NA,NA,NA,NA,NA,NA,NA
"subtlex_uk",3,5268,"bigram","ZO","type",11,1,NA,NA,NA,NA,NA,NA,NA
"subtlex_uk",3,5268,"bigram","ZP","type",0,1,NA,NA,NA,NA,NA,NA,NA
"subtlex_uk",3,5268,"bigram","ZQ","type",0,0,NA,NA,NA,NA,NA,NA,NA
"subtlex_uk",3,5268,"bigram","ZR","type",2,0,NA,NA,NA,NA,NA,NA,NA
"subtlex_uk",3,5268,"bigram","ZS","type",2,0,NA,NA,NA,NA,NA,NA,NA
"subtlex_uk",3,5268,"bigram","ZT","type",1,1,NA,NA,NA,NA,NA,NA,NA
"subtlex_uk",3,5268,"bigram","ZU","type",10,2,NA,NA,NA,NA,NA,NA,NA
"subtlex_uk",3,5268,"bigram","ZV","type",0,0,NA,NA,NA,NA,NA,NA,NA
"subtlex_uk",3,5268,"bigram","ZW","type",1,0,NA,NA,NA,NA,NA,NA,NA
"subtlex_uk",3,5268,"bigram","ZX","type",0,0,NA,NA,NA,NA,NA,NA,NA
"subtlex_uk",3,5268,"bigram","ZY","type",1,3,NA,NA,NA,NA,NA,NA,NA
"subtlex_uk",3,5268,"bigram","ZZ","type",2,6,NA,NA,NA,NA,NA,NA,NA
"subtlex_uk",4,11790,"bigram","AA","type",22,81,24,NA,NA,NA,NA,NA,NA
"subtlex_uk",4,11790,"bigram","AB","type",44,71,20,NA,NA,NA,NA,NA,NA
"subtlex_uk",4,11790,"bigram","AC","type",35,89,23,NA,NA,NA,NA,NA,NA
"subtlex_uk",4,11790,"bigram","AD","type",41,88,57,NA,NA,NA,NA,NA,NA
"subtlex_uk",4,11790,"bigram","AE","type",11,73,14,NA,NA,NA,NA,NA,NA
"subtlex_uk",4,11790,"bigram","AF","type",16,42,26,NA,NA,NA,NA,NA,NA
"subtlex_uk",4,11790,"bigram","AG","type",34,69,25,NA,NA,NA,NA,NA,NA
"subtlex_uk",4,11790,"bigram","AH","type",18,54,55,NA,NA,NA,NA,NA,NA
"subtlex_uk",4,11790,"bigram","AI","type",38,161,40,NA,NA,NA,NA,NA,NA
"subtlex_uk",4,11790,"bigram","AJ","type",5,15,5,NA,NA,NA,NA,NA,NA
"subtlex_uk",4,11790,"bigram","AK","type",18,53,24,NA,NA,NA,NA,NA,NA
"subtlex_uk",4,11790,"bigram","AL","type",78,129,73,NA,NA,NA,NA,NA,NA
"subtlex_uk",4,11790,"bigram","AM","type",46,96,69,NA,NA,NA,NA,NA,NA
"subtlex_uk",4,11790,"bigram","AN","type",59,193,133,NA,NA,NA,NA,NA,NA
"subtlex_uk",4,11790,"bigram","AO","type",5,16,15,NA,NA,NA,NA,NA,NA
"subtlex_uk",4,11790,"bigram","AP","type",28,66,38,NA,NA,NA,NA,NA,NA
"subtlex_uk",4,11790,"bigram","AQ","type",5,0,2,NA,NA,NA,NA,NA,NA
"subtlex_uk",4,11790,"bigram","AR","type",93,240,72,NA,NA,NA,NA,NA,NA
"subtlex_uk",4,11790,"bigram","AS","type",38,108,98,NA,NA,NA,NA,NA,NA
"subtlex_uk",4,11790,"bigram","AT","type",38,106,59,NA,NA,NA,NA,NA,NA
"subtlex_uk",4,11790,"bigram","AU","type",22,88,19,NA,NA,NA,NA,NA,NA
"subtlex_uk",4,11790,"bigram","AV","type",20,45,12,NA,NA,NA,NA,NA,NA
"subtlex_uk",4,11790,"bigram","AW","type",19,58,20,NA,NA,NA,NA,NA,NA
"subtlex_uk",4,11790,"bigram","AX","type",6,15,14,NA,NA,NA,NA,NA,NA
"subtlex_uk",4,11790,"bigram","AY","type",19,45,46,NA,NA,NA,NA,NA,NA
"subtlex_uk",4,11790,"bigram","AZ","type",10,33,13,NA,NA,NA,NA,NA,NA
"subtlex_uk",4,11790,"bigram","BA","type",135,13,33,NA,NA,NA,NA,NA,NA
"subtlex_uk",4,11790,"bigram","BB","type",14,13,21,NA,NA,NA,NA,NA,NA
"subtlex_uk",4,11790,"bigram","BC","type",2,13,8,NA,NA,NA,NA,NA,NA
"subtlex_uk",4,11790,"bigram","BD","type",3,5,1,NA,NA,NA,NA,NA,NA
"subtlex_uk",4,11790,"bigram","BE","type",111,15,39,NA,NA,NA,NA,NA,NA
"subtlex_uk",4,11790,"bigram","BF","type",4,1,0,NA,NA,NA,NA,NA,NA
"subtlex_uk",4,11790,"bigram","BG","type",1,4,32,NA,NA,NA,NA,NA,NA
"subtlex_uk",4,11790,"bigram","BH","type",6,0,3,NA,NA,NA,NA,NA,NA
"subtlex_uk",4,11790,"bigram","BI","type",70,10,27,NA,NA,NA,NA,NA,NA
"subtlex_uk",4,11790,"bigram","BJ","type",0,0,1,NA,NA,NA,NA,NA,NA
"subtlex_uk",4,11790,"bigram","BK","type",0,0,0,NA,NA,NA,NA,NA,NA
"subtlex_uk",4,11790,"bigram","BL","type",55,8,15,NA,NA,NA,NA,NA,NA
"subtlex_uk",4,11790,"bigram","BM","type",5,1,2,NA,NA,NA,NA,NA,NA
"subtlex_uk",4,11790,"bigram","BN","type",3,1,1,NA,NA,NA,NA,NA,NA
"subtlex_uk",4,11790,"bigram","BO","type",127,10,32,NA,NA,NA,NA,NA,NA
"subtlex_uk",4,11790,"bigram","BP","type",4,0,0,NA,NA,NA,NA,NA,NA
"subtlex_uk",4,11790,"bigram","BQ","type",0,1,0,NA,NA,NA,NA,NA,NA
"subtlex_uk",4,11790,"bigram","BR","type",86,5,2,NA,NA,NA,NA,NA,NA
"subtlex_uk",4,11790,"bigram","BS","type",0,4,78,NA,NA,NA,NA,NA,NA
"subtlex_uk",4,11790,"bigram","BT","type",1,5,19,NA,NA,NA,NA,NA,NA
"subtlex_uk",4,11790,"bigram","BU","type",80,6,13,NA,NA,NA,NA,NA,NA
"subtlex_uk",4,11790,"bigram","BV","type",1,2,0,NA,NA,NA,NA,NA,NA
"subtlex_uk",4,11790,"bigram","BW","type",5,0,1,NA,NA,NA,NA,NA,NA
"subtlex_uk",4,11790,"bigram","BX","type",0,0,0,NA,NA,NA,NA,NA,NA
"subtlex_uk",4,11790,"bigram","BY","type",12,1,26,NA,NA,NA,NA,NA,NA
"subtlex_uk",4,11790,"bigram","BZ","type",2,0,1,NA,NA,NA,NA,NA,NA
"subtlex_uk",4,11790,"bigram","CA","type",115,27,41,NA,NA,NA,NA,NA,NA
"subtlex_uk",4,11790,"bigram","CB","type",7,4,1,NA,NA,NA,NA,NA,NA
"subtlex_uk",4,11790,"bigram","CC","type",9,14,5,NA,NA,NA,NA,NA,NA
"subtlex_uk",4,11790,"bigram","CD","type",1,4,6,NA,NA,NA,NA,NA,NA
"subtlex_uk",4,11790,"bigram","CE","type",43,11,45,NA,NA,NA,NA,NA,NA
"subtlex_uk",4,11790,"bigram","CF","type",3,1,1,NA,NA,NA,NA,NA,NA
"subtlex_uk",4,11790,"bigram","CG","type",0,1,1,NA,NA,NA,NA,NA,NA
"subtlex_uk",4,11790,"bigram","CH","type",85,22,82,NA,NA,NA,NA,NA,NA
"subtlex_uk",4,11790,"bigram","CI","type",31,4,18,NA,NA,NA,NA,NA,NA
"subtlex_uk",4,11790,"bigram","CJ","type",0,1,0,NA,NA,NA,NA,NA,NA
"subtlex_uk",4,11790,"bigram","CK","type",2,7,80,NA,NA,NA,NA,NA,NA
"subtlex_uk",4,11790,"bigram","CL","type",53,8,3,NA,NA,NA,NA,NA,NA
"subtlex_uk",4,11790,"bigram","CM","type",2,7,1,NA,NA,NA,NA,NA,NA
"subtlex_uk",4,11790,"bigram","CN","type",3,1,1,NA,NA,NA,NA,NA,NA
"subtlex_uk",4,11790,"bigram","CO","type",125,15,36,NA,NA,NA,NA,NA,NA
"subtlex_uk",4,11790,"bigram","CP","type",5,1,1,NA,NA,NA,NA,NA,NA
"subtlex_uk",4,11790,"bigram","CQ","type",0,0,1,NA,NA,NA,NA,NA,NA
"subtlex_uk",4,11790,"bigram","CR","type",43,7,1,NA,NA,NA,NA,NA,NA
"subtlex_uk",4,11790,"bigram","CS","type",6,5,49,NA,NA,NA,NA,NA,NA
"subtlex_uk",4,11790,"bigram","CT","type",1,10,25,NA,NA,NA,NA,NA,NA
"subtlex_uk",4,11790,"bigram","CU","type",39,9,7,NA,NA,NA,NA,NA,NA
"subtlex_uk",4,11790,"bigram","CV","type",0,2,0,NA,NA,NA,NA,NA,NA
"subtlex_uk",4,11790,"bigram","CW","type",3,0,0,NA,NA,NA,NA,NA,NA
"subtlex_uk",4,11790,"bigram","CX","type",0,0,0,NA,NA,NA,NA,NA,NA
"subtlex_uk",4,11790,"bigram","CY","type",2,0,16,NA,NA,NA,NA,NA,NA
"subtlex_uk",4,11790,"bigram","CZ","type",1,1,0,NA,NA,NA,NA,NA,NA
"subtlex_uk",4,11790,"bigram","DA","type",113,14,57,NA,NA,NA,NA,NA,NA
"subtlex_uk",4,11790,"bigram","DB","type",0,1,1,NA,NA,NA,NA,NA,NA
"subtlex_uk",4,11790,"bigram","DC","type",3,2,4,NA,NA,NA,NA,NA,NA
"subtlex_uk",4,11790,"bigram","DD","type",5,12,38,NA,NA,NA,NA,NA,NA
"subtlex_uk",4,11790,"bigram","DE","type",120,20,62,NA,NA,NA,NA,NA,NA
"subtlex_uk",4,11790,"bigram","DF","type",2,0,0,NA,NA,NA,NA,NA,NA
"subtlex_uk",4,11790,"bigram","DG","type",0,7,2,NA,NA,NA,NA,NA,NA
"subtlex_uk",4,11790,"bigram","DH","type",7,3,1,NA,NA,NA,NA,NA,NA
"subtlex_uk",4,11790,"bigram","DI","type",104,19,43,NA,NA,NA,NA,NA,NA
"subtlex_uk",4,11790,"bigram","DJ","type",0,0,1,NA,NA,NA,NA,NA,NA
"subtlex_uk",4,11790,"bigram","DK","type",1,0,0,NA,NA,NA,NA,NA,NA
"subtlex_uk",4,11790,"bigram","DL","type",2,5,3,NA,NA,NA,NA,NA,NA
"subtlex_uk",4,11790,"bigram","DM","type",1,4,0,NA,NA,NA,NA,NA,NA
"subtlex_uk",4,11790,"bigram","DN","type",2,3,2,NA,NA,NA,NA,NA,NA
"subtlex_uk",4,11790,"bigram","DO","type",117,5,39,NA,NA,NA,NA,NA,NA
"subtlex_uk",4,11790,"bigram","DP","type",0,2,1,NA,NA,NA,NA,NA,NA
"subtlex_uk",4,11790,"bigram","DQ","type",0,0,0,NA,NA,NA,NA,NA,NA
"subtlex_uk",4,11790,"bigram","DR","type",47,2,3,NA,NA,NA,NA,NA,NA
"subtlex_uk",4,11790,"bigram","DS","type",1,5,82,NA,NA,NA,NA,NA,NA
"subtlex_uk",4,11790,"bigram","DT","type",0,4,1,NA,NA,NA,NA,NA,NA
"subtlex_uk",4,11790,"bigram","DU","type",69,4,14,NA,NA,NA,NA,NA,NA
"subtlex_uk",4,11790,"bigram","DV","type",2,2,0,NA,NA,NA,NA,NA,NA
"subtlex_uk",4,11790,"bigram","DW","type",2,1,2,NA,NA,NA,NA,NA,NA
"subtlex_uk",4,11790,"bigram","DX","type",0,0,2,NA,NA,NA,NA,NA,NA
"subtlex_uk",4,11790,"bigram","DY","type",18,0,40,NA,NA,NA,NA,NA,NA
"subtlex_uk",4,11790,"bigram","DZ","type",0,1,9,NA,NA,NA,NA,NA,NA
"subtlex_uk",4,11790,"bigram","EA","type",22,109,23,NA,NA,NA,NA,NA,NA
"subtlex_uk",4,11790,"bigram","EB","type",14,40,32,NA,NA,NA,NA,NA,NA
"subtlex_uk",4,11790,"bigram","EC","type",13,52,14,NA,NA,NA,NA,NA,NA
"subtlex_uk",4,11790,"bigram","ED","type",24,59,117,NA,NA,NA,NA,NA,NA
"subtlex_uk",4,11790,"bigram","EE","type",33,191,61,NA,NA,NA,NA,NA,NA
"subtlex_uk",4,11790,"bigram","EF","type",8,31,38,NA,NA,NA,NA,NA,NA
"subtlex_uk",4,11790,"bigram","EG","type",12,39,22,NA,NA,NA,NA,NA,NA
"subtlex_uk",4,11790,"bigram","EH","type",11,20,18,NA,NA,NA,NA,NA,NA
"subtlex_uk",4,11790,"bigram","EI","type",14,56,9,NA,NA,NA,NA,NA,NA
"subtlex_uk",4,11790,"bigram","EJ","type",2,4,3,NA,NA,NA,NA,NA,NA
"subtlex_uk",4,11790,"bigram","EK","type",6,24,30,NA,NA,NA,NA,NA,NA
"subtlex_uk",4,11790,"bigram","EL","type",43,110,66,NA,NA,NA,NA,NA,NA
"subtlex_uk",4,11790,"bigram","EM","type",25,48,64,NA,NA,NA,NA,NA,NA
"subtlex_uk",4,11790,"bigram","EN","type",39,142,116,NA,NA,NA,NA,NA,NA
"subtlex_uk",4,11790,"bigram","EO","type",5,35,9,NA,NA,NA,NA,NA,NA
"subtlex_uk",4,11790,"bigram","EP","type",16,34,37,NA,NA,NA,NA,NA,NA
"subtlex_uk",4,11790,"bigram","EQ","type",2,2,1,NA,NA,NA,NA,NA,NA
"subtlex_uk",4,11790,"bigram","ER","type",46,191,132,NA,NA,NA,NA,NA,NA
"subtlex_uk",4,11790,"bigram","ES","type",27,80,133,NA,NA,NA,NA,NA,NA
"subtlex_uk",4,11790,"bigram","ET","type",19,87,65,NA,NA,NA,NA,NA,NA
"subtlex_uk",4,11790,"bigram","EU","type",12,36,10,NA,NA,NA,NA,NA,NA
"subtlex_uk",4,11790,"bigram","EV","type",15,29,8,NA,NA,NA,NA,NA,NA
"subtlex_uk",4,11790,"bigram","EW","type",7,24,28,NA,NA,NA,NA,NA,NA
"subtlex_uk",4,11790,"bigram","EX","type",22,17,16,NA,NA,NA,NA,NA,NA
"subtlex_uk",4,11790,"bigram","EY","type",10,17,38,NA,NA,NA,NA,NA,NA
"subtlex_uk",4,11790,"bigram","EZ","type",1,7,35,NA,NA,NA,NA,NA,NA
"subtlex_uk",4,11790,"bigram","FA","type",85,6,20,NA,NA,NA,NA,NA,NA
"subtlex_uk",4,11790,"bigram","FB","type",2,3,0,NA,NA,NA,NA,NA,NA
"subtlex_uk",4,11790,"bigram","FC","type",1,3,3,NA,NA,NA,NA,NA,NA
"subtlex_uk",4,11790,"bigram","FD","type",1,1,9,NA,NA,NA,NA,NA,NA
"subtlex_uk",4,11790,"bigram","FE","type",54,8,16,NA,NA,NA,NA,NA,NA
"subtlex_uk",4,11790,"bigram","FF","type",5,14,61,NA,NA,NA,NA,NA,NA
"subtlex_uk",4,11790,"bigram","FG","type",0,1,6,NA,NA,NA,NA,NA,NA
"subtlex_uk",4,11790,"bigram","FH","type",0,0,1,NA,NA,NA,NA,NA,NA
"subtlex_uk",4,11790,"bigram","FI","type",69,10,14,NA,NA,NA,NA,NA,NA
"subtlex_uk",4,11790,"bigram","FJ","type",0,0,0,NA,NA,NA,NA,NA,NA
"subtlex_uk",4,11790,"bigram","FK","type",0,0,0,NA,NA,NA,NA,NA,NA
"subtlex_uk",4,11790,"bigram","FL","type",55,2,14,NA,NA,NA,NA,NA,NA
"subtlex_uk",4,11790,"bigram","FM","type",3,1,1,NA,NA,NA,NA,NA,NA
"subtlex_uk",4,11790,"bigram","FN","type",0,0,3,NA,NA,NA,NA,NA,NA
"subtlex_uk",4,11790,"bigram","FO","type",74,9,5,NA,NA,NA,NA,NA,NA
"subtlex_uk",4,11790,"bigram","FP","type",6,8,0,NA,NA,NA,NA,NA,NA
"subtlex_uk",4,11790,"bigram","FQ","type",0,0,0,NA,NA,NA,NA,NA,NA
"subtlex_uk",4,11790,"bigram","FR","type",50,18,20,NA,NA,NA,NA,NA,NA
"subtlex_uk",4,11790,"bigram","FS","type",3,3,19,NA,NA,NA,NA,NA,NA
"subtlex_uk",4,11790,"bigram","FT","type",2,8,37,NA,NA,NA,NA,NA,NA
"subtlex_uk",4,11790,"bigram","FU","type",48,3,5,NA,NA,NA,NA,NA,NA
"subtlex_uk",4,11790,"bigram","FV","type",0,0,0,NA,NA,NA,NA,NA,NA
"subtlex_uk",4,11790,"bigram","FW","type",0,1,0,NA,NA,NA,NA,NA,NA
"subtlex_uk",4,11790,"bigram","FX","type",0,0,1,NA,NA,NA,NA,NA,NA
"subtlex_uk",4,11790,"bigram","FY","type",5,0,8,NA,NA,NA,NA,NA,NA
"subtlex_uk",4,11790,"bigram","FZ","type",0,0,0,NA,NA,NA,NA,NA,NA
"subtlex_uk",4,11790,"bigram","GA","type",101,11,44,NA,NA,NA,NA,NA,NA
"subtlex_uk",4,11790,"bigram","GB","type",0,3,1,NA,NA,NA,NA,NA,NA
"subtlex_uk",4,11790,"bigram","GC","type",3,1,1,NA,NA,NA,NA,NA,NA
"subtlex_uk",4,11790,"bigram","GD","type",1,0,3,NA,NA,NA,NA,NA,NA
"subtlex_uk",4,11790,"bigram","GE","type",64,11,38,NA,NA,NA,NA,NA,NA
"subtlex_uk",4,11790,"bigram","GF","type",0,0,0,NA,NA,NA,NA,NA,NA
"subtlex_uk",4,11790,"bigram","GG","type",0,16,32,NA,NA,NA,NA,NA,NA
"subtlex_uk",4,11790,"bigram","GH","type",8,5,42,NA,NA,NA,NA,NA,NA
"subtlex_uk",4,11790,"bigram","GI","type",51,3,12,NA,NA,NA,NA,NA,NA
"subtlex_uk",4,11790,"bigram","GJ","type",0,0,0,NA,NA,NA,NA,NA,NA
"subtlex_uk",4,11790,"bigram","GK","type",0,0,0,NA,NA,NA,NA,NA,NA
"subtlex_uk",4,11790,"bigram","GL","type",36,5,0,NA,NA,NA,NA,NA,NA
"subtlex_uk",4,11790,"bigram","GM","type",3,3,0,NA,NA,NA,NA,NA,NA
"subtlex_uk",4,11790,"bigram","GN","type",5,1,1,NA,NA,NA,NA,NA,NA
"subtlex_uk",4,11790,"bigram","GO","type",80,16,32,NA,NA,NA,NA,NA,NA
"subtlex_uk",4,11790,"bigram","GP","type",2,1,0,NA,NA,NA,NA,NA,NA
"subtlex_uk",4,11790,"bigram","GQ","type",0,0,0,NA,NA,NA,NA,NA,NA
"subtlex_uk",4,11790,"bigram","GR","type",60,7,0,NA,NA,NA,NA,NA,NA
"subtlex_uk",4,11790,"bigram","GS","type",2,1,90,NA,NA,NA,NA,NA,NA
"subtlex_uk",4,11790,"bigram","GT","type",2,2,7,NA,NA,NA,NA,NA,NA
"subtlex_uk",4,11790,"bigram","GU","type",46,4,8,NA,NA,NA,NA,NA,NA
"subtlex_uk",4,11790,"bigram","GV","type",1,1,0,NA,NA,NA,NA,NA,NA
"subtlex_uk",4,11790,"bigram","GW","type",8,3,0,NA,NA,NA,NA,NA,NA
"subtlex_uk",4,11790,"bigram","GX","type",0,0,1,NA,NA,NA,NA,NA,NA
"subtlex_uk",4,11790,"bigram","GY","type",13,0,18,NA,NA,NA,NA,NA,NA
"subtlex_uk",4,11790,"bigram","GZ","type",0,0,4,NA,NA,NA,NA,NA,NA
"subtlex_uk",4,11790,"bigram","HA","type",130,98,30,NA,NA,NA,NA,NA,NA
"subtlex_uk",4,11790,"bigram","HB","type",1,2,0,NA,NA,NA,NA,NA,NA
"subtlex_uk",4,11790,"bigram","HC","type",1,0,0,NA,NA,NA,NA,NA,NA
"subtlex_uk",4,11790,"bigram","HD","type",4,2,2,NA,NA,NA,NA,NA,NA
"subtlex_uk",4,11790,"bigram","HE","type",99,76,25,NA,NA,NA,NA,NA,NA
"subtlex_uk",4,11790,"bigram","HF","type",3,2,0,NA,NA,NA,NA,NA,NA
"subtlex_uk",4,11790,"bigram","HG","type",1,1,0,NA,NA,NA,NA,NA,NA
"subtlex_uk",4,11790,"bigram","HH","type",2,10,27,NA,NA,NA,NA,NA,NA
"subtlex_uk",4,11790,"bigram","HI","type",52,58,15,NA,NA,NA,NA,NA,NA
"subtlex_uk",4,11790,"bigram","HJ","type",0,0,0,NA,NA,NA,NA,NA,NA
"subtlex_uk",4,11790,"bigram","HK","type",0,1,1,NA,NA,NA,NA,NA,NA
"subtlex_uk",4,11790,"bigram","HL","type",1,5,10,NA,NA,NA,NA,NA,NA
"subtlex_uk",4,11790,"bigram","HM","type",11,2,7,NA,NA,NA,NA,NA,NA
"subtlex_uk",4,11790,"bigram","HN","type",4,3,19,NA,NA,NA,NA,NA,NA
"subtlex_uk",4,11790,"bigram","HO","type",104,76,14,NA,NA,NA,NA,NA,NA
"subtlex_uk",4,11790,"bigram","HP","type",0,1,0,NA,NA,NA,NA,NA,NA
"subtlex_uk",4,11790,"bigram","HQ","type",0,0,2,NA,NA,NA,NA,NA,NA
"subtlex_uk",4,11790,"bigram","HR","type",9,26,19,NA,NA,NA,NA,NA,NA
"subtlex_uk",4,11790,"bigram","HS","type",3,4,14,NA,NA,NA,NA,NA,NA
"subtlex_uk",4,11790,"bigram","HT","type",4,3,12,NA,NA,NA,NA,NA,NA
"subtlex_uk",4,11790,"bigram","HU","type",66,47,3,NA,NA,NA,NA,NA,NA
"subtlex_uk",4,11790,"bigram","HV","type",0,0,0,NA,NA,NA,NA,NA,NA
"subtlex_uk",4,11790,"bigram","HW","type",3,3,0,NA,NA,NA,NA,NA,NA
"subtlex_uk",4,11790,"bigram","HX","type",0,0,0,NA,NA,NA,NA,NA,NA
"subtlex_uk",4,11790,"bigram","HY","type",12,10,4,NA,NA,NA,NA,NA,NA
"subtlex_uk",4,11790,"bigram","HZ","type",0,0,0,NA,NA,NA,NA,NA,NA
"subtlex_uk",4,11790,"bigram","IA","type",14,57,36,NA,NA,NA,NA,NA,NA
"subtlex_uk",4,11790,"bigram","IB","type",5,45,20,NA,NA,NA,NA,NA,NA
"subtlex_uk",4,11790,"bigram","IC","type",21,72,30,NA,NA,NA,NA,NA,NA
"subtlex_uk",4,11790,"bigram","ID","type",13,58,53,NA,NA,NA,NA,NA,NA
"subtlex_uk",4,11790,"bigram","IE","type",11,130,43,NA,NA,NA,NA,NA,NA
"subtlex_uk",4,11790,"bigram","IF","type",14,46,29,NA,NA,NA,NA,NA,NA
"subtlex_uk",4,11790,"bigram","IG","type",9,52,21,NA,NA,NA,NA,NA,NA
"subtlex_uk",4,11790,"bigram","IH","type",1,6,2,NA,NA,NA,NA,NA,NA
"subtlex_uk",4,11790,"bigram","II","type",5,11,10,NA,NA,NA,NA,NA,NA
"subtlex_uk",4,11790,"bigram","IJ","type",3,10,3,NA,NA,NA,NA,NA,NA
"subtlex_uk",4,11790,"bigram","IK","type",8,37,22,NA,NA,NA,NA,NA,NA
"subtlex_uk",4,11790,"bigram","IL","type",18,101,63,NA,NA,NA,NA,NA,NA
"subtlex_uk",4,11790,"bigram","IM","type",20,55,48,NA,NA,NA,NA,NA,NA
"subtlex_uk",4,11790,"bigram","IN","type",61,177,98,NA,NA,NA,NA,NA,NA
"subtlex_uk",4,11790,"bigram","IO","type",9,24,23,NA,NA,NA,NA,NA,NA
"subtlex_uk",4,11790,"bigram","IP","type",12,38,26,NA,NA,NA,NA,NA,NA
"subtlex_uk",4,11790,"bigram","IQ","type",2,0,0,NA,NA,NA,NA,NA,NA
"subtlex_uk",4,11790,"bigram","IR","type",17,99,51,NA,NA,NA,NA,NA,NA
"subtlex_uk",4,11790,"bigram","IS","type",35,93,100,NA,NA,NA,NA,NA,NA
"subtlex_uk",4,11790,"bigram","IT","type",30,93,76,NA,NA,NA,NA,NA,NA
"subtlex_uk",4,11790,"bigram","IU","type",1,4,1,NA,NA,NA,NA,NA,NA
"subtlex_uk",4,11790,"bigram","IV","type",10,30,10,NA,NA,NA,NA,NA,NA
"subtlex_uk",4,11790,"bigram","IW","type",3,6,2,NA,NA,NA,NA,NA,NA
"subtlex_uk",4,11790,"bigram","IX","type",0,8,17,NA,NA,NA,NA,NA,NA
"subtlex_uk",4,11790,"bigram","IY","type",1,12,0,NA,NA,NA,NA,NA,NA
"subtlex_uk",4,11790,"bigram","IZ","type",2,24,22,NA,NA,NA,NA,NA,NA
"subtlex_uk",4,11790,"bigram","JA","type",64,6,14,NA,NA,NA,NA,NA,NA
"subtlex_uk",4,11790,"bigram","JB","type",0,1,0,NA,NA,NA,NA,NA,NA
"subtlex_uk",4,11790,"bigram","JC","type",2,0,0,NA,NA,NA,NA,NA,NA
"subtlex_uk",4,11790,"bigram","JD","type",1,0,3,NA,NA,NA,NA,NA,NA
"subtlex_uk",4,11790,"bigram","JE","type",47,3,1,NA,NA,NA,NA,NA,NA
"subtlex_uk",4,11790,"bigram","JF","type",0,0,0,NA,NA,NA,NA,NA,NA
"subtlex_uk",4,11790,"bigram","JG","type",0,0,0,NA,NA,NA,NA,NA,NA
"subtlex_uk",4,11790,"bigram","JH","type",1,1,0,NA,NA,NA,NA,NA,NA
"subtlex_uk",4,11790,"bigram","JI","type",30,2,14,NA,NA,NA,NA,NA,NA
"subtlex_uk",4,11790,"bigram","JJ","type",1,0,1,NA,NA,NA,NA,NA,NA
"subtlex_uk",4,11790,"bigram","JK","type",0,0,2,NA,NA,NA,NA,NA,NA
"subtlex_uk",4,11790,"bigram","JL","type",0,0,0,NA,NA,NA,NA,NA,NA
"subtlex_uk",4,11790,"bigram","JM","type",0,0,1,NA,NA,NA,NA,NA,NA
"subtlex_uk",4,11790,"bigram","JN","type",0,0,1,NA,NA,NA,NA,NA,NA
"subtlex_uk",4,11790,"bigram","JO","type",71,1,14,NA,NA,NA,NA,NA,NA
"subtlex_uk",4,11790,"bigram","JP","type",2,0,0,NA,NA,NA,NA,NA,NA
"subtlex_uk",4,11790,"bigram","JQ","type",0,0,0,NA,NA,NA,NA,NA,NA
"subtlex_uk",4,11790,"bigram","JR","type",0,0,1,NA,NA,NA,NA,NA,NA
"subtlex_uk",4,11790,"bigram","JS","type",1,0,3,NA,NA,NA,NA,NA,NA
"subtlex_uk",4,11790,"bigram","JT","type",1,0,0,NA,NA,NA,NA,NA,NA
"subtlex_uk",4,11790,"bigram","JU","type",53,1,3,NA,NA,NA,NA,NA,NA
"subtlex_uk",4,11790,"bigram","JV","type",0,0,0,NA,NA,NA,NA,NA,NA
"subtlex_uk",4,11790,"bigram","JW","type",0,0,0,NA,NA,NA,NA,NA,NA
"subtlex_uk",4,11790,"bigram","JX","type",0,0,0,NA,NA,NA,NA,NA,NA
"subtlex_uk",4,11790,"bigram","JY","type",0,0,0,NA,NA,NA,NA,NA,NA
"subtlex_uk",4,11790,"bigram","JZ","type",0,0,0,NA,NA,NA,NA,NA,NA
"subtlex_uk",4,11790,"bigram","KA","type",95,11,44,NA,NA,NA,NA,NA,NA
"subtlex_uk",4,11790,"bigram","KB","type",0,1,0,NA,NA,NA,NA,NA,NA
"subtlex_uk",4,11790,"bigram","KC","type",1,1,0,NA,NA,NA,NA,NA,NA
"subtlex_uk",4,11790,"bigram","KD","type",0,0,0,NA,NA,NA,NA,NA,NA
"subtlex_uk",4,11790,"bigram","KE","type",57,21,63,NA,NA,NA,NA,NA,NA
"subtlex_uk",4,11790,"bigram","KF","type",5,1,0,NA,NA,NA,NA,NA,NA
"subtlex_uk",4,11790,"bigram","KG","type",0,0,0,NA,NA,NA,NA,NA,NA
"subtlex_uk",4,11790,"bigram","KH","type",8,2,4,NA,NA,NA,NA,NA,NA
"subtlex_uk",4,11790,"bigram","KI","type",68,15,30,NA,NA,NA,NA,NA,NA
"subtlex_uk",4,11790,"bigram","KJ","type",0,0,0,NA,NA,NA,NA,NA,NA
"subtlex_uk",4,11790,"bigram","KK","type",0,5,1,NA,NA,NA,NA,NA,NA
"subtlex_uk",4,11790,"bigram","KL","type",9,1,0,NA,NA,NA,NA,NA,NA
"subtlex_uk",4,11790,"bigram","KM","type",1,0,0,NA,NA,NA,NA,NA,NA
"subtlex_uk",4,11790,"bigram","KN","type",15,1,0,NA,NA,NA,NA,NA,NA
"subtlex_uk",4,11790,"bigram","KO","type",72,9,24,NA,NA,NA,NA,NA,NA
"subtlex_uk",4,11790,"bigram","KP","type",5,2,1,NA,NA,NA,NA,NA,NA
"subtlex_uk",4,11790,"bigram","KQ","type",0,0,0,NA,NA,NA,NA,NA,NA
"subtlex_uk",4,11790,"bigram","KR","type",12,5,3,NA,NA,NA,NA,NA,NA
"subtlex_uk",4,11790,"bigram","KS","type",1,3,32,NA,NA,NA,NA,NA,NA
"subtlex_uk",4,11790,"bigram","KT","type",1,3,1,NA,NA,NA,NA,NA,NA
"subtlex_uk",4,11790,"bigram","KU","type",37,6,10,NA,NA,NA,NA,NA,NA
"subtlex_uk",4,11790,"bigram","KV","type",0,1,0,NA,NA,NA,NA,NA,NA
"subtlex_uk",4,11790,"bigram","KW","type",6,2,0,NA,NA,NA,NA,NA,NA
"subtlex_uk",4,11790,"bigram","KX","type",0,0,1,NA,NA,NA,NA,NA,NA
"subtlex_uk",4,11790,"bigram","KY","type",10,3,15,NA,NA,NA,NA,NA,NA
"subtlex_uk",4,11790,"bigram","KZ","type",0,0,0,NA,NA,NA,NA,NA,NA
"subtlex_uk",4,11790,"bigram","LA","type",111,92,90,NA,NA,NA,NA,NA,NA
"subtlex_uk",4,11790,"bigram","LB","type",1,11,1,NA,NA,NA,NA,NA,NA
"subtlex_uk",4,11790,"bigram","LC","type",3,2,3,NA,NA,NA,NA,NA,NA
"subtlex_uk",4,11790,"bigram","LD","type",1,9,35,NA,NA,NA,NA,NA,NA
"subtlex_uk",4,11790,"bigram","LE","type",96,79,82,NA,NA,NA,NA,NA,NA
"subtlex_uk",4,11790,"bigram","LF","type",1,2,16,NA,NA,NA,NA,NA,NA
"subtlex_uk",4,11790,"bigram","LG","type",3,11,8,NA,NA,NA,NA,NA,NA
"subtlex_uk",4,11790,"bigram","LH","type",1,1,1,NA,NA,NA,NA,NA,NA
"subtlex_uk",4,11790,"bigram","LI","type",89,67,55,NA,NA,NA,NA,NA,NA
"subtlex_uk",4,11790,"bigram","LJ","type",0,0,0,NA,NA,NA,NA,NA,NA
"subtlex_uk",4,11790,"bigram","LK","type",0,5,25,NA,NA,NA,NA,NA,NA
"subtlex_uk",4,11790,"bigram","LL","type",11,26,80,NA,NA,NA,NA,NA,NA
"subtlex_uk",4,11790,"bigram","LM","type",1,7,11,NA,NA,NA,NA,NA,NA
"subtlex_uk",4,11790,"bigram","LN","type",1,5,4,NA,NA,NA,NA,NA,NA
"subtlex_uk",4,11790,"bigram","LO","type",97,81,40,NA,NA,NA,NA,NA,NA
"subtlex_uk",4,11790,"bigram","LP","type",2,3,9,NA,NA,NA,NA,NA,NA
"subtlex_uk",4,11790,"bigram","LQ","type",0,0,0,NA,NA,NA,NA,NA,NA
"subtlex_uk",4,11790,"bigram","LR","type",3,4,2,NA,NA,NA,NA,NA,NA
"subtlex_uk",4,11790,"bigram","LS","type",0,7,60,NA,NA,NA,NA,NA,NA
"subtlex_uk",4,11790,"bigram","LT","type",3,13,67,NA,NA,NA,NA,NA,NA
"subtlex_uk",4,11790,"bigram","LU","type",61,48,12,NA,NA,NA,NA,NA,NA
"subtlex_uk",4,11790,"bigram","LV","type",4,7,3,NA,NA,NA,NA,NA,NA
"subtlex_uk",4,11790,"bigram","LW","type",2,3,0,NA,NA,NA,NA,NA,NA
"subtlex_uk",4,11790,"bigram","LX","type",0,0,2,NA,NA,NA,NA,NA,NA
"subtlex_uk",4,11790,"bigram","LY","type",22,12,43,NA,NA,NA,NA,NA,NA
"subtlex_uk",4,11790,"bigram","LZ","type",0,0,8,NA,NA,NA,NA,NA,NA
"subtlex_uk",4,11790,"bigram","MA","type",162,33,75,NA,NA,NA,NA,NA,NA
"subtlex_uk",4,11790,"bigram","MB","type",4,6,15,NA,NA,NA,NA,NA,NA
"subtlex_uk",4,11790,"bigram","MC","type",4,3,2,NA,NA,NA,NA,NA,NA
"subtlex_uk",4,11790,"bigram","MD","type",2,2,1,NA,NA,NA,NA,NA,NA
"subtlex_uk",4,11790,"bigram","ME","type",91,27,51,NA,NA,NA,NA,NA,NA
"subtlex_uk",4,11790,"bigram","MF","type",3,3,3,NA,NA,NA,NA,NA,NA
"subtlex_uk",4,11790,"bigram","MG","type",3,0,2,NA,NA,NA,NA,NA,NA
"subtlex_uk",4,11790,"bigram","MH","type",5,1,4,NA,NA,NA,NA,NA,NA
"subtlex_uk",4,11790,"bigram","MI","type",87,23,33,NA,NA,NA,NA,NA,NA
"subtlex_uk",4,11790,"bigram","MJ","type",0,0,0,NA,NA,NA,NA,NA,NA
"subtlex_uk",4,11790,"bigram","MK","type",0,0,0,NA,NA,NA,NA,NA,NA
"subtlex_uk",4,11790,"bigram","ML","type",1,3,2,NA,NA,NA,NA,NA,NA
"subtlex_uk",4,11790,"bigram","MM","type",7,23,25,NA,NA,NA,NA,NA,NA
"subtlex_uk",4,11790,"bigram","MN","type",3,3,5,NA,NA,NA,NA,NA,NA
"subtlex_uk",4,11790,"bigram","MO","type",117,14,33,NA,NA,NA,NA,NA,NA
"subtlex_uk",4,11790,"bigram","MP","type",5,16,47,NA,NA,NA,NA,NA,NA
"subtlex_uk",4,11790,"bigram","MQ","type",0,2,0,NA,NA,NA,NA,NA,NA
"subtlex_uk",4,11790,"bigram","MR","type",5,6,1,NA,NA,NA,NA,NA,NA
"subtlex_uk",4,11790,"bigram","MS","type",4,3,76,NA,NA,NA,NA,NA,NA
"subtlex_uk",4,11790,"bigram","MT","type",1,4,6,NA,NA,NA,NA,NA,NA
"subtlex_uk",4,11790,"bigram","MU","type",57,9,12,NA,NA,NA,NA,NA,NA
"subtlex_uk",4,11790,"bigram","MV","type",0,0,0,NA,NA,NA,NA,NA,NA
"subtlex_uk",4,11790,"bigram","MW","type",8,1,0,NA,NA,NA,NA,NA,NA
"subtlex_uk",4,11790,"bigram","MX","type",0,1,0,NA,NA,NA,NA,NA,NA
"subtlex_uk",4,11790,"bigram","MY","type",12,4,20,NA,NA,NA,NA,NA,NA
"subtlex_uk",4,11790,"bigram","MZ","type",0,0,2,NA,NA,NA,NA,NA,NA
"subtlex_uk",4,11790,"bigram","NA","type",115,32,86,NA,NA,NA,NA,NA,NA
"subtlex_uk",4,11790,"bigram","NB","type",0,3,1,NA,NA,NA,NA,NA,NA
"subtlex_uk",4,11790,"bigram","NC","type",5,13,13,NA,NA,NA,NA,NA,NA
"subtlex_uk",4,11790,"bigram","ND","type",1,29,81,NA,NA,NA,NA,NA,NA
"subtlex_uk",4,11790,"bigram","NE","type",80,28,89,NA,NA,NA,NA,NA,NA
"subtlex_uk",4,11790,"bigram","NF","type",2,2,3,NA,NA,NA,NA,NA,NA
"subtlex_uk",4,11790,"bigram","NG","type",5,15,97,NA,NA,NA,NA,NA,NA
"subtlex_uk",4,11790,"bigram","NH","type",1,2,12,NA,NA,NA,NA,NA,NA
"subtlex_uk",4,11790,"bigram","NI","type",69,38,60,NA,NA,NA,NA,NA,NA
"subtlex_uk",4,11790,"bigram","NJ","type",0,3,2,NA,NA,NA,NA,NA,NA
"subtlex_uk",4,11790,"bigram","NK","type",1,8,60,NA,NA,NA,NA,NA,NA
"subtlex_uk",4,11790,"bigram","NL","type",0,5,3,NA,NA,NA,NA,NA,NA
"subtlex_uk",4,11790,"bigram","NM","type",0,2,1,NA,NA,NA,NA,NA,NA
"subtlex_uk",4,11790,"bigram","NN","type",4,23,51,NA,NA,NA,NA,NA,NA
"subtlex_uk",4,11790,"bigram","NO","type",92,29,57,NA,NA,NA,NA,NA,NA
"subtlex_uk",4,11790,"bigram","NP","type",4,4,0,NA,NA,NA,NA,NA,NA
"subtlex_uk",4,11790,"bigram","NQ","type",0,1,1,NA,NA,NA,NA,NA,NA
"subtlex_uk",4,11790,"bigram","NR","type",4,5,0,NA,NA,NA,NA,NA,NA
"subtlex_uk",4,11790,"bigram","NS","type",0,8,98,NA,NA,NA,NA,NA,NA
"subtlex_uk",4,11790,"bigram","NT","type",2,24,85,NA,NA,NA,NA,NA,NA
"subtlex_uk",4,11790,"bigram","NU","type",42,20,19,NA,NA,NA,NA,NA,NA
"subtlex_uk",4,11790,"bigram","NV","type",1,6,0,NA,NA,NA,NA,NA,NA
"subtlex_uk",4,11790,"bigram","NW","type",2,0,0,NA,NA,NA,NA,NA,NA
"subtlex_uk",4,11790,"bigram","NX","type",0,2,5,NA,NA,NA,NA,NA,NA
"subtlex_uk",4,11790,"bigram","NY","type",13,7,38,NA,NA,NA,NA,NA,NA
"subtlex_uk",4,11790,"bigram","NZ","type",0,4,12,NA,NA,NA,NA,NA,NA
"subtlex_uk",4,11790,"bigram","OA","type",13,61,4,NA,NA,NA,NA,NA,NA
"subtlex_uk",4,11790,"bigram","OB","type",14,70,22,NA,NA,NA,NA,NA,NA
"subtlex_uk",4,11790,"bigram","OC","type",10,62,12,NA,NA,NA,NA,NA,NA
"subtlex_uk",4,11790,"bigram","OD","type",11,55,28,NA,NA,NA,NA,NA,NA
"subtlex_uk",4,11790,"bigram","OE","type",6,56,15,NA,NA,NA,NA,NA,NA
"subtlex_uk",4,11790,"bigram","OF","type",21,47,30,NA,NA,NA,NA,NA,NA
"subtlex_uk",4,11790,"bigram","OG","type",10,53,25,NA,NA,NA,NA,NA,NA
"subtlex_uk",4,11790,"bigram","OH","type",6,26,12,NA,NA,NA,NA,NA,NA
"subtlex_uk",4,11790,"bigram","OI","type",15,93,18,NA,NA,NA,NA,NA,NA
"subtlex_uk",4,11790,"bigram","OJ","type",2,13,2,NA,NA,NA,NA,NA,NA
"subtlex_uk",4,11790,"bigram","OK","type",12,33,31,NA,NA,NA,NA,NA,NA
"subtlex_uk",4,11790,"bigram","OL","type",25,112,46,NA,NA,NA,NA,NA,NA
"subtlex_uk",4,11790,"bigram","OM","type",17,64,38,NA,NA,NA,NA,NA,NA
"subtlex_uk",4,11790,"bigram","ON","type",25,161,93,NA,NA,NA,NA,NA,NA
"subtlex_uk",4,11790,"bigram","OO","type",40,197,49,NA,NA,NA,NA,NA,NA
"subtlex_uk",4,11790,"bigram","OP","type",22,53,40,NA,NA,NA,NA,NA,NA
"subtlex_uk",4,11790,"bigram","OQ","type",0,0,0,NA,NA,NA,NA,NA,NA
"subtlex_uk",4,11790,"bigram","OR","type",46,174,60,NA,NA,NA,NA,NA,NA
"subtlex_uk",4,11790,"bigram","OS","type",11,80,82,NA,NA,NA,NA,NA,NA
"subtlex_uk",4,11790,"bigram","OT","type",7,85,51,NA,NA,NA,NA,NA,NA
"subtlex_uk",4,11790,"bigram","OU","type",27,118,15,NA,NA,NA,NA,NA,NA
"subtlex_uk",4,11790,"bigram","OV","type",7,26,5,NA,NA,NA,NA,NA,NA
"subtlex_uk",4,11790,"bigram","OW","type",12,48,44,NA,NA,NA,NA,NA,NA
"subtlex_uk",4,11790,"bigram","OX","type",5,15,4,NA,NA,NA,NA,NA,NA
"subtlex_uk",4,11790,"bigram","OY","type",1,35,14,NA,NA,NA,NA,NA,NA
"subtlex_uk",4,11790,"bigram","OZ","type",5,14,13,NA,NA,NA,NA,NA,NA
"subtlex_uk",4,11790,"bigram","PA","type",107,21,32,NA,NA,NA,NA,NA,NA
"subtlex_uk",4,11790,"bigram","PB","type",2,15,8,NA,NA,NA,NA,NA,NA
"subtlex_uk",4,11790,"bigram","PC","type",6,7,3,NA,NA,NA,NA,NA,NA
"subtlex_uk",4,11790,"bigram","PD","type",3,1,9,NA,NA,NA,NA,NA,NA
"subtlex_uk",4,11790,"bigram","PE","type",97,32,43,NA,NA,NA,NA,NA,NA
"subtlex_uk",4,11790,"bigram","PF","type",4,0,3,NA,NA,NA,NA,NA,NA
"subtlex_uk",4,11790,"bigram","PG","type",1,5,0,NA,NA,NA,NA,NA,NA
"subtlex_uk",4,11790,"bigram","PH","type",27,1,13,NA,NA,NA,NA,NA,NA
"subtlex_uk",4,11790,"bigram","PI","type",71,13,14,NA,NA,NA,NA,NA,NA
"subtlex_uk",4,11790,"bigram","PJ","type",0,0,0,NA,NA,NA,NA,NA,NA
"subtlex_uk",4,11790,"bigram","PK","type",1,0,0,NA,NA,NA,NA,NA,NA
"subtlex_uk",4,11790,"bigram","PL","type",48,8,6,NA,NA,NA,NA,NA,NA
"subtlex_uk",4,11790,"bigram","PM","type",2,4,3,NA,NA,NA,NA,NA,NA
"subtlex_uk",4,11790,"bigram","PN","type",0,2,2,NA,NA,NA,NA,NA,NA
"subtlex_uk",4,11790,"bigram","PO","type",89,13,18,NA,NA,NA,NA,NA,NA
"subtlex_uk",4,11790,"bigram","PP","type",4,23,27,NA,NA,NA,NA,NA,NA
"subtlex_uk",4,11790,"bigram","PQ","type",0,1,0,NA,NA,NA,NA,NA,NA
"subtlex_uk",4,11790,"bigram","PR","type",74,12,5,NA,NA,NA,NA,NA,NA
"subtlex_uk",4,11790,"bigram","PS","type",11,9,78,NA,NA,NA,NA,NA,NA
"subtlex_uk",4,11790,"bigram","PT","type",7,8,24,NA,NA,NA,NA,NA,NA
"subtlex_uk",4,11790,"bigram","PU","type",61,8,6,NA,NA,NA,NA,NA,NA
"subtlex_uk",4,11790,"bigram","PV","type",0,2,1,NA,NA,NA,NA,NA,NA
"subtlex_uk",4,11790,"bigram","PW","type",8,7,1,NA,NA,NA,NA,NA,NA
"subtlex_uk",4,11790,"bigram","PX","type",0,0,0,NA,NA,NA,NA,NA,NA
"subtlex_uk",4,11790,"bigram","PY","type",6,1,21,NA,NA,NA,NA,NA,NA
"subtlex_uk",4,11790,"bigram","PZ","type",0,0,1,NA,NA,NA,NA,NA,NA
"subtlex_uk",4,11790,"bigram","QA","type",8,1,1,NA,NA,NA,NA,NA,NA
"subtlex_uk",4,11790,"bigram","QB","type",0,0,0,NA,NA,NA,NA,NA,NA
"subtlex_uk",4,11790,"bigram","QC","type",1,0,0,NA,NA,NA,NA,NA,NA
"subtlex_uk",4,11790,"bigram","QD","type",0,0,0,NA,NA,NA,NA,NA,NA
"subtlex_uk",4,11790,"bigram","QE","type",4,0,0,NA,NA,NA,NA,NA,NA
"subtlex_uk",4,11790,"bigram","QF","type",0,0,0,NA,NA,NA,NA,NA,NA
"subtlex_uk",4,11790,"bigram","QG","type",0,0,0,NA,NA,NA,NA,NA,NA
"subtlex_uk",4,11790,"bigram","QH","type",0,0,0,NA,NA,NA,NA,NA,NA
"subtlex_uk",4,11790,"bigram","QI","type",6,2,2,NA,NA,NA,NA,NA,NA
"subtlex_uk",4,11790,"bigram","QJ","type",0,0,0,NA,NA,NA,NA,NA,NA
"subtlex_uk",4,11790,"bigram","QK","type",0,0,0,NA,NA,NA,NA,NA,NA
"subtlex_uk",4,11790,"bigram","QL","type",0,0,0,NA,NA,NA,NA,NA,NA
"subtlex_uk",4,11790,"bigram","QM","type",0,0,1,NA,NA,NA,NA,NA,NA
"subtlex_uk",4,11790,"bigram","QN","type",0,0,0,NA,NA,NA,NA,NA,NA
"subtlex_uk",4,11790,"bigram","QO","type",0,0,0,NA,NA,NA,NA,NA,NA
"subtlex_uk",4,11790,"bigram","QP","type",0,0,0,NA,NA,NA,NA,NA,NA
"subtlex_uk",4,11790,"bigram","QQ","type",0,0,0,NA,NA,NA,NA,NA,NA
"subtlex_uk",4,11790,"bigram","QR","type",0,1,1,NA,NA,NA,NA,NA,NA
"subtlex_uk",4,11790,"bigram","QS","type",0,1,4,NA,NA,NA,NA,NA,NA
"subtlex_uk",4,11790,"bigram","QT","type",0,0,1,NA,NA,NA,NA,NA,NA
"subtlex_uk",4,11790,"bigram","QU","type",36,7,1,NA,NA,NA,NA,NA,NA
"subtlex_uk",4,11790,"bigram","QV","type",0,0,0,NA,NA,NA,NA,NA,NA
"subtlex_uk",4,11790,"bigram","QW","type",0,0,0,NA,NA,NA,NA,NA,NA
"subtlex_uk",4,11790,"bigram","QX","type",0,0,0,NA,NA,NA,NA,NA,NA
"subtlex_uk",4,11790,"bigram","QY","type",0,0,0,NA,NA,NA,NA,NA,NA
"subtlex_uk",4,11790,"bigram","QZ","type",0,0,0,NA,NA,NA,NA,NA,NA
"subtlex_uk",4,11790,"bigram","RA","type",124,139,92,NA,NA,NA,NA,NA,NA
"subtlex_uk",4,11790,"bigram","RB","type",3,16,31,NA,NA,NA,NA,NA,NA
"subtlex_uk",4,11790,"bigram","RC","type",3,13,16,NA,NA,NA,NA,NA,NA
"subtlex_uk",4,11790,"bigram","RD","type",2,12,58,NA,NA,NA,NA,NA,NA
"subtlex_uk",4,11790,"bigram","RE","type",102,112,94,NA,NA,NA,NA,NA,NA
"subtlex_uk",4,11790,"bigram","RF","type",1,7,15,NA,NA,NA,NA,NA,NA
"subtlex_uk",4,11790,"bigram","RG","type",1,17,36,NA,NA,NA,NA,NA,NA
"subtlex_uk",4,11790,"bigram","RH","type",12,2,9,NA,NA,NA,NA,NA,NA
"subtlex_uk",4,11790,"bigram","RI","type",78,103,69,NA,NA,NA,NA,NA,NA
"subtlex_uk",4,11790,"bigram","RJ","type",0,0,2,NA,NA,NA,NA,NA,NA
"subtlex_uk",4,11790,"bigram","RK","type",1,8,47,NA,NA,NA,NA,NA,NA
"subtlex_uk",4,11790,"bigram","RL","type",1,12,36,NA,NA,NA,NA,NA,NA
"subtlex_uk",4,11790,"bigram","RM","type",2,16,42,NA,NA,NA,NA,NA,NA
"subtlex_uk",4,11790,"bigram","RN","type",5,18,58,NA,NA,NA,NA,NA,NA
"subtlex_uk",4,11790,"bigram","RO","type",103,111,68,NA,NA,NA,NA,NA,NA
"subtlex_uk",4,11790,"bigram","RP","type",4,5,25,NA,NA,NA,NA,NA,NA
"subtlex_uk",4,11790,"bigram","RQ","type",1,0,0,NA,NA,NA,NA,NA,NA
"subtlex_uk",4,11790,"bigram","RR","type",9,37,55,NA,NA,NA,NA,NA,NA
"subtlex_uk",4,11790,"bigram","RS","type",6,17,88,NA,NA,NA,NA,NA,NA
"subtlex_uk",4,11790,"bigram","RT","type",2,19,71,NA,NA,NA,NA,NA,NA
"subtlex_uk",4,11790,"bigram","RU","type",61,58,15,NA,NA,NA,NA,NA,NA
"subtlex_uk",4,11790,"bigram","RV","type",0,6,8,NA,NA,NA,NA,NA,NA
"subtlex_uk",4,11790,"bigram","RW","type",2,1,3,NA,NA,NA,NA,NA,NA
"subtlex_uk",4,11790,"bigram","RX","type",0,0,2,NA,NA,NA,NA,NA,NA
"subtlex_uk",4,11790,"bigram","RY","type",7,19,56,NA,NA,NA,NA,NA,NA
"subtlex_uk",4,11790,"bigram","RZ","type",0,1,13,NA,NA,NA,NA,NA,NA
"subtlex_uk",4,11790,"bigram","SA","type",127,19,53,NA,NA,NA,NA,NA,NA
"subtlex_uk",4,11790,"bigram","SB","type",0,5,3,NA,NA,NA,NA,NA,NA
"subtlex_uk",4,11790,"bigram","SC","type",24,13,7,NA,NA,NA,NA,NA,NA
"subtlex_uk",4,11790,"bigram","SD","type",3,4,2,NA,NA,NA,NA,NA,NA
"subtlex_uk",4,11790,"bigram","SE","type",99,22,62,NA,NA,NA,NA,NA,NA
"subtlex_uk",4,11790,"bigram","SF","type",2,3,3,NA,NA,NA,NA,NA,NA
"subtlex_uk",4,11790,"bigram","SG","type",3,0,0,NA,NA,NA,NA,NA,NA
"subtlex_uk",4,11790,"bigram","SH","type",84,18,90,NA,NA,NA,NA,NA,NA
"subtlex_uk",4,11790,"bigram","SI","type",89,13,27,NA,NA,NA,NA,NA,NA
"subtlex_uk",4,11790,"bigram","SJ","type",0,1,0,NA,NA,NA,NA,NA,NA
"subtlex_uk",4,11790,"bigram","SK","type",32,6,22,NA,NA,NA,NA,NA,NA
"subtlex_uk",4,11790,"bigram","SL","type",39,8,4,NA,NA,NA,NA,NA,NA
"subtlex_uk",4,11790,"bigram","SM","type",25,4,17,NA,NA,NA,NA,NA,NA
"subtlex_uk",4,11790,"bigram","SN","type",45,2,2,NA,NA,NA,NA,NA,NA
"subtlex_uk",4,11790,"bigram","SO","type",97,9,32,NA,NA,NA,NA,NA,NA
"subtlex_uk",4,11790,"bigram","SP","type",52,11,10,NA,NA,NA,NA,NA,NA
"subtlex_uk",4,11790,"bigram","SQ","type",2,0,0,NA,NA,NA,NA,NA,NA
"subtlex_uk",4,11790,"bigram","SR","type",7,2,5,NA,NA,NA,NA,NA,NA
"subtlex_uk",4,11790,"bigram","SS","type",7,27,83,NA,NA,NA,NA,NA,NA
"subtlex_uk",4,11790,"bigram","ST","type",81,14,100,NA,NA,NA,NA,NA,NA
"subtlex_uk",4,11790,"bigram","SU","type",79,5,8,NA,NA,NA,NA,NA,NA
"subtlex_uk",4,11790,"bigram","SV","type",3,1,1,NA,NA,NA,NA,NA,NA
"subtlex_uk",4,11790,"bigram","SW","type",28,0,0,NA,NA,NA,NA,NA,NA
"subtlex_uk",4,11790,"bigram","SX","type",0,0,0,NA,NA,NA,NA,NA,NA
"subtlex_uk",4,11790,"bigram","SY","type",14,0,24,NA,NA,NA,NA,NA,NA
"subtlex_uk",4,11790,"bigram","SZ","type",0,0,3,NA,NA,NA,NA,NA,NA
"subtlex_uk",4,11790,"bigram","TA","type",117,30,67,NA,NA,NA,NA,NA,NA
"subtlex_uk",4,11790,"bigram","TB","type",0,0,0,NA,NA,NA,NA,NA,NA
"subtlex_uk",4,11790,"bigram","TC","type",4,8,2,NA,NA,NA,NA,NA,NA
"subtlex_uk",4,11790,"bigram","TD","type",2,2,14,NA,NA,NA,NA,NA,NA
"subtlex_uk",4,11790,"bigram","TE","type",80,34,75,NA,NA,NA,NA,NA,NA
"subtlex_uk",4,11790,"bigram","TF","type",0,4,0,NA,NA,NA,NA,NA,NA
"subtlex_uk",4,11790,"bigram","TG","type",1,0,0,NA,NA,NA,NA,NA,NA
"subtlex_uk",4,11790,"bigram","TH","type",89,11,79,NA,NA,NA,NA,NA,NA
"subtlex_uk",4,11790,"bigram","TI","type",73,20,36,NA,NA,NA,NA,NA,NA
"subtlex_uk",4,11790,"bigram","TJ","type",0,0,0,NA,NA,NA,NA,NA,NA
"subtlex_uk",4,11790,"bigram","TK","type",3,3,0,NA,NA,NA,NA,NA,NA
"subtlex_uk",4,11790,"bigram","TL","type",1,5,0,NA,NA,NA,NA,NA,NA
"subtlex_uk",4,11790,"bigram","TM","type",1,4,1,NA,NA,NA,NA,NA,NA
"subtlex_uk",4,11790,"bigram","TN","type",1,1,2,NA,NA,NA,NA,NA,NA
"subtlex_uk",4,11790,"bigram","TO","type",137,25,48,NA,NA,NA,NA,NA,NA
"subtlex_uk",4,11790,"bigram","TP","type",8,5,3,NA,NA,NA,NA,NA,NA
"subtlex_uk",4,11790,"bigram","TQ","type",0,0,0,NA,NA,NA,NA,NA,NA
"subtlex_uk",4,11790,"bigram","TR","type",79,13,4,NA,NA,NA,NA,NA,NA
"subtlex_uk",4,11790,"bigram","TS","type",8,10,119,NA,NA,NA,NA,NA,NA
"subtlex_uk",4,11790,"bigram","TT","type",4,13,50,NA,NA,NA,NA,NA,NA
"subtlex_uk",4,11790,"bigram","TU","type",67,14,10,NA,NA,NA,NA,NA,NA
"subtlex_uk",4,11790,"bigram","TV","type",1,6,6,NA,NA,NA,NA,NA,NA
"subtlex_uk",4,11790,"bigram","TW","type",25,1,1,NA,NA,NA,NA,NA,NA
"subtlex_uk",4,11790,"bigram","TX","type",0,0,0,NA,NA,NA,NA,NA,NA
"subtlex_uk",4,11790,"bigram","TY","type",13,2,40,NA,NA,NA,NA,NA,NA
"subtlex_uk",4,11790,"bigram","TZ","type",2,1,22,NA,NA,NA,NA,NA,NA
"subtlex_uk",4,11790,"bigram","UA","type",10,41,11,NA,NA,NA,NA,NA,NA
"subtlex_uk",4,11790,"bigram","UB","type",3,41,20,NA,NA,NA,NA,NA,NA
"subtlex_uk",4,11790,"bigram","UC","type",9,43,1,NA,NA,NA,NA,NA,NA
"subtlex_uk",4,11790,"bigram","UD","type",6,47,31,NA,NA,NA,NA,NA,NA
"subtlex_uk",4,11790,"bigram","UE","type",5,85,24,NA,NA,NA,NA,NA,NA
"subtlex_uk",4,11790,"bigram","UF","type",6,31,21,NA,NA,NA,NA,NA,NA
"subtlex_uk",4,11790,"bigram","UG","type",11,41,19,NA,NA,NA,NA,NA,NA
"subtlex_uk",4,11790,"bigram","UH","type",2,10,10,NA,NA,NA,NA,NA,NA
"subtlex_uk",4,11790,"bigram","UI","type",3,29,7,NA,NA,NA,NA,NA,NA
"subtlex_uk",4,11790,"bigram","UJ","type",1,9,3,NA,NA,NA,NA,NA,NA
"subtlex_uk",4,11790,"bigram","UK","type",8,30,19,NA,NA,NA,NA,NA,NA
"subtlex_uk",4,11790,"bigram","UL","type",12,78,38,NA,NA,NA,NA,NA,NA
"subtlex_uk",4,11790,"bigram","UM","type",10,63,42,NA,NA,NA,NA,NA,NA
"subtlex_uk",4,11790,"bigram","UN","type",34,109,53,NA,NA,NA,NA,NA,NA
"subtlex_uk",4,11790,"bigram","UO","type",3,18,0,NA,NA,NA,NA,NA,NA
"subtlex_uk",4,11790,"bigram","UP","type",10,32,25,NA,NA,NA,NA,NA,NA
"subtlex_uk",4,11790,"bigram","UQ","type",0,2,0,NA,NA,NA,NA,NA,NA
"subtlex_uk",4,11790,"bigram","UR","type",27,126,42,NA,NA,NA,NA,NA,NA
"subtlex_uk",4,11790,"bigram","US","type",20,84,72,NA,NA,NA,NA,NA,NA
"subtlex_uk",4,11790,"bigram","UT","type",5,67,47,NA,NA,NA,NA,NA,NA
"subtlex_uk",4,11790,"bigram","UU","type",3,11,2,NA,NA,NA,NA,NA,NA
"subtlex_uk",4,11790,"bigram","UV","type",1,9,4,NA,NA,NA,NA,NA,NA
"subtlex_uk",4,11790,"bigram","UW","type",2,3,3,NA,NA,NA,NA,NA,NA
"subtlex_uk",4,11790,"bigram","UX","type",0,3,17,NA,NA,NA,NA,NA,NA
"subtlex_uk",4,11790,"bigram","UY","type",0,5,4,NA,NA,NA,NA,NA,NA
"subtlex_uk",4,11790,"bigram","UZ","type",2,12,8,NA,NA,NA,NA,NA,NA
"subtlex_uk",4,11790,"bigram","VA","type",37,12,38,NA,NA,NA,NA,NA,NA
"subtlex_uk",4,11790,"bigram","VB","type",0,0,0,NA,NA,NA,NA,NA,NA
"subtlex_uk",4,11790,"bigram","VC","type",4,1,1,NA,NA,NA,NA,NA,NA
"subtlex_uk",4,11790,"bigram","VD","type",0,2,3,NA,NA,NA,NA,NA,NA
"subtlex_uk",4,11790,"bigram","VE","type",51,22,53,NA,NA,NA,NA,NA,NA
"subtlex_uk",4,11790,"bigram","VF","type",0,0,0,NA,NA,NA,NA,NA,NA
"subtlex_uk",4,11790,"bigram","VG","type",0,1,0,NA,NA,NA,NA,NA,NA
"subtlex_uk",4,11790,"bigram","VH","type",1,0,1,NA,NA,NA,NA,NA,NA
"subtlex_uk",4,11790,"bigram","VI","type",62,14,23,NA,NA,NA,NA,NA,NA
"subtlex_uk",4,11790,"bigram","VJ","type",0,0,0,NA,NA,NA,NA,NA,NA
"subtlex_uk",4,11790,"bigram","VK","type",0,0,0,NA,NA,NA,NA,NA,NA
"subtlex_uk",4,11790,"bigram","VL","type",2,2,0,NA,NA,NA,NA,NA,NA
"subtlex_uk",4,11790,"bigram","VM","type",1,0,0,NA,NA,NA,NA,NA,NA
"subtlex_uk",4,11790,"bigram","VN","type",0,1,0,NA,NA,NA,NA,NA,NA
"subtlex_uk",4,11790,"bigram","VO","type",44,6,10,NA,NA,NA,NA,NA,NA
"subtlex_uk",4,11790,"bigram","VP","type",1,0,1,NA,NA,NA,NA,NA,NA
"subtlex_uk",4,11790,"bigram","VQ","type",0,2,0,NA,NA,NA,NA,NA,NA
"subtlex_uk",4,11790,"bigram","VR","type",4,4,1,NA,NA,NA,NA,NA,NA
"subtlex_uk",4,11790,"bigram","VS","type",1,1,19,NA,NA,NA,NA,NA,NA
"subtlex_uk",4,11790,"bigram","VT","type",3,0,1,NA,NA,NA,NA,NA,NA
"subtlex_uk",4,11790,"bigram","VU","type",6,1,2,NA,NA,NA,NA,NA,NA
"subtlex_uk",4,11790,"bigram","VV","type",2,0,0,NA,NA,NA,NA,NA,NA
"subtlex_uk",4,11790,"bigram","VW","type",0,0,0,NA,NA,NA,NA,NA,NA
"subtlex_uk",4,11790,"bigram","VX","type",1,0,0,NA,NA,NA,NA,NA,NA
"subtlex_uk",4,11790,"bigram","VY","type",2,1,15,NA,NA,NA,NA,NA,NA
"subtlex_uk",4,11790,"bigram","VZ","type",0,0,0,NA,NA,NA,NA,NA,NA
"subtlex_uk",4,11790,"bigram","WA","type",104,40,19,NA,NA,NA,NA,NA,NA
"subtlex_uk",4,11790,"bigram","WB","type",3,0,3,NA,NA,NA,NA,NA,NA
"subtlex_uk",4,11790,"bigram","WC","type",1,2,0,NA,NA,NA,NA,NA,NA
"subtlex_uk",4,11790,"bigram","WD","type",2,2,8,NA,NA,NA,NA,NA,NA
"subtlex_uk",4,11790,"bigram","WE","type",60,23,16,NA,NA,NA,NA,NA,NA
"subtlex_uk",4,11790,"bigram","WF","type",0,3,2,NA,NA,NA,NA,NA,NA
"subtlex_uk",4,11790,"bigram","WG","type",0,0,2,NA,NA,NA,NA,NA,NA
"subtlex_uk",4,11790,"bigram","WH","type",50,5,1,NA,NA,NA,NA,NA,NA
"subtlex_uk",4,11790,"bigram","WI","type",65,23,4,NA,NA,NA,NA,NA,NA
"subtlex_uk",4,11790,"bigram","WJ","type",1,1,0,NA,NA,NA,NA,NA,NA
"subtlex_uk",4,11790,"bigram","WK","type",0,1,7,NA,NA,NA,NA,NA,NA
"subtlex_uk",4,11790,"bigram","WL","type",3,3,13,NA,NA,NA,NA,NA,NA
"subtlex_uk",4,11790,"bigram","WM","type",2,0,0,NA,NA,NA,NA,NA,NA
"subtlex_uk",4,11790,"bigram","WN","type",2,2,19,NA,NA,NA,NA,NA,NA
"subtlex_uk",4,11790,"bigram","WO","type",63,20,2,NA,NA,NA,NA,NA,NA
"subtlex_uk",4,11790,"bigram","WP","type",3,1,2,NA,NA,NA,NA,NA,NA
"subtlex_uk",4,11790,"bigram","WQ","type",0,0,0,NA,NA,NA,NA,NA,NA
"subtlex_uk",4,11790,"bigram","WR","type",28,6,11,NA,NA,NA,NA,NA,NA
"subtlex_uk",4,11790,"bigram","WS","type",2,0,36,NA,NA,NA,NA,NA,NA
"subtlex_uk",4,11790,"bigram","WT","type",1,0,3,NA,NA,NA,NA,NA,NA
"subtlex_uk",4,11790,"bigram","WU","type",15,3,4,NA,NA,NA,NA,NA,NA
"subtlex_uk",4,11790,"bigram","WV","type",0,0,0,NA,NA,NA,NA,NA,NA
"subtlex_uk",4,11790,"bigram","WW","type",4,4,9,NA,NA,NA,NA,NA,NA
"subtlex_uk",4,11790,"bigram","WX","type",1,0,0,NA,NA,NA,NA,NA,NA
"subtlex_uk",4,11790,"bigram","WY","type",12,10,7,NA,NA,NA,NA,NA,NA
"subtlex_uk",4,11790,"bigram","WZ","type",1,0,0,NA,NA,NA,NA,NA,NA
"subtlex_uk",4,11790,"bigram","XA","type",4,4,5,NA,NA,NA,NA,NA,NA
"subtlex_uk",4,11790,"bigram","XB","type",1,1,0,NA,NA,NA,NA,NA,NA
"subtlex_uk",4,11790,"bigram","XC","type",1,3,0,NA,NA,NA,NA,NA,NA
"subtlex_uk",4,11790,"bigram","XD","type",0,0,0,NA,NA,NA,NA,NA,NA
"subtlex_uk",4,11790,"bigram","XE","type",4,14,5,NA,NA,NA,NA,NA,NA
"subtlex_uk",4,11790,"bigram","XF","type",1,0,0,NA,NA,NA,NA,NA,NA
"subtlex_uk",4,11790,"bigram","XG","type",0,0,0,NA,NA,NA,NA,NA,NA
"subtlex_uk",4,11790,"bigram","XH","type",0,0,0,NA,NA,NA,NA,NA,NA
"subtlex_uk",4,11790,"bigram","XI","type",7,3,7,NA,NA,NA,NA,NA,NA
"subtlex_uk",4,11790,"bigram","XJ","type",0,0,0,NA,NA,NA,NA,NA,NA
"subtlex_uk",4,11790,"bigram","XK","type",1,0,0,NA,NA,NA,NA,NA,NA
"subtlex_uk",4,11790,"bigram","XL","type",1,1,1,NA,NA,NA,NA,NA,NA
"subtlex_uk",4,11790,"bigram","XM","type",2,0,0,NA,NA,NA,NA,NA,NA
"subtlex_uk",4,11790,"bigram","XN","type",0,0,0,NA,NA,NA,NA,NA,NA
"subtlex_uk",4,11790,"bigram","XO","type",2,4,6,NA,NA,NA,NA,NA,NA
"subtlex_uk",4,11790,"bigram","XP","type",0,3,0,NA,NA,NA,NA,NA,NA
"subtlex_uk",4,11790,"bigram","XQ","type",0,0,0,NA,NA,NA,NA,NA,NA
"subtlex_uk",4,11790,"bigram","XR","type",2,1,0,NA,NA,NA,NA,NA,NA
"subtlex_uk",4,11790,"bigram","XS","type",0,0,11,NA,NA,NA,NA,NA,NA
"subtlex_uk",4,11790,"bigram","XT","type",1,0,4,NA,NA,NA,NA,NA,NA
"subtlex_uk",4,11790,"bigram","XU","type",0,0,1,NA,NA,NA,NA,NA,NA
"subtlex_uk",4,11790,"bigram","XV","type",0,0,0,NA,NA,NA,NA,NA,NA
"subtlex_uk",4,11790,"bigram","XW","type",0,1,0,NA,NA,NA,NA,NA,NA
"subtlex_uk",4,11790,"bigram","XX","type",3,2,7,NA,NA,NA,NA,NA,NA
"subtlex_uk",4,11790,"bigram","XY","type",0,1,16,NA,NA,NA,NA,NA,NA
"subtlex_uk",4,11790,"bigram","XZ","type",0,0,0,NA,NA,NA,NA,NA,NA
"subtlex_uk",4,11790,"bigram","YA","type",62,23,39,NA,NA,NA,NA,NA,NA
"subtlex_uk",4,11790,"bigram","YB","type",1,2,0,NA,NA,NA,NA,NA,NA
"subtlex_uk",4,11790,"bigram","YC","type",0,10,0,NA,NA,NA,NA,NA,NA
"subtlex_uk",4,11790,"bigram","YD","type",0,12,6,NA,NA,NA,NA,NA,NA
"subtlex_uk",4,11790,"bigram","YE","type",35,24,25,NA,NA,NA,NA,NA,NA
"subtlex_uk",4,11790,"bigram","YF","type",0,3,2,NA,NA,NA,NA,NA,NA
"subtlex_uk",4,11790,"bigram","YG","type",0,1,0,NA,NA,NA,NA,NA,NA
"subtlex_uk",4,11790,"bigram","YH","type",0,1,0,NA,NA,NA,NA,NA,NA
"subtlex_uk",4,11790,"bigram","YI","type",21,6,6,NA,NA,NA,NA,NA,NA
"subtlex_uk",4,11790,"bigram","YJ","type",0,1,0,NA,NA,NA,NA,NA,NA
"subtlex_uk",4,11790,"bigram","YK","type",0,8,2,NA,NA,NA,NA,NA,NA
"subtlex_uk",4,11790,"bigram","YL","type",1,20,9,NA,NA,NA,NA,NA,NA
"subtlex_uk",4,11790,"bigram","YM","type",1,8,4,NA,NA,NA,NA,NA,NA
"subtlex_uk",4,11790,"bigram","YN","type",2,25,10,NA,NA,NA,NA,NA,NA
"subtlex_uk",4,11790,"bigram","YO","type",59,5,12,NA,NA,NA,NA,NA,NA
"subtlex_uk",4,11790,"bigram","YP","type",0,9,1,NA,NA,NA,NA,NA,NA
"subtlex_uk",4,11790,"bigram","YQ","type",0,0,0,NA,NA,NA,NA,NA,NA
"subtlex_uk",4,11790,"bigram","YR","type",0,20,6,NA,NA,NA,NA,NA,NA
"subtlex_uk",4,11790,"bigram","YS","type",1,7,49,NA,NA,NA,NA,NA,NA
"subtlex_uk",4,11790,"bigram","YT","type",0,8,4,NA,NA,NA,NA,NA,NA
"subtlex_uk",4,11790,"bigram","YU","type",32,7,2,NA,NA,NA,NA,NA,NA
"subtlex_uk",4,11790,"bigram","YV","type",2,0,0,NA,NA,NA,NA,NA,NA
"subtlex_uk",4,11790,"bigram","YW","type",1,1,0,NA,NA,NA,NA,NA,NA
"subtlex_uk",4,11790,"bigram","YX","type",0,0,4,NA,NA,NA,NA,NA,NA
"subtlex_uk",4,11790,"bigram","YY","type",0,2,3,NA,NA,NA,NA,NA,NA
"subtlex_uk",4,11790,"bigram","YZ","type",0,0,4,NA,NA,NA,NA,NA,NA
"subtlex_uk",4,11790,"bigram","ZA","type",43,9,14,NA,NA,NA,NA,NA,NA
"subtlex_uk",4,11790,"bigram","ZB","type",3,0,1,NA,NA,NA,NA,NA,NA
"subtlex_uk",4,11790,"bigram","ZC","type",0,0,0,NA,NA,NA,NA,NA,NA
"subtlex_uk",4,11790,"bigram","ZD","type",0,1,0,NA,NA,NA,NA,NA,NA
"subtlex_uk",4,11790,"bigram","ZE","type",28,1,22,NA,NA,NA,NA,NA,NA
"subtlex_uk",4,11790,"bigram","ZF","type",0,0,0,NA,NA,NA,NA,NA,NA
"subtlex_uk",4,11790,"bigram","ZG","type",0,0,0,NA,NA,NA,NA,NA,NA
"subtlex_uk",4,11790,"bigram","ZH","type",5,0,0,NA,NA,NA,NA,NA,NA
"subtlex_uk",4,11790,"bigram","ZI","type",26,5,10,NA,NA,NA,NA,NA,NA
"subtlex_uk",4,11790,"bigram","ZJ","type",0,0,0,NA,NA,NA,NA,NA,NA
"subtlex_uk",4,11790,"bigram","ZK","type",0,0,0,NA,NA,NA,NA,NA,NA
"subtlex_uk",4,11790,"bigram","ZL","type",0,0,1,NA,NA,NA,NA,NA,NA
"subtlex_uk",4,11790,"bigram","ZM","type",0,2,0,NA,NA,NA,NA,NA,NA
"subtlex_uk",4,11790,"bigram","ZN","type",0,0,0,NA,NA,NA,NA,NA,NA
"subtlex_uk",4,11790,"bigram","ZO","type",22,1,12,NA,NA,NA,NA,NA,NA
"subtlex_uk",4,11790,"bigram","ZP","type",0,0,0,NA,NA,NA,NA,NA,NA
"subtlex_uk",4,11790,"bigram","ZQ","type",0,0,0,NA,NA,NA,NA,NA,NA
"subtlex_uk",4,11790,"bigram","ZR","type",0,1,1,NA,NA,NA,NA,NA,NA
"subtlex_uk",4,11790,"bigram","ZS","type",1,0,3,NA,NA,NA,NA,NA,NA
"subtlex_uk",4,11790,"bigram","ZT","type",0,0,1,NA,NA,NA,NA,NA,NA
"subtlex_uk",4,11790,"bigram","ZU","type",10,2,3,NA,NA,NA,NA,NA,NA
"subtlex_uk",4,11790,"bigram","ZV","type",1,0,0,NA,NA,NA,NA,NA,NA
"subtlex_uk",4,11790,"bigram","ZW","type",3,0,0,NA,NA,NA,NA,NA,NA
"subtlex_uk",4,11790,"bigram","ZX","type",2,0,0,NA,NA,NA,NA,NA,NA
"subtlex_uk",4,11790,"bigram","ZY","type",0,0,15,NA,NA,NA,NA,NA,NA
"subtlex_uk",4,11790,"bigram","ZZ","type",2,6,21,NA,NA,NA,NA,NA,NA
"subtlex_uk",5,19318,"bigram","AA","type",28,73,64,18,NA,NA,NA,NA,NA
"subtlex_uk",5,19318,"bigram","AB","type",73,129,45,21,NA,NA,NA,NA,NA
"subtlex_uk",5,19318,"bigram","AC","type",42,155,84,20,NA,NA,NA,NA,NA
"subtlex_uk",5,19318,"bigram","AD","type",68,188,73,57,NA,NA,NA,NA,NA
"subtlex_uk",5,19318,"bigram","AE","type",10,47,34,27,NA,NA,NA,NA,NA
"subtlex_uk",5,19318,"bigram","AF","type",17,62,32,10,NA,NA,NA,NA,NA
"subtlex_uk",5,19318,"bigram","AG","type",50,124,65,17,NA,NA,NA,NA,NA
"subtlex_uk",5,19318,"bigram","AH","type",22,79,25,82,NA,NA,NA,NA,NA
"subtlex_uk",5,19318,"bigram","AI","type",48,253,132,45,NA,NA,NA,NA,NA
"subtlex_uk",5,19318,"bigram","AJ","type",6,31,3,9,NA,NA,NA,NA,NA
"subtlex_uk",5,19318,"bigram","AK","type",25,112,39,47,NA,NA,NA,NA,NA
"subtlex_uk",5,19318,"bigram","AL","type",154,320,119,179,NA,NA,NA,NA,NA
"subtlex_uk",5,19318,"bigram","AM","type",78,220,85,100,NA,NA,NA,NA,NA
"subtlex_uk",5,19318,"bigram","AN","type",125,400,276,312,NA,NA,NA,NA,NA
"subtlex_uk",5,19318,"bigram","AO","type",4,23,12,10,NA,NA,NA,NA,NA
"subtlex_uk",5,19318,"bigram","AP","type",46,119,48,21,NA,NA,NA,NA,NA
"subtlex_uk",5,19318,"bigram","AQ","type",4,5,2,6,NA,NA,NA,NA,NA
"subtlex_uk",5,19318,"bigram","AR","type",174,524,203,195,NA,NA,NA,NA,NA
"subtlex_uk",5,19318,"bigram","AS","type",93,209,98,188,NA,NA,NA,NA,NA
"subtlex_uk",5,19318,"bigram","AT","type",49,252,138,94,NA,NA,NA,NA,NA
"subtlex_uk",5,19318,"bigram","AU","type",35,123,47,24,NA,NA,NA,NA,NA
"subtlex_uk",5,19318,"bigram","AV","type",29,110,40,2,NA,NA,NA,NA,NA
"subtlex_uk",5,19318,"bigram","AW","type",28,67,30,12,NA,NA,NA,NA,NA
"subtlex_uk",5,19318,"bigram","AX","type",8,33,2,13,NA,NA,NA,NA,NA
"subtlex_uk",5,19318,"bigram","AY","type",24,105,32,83,NA,NA,NA,NA,NA
"subtlex_uk",5,19318,"bigram","AZ","type",13,78,23,13,NA,NA,NA,NA,NA
"subtlex_uk",5,19318,"bigram","BA","type",296,21,49,77,NA,NA,NA,NA,NA
"subtlex_uk",5,19318,"bigram","BB","type",2,10,86,8,NA,NA,NA,NA,NA
"subtlex_uk",5,19318,"bigram","BC","type",1,2,0,1,NA,NA,NA,NA,NA
"subtlex_uk",5,19318,"bigram","BD","type",0,7,1,5,NA,NA,NA,NA,NA
"subtlex_uk",5,19318,"bigram","BE","type",194,17,110,46,NA,NA,NA,NA,NA
"subtlex_uk",5,19318,"bigram","BF","type",2,1,0,0,NA,NA,NA,NA,NA
"subtlex_uk",5,19318,"bigram","BG","type",0,4,19,26,NA,NA,NA,NA,NA
"subtlex_uk",5,19318,"bigram","BH","type",13,2,4,4,NA,NA,NA,NA,NA
"subtlex_uk",5,19318,"bigram","BI","type",125,11,79,20,NA,NA,NA,NA,NA
"subtlex_uk",5,19318,"bigram","BJ","type",3,1,0,0,NA,NA,NA,NA,NA
"subtlex_uk",5,19318,"bigram","BK","type",0,0,1,0,NA,NA,NA,NA,NA
"subtlex_uk",5,19318,"bigram","BL","type",121,7,53,21,NA,NA,NA,NA,NA
"subtlex_uk",5,19318,"bigram","BM","type",3,0,1,0,NA,NA,NA,NA,NA
"subtlex_uk",5,19318,"bigram","BN","type",0,2,0,0,NA,NA,NA,NA,NA
"subtlex_uk",5,19318,"bigram","BO","type",254,26,39,55,NA,NA,NA,NA,NA
"subtlex_uk",5,19318,"bigram","BP","type",2,0,0,0,NA,NA,NA,NA,NA
"subtlex_uk",5,19318,"bigram","BQ","type",0,0,0,0,NA,NA,NA,NA,NA
"subtlex_uk",5,19318,"bigram","BR","type",178,9,30,0,NA,NA,NA,NA,NA
"subtlex_uk",5,19318,"bigram","BS","type",1,3,8,88,NA,NA,NA,NA,NA
"subtlex_uk",5,19318,"bigram","BT","type",2,0,12,15,NA,NA,NA,NA,NA
"subtlex_uk",5,19318,"bigram","BU","type",145,9,13,4,NA,NA,NA,NA,NA
"subtlex_uk",5,19318,"bigram","BV","type",0,0,0,0,NA,NA,NA,NA,NA
"subtlex_uk",5,19318,"bigram","BW","type",3,0,0,0,NA,NA,NA,NA,NA
"subtlex_uk",5,19318,"bigram","BX","type",0,0,0,0,NA,NA,NA,NA,NA
"subtlex_uk",5,19318,"bigram","BY","type",21,2,8,119,NA,NA,NA,NA,NA
"subtlex_uk",5,19318,"bigram","BZ","type",1,0,0,1,NA,NA,NA,NA,NA
"subtlex_uk",5,19318,"bigram","CA","type",239,34,52,67,NA,NA,NA,NA,NA
"subtlex_uk",5,19318,"bigram","CB","type",0,1,1,0,NA,NA,NA,NA,NA
"subtlex_uk",5,19318,"bigram","CC","type",3,16,44,2,NA,NA,NA,NA,NA
"subtlex_uk",5,19318,"bigram","CD","type",0,0,1,0,NA,NA,NA,NA,NA
"subtlex_uk",5,19318,"bigram","CE","type",51,11,70,99,NA,NA,NA,NA,NA
"subtlex_uk",5,19318,"bigram","CF","type",0,3,0,0,NA,NA,NA,NA,NA
"subtlex_uk",5,19318,"bigram","CG","type",0,1,0,1,NA,NA,NA,NA,NA
"subtlex_uk",5,19318,"bigram","CH","type",216,29,108,207,NA,NA,NA,NA,NA
"subtlex_uk",5,19318,"bigram","CI","type",43,11,30,30,NA,NA,NA,NA,NA
"subtlex_uk",5,19318,"bigram","CJ","type",0,0,0,0,NA,NA,NA,NA,NA
"subtlex_uk",5,19318,"bigram","CK","type",1,14,145,98,NA,NA,NA,NA,NA
"subtlex_uk",5,19318,"bigram","CL","type",134,3,5,0,NA,NA,NA,NA,NA
"subtlex_uk",5,19318,"bigram","CM","type",0,1,0,0,NA,NA,NA,NA,NA
"subtlex_uk",5,19318,"bigram","CN","type",0,2,1,0,NA,NA,NA,NA,NA
"subtlex_uk",5,19318,"bigram","CO","type",259,32,47,64,NA,NA,NA,NA,NA
"subtlex_uk",5,19318,"bigram","CP","type",0,0,1,1,NA,NA,NA,NA,NA
"subtlex_uk",5,19318,"bigram","CQ","type",0,1,3,1,NA,NA,NA,NA,NA
"subtlex_uk",5,19318,"bigram","CR","type",132,20,18,2,NA,NA,NA,NA,NA
"subtlex_uk",5,19318,"bigram","CS","type",1,2,1,25,NA,NA,NA,NA,NA
"subtlex_uk",5,19318,"bigram","CT","type",1,13,17,22,NA,NA,NA,NA,NA
"subtlex_uk",5,19318,"bigram","CU","type",81,21,23,0,NA,NA,NA,NA,NA
"subtlex_uk",5,19318,"bigram","CV","type",0,3,1,0,NA,NA,NA,NA,NA
"subtlex_uk",5,19318,"bigram","CW","type",5,0,0,0,NA,NA,NA,NA,NA
"subtlex_uk",5,19318,"bigram","CX","type",0,0,0,0,NA,NA,NA,NA,NA
"subtlex_uk",5,19318,"bigram","CY","type",22,0,2,42,NA,NA,NA,NA,NA
"subtlex_uk",5,19318,"bigram","CZ","type",2,0,2,0,NA,NA,NA,NA,NA
"subtlex_uk",5,19318,"bigram","DA","type",199,18,74,109,NA,NA,NA,NA,NA
"subtlex_uk",5,19318,"bigram","DB","type",1,0,5,1,NA,NA,NA,NA,NA
"subtlex_uk",5,19318,"bigram","DC","type",0,0,0,0,NA,NA,NA,NA,NA
"subtlex_uk",5,19318,"bigram","DD","type",0,18,73,5,NA,NA,NA,NA,NA
"subtlex_uk",5,19318,"bigram","DE","type",209,15,179,107,NA,NA,NA,NA,NA
"subtlex_uk",5,19318,"bigram","DF","type",1,1,0,0,NA,NA,NA,NA,NA
"subtlex_uk",5,19318,"bigram","DG","type",0,8,52,1,NA,NA,NA,NA,NA
"subtlex_uk",5,19318,"bigram","DH","type",14,1,12,7,NA,NA,NA,NA,NA
"subtlex_uk",5,19318,"bigram","DI","type",151,23,96,73,NA,NA,NA,NA,NA
"subtlex_uk",5,19318,"bigram","DJ","type",2,3,6,0,NA,NA,NA,NA,NA
"subtlex_uk",5,19318,"bigram","DK","type",0,1,3,0,NA,NA,NA,NA,NA
"subtlex_uk",5,19318,"bigram","DL","type",0,8,31,4,NA,NA,NA,NA,NA
"subtlex_uk",5,19318,"bigram","DM","type",0,3,1,1,NA,NA,NA,NA,NA
"subtlex_uk",5,19318,"bigram","DN","type",0,2,6,1,NA,NA,NA,NA,NA
"subtlex_uk",5,19318,"bigram","DO","type",209,20,57,63,NA,NA,NA,NA,NA
"subtlex_uk",5,19318,"bigram","DP","type",2,0,0,1,NA,NA,NA,NA,NA
"subtlex_uk",5,19318,"bigram","DQ","type",0,0,0,0,NA,NA,NA,NA,NA
"subtlex_uk",5,19318,"bigram","DR","type",88,5,26,1,NA,NA,NA,NA,NA
"subtlex_uk",5,19318,"bigram","DS","type",0,2,8,152,NA,NA,NA,NA,NA
"subtlex_uk",5,19318,"bigram","DT","type",1,0,4,12,NA,NA,NA,NA,NA
"subtlex_uk",5,19318,"bigram","DU","type",114,9,27,14,NA,NA,NA,NA,NA
"subtlex_uk",5,19318,"bigram","DV","type",0,2,2,0,NA,NA,NA,NA,NA
"subtlex_uk",5,19318,"bigram","DW","type",8,3,3,0,NA,NA,NA,NA,NA
"subtlex_uk",5,19318,"bigram","DX","type",0,0,0,0,NA,NA,NA,NA,NA
"subtlex_uk",5,19318,"bigram","DY","type",10,3,12,169,NA,NA,NA,NA,NA
"subtlex_uk",5,19318,"bigram","DZ","type",2,0,0,10,NA,NA,NA,NA,NA
"subtlex_uk",5,19318,"bigram","EA","type",46,227,101,33,NA,NA,NA,NA,NA
"subtlex_uk",5,19318,"bigram","EB","type",16,53,36,10,NA,NA,NA,NA,NA
"subtlex_uk",5,19318,"bigram","EC","type",12,80,59,6,NA,NA,NA,NA,NA
"subtlex_uk",5,19318,"bigram","ED","type",27,84,59,467,NA,NA,NA,NA,NA
"subtlex_uk",5,19318,"bigram","EE","type",24,262,173,88,NA,NA,NA,NA,NA
"subtlex_uk",5,19318,"bigram","EF","type",9,34,22,18,NA,NA,NA,NA,NA
"subtlex_uk",5,19318,"bigram","EG","type",14,83,34,7,NA,NA,NA,NA,NA
"subtlex_uk",5,19318,"bigram","EH","type",4,27,8,13,NA,NA,NA,NA,NA
"subtlex_uk",5,19318,"bigram","EI","type",19,116,33,18,NA,NA,NA,NA,NA
"subtlex_uk",5,19318,"bigram","EJ","type",5,8,1,2,NA,NA,NA,NA,NA
"subtlex_uk",5,19318,"bigram","EK","type",6,13,32,49,NA,NA,NA,NA,NA
"subtlex_uk",5,19318,"bigram","EL","type",104,210,116,164,NA,NA,NA,NA,NA
"subtlex_uk",5,19318,"bigram","EM","type",41,76,49,52,NA,NA,NA,NA,NA
"subtlex_uk",5,19318,"bigram","EN","type",61,273,156,277,NA,NA,NA,NA,NA
"subtlex_uk",5,19318,"bigram","EO","type",1,21,14,20,NA,NA,NA,NA,NA
"subtlex_uk",5,19318,"bigram","EP","type",13,53,41,26,NA,NA,NA,NA,NA
"subtlex_uk",5,19318,"bigram","EQ","type",4,0,1,1,NA,NA,NA,NA,NA
"subtlex_uk",5,19318,"bigram","ER","type",46,284,180,570,NA,NA,NA,NA,NA
"subtlex_uk",5,19318,"bigram","ES","type",31,113,100,585,NA,NA,NA,NA,NA
"subtlex_uk",5,19318,"bigram","ET","type",29,113,88,123,NA,NA,NA,NA,NA
"subtlex_uk",5,19318,"bigram","EU","type",14,39,30,11,NA,NA,NA,NA,NA
"subtlex_uk",5,19318,"bigram","EV","type",23,69,28,6,NA,NA,NA,NA,NA
"subtlex_uk",5,19318,"bigram","EW","type",15,39,24,18,NA,NA,NA,NA,NA
"subtlex_uk",5,19318,"bigram","EX","type",32,26,7,32,NA,NA,NA,NA,NA
"subtlex_uk",5,19318,"bigram","EY","type",6,22,18,277,NA,NA,NA,NA,NA
"subtlex_uk",5,19318,"bigram","EZ","type",0,19,12,29,NA,NA,NA,NA,NA
"subtlex_uk",5,19318,"bigram","FA","type",172,2,31,20,NA,NA,NA,NA,NA
"subtlex_uk",5,19318,"bigram","FB","type",0,0,0,0,NA,NA,NA,NA,NA
"subtlex_uk",5,19318,"bigram","FC","type",0,1,0,0,NA,NA,NA,NA,NA
"subtlex_uk",5,19318,"bigram","FD","type",0,0,0,4,NA,NA,NA,NA,NA
"subtlex_uk",5,19318,"bigram","FE","type",94,4,33,24,NA,NA,NA,NA,NA
"subtlex_uk",5,19318,"bigram","FF","type",7,23,82,54,NA,NA,NA,NA,NA
"subtlex_uk",5,19318,"bigram","FG","type",0,2,0,1,NA,NA,NA,NA,NA
"subtlex_uk",5,19318,"bigram","FH","type",3,1,0,0,NA,NA,NA,NA,NA
"subtlex_uk",5,19318,"bigram","FI","type",113,12,44,21,NA,NA,NA,NA,NA
"subtlex_uk",5,19318,"bigram","FJ","type",1,0,0,0,NA,NA,NA,NA,NA
"subtlex_uk",5,19318,"bigram","FK","type",0,0,1,0,NA,NA,NA,NA,NA
"subtlex_uk",5,19318,"bigram","FL","type",112,2,6,7,NA,NA,NA,NA,NA
"subtlex_uk",5,19318,"bigram","FM","type",1,1,0,0,NA,NA,NA,NA,NA
"subtlex_uk",5,19318,"bigram","FN","type",0,0,1,0,NA,NA,NA,NA,NA
"subtlex_uk",5,19318,"bigram","FO","type",117,7,11,4,NA,NA,NA,NA,NA
"subtlex_uk",5,19318,"bigram","FP","type",3,12,13,1,NA,NA,NA,NA,NA
"subtlex_uk",5,19318,"bigram","FQ","type",0,0,0,0,NA,NA,NA,NA,NA
"subtlex_uk",5,19318,"bigram","FR","type",113,12,16,11,NA,NA,NA,NA,NA
"subtlex_uk",5,19318,"bigram","FS","type",0,0,1,50,NA,NA,NA,NA,NA
"subtlex_uk",5,19318,"bigram","FT","type",0,9,36,26,NA,NA,NA,NA,NA
"subtlex_uk",5,19318,"bigram","FU","type",67,2,9,8,NA,NA,NA,NA,NA
"subtlex_uk",5,19318,"bigram","FV","type",0,0,0,0,NA,NA,NA,NA,NA
"subtlex_uk",5,19318,"bigram","FW","type",2,1,0,0,NA,NA,NA,NA,NA
"subtlex_uk",5,19318,"bigram","FX","type",0,0,0,0,NA,NA,NA,NA,NA
"subtlex_uk",5,19318,"bigram","FY","type",4,3,6,45,NA,NA,NA,NA,NA
"subtlex_uk",5,19318,"bigram","FZ","type",0,1,0,0,NA,NA,NA,NA,NA
"subtlex_uk",5,19318,"bigram","GA","type",151,14,81,85,NA,NA,NA,NA,NA
"subtlex_uk",5,19318,"bigram","GB","type",1,0,8,0,NA,NA,NA,NA,NA
"subtlex_uk",5,19318,"bigram","GC","type",2,1,0,0,NA,NA,NA,NA,NA
"subtlex_uk",5,19318,"bigram","GD","type",0,3,3,1,NA,NA,NA,NA,NA
"subtlex_uk",5,19318,"bigram","GE","type",81,6,117,144,NA,NA,NA,NA,NA
"subtlex_uk",5,19318,"bigram","GF","type",0,0,0,0,NA,NA,NA,NA,NA
"subtlex_uk",5,19318,"bigram","GG","type",0,17,95,24,NA,NA,NA,NA,NA
"subtlex_uk",5,19318,"bigram","GH","type",15,5,33,83,NA,NA,NA,NA,NA
"subtlex_uk",5,19318,"bigram","GI","type",78,9,49,25,NA,NA,NA,NA,NA
"subtlex_uk",5,19318,"bigram","GJ","type",0,0,0,0,NA,NA,NA,NA,NA
"subtlex_uk",5,19318,"bigram","GK","type",0,0,0,0,NA,NA,NA,NA,NA
"subtlex_uk",5,19318,"bigram","GL","type",69,10,33,1,NA,NA,NA,NA,NA
"subtlex_uk",5,19318,"bigram","GM","type",1,0,7,1,NA,NA,NA,NA,NA
"subtlex_uk",5,19318,"bigram","GN","type",7,7,19,5,NA,NA,NA,NA,NA
"subtlex_uk",5,19318,"bigram","GO","type",146,11,41,72,NA,NA,NA,NA,NA
"subtlex_uk",5,19318,"bigram","GP","type",0,0,0,0,NA,NA,NA,NA,NA
"subtlex_uk",5,19318,"bigram","GQ","type",0,0,0,0,NA,NA,NA,NA,NA
"subtlex_uk",5,19318,"bigram","GR","type",147,10,14,0,NA,NA,NA,NA,NA
"subtlex_uk",5,19318,"bigram","GS","type",2,0,10,137,NA,NA,NA,NA,NA
"subtlex_uk",5,19318,"bigram","GT","type",1,1,5,15,NA,NA,NA,NA,NA
"subtlex_uk",5,19318,"bigram","GU","type",77,4,40,5,NA,NA,NA,NA,NA
"subtlex_uk",5,19318,"bigram","GV","type",0,0,0,0,NA,NA,NA,NA,NA
"subtlex_uk",5,19318,"bigram","GW","type",15,1,0,0,NA,NA,NA,NA,NA
"subtlex_uk",5,19318,"bigram","GX","type",0,0,0,0,NA,NA,NA,NA,NA
"subtlex_uk",5,19318,"bigram","GY","type",14,1,2,101,NA,NA,NA,NA,NA
"subtlex_uk",5,19318,"bigram","GZ","type",0,0,0,1,NA,NA,NA,NA,NA
"subtlex_uk",5,19318,"bigram","HA","type",276,241,88,69,NA,NA,NA,NA,NA
"subtlex_uk",5,19318,"bigram","HB","type",0,0,1,0,NA,NA,NA,NA,NA
"subtlex_uk",5,19318,"bigram","HC","type",0,0,1,0,NA,NA,NA,NA,NA
"subtlex_uk",5,19318,"bigram","HD","type",0,0,4,1,NA,NA,NA,NA,NA
"subtlex_uk",5,19318,"bigram","HE","type",158,157,62,76,NA,NA,NA,NA,NA
"subtlex_uk",5,19318,"bigram","HF","type",1,1,0,0,NA,NA,NA,NA,NA
"subtlex_uk",5,19318,"bigram","HG","type",1,0,0,1,NA,NA,NA,NA,NA
"subtlex_uk",5,19318,"bigram","HH","type",0,7,24,42,NA,NA,NA,NA,NA
"subtlex_uk",5,19318,"bigram","HI","type",83,154,42,59,NA,NA,NA,NA,NA
"subtlex_uk",5,19318,"bigram","HJ","type",0,0,0,0,NA,NA,NA,NA,NA
"subtlex_uk",5,19318,"bigram","HK","type",0,0,2,0,NA,NA,NA,NA,NA
"subtlex_uk",5,19318,"bigram","HL","type",1,5,6,6,NA,NA,NA,NA,NA
"subtlex_uk",5,19318,"bigram","HM","type",5,7,5,2,NA,NA,NA,NA,NA
"subtlex_uk",5,19318,"bigram","HN","type",2,2,14,2,NA,NA,NA,NA,NA
"subtlex_uk",5,19318,"bigram","HO","type",185,174,28,24,NA,NA,NA,NA,NA
"subtlex_uk",5,19318,"bigram","HP","type",1,0,0,2,NA,NA,NA,NA,NA
"subtlex_uk",5,19318,"bigram","HQ","type",0,0,0,0,NA,NA,NA,NA,NA
"subtlex_uk",5,19318,"bigram","HR","type",7,57,20,9,NA,NA,NA,NA,NA
"subtlex_uk",5,19318,"bigram","HS","type",1,3,1,46,NA,NA,NA,NA,NA
"subtlex_uk",5,19318,"bigram","HT","type",2,3,5,37,NA,NA,NA,NA,NA
"subtlex_uk",5,19318,"bigram","HU","type",85,78,14,17,NA,NA,NA,NA,NA
"subtlex_uk",5,19318,"bigram","HV","type",1,0,1,0,NA,NA,NA,NA,NA
"subtlex_uk",5,19318,"bigram","HW","type",2,9,2,0,NA,NA,NA,NA,NA
"subtlex_uk",5,19318,"bigram","HX","type",0,0,0,0,NA,NA,NA,NA,NA
"subtlex_uk",5,19318,"bigram","HY","type",28,16,2,59,NA,NA,NA,NA,NA
"subtlex_uk",5,19318,"bigram","HZ","type",0,0,0,0,NA,NA,NA,NA,NA
"subtlex_uk",5,19318,"bigram","IA","type",6,59,44,149,NA,NA,NA,NA,NA
"subtlex_uk",5,19318,"bigram","IB","type",10,63,25,17,NA,NA,NA,NA,NA
"subtlex_uk",5,19318,"bigram","IC","type",13,110,83,115,NA,NA,NA,NA,NA
"subtlex_uk",5,19318,"bigram","ID","type",21,111,66,66,NA,NA,NA,NA,NA
"subtlex_uk",5,19318,"bigram","IE","type",8,116,109,203,NA,NA,NA,NA,NA
"subtlex_uk",5,19318,"bigram","IF","type",12,48,39,13,NA,NA,NA,NA,NA
"subtlex_uk",5,19318,"bigram","IG","type",7,96,67,16,NA,NA,NA,NA,NA
"subtlex_uk",5,19318,"bigram","IH","type",4,9,3,5,NA,NA,NA,NA,NA
"subtlex_uk",5,19318,"bigram","II","type",0,15,7,16,NA,NA,NA,NA,NA
"subtlex_uk",5,19318,"bigram","IJ","type",0,14,8,1,NA,NA,NA,NA,NA
"subtlex_uk",5,19318,"bigram","IK","type",3,53,34,30,NA,NA,NA,NA,NA
"subtlex_uk",5,19318,"bigram","IL","type",24,206,131,77,NA,NA,NA,NA,NA
"subtlex_uk",5,19318,"bigram","IM","type",40,101,60,50,NA,NA,NA,NA,NA
"subtlex_uk",5,19318,"bigram","IN","type",105,329,318,311,NA,NA,NA,NA,NA
"subtlex_uk",5,19318,"bigram","IO","type",8,37,42,50,NA,NA,NA,NA,NA
"subtlex_uk",5,19318,"bigram","IP","type",6,64,37,19,NA,NA,NA,NA,NA
"subtlex_uk",5,19318,"bigram","IQ","type",1,3,1,5,NA,NA,NA,NA,NA
"subtlex_uk",5,19318,"bigram","IR","type",26,129,98,68,NA,NA,NA,NA,NA
"subtlex_uk",5,19318,"bigram","IS","type",44,145,124,191,NA,NA,NA,NA,NA
"subtlex_uk",5,19318,"bigram","IT","type",18,136,152,95,NA,NA,NA,NA,NA
"subtlex_uk",5,19318,"bigram","IU","type",3,5,10,1,NA,NA,NA,NA,NA
"subtlex_uk",5,19318,"bigram","IV","type",9,70,30,3,NA,NA,NA,NA,NA
"subtlex_uk",5,19318,"bigram","IW","type",2,4,1,1,NA,NA,NA,NA,NA
"subtlex_uk",5,19318,"bigram","IX","type",2,30,3,25,NA,NA,NA,NA,NA
"subtlex_uk",5,19318,"bigram","IY","type",0,10,6,1,NA,NA,NA,NA,NA
"subtlex_uk",5,19318,"bigram","IZ","type",9,36,19,13,NA,NA,NA,NA,NA
"subtlex_uk",5,19318,"bigram","JA","type",127,7,32,25,NA,NA,NA,NA,NA
"subtlex_uk",5,19318,"bigram","JB","type",0,0,0,0,NA,NA,NA,NA,NA
"subtlex_uk",5,19318,"bigram","JC","type",0,0,0,0,NA,NA,NA,NA,NA
"subtlex_uk",5,19318,"bigram","JD","type",0,1,1,0,NA,NA,NA,NA,NA
"subtlex_uk",5,19318,"bigram","JE","type",67,2,11,5,NA,NA,NA,NA,NA
"subtlex_uk",5,19318,"bigram","JF","type",0,0,0,0,NA,NA,NA,NA,NA
"subtlex_uk",5,19318,"bigram","JG","type",0,0,0,0,NA,NA,NA,NA,NA
"subtlex_uk",5,19318,"bigram","JH","type",0,0,2,0,NA,NA,NA,NA,NA
"subtlex_uk",5,19318,"bigram","JI","type",39,6,14,16,NA,NA,NA,NA,NA
"subtlex_uk",5,19318,"bigram","JJ","type",0,0,1,0,NA,NA,NA,NA,NA
"subtlex_uk",5,19318,"bigram","JK","type",0,0,0,1,NA,NA,NA,NA,NA
"subtlex_uk",5,19318,"bigram","JL","type",0,0,1,1,NA,NA,NA,NA,NA
"subtlex_uk",5,19318,"bigram","JM","type",0,1,0,0,NA,NA,NA,NA,NA
"subtlex_uk",5,19318,"bigram","JN","type",0,0,0,0,NA,NA,NA,NA,NA
"subtlex_uk",5,19318,"bigram","JO","type",96,6,15,8,NA,NA,NA,NA,NA
"subtlex_uk",5,19318,"bigram","JP","type",1,0,0,0,NA,NA,NA,NA,NA
"subtlex_uk",5,19318,"bigram","JQ","type",0,0,0,0,NA,NA,NA,NA,NA
"subtlex_uk",5,19318,"bigram","JR","type",1,0,2,0,NA,NA,NA,NA,NA
"subtlex_uk",5,19318,"bigram","JS","type",0,0,0,0,NA,NA,NA,NA,NA
"subtlex_uk",5,19318,"bigram","JT","type",0,0,0,0,NA,NA,NA,NA,NA
"subtlex_uk",5,19318,"bigram","JU","type",70,3,9,1,NA,NA,NA,NA,NA
"subtlex_uk",5,19318,"bigram","JV","type",0,0,0,0,NA,NA,NA,NA,NA
"subtlex_uk",5,19318,"bigram","JW","type",0,0,1,0,NA,NA,NA,NA,NA
"subtlex_uk",5,19318,"bigram","JX","type",0,0,0,0,NA,NA,NA,NA,NA
"subtlex_uk",5,19318,"bigram","JY","type",1,0,0,1,NA,NA,NA,NA,NA
"subtlex_uk",5,19318,"bigram","JZ","type",0,0,0,0,NA,NA,NA,NA,NA
"subtlex_uk",5,19318,"bigram","KA","type",167,23,31,105,NA,NA,NA,NA,NA
"subtlex_uk",5,19318,"bigram","KB","type",0,2,0,0,NA,NA,NA,NA,NA
"subtlex_uk",5,19318,"bigram","KC","type",0,0,0,0,NA,NA,NA,NA,NA
"subtlex_uk",5,19318,"bigram","KD","type",0,0,0,0,NA,NA,NA,NA,NA
"subtlex_uk",5,19318,"bigram","KE","type",98,18,150,87,NA,NA,NA,NA,NA
"subtlex_uk",5,19318,"bigram","KF","type",1,0,1,0,NA,NA,NA,NA,NA
"subtlex_uk",5,19318,"bigram","KG","type",0,0,0,0,NA,NA,NA,NA,NA
"subtlex_uk",5,19318,"bigram","KH","type",22,4,5,0,NA,NA,NA,NA,NA
"subtlex_uk",5,19318,"bigram","KI","type",83,36,52,40,NA,NA,NA,NA,NA
"subtlex_uk",5,19318,"bigram","KJ","type",2,0,0,0,NA,NA,NA,NA,NA
"subtlex_uk",5,19318,"bigram","KK","type",0,1,34,0,NA,NA,NA,NA,NA
"subtlex_uk",5,19318,"bigram","KL","type",22,1,7,1,NA,NA,NA,NA,NA
"subtlex_uk",5,19318,"bigram","KM","type",1,3,1,0,NA,NA,NA,NA,NA
"subtlex_uk",5,19318,"bigram","KN","type",34,3,0,0,NA,NA,NA,NA,NA
"subtlex_uk",5,19318,"bigram","KO","type",86,13,21,60,NA,NA,NA,NA,NA
"subtlex_uk",5,19318,"bigram","KP","type",7,8,4,0,NA,NA,NA,NA,NA
"subtlex_uk",5,19318,"bigram","KQ","type",0,0,0,0,NA,NA,NA,NA,NA
"subtlex_uk",5,19318,"bigram","KR","type",47,12,4,1,NA,NA,NA,NA,NA
"subtlex_uk",5,19318,"bigram","KS","type",0,2,5,189,NA,NA,NA,NA,NA
"subtlex_uk",5,19318,"bigram","KT","type",1,1,3,1,NA,NA,NA,NA,NA
"subtlex_uk",5,19318,"bigram","KU","type",45,8,11,7,NA,NA,NA,NA,NA
"subtlex_uk",5,19318,"bigram","KV","type",1,0,0,0,NA,NA,NA,NA,NA
"subtlex_uk",5,19318,"bigram","KW","type",8,6,0,0,NA,NA,NA,NA,NA
"subtlex_uk",5,19318,"bigram","KX","type",0,0,0,0,NA,NA,NA,NA,NA
"subtlex_uk",5,19318,"bigram","KY","type",13,4,2,154,NA,NA,NA,NA,NA
"subtlex_uk",5,19318,"bigram","KZ","type",0,0,0,0,NA,NA,NA,NA,NA
"subtlex_uk",5,19318,"bigram","LA","type",223,226,132,141,NA,NA,NA,NA,NA
"subtlex_uk",5,19318,"bigram","LB","type",0,9,21,0,NA,NA,NA,NA,NA
"subtlex_uk",5,19318,"bigram","LC","type",0,6,20,0,NA,NA,NA,NA,NA
"subtlex_uk",5,19318,"bigram","LD","type",0,18,62,42,NA,NA,NA,NA,NA
"subtlex_uk",5,19318,"bigram","LE","type",151,133,211,259,NA,NA,NA,NA,NA
"subtlex_uk",5,19318,"bigram","LF","type",1,9,25,11,NA,NA,NA,NA,NA
"subtlex_uk",5,19318,"bigram","LG","type",0,12,18,8,NA,NA,NA,NA,NA
"subtlex_uk",5,19318,"bigram","LH","type",1,4,4,0,NA,NA,NA,NA,NA
"subtlex_uk",5,19318,"bigram","LI","type",150,132,137,75,NA,NA,NA,NA,NA
"subtlex_uk",5,19318,"bigram","LJ","type",0,0,0,0,NA,NA,NA,NA,NA
"subtlex_uk",5,19318,"bigram","LK","type",1,8,45,8,NA,NA,NA,NA,NA
"subtlex_uk",5,19318,"bigram","LL","type",20,51,252,87,NA,NA,NA,NA,NA
"subtlex_uk",5,19318,"bigram","LM","type",1,11,32,4,NA,NA,NA,NA,NA
"subtlex_uk",5,19318,"bigram","LN","type",0,2,6,0,NA,NA,NA,NA,NA
"subtlex_uk",5,19318,"bigram","LO","type",169,153,89,56,NA,NA,NA,NA,NA
"subtlex_uk",5,19318,"bigram","LP","type",1,4,19,7,NA,NA,NA,NA,NA
"subtlex_uk",5,19318,"bigram","LQ","type",0,0,0,0,NA,NA,NA,NA,NA
"subtlex_uk",5,19318,"bigram","LR","type",2,4,3,0,NA,NA,NA,NA,NA
"subtlex_uk",5,19318,"bigram","LS","type",0,9,23,156,NA,NA,NA,NA,NA
"subtlex_uk",5,19318,"bigram","LT","type",0,16,76,70,NA,NA,NA,NA,NA
"subtlex_uk",5,19318,"bigram","LU","type",93,95,34,3,NA,NA,NA,NA,NA
"subtlex_uk",5,19318,"bigram","LV","type",0,10,25,0,NA,NA,NA,NA,NA
"subtlex_uk",5,19318,"bigram","LW","type",1,17,2,0,NA,NA,NA,NA,NA
"subtlex_uk",5,19318,"bigram","LX","type",0,0,0,0,NA,NA,NA,NA,NA
"subtlex_uk",5,19318,"bigram","LY","type",38,30,17,221,NA,NA,NA,NA,NA
"subtlex_uk",5,19318,"bigram","LZ","type",0,2,2,2,NA,NA,NA,NA,NA
"subtlex_uk",5,19318,"bigram","MA","type",408,56,115,101,NA,NA,NA,NA,NA
"subtlex_uk",5,19318,"bigram","MB","type",5,19,77,8,NA,NA,NA,NA,NA
"subtlex_uk",5,19318,"bigram","MC","type",28,2,2,0,NA,NA,NA,NA,NA
"subtlex_uk",5,19318,"bigram","MD","type",1,2,7,2,NA,NA,NA,NA,NA
"subtlex_uk",5,19318,"bigram","ME","type",174,27,166,80,NA,NA,NA,NA,NA
"subtlex_uk",5,19318,"bigram","MF","type",1,3,1,3,NA,NA,NA,NA,NA
"subtlex_uk",5,19318,"bigram","MG","type",0,0,0,0,NA,NA,NA,NA,NA
"subtlex_uk",5,19318,"bigram","MH","type",6,1,2,3,NA,NA,NA,NA,NA
"subtlex_uk",5,19318,"bigram","MI","type",175,49,81,36,NA,NA,NA,NA,NA
"subtlex_uk",5,19318,"bigram","MJ","type",0,2,1,0,NA,NA,NA,NA,NA
"subtlex_uk",5,19318,"bigram","MK","type",0,0,2,0,NA,NA,NA,NA,NA
"subtlex_uk",5,19318,"bigram","ML","type",0,6,11,0,NA,NA,NA,NA,NA
"subtlex_uk",5,19318,"bigram","MM","type",5,19,104,19,NA,NA,NA,NA,NA
"subtlex_uk",5,19318,"bigram","MN","type",0,5,4,0,NA,NA,NA,NA,NA
"subtlex_uk",5,19318,"bigram","MO","type",223,26,46,39,NA,NA,NA,NA,NA
"subtlex_uk",5,19318,"bigram","MP","type",3,19,82,41,NA,NA,NA,NA,NA
"subtlex_uk",5,19318,"bigram","MQ","type",0,1,0,0,NA,NA,NA,NA,NA
"subtlex_uk",5,19318,"bigram","MR","type",1,8,11,0,NA,NA,NA,NA,NA
"subtlex_uk",5,19318,"bigram","MS","type",1,1,7,108,NA,NA,NA,NA,NA
"subtlex_uk",5,19318,"bigram","MT","type",0,0,3,7,NA,NA,NA,NA,NA
"subtlex_uk",5,19318,"bigram","MU","type",120,8,19,7,NA,NA,NA,NA,NA
"subtlex_uk",5,19318,"bigram","MV","type",1,0,0,0,NA,NA,NA,NA,NA
"subtlex_uk",5,19318,"bigram","MW","type",7,1,0,0,NA,NA,NA,NA,NA
"subtlex_uk",5,19318,"bigram","MX","type",0,1,0,0,NA,NA,NA,NA,NA
"subtlex_uk",5,19318,"bigram","MY","type",28,2,7,73,NA,NA,NA,NA,NA
"subtlex_uk",5,19318,"bigram","MZ","type",1,0,6,0,NA,NA,NA,NA,NA
"subtlex_uk",5,19318,"bigram","NA","type",176,38,107,171,NA,NA,NA,NA,NA
"subtlex_uk",5,19318,"bigram","NB","type",0,5,7,0,NA,NA,NA,NA,NA
"subtlex_uk",5,19318,"bigram","NC","type",1,17,103,4,NA,NA,NA,NA,NA
"subtlex_uk",5,19318,"bigram","ND","type",6,46,173,85,NA,NA,NA,NA,NA
"subtlex_uk",5,19318,"bigram","NE","type",132,56,195,194,NA,NA,NA,NA,NA
"subtlex_uk",5,19318,"bigram","NF","type",0,14,2,1,NA,NA,NA,NA,NA
"subtlex_uk",5,19318,"bigram","NG","type",5,25,177,221,NA,NA,NA,NA,NA
"subtlex_uk",5,19318,"bigram","NH","type",0,9,5,3,NA,NA,NA,NA,NA
"subtlex_uk",5,19318,"bigram","NI","type",105,60,124,64,NA,NA,NA,NA,NA
"subtlex_uk",5,19318,"bigram","NJ","type",2,10,18,0,NA,NA,NA,NA,NA
"subtlex_uk",5,19318,"bigram","NK","type",2,8,111,66,NA,NA,NA,NA,NA
"subtlex_uk",5,19318,"bigram","NL","type",0,6,20,3,NA,NA,NA,NA,NA
"subtlex_uk",5,19318,"bigram","NM","type",1,4,0,0,NA,NA,NA,NA,NA
"subtlex_uk",5,19318,"bigram","NN","type",4,35,153,28,NA,NA,NA,NA,NA
"subtlex_uk",5,19318,"bigram","NO","type",127,47,68,60,NA,NA,NA,NA,NA
"subtlex_uk",5,19318,"bigram","NP","type",0,4,0,0,NA,NA,NA,NA,NA
"subtlex_uk",5,19318,"bigram","NQ","type",0,0,0,0,NA,NA,NA,NA,NA
"subtlex_uk",5,19318,"bigram","NR","type",0,4,8,1,NA,NA,NA,NA,NA
"subtlex_uk",5,19318,"bigram","NS","type",3,28,43,185,NA,NA,NA,NA,NA
"subtlex_uk",5,19318,"bigram","NT","type",1,34,152,122,NA,NA,NA,NA,NA
"subtlex_uk",5,19318,"bigram","NU","type",36,14,29,6,NA,NA,NA,NA,NA
"subtlex_uk",5,19318,"bigram","NV","type",0,9,1,0,NA,NA,NA,NA,NA
"subtlex_uk",5,19318,"bigram","NW","type",1,6,3,1,NA,NA,NA,NA,NA
"subtlex_uk",5,19318,"bigram","NX","type",0,0,2,3,NA,NA,NA,NA,NA
"subtlex_uk",5,19318,"bigram","NY","type",17,7,27,133,NA,NA,NA,NA,NA
"subtlex_uk",5,19318,"bigram","NZ","type",3,3,28,5,NA,NA,NA,NA,NA
"subtlex_uk",5,19318,"bigram","OA","type",15,83,33,11,NA,NA,NA,NA,NA
"subtlex_uk",5,19318,"bigram","OB","type",17,90,46,12,NA,NA,NA,NA,NA
"subtlex_uk",5,19318,"bigram","OC","type",15,73,46,10,NA,NA,NA,NA,NA
"subtlex_uk",5,19318,"bigram","OD","type",17,100,45,25,NA,NA,NA,NA,NA
"subtlex_uk",5,19318,"bigram","OE","type",2,49,43,16,NA,NA,NA,NA,NA
"subtlex_uk",5,19318,"bigram","OF","type",32,40,31,17,NA,NA,NA,NA,NA
"subtlex_uk",5,19318,"bigram","OG","type",16,88,30,11,NA,NA,NA,NA,NA
"subtlex_uk",5,19318,"bigram","OH","type",5,47,16,7,NA,NA,NA,NA,NA
"subtlex_uk",5,19318,"bigram","OI","type",9,119,47,9,NA,NA,NA,NA,NA
"subtlex_uk",5,19318,"bigram","OJ","type",4,4,4,2,NA,NA,NA,NA,NA
"subtlex_uk",5,19318,"bigram","OK","type",10,48,50,23,NA,NA,NA,NA,NA
"subtlex_uk",5,19318,"bigram","OL","type",27,212,86,45,NA,NA,NA,NA,NA
"subtlex_uk",5,19318,"bigram","OM","type",18,127,53,43,NA,NA,NA,NA,NA
"subtlex_uk",5,19318,"bigram","ON","type",29,266,139,275,NA,NA,NA,NA,NA
"subtlex_uk",5,19318,"bigram","OO","type",36,323,143,54,NA,NA,NA,NA,NA
"subtlex_uk",5,19318,"bigram","OP","type",15,92,56,28,NA,NA,NA,NA,NA
"subtlex_uk",5,19318,"bigram","OQ","type",0,3,0,1,NA,NA,NA,NA,NA
"subtlex_uk",5,19318,"bigram","OR","type",53,353,130,112,NA,NA,NA,NA,NA
"subtlex_uk",5,19318,"bigram","OS","type",21,142,67,153,NA,NA,NA,NA,NA
"subtlex_uk",5,19318,"bigram","OT","type",13,131,96,67,NA,NA,NA,NA,NA
"subtlex_uk",5,19318,"bigram","OU","type",24,213,72,31,NA,NA,NA,NA,NA
"subtlex_uk",5,19318,"bigram","OV","type",16,59,23,13,NA,NA,NA,NA,NA
"subtlex_uk",5,19318,"bigram","OW","type",13,113,51,50,NA,NA,NA,NA,NA
"subtlex_uk",5,19318,"bigram","OX","type",10,23,6,14,NA,NA,NA,NA,NA
"subtlex_uk",5,19318,"bigram","OY","type",1,62,12,16,NA,NA,NA,NA,NA
"subtlex_uk",5,19318,"bigram","OZ","type",6,26,9,6,NA,NA,NA,NA,NA
"subtlex_uk",5,19318,"bigram","PA","type",250,33,40,44,NA,NA,NA,NA,NA
"subtlex_uk",5,19318,"bigram","PB","type",0,17,30,12,NA,NA,NA,NA,NA
"subtlex_uk",5,19318,"bigram","PC","type",2,2,7,0,NA,NA,NA,NA,NA
"subtlex_uk",5,19318,"bigram","PD","type",0,1,1,2,NA,NA,NA,NA,NA
"subtlex_uk",5,19318,"bigram","PE","type",158,39,120,44,NA,NA,NA,NA,NA
"subtlex_uk",5,19318,"bigram","PF","type",6,1,1,5,NA,NA,NA,NA,NA
"subtlex_uk",5,19318,"bigram","PG","type",0,1,3,1,NA,NA,NA,NA,NA
"subtlex_uk",5,19318,"bigram","PH","type",49,8,11,31,NA,NA,NA,NA,NA
"subtlex_uk",5,19318,"bigram","PI","type",119,41,43,11,NA,NA,NA,NA,NA
"subtlex_uk",5,19318,"bigram","PJ","type",0,0,1,0,NA,NA,NA,NA,NA
"subtlex_uk",5,19318,"bigram","PK","type",0,0,1,0,NA,NA,NA,NA,NA
"subtlex_uk",5,19318,"bigram","PL","type",86,17,35,9,NA,NA,NA,NA,NA
"subtlex_uk",5,19318,"bigram","PM","type",3,0,0,3,NA,NA,NA,NA,NA
"subtlex_uk",5,19318,"bigram","PN","type",0,2,2,0,NA,NA,NA,NA,NA
"subtlex_uk",5,19318,"bigram","PO","type",168,31,32,26,NA,NA,NA,NA,NA
"subtlex_uk",5,19318,"bigram","PP","type",0,21,85,17,NA,NA,NA,NA,NA
"subtlex_uk",5,19318,"bigram","PQ","type",0,0,0,0,NA,NA,NA,NA,NA
"subtlex_uk",5,19318,"bigram","PR","type",148,23,12,1,NA,NA,NA,NA,NA
"subtlex_uk",5,19318,"bigram","PS","type",13,5,20,133,NA,NA,NA,NA,NA
"subtlex_uk",5,19318,"bigram","PT","type",2,8,12,31,NA,NA,NA,NA,NA
"subtlex_uk",5,19318,"bigram","PU","type",102,10,19,4,NA,NA,NA,NA,NA
"subtlex_uk",5,19318,"bigram","PV","type",0,0,0,0,NA,NA,NA,NA,NA
"subtlex_uk",5,19318,"bigram","PW","type",3,17,4,1,NA,NA,NA,NA,NA
"subtlex_uk",5,19318,"bigram","PX","type",0,0,0,0,NA,NA,NA,NA,NA
"subtlex_uk",5,19318,"bigram","PY","type",13,4,3,92,NA,NA,NA,NA,NA
"subtlex_uk",5,19318,"bigram","PZ","type",1,0,0,2,NA,NA,NA,NA,NA
"subtlex_uk",5,19318,"bigram","QA","type",11,2,2,3,NA,NA,NA,NA,NA
"subtlex_uk",5,19318,"bigram","QB","type",0,1,1,0,NA,NA,NA,NA,NA
"subtlex_uk",5,19318,"bigram","QC","type",0,0,0,0,NA,NA,NA,NA,NA
"subtlex_uk",5,19318,"bigram","QD","type",0,0,0,0,NA,NA,NA,NA,NA
"subtlex_uk",5,19318,"bigram","QE","type",0,0,0,0,NA,NA,NA,NA,NA
"subtlex_uk",5,19318,"bigram","QF","type",0,0,0,0,NA,NA,NA,NA,NA
"subtlex_uk",5,19318,"bigram","QG","type",0,0,0,0,NA,NA,NA,NA,NA
"subtlex_uk",5,19318,"bigram","QH","type",0,0,0,0,NA,NA,NA,NA,NA
"subtlex_uk",5,19318,"bigram","QI","type",3,0,1,1,NA,NA,NA,NA,NA
"subtlex_uk",5,19318,"bigram","QJ","type",0,0,0,0,NA,NA,NA,NA,NA
"subtlex_uk",5,19318,"bigram","QK","type",0,0,0,0,NA,NA,NA,NA,NA
"subtlex_uk",5,19318,"bigram","QL","type",0,0,0,0,NA,NA,NA,NA,NA
"subtlex_uk",5,19318,"bigram","QM","type",0,0,0,0,NA,NA,NA,NA,NA
"subtlex_uk",5,19318,"bigram","QN","type",0,0,0,0,NA,NA,NA,NA,NA
"subtlex_uk",5,19318,"bigram","QO","type",0,0,0,1,NA,NA,NA,NA,NA
"subtlex_uk",5,19318,"bigram","QP","type",0,0,0,0,NA,NA,NA,NA,NA
"subtlex_uk",5,19318,"bigram","QQ","type",0,0,0,0,NA,NA,NA,NA,NA
"subtlex_uk",5,19318,"bigram","QR","type",0,0,0,0,NA,NA,NA,NA,NA
"subtlex_uk",5,19318,"bigram","QS","type",1,0,1,2,NA,NA,NA,NA,NA
"subtlex_uk",5,19318,"bigram","QT","type",0,0,0,1,NA,NA,NA,NA,NA
"subtlex_uk",5,19318,"bigram","QU","type",83,19,12,2,NA,NA,NA,NA,NA
"subtlex_uk",5,19318,"bigram","QV","type",0,0,0,0,NA,NA,NA,NA,NA
"subtlex_uk",5,19318,"bigram","QW","type",1,0,0,0,NA,NA,NA,NA,NA
"subtlex_uk",5,19318,"bigram","QX","type",0,0,0,0,NA,NA,NA,NA,NA
"subtlex_uk",5,19318,"bigram","QY","type",0,0,0,0,NA,NA,NA,NA,NA
"subtlex_uk",5,19318,"bigram","QZ","type",0,0,0,0,NA,NA,NA,NA,NA
"subtlex_uk",5,19318,"bigram","RA","type",214,298,195,169,NA,NA,NA,NA,NA
"subtlex_uk",5,19318,"bigram","RB","type",5,21,49,5,NA,NA,NA,NA,NA
"subtlex_uk",5,19318,"bigram","RC","type",0,8,57,5,NA,NA,NA,NA,NA
"subtlex_uk",5,19318,"bigram","RD","type",0,13,96,43,NA,NA,NA,NA,NA
"subtlex_uk",5,19318,"bigram","RE","type",204,197,249,169,NA,NA,NA,NA,NA
"subtlex_uk",5,19318,"bigram","RF","type",1,3,9,7,NA,NA,NA,NA,NA
"subtlex_uk",5,19318,"bigram","RG","type",0,27,88,12,NA,NA,NA,NA,NA
"subtlex_uk",5,19318,"bigram","RH","type",18,3,3,8,NA,NA,NA,NA,NA
"subtlex_uk",5,19318,"bigram","RI","type",119,248,169,87,NA,NA,NA,NA,NA
"subtlex_uk",5,19318,"bigram","RJ","type",0,3,6,0,NA,NA,NA,NA,NA
"subtlex_uk",5,19318,"bigram","RK","type",0,10,85,28,NA,NA,NA,NA,NA
"subtlex_uk",5,19318,"bigram","RL","type",1,9,59,24,NA,NA,NA,NA,NA
"subtlex_uk",5,19318,"bigram","RM","type",1,24,61,22,NA,NA,NA,NA,NA
"subtlex_uk",5,19318,"bigram","RN","type",0,11,89,45,NA,NA,NA,NA,NA
"subtlex_uk",5,19318,"bigram","RO","type",183,240,126,78,NA,NA,NA,NA,NA
"subtlex_uk",5,19318,"bigram","RP","type",4,7,29,24,NA,NA,NA,NA,NA
"subtlex_uk",5,19318,"bigram","RQ","type",0,0,2,0,NA,NA,NA,NA,NA
"subtlex_uk",5,19318,"bigram","RR","type",11,55,136,37,NA,NA,NA,NA,NA
"subtlex_uk",5,19318,"bigram","RS","type",5,12,72,135,NA,NA,NA,NA,NA
"subtlex_uk",5,19318,"bigram","RT","type",1,25,124,79,NA,NA,NA,NA,NA
"subtlex_uk",5,19318,"bigram","RU","type",90,115,56,10,NA,NA,NA,NA,NA
"subtlex_uk",5,19318,"bigram","RV","type",0,4,30,1,NA,NA,NA,NA,NA
"subtlex_uk",5,19318,"bigram","RW","type",0,7,3,0,NA,NA,NA,NA,NA
"subtlex_uk",5,19318,"bigram","RX","type",0,0,0,0,NA,NA,NA,NA,NA
"subtlex_uk",5,19318,"bigram","RY","type",11,33,29,139,NA,NA,NA,NA,NA
"subtlex_uk",5,19318,"bigram","RZ","type",0,1,7,5,NA,NA,NA,NA,NA
"subtlex_uk",5,19318,"bigram","SA","type",281,30,55,69,NA,NA,NA,NA,NA
"subtlex_uk",5,19318,"bigram","SB","type",1,2,7,0,NA,NA,NA,NA,NA
"subtlex_uk",5,19318,"bigram","SC","type",93,11,41,1,NA,NA,NA,NA,NA
"subtlex_uk",5,19318,"bigram","SD","type",0,2,2,0,NA,NA,NA,NA,NA
"subtlex_uk",5,19318,"bigram","SE","type",171,15,162,156,NA,NA,NA,NA,NA
"subtlex_uk",5,19318,"bigram","SF","type",0,0,0,0,NA,NA,NA,NA,NA
"subtlex_uk",5,19318,"bigram","SG","type",3,2,1,0,NA,NA,NA,NA,NA
"subtlex_uk",5,19318,"bigram","SH","type",228,35,88,96,NA,NA,NA,NA,NA
"subtlex_uk",5,19318,"bigram","SI","type",140,19,74,53,NA,NA,NA,NA,NA
"subtlex_uk",5,19318,"bigram","SJ","type",0,0,0,0,NA,NA,NA,NA,NA
"subtlex_uk",5,19318,"bigram","SK","type",82,10,28,14,NA,NA,NA,NA,NA
"subtlex_uk",5,19318,"bigram","SL","type",71,13,10,1,NA,NA,NA,NA,NA
"subtlex_uk",5,19318,"bigram","SM","type",42,7,13,11,NA,NA,NA,NA,NA
"subtlex_uk",5,19318,"bigram","SN","type",64,5,4,2,NA,NA,NA,NA,NA
"subtlex_uk",5,19318,"bigram","SO","type",168,2,52,34,NA,NA,NA,NA,NA
"subtlex_uk",5,19318,"bigram","SP","type",144,11,18,8,NA,NA,NA,NA,NA
"subtlex_uk",5,19318,"bigram","SQ","type",12,2,1,0,NA,NA,NA,NA,NA
"subtlex_uk",5,19318,"bigram","SR","type",1,3,10,0,NA,NA,NA,NA,NA
"subtlex_uk",5,19318,"bigram","SS","type",10,45,122,93,NA,NA,NA,NA,NA
"subtlex_uk",5,19318,"bigram","ST","type",260,34,139,162,NA,NA,NA,NA,NA
"subtlex_uk",5,19318,"bigram","SU","type",90,8,23,5,NA,NA,NA,NA,NA
"subtlex_uk",5,19318,"bigram","SV","type",4,1,0,0,NA,NA,NA,NA,NA
"subtlex_uk",5,19318,"bigram","SW","type",73,3,2,0,NA,NA,NA,NA,NA
"subtlex_uk",5,19318,"bigram","SX","type",0,0,0,0,NA,NA,NA,NA,NA
"subtlex_uk",5,19318,"bigram","SY","type",20,5,1,107,NA,NA,NA,NA,NA
"subtlex_uk",5,19318,"bigram","SZ","type",1,0,1,6,NA,NA,NA,NA,NA
"subtlex_uk",5,19318,"bigram","TA","type",220,75,80,160,NA,NA,NA,NA,NA
"subtlex_uk",5,19318,"bigram","TB","type",0,0,2,0,NA,NA,NA,NA,NA
"subtlex_uk",5,19318,"bigram","TC","type",3,4,47,0,NA,NA,NA,NA,NA
"subtlex_uk",5,19318,"bigram","TD","type",0,0,3,14,NA,NA,NA,NA,NA
"subtlex_uk",5,19318,"bigram","TE","type",119,57,202,175,NA,NA,NA,NA,NA
"subtlex_uk",5,19318,"bigram","TF","type",0,0,1,0,NA,NA,NA,NA,NA
"subtlex_uk",5,19318,"bigram","TG","type",0,0,0,0,NA,NA,NA,NA,NA
"subtlex_uk",5,19318,"bigram","TH","type",191,32,84,141,NA,NA,NA,NA,NA
"subtlex_uk",5,19318,"bigram","TI","type",135,44,84,72,NA,NA,NA,NA,NA
"subtlex_uk",5,19318,"bigram","TJ","type",0,0,0,0,NA,NA,NA,NA,NA
"subtlex_uk",5,19318,"bigram","TK","type",12,6,7,0,NA,NA,NA,NA,NA
"subtlex_uk",5,19318,"bigram","TL","type",2,4,29,4,NA,NA,NA,NA,NA
"subtlex_uk",5,19318,"bigram","TM","type",1,3,3,1,NA,NA,NA,NA,NA
"subtlex_uk",5,19318,"bigram","TN","type",0,0,5,0,NA,NA,NA,NA,NA
"subtlex_uk",5,19318,"bigram","TO","type",204,59,85,100,NA,NA,NA,NA,NA
"subtlex_uk",5,19318,"bigram","TP","type",13,8,2,0,NA,NA,NA,NA,NA
"subtlex_uk",5,19318,"bigram","TQ","type",0,0,0,0,NA,NA,NA,NA,NA
"subtlex_uk",5,19318,"bigram","TR","type",155,39,63,2,NA,NA,NA,NA,NA
"subtlex_uk",5,19318,"bigram","TS","type",10,2,23,345,NA,NA,NA,NA,NA
"subtlex_uk",5,19318,"bigram","TT","type",1,17,163,45,NA,NA,NA,NA,NA
"subtlex_uk",5,19318,"bigram","TU","type",102,36,30,10,NA,NA,NA,NA,NA
"subtlex_uk",5,19318,"bigram","TV","type",0,0,2,0,NA,NA,NA,NA,NA
"subtlex_uk",5,19318,"bigram","TW","type",44,4,3,0,NA,NA,NA,NA,NA
"subtlex_uk",5,19318,"bigram","TX","type",0,0,0,0,NA,NA,NA,NA,NA
"subtlex_uk",5,19318,"bigram","TY","type",26,5,13,221,NA,NA,NA,NA,NA
"subtlex_uk",5,19318,"bigram","TZ","type",1,2,13,32,NA,NA,NA,NA,NA
"subtlex_uk",5,19318,"bigram","UA","type",0,53,21,12,NA,NA,NA,NA,NA
"subtlex_uk",5,19318,"bigram","UB","type",3,81,32,8,NA,NA,NA,NA,NA
"subtlex_uk",5,19318,"bigram","UC","type",4,71,46,3,NA,NA,NA,NA,NA
"subtlex_uk",5,19318,"bigram","UD","type",5,64,41,20,NA,NA,NA,NA,NA
"subtlex_uk",5,19318,"bigram","UE","type",1,88,53,48,NA,NA,NA,NA,NA
"subtlex_uk",5,19318,"bigram","UF","type",2,37,26,10,NA,NA,NA,NA,NA
"subtlex_uk",5,19318,"bigram","UG","type",4,63,49,5,NA,NA,NA,NA,NA
"subtlex_uk",5,19318,"bigram","UH","type",4,6,3,6,NA,NA,NA,NA,NA
"subtlex_uk",5,19318,"bigram","UI","type",3,66,27,9,NA,NA,NA,NA,NA
"subtlex_uk",5,19318,"bigram","UJ","type",1,13,9,0,NA,NA,NA,NA,NA
"subtlex_uk",5,19318,"bigram","UK","type",4,41,15,5,NA,NA,NA,NA,NA
"subtlex_uk",5,19318,"bigram","UL","type",10,114,78,29,NA,NA,NA,NA,NA
"subtlex_uk",5,19318,"bigram","UM","type",15,113,45,63,NA,NA,NA,NA,NA
"subtlex_uk",5,19318,"bigram","UN","type",58,173,112,38,NA,NA,NA,NA,NA
"subtlex_uk",5,19318,"bigram","UO","type",0,26,4,2,NA,NA,NA,NA,NA
"subtlex_uk",5,19318,"bigram","UP","type",17,36,26,26,NA,NA,NA,NA,NA
"subtlex_uk",5,19318,"bigram","UQ","type",0,2,0,0,NA,NA,NA,NA,NA
"subtlex_uk",5,19318,"bigram","UR","type",18,223,108,53,NA,NA,NA,NA,NA
"subtlex_uk",5,19318,"bigram","US","type",22,111,59,143,NA,NA,NA,NA,NA
"subtlex_uk",5,19318,"bigram","UT","type",15,114,63,44,NA,NA,NA,NA,NA
"subtlex_uk",5,19318,"bigram","UU","type",6,12,7,3,NA,NA,NA,NA,NA
"subtlex_uk",5,19318,"bigram","UV","type",2,11,6,1,NA,NA,NA,NA,NA
"subtlex_uk",5,19318,"bigram","UW","type",0,1,1,2,NA,NA,NA,NA,NA
"subtlex_uk",5,19318,"bigram","UX","type",0,6,1,14,NA,NA,NA,NA,NA
"subtlex_uk",5,19318,"bigram","UY","type",0,9,4,2,NA,NA,NA,NA,NA
"subtlex_uk",5,19318,"bigram","UZ","type",3,20,9,4,NA,NA,NA,NA,NA
"subtlex_uk",5,19318,"bigram","VA","type",72,19,46,35,NA,NA,NA,NA,NA
"subtlex_uk",5,19318,"bigram","VB","type",0,0,0,0,NA,NA,NA,NA,NA
"subtlex_uk",5,19318,"bigram","VC","type",0,0,0,0,NA,NA,NA,NA,NA
"subtlex_uk",5,19318,"bigram","VD","type",0,0,1,0,NA,NA,NA,NA,NA
"subtlex_uk",5,19318,"bigram","VE","type",90,29,169,97,NA,NA,NA,NA,NA
"subtlex_uk",5,19318,"bigram","VF","type",1,0,0,0,NA,NA,NA,NA,NA
"subtlex_uk",5,19318,"bigram","VG","type",0,0,0,0,NA,NA,NA,NA,NA
"subtlex_uk",5,19318,"bigram","VH","type",0,0,0,0,NA,NA,NA,NA,NA
"subtlex_uk",5,19318,"bigram","VI","type",109,20,83,12,NA,NA,NA,NA,NA
"subtlex_uk",5,19318,"bigram","VJ","type",0,0,0,0,NA,NA,NA,NA,NA
"subtlex_uk",5,19318,"bigram","VK","type",0,0,1,0,NA,NA,NA,NA,NA
"subtlex_uk",5,19318,"bigram","VL","type",0,0,1,0,NA,NA,NA,NA,NA
"subtlex_uk",5,19318,"bigram","VM","type",1,0,0,0,NA,NA,NA,NA,NA
"subtlex_uk",5,19318,"bigram","VN","type",0,0,0,0,NA,NA,NA,NA,NA
"subtlex_uk",5,19318,"bigram","VO","type",51,12,17,22,NA,NA,NA,NA,NA
"subtlex_uk",5,19318,"bigram","VP","type",1,0,1,0,NA,NA,NA,NA,NA
"subtlex_uk",5,19318,"bigram","VQ","type",0,0,0,0,NA,NA,NA,NA,NA
"subtlex_uk",5,19318,"bigram","VR","type",4,3,6,0,NA,NA,NA,NA,NA
"subtlex_uk",5,19318,"bigram","VS","type",1,0,1,7,NA,NA,NA,NA,NA
"subtlex_uk",5,19318,"bigram","VT","type",0,1,0,0,NA,NA,NA,NA,NA
"subtlex_uk",5,19318,"bigram","VU","type",6,2,3,1,NA,NA,NA,NA,NA
"subtlex_uk",5,19318,"bigram","VV","type",0,0,14,0,NA,NA,NA,NA,NA
"subtlex_uk",5,19318,"bigram","VW","type",1,0,0,0,NA,NA,NA,NA,NA
"subtlex_uk",5,19318,"bigram","VX","type",0,0,0,0,NA,NA,NA,NA,NA
"subtlex_uk",5,19318,"bigram","VY","type",3,0,5,31,NA,NA,NA,NA,NA
"subtlex_uk",5,19318,"bigram","VZ","type",0,0,0,0,NA,NA,NA,NA,NA
"subtlex_uk",5,19318,"bigram","WA","type",164,69,54,16,NA,NA,NA,NA,NA
"subtlex_uk",5,19318,"bigram","WB","type",0,0,2,0,NA,NA,NA,NA,NA
"subtlex_uk",5,19318,"bigram","WC","type",0,0,3,0,NA,NA,NA,NA,NA
"subtlex_uk",5,19318,"bigram","WD","type",0,1,7,2,NA,NA,NA,NA,NA
"subtlex_uk",5,19318,"bigram","WE","type",85,46,91,9,NA,NA,NA,NA,NA
"subtlex_uk",5,19318,"bigram","WF","type",0,2,1,2,NA,NA,NA,NA,NA
"subtlex_uk",5,19318,"bigram","WG","type",0,0,0,0,NA,NA,NA,NA,NA
"subtlex_uk",5,19318,"bigram","WH","type",96,8,5,3,NA,NA,NA,NA,NA
"subtlex_uk",5,19318,"bigram","WI","type",117,49,33,3,NA,NA,NA,NA,NA
"subtlex_uk",5,19318,"bigram","WJ","type",0,0,0,0,NA,NA,NA,NA,NA
"subtlex_uk",5,19318,"bigram","WK","type",0,0,7,0,NA,NA,NA,NA,NA
"subtlex_uk",5,19318,"bigram","WL","type",1,4,20,9,NA,NA,NA,NA,NA
"subtlex_uk",5,19318,"bigram","WM","type",1,2,0,1,NA,NA,NA,NA,NA
"subtlex_uk",5,19318,"bigram","WN","type",0,2,18,22,NA,NA,NA,NA,NA
"subtlex_uk",5,19318,"bigram","WO","type",107,31,7,3,NA,NA,NA,NA,NA
"subtlex_uk",5,19318,"bigram","WP","type",1,1,1,2,NA,NA,NA,NA,NA
"subtlex_uk",5,19318,"bigram","WQ","type",0,0,0,0,NA,NA,NA,NA,NA
"subtlex_uk",5,19318,"bigram","WR","type",23,3,20,4,NA,NA,NA,NA,NA
"subtlex_uk",5,19318,"bigram","WS","type",0,2,8,41,NA,NA,NA,NA,NA
"subtlex_uk",5,19318,"bigram","WT","type",1,2,6,1,NA,NA,NA,NA,NA
"subtlex_uk",5,19318,"bigram","WU","type",26,1,0,2,NA,NA,NA,NA,NA
"subtlex_uk",5,19318,"bigram","WV","type",0,0,0,0,NA,NA,NA,NA,NA
"subtlex_uk",5,19318,"bigram","WW","type",1,4,13,11,NA,NA,NA,NA,NA
"subtlex_uk",5,19318,"bigram","WX","type",0,0,0,0,NA,NA,NA,NA,NA
"subtlex_uk",5,19318,"bigram","WY","type",16,7,15,14,NA,NA,NA,NA,NA
"subtlex_uk",5,19318,"bigram","WZ","type",0,1,2,0,NA,NA,NA,NA,NA
"subtlex_uk",5,19318,"bigram","XA","type",3,3,5,1,NA,NA,NA,NA,NA
"subtlex_uk",5,19318,"bigram","XB","type",1,1,2,0,NA,NA,NA,NA,NA
"subtlex_uk",5,19318,"bigram","XC","type",0,1,1,0,NA,NA,NA,NA,NA
"subtlex_uk",5,19318,"bigram","XD","type",0,1,0,0,NA,NA,NA,NA,NA
"subtlex_uk",5,19318,"bigram","XE","type",3,5,48,1,NA,NA,NA,NA,NA
"subtlex_uk",5,19318,"bigram","XF","type",0,2,0,0,NA,NA,NA,NA,NA
"subtlex_uk",5,19318,"bigram","XG","type",0,0,0,0,NA,NA,NA,NA,NA
"subtlex_uk",5,19318,"bigram","XH","type",1,1,1,0,NA,NA,NA,NA,NA
"subtlex_uk",5,19318,"bigram","XI","type",5,12,25,3,NA,NA,NA,NA,NA
"subtlex_uk",5,19318,"bigram","XJ","type",1,0,0,0,NA,NA,NA,NA,NA
"subtlex_uk",5,19318,"bigram","XK","type",3,0,1,0,NA,NA,NA,NA,NA
"subtlex_uk",5,19318,"bigram","XL","type",0,4,3,0,NA,NA,NA,NA,NA
"subtlex_uk",5,19318,"bigram","XM","type",0,0,0,0,NA,NA,NA,NA,NA
"subtlex_uk",5,19318,"bigram","XN","type",0,1,1,0,NA,NA,NA,NA,NA
"subtlex_uk",5,19318,"bigram","XO","type",1,1,15,1,NA,NA,NA,NA,NA
"subtlex_uk",5,19318,"bigram","XP","type",0,7,1,0,NA,NA,NA,NA,NA
"subtlex_uk",5,19318,"bigram","XQ","type",0,0,0,0,NA,NA,NA,NA,NA
"subtlex_uk",5,19318,"bigram","XR","type",0,0,1,0,NA,NA,NA,NA,NA
"subtlex_uk",5,19318,"bigram","XS","type",1,1,1,4,NA,NA,NA,NA,NA
"subtlex_uk",5,19318,"bigram","XT","type",0,10,8,2,NA,NA,NA,NA,NA
"subtlex_uk",5,19318,"bigram","XU","type",0,2,6,0,NA,NA,NA,NA,NA
"subtlex_uk",5,19318,"bigram","XV","type",1,0,0,0,NA,NA,NA,NA,NA
"subtlex_uk",5,19318,"bigram","XW","type",0,0,0,0,NA,NA,NA,NA,NA
"subtlex_uk",5,19318,"bigram","XX","type",1,1,1,1,NA,NA,NA,NA,NA
"subtlex_uk",5,19318,"bigram","XY","type",2,0,1,9,NA,NA,NA,NA,NA
"subtlex_uk",5,19318,"bigram","XZ","type",0,0,0,0,NA,NA,NA,NA,NA
"subtlex_uk",5,19318,"bigram","YA","type",66,24,41,60,NA,NA,NA,NA,NA
"subtlex_uk",5,19318,"bigram","YB","type",0,7,5,2,NA,NA,NA,NA,NA
"subtlex_uk",5,19318,"bigram","YC","type",0,11,15,0,NA,NA,NA,NA,NA
"subtlex_uk",5,19318,"bigram","YD","type",1,14,13,9,NA,NA,NA,NA,NA
"subtlex_uk",5,19318,"bigram","YE","type",41,17,90,13,NA,NA,NA,NA,NA
"subtlex_uk",5,19318,"bigram","YF","type",1,6,2,0,NA,NA,NA,NA,NA
"subtlex_uk",5,19318,"bigram","YG","type",0,6,0,0,NA,NA,NA,NA,NA
"subtlex_uk",5,19318,"bigram","YH","type",0,1,0,0,NA,NA,NA,NA,NA
"subtlex_uk",5,19318,"bigram","YI","type",13,8,10,0,NA,NA,NA,NA,NA
"subtlex_uk",5,19318,"bigram","YJ","type",0,0,0,0,NA,NA,NA,NA,NA
"subtlex_uk",5,19318,"bigram","YK","type",0,6,2,3,NA,NA,NA,NA,NA
"subtlex_uk",5,19318,"bigram","YL","type",1,42,33,11,NA,NA,NA,NA,NA
"subtlex_uk",5,19318,"bigram","YM","type",1,25,4,0,NA,NA,NA,NA,NA
"subtlex_uk",5,19318,"bigram","YN","type",0,30,31,30,NA,NA,NA,NA,NA
"subtlex_uk",5,19318,"bigram","YO","type",61,11,31,9,NA,NA,NA,NA,NA
"subtlex_uk",5,19318,"bigram","YP","type",1,15,7,2,NA,NA,NA,NA,NA
"subtlex_uk",5,19318,"bigram","YQ","type",1,0,0,0,NA,NA,NA,NA,NA
"subtlex_uk",5,19318,"bigram","YR","type",0,49,9,3,NA,NA,NA,NA,NA
"subtlex_uk",5,19318,"bigram","YS","type",4,16,14,74,NA,NA,NA,NA,NA
"subtlex_uk",5,19318,"bigram","YT","type",0,16,17,2,NA,NA,NA,NA,NA
"subtlex_uk",5,19318,"bigram","YU","type",31,5,2,3,NA,NA,NA,NA,NA
"subtlex_uk",5,19318,"bigram","YV","type",0,1,1,0,NA,NA,NA,NA,NA
"subtlex_uk",5,19318,"bigram","YW","type",0,7,2,0,NA,NA,NA,NA,NA
"subtlex_uk",5,19318,"bigram","YX","type",0,1,1,1,NA,NA,NA,NA,NA
"subtlex_uk",5,19318,"bigram","YY","type",0,3,5,8,NA,NA,NA,NA,NA
"subtlex_uk",5,19318,"bigram","YZ","type",0,1,0,0,NA,NA,NA,NA,NA
"subtlex_uk",5,19318,"bigram","ZA","type",43,10,27,60,NA,NA,NA,NA,NA
"subtlex_uk",5,19318,"bigram","ZB","type",0,2,1,0,NA,NA,NA,NA,NA
"subtlex_uk",5,19318,"bigram","ZC","type",0,0,2,0,NA,NA,NA,NA,NA
"subtlex_uk",5,19318,"bigram","ZD","type",0,0,2,0,NA,NA,NA,NA,NA
"subtlex_uk",5,19318,"bigram","ZE","type",24,5,49,30,NA,NA,NA,NA,NA
"subtlex_uk",5,19318,"bigram","ZF","type",0,0,0,0,NA,NA,NA,NA,NA
"subtlex_uk",5,19318,"bigram","ZG","type",0,0,0,0,NA,NA,NA,NA,NA
"subtlex_uk",5,19318,"bigram","ZH","type",7,1,1,1,NA,NA,NA,NA,NA
"subtlex_uk",5,19318,"bigram","ZI","type",18,3,24,28,NA,NA,NA,NA,NA
"subtlex_uk",5,19318,"bigram","ZJ","type",0,0,0,0,NA,NA,NA,NA,NA
"subtlex_uk",5,19318,"bigram","ZK","type",0,0,1,0,NA,NA,NA,NA,NA
"subtlex_uk",5,19318,"bigram","ZL","type",1,0,5,0,NA,NA,NA,NA,NA
"subtlex_uk",5,19318,"bigram","ZM","type",0,4,2,0,NA,NA,NA,NA,NA
"subtlex_uk",5,19318,"bigram","ZN","type",0,2,0,0,NA,NA,NA,NA,NA
"subtlex_uk",5,19318,"bigram","ZO","type",33,3,10,19,NA,NA,NA,NA,NA
"subtlex_uk",5,19318,"bigram","ZP","type",1,0,0,0,NA,NA,NA,NA,NA
"subtlex_uk",5,19318,"bigram","ZQ","type",0,0,0,0,NA,NA,NA,NA,NA
"subtlex_uk",5,19318,"bigram","ZR","type",0,1,1,0,NA,NA,NA,NA,NA
"subtlex_uk",5,19318,"bigram","ZS","type",0,0,1,2,NA,NA,NA,NA,NA
"subtlex_uk",5,19318,"bigram","ZT","type",1,1,0,3,NA,NA,NA,NA,NA
"subtlex_uk",5,19318,"bigram","ZU","type",13,2,3,3,NA,NA,NA,NA,NA
"subtlex_uk",5,19318,"bigram","ZV","type",0,0,1,0,NA,NA,NA,NA,NA
"subtlex_uk",5,19318,"bigram","ZW","type",2,0,1,0,NA,NA,NA,NA,NA
"subtlex_uk",5,19318,"bigram","ZX","type",0,0,0,0,NA,NA,NA,NA,NA
"subtlex_uk",5,19318,"bigram","ZY","type",4,0,0,42,NA,NA,NA,NA,NA
"subtlex_uk",5,19318,"bigram","ZZ","type",3,9,68,12,NA,NA,NA,NA,NA
"subtlex_uk",6,24674,"bigram","AA","type",37,74,56,58,23,NA,NA,NA,NA
"subtlex_uk",6,24674,"bigram","AB","type",62,129,60,23,27,NA,NA,NA,NA
"subtlex_uk",6,24674,"bigram","AC","type",57,189,111,90,23,NA,NA,NA,NA
"subtlex_uk",6,24674,"bigram","AD","type",63,183,113,100,61,NA,NA,NA,NA
"subtlex_uk",6,24674,"bigram","AE","type",17,36,19,14,39,NA,NA,NA,NA
"subtlex_uk",6,24674,"bigram","AF","type",23,79,32,15,7,NA,NA,NA,NA
"subtlex_uk",6,24674,"bigram","AG","type",45,153,73,74,26,NA,NA,NA,NA
"subtlex_uk",6,24674,"bigram","AH","type",8,70,19,22,131,NA,NA,NA,NA
"subtlex_uk",6,24674,"bigram","AI","type",40,237,132,122,34,NA,NA,NA,NA
"subtlex_uk",6,24674,"bigram","AJ","type",4,26,8,9,5,NA,NA,NA,NA
"subtlex_uk",6,24674,"bigram","AK","type",13,89,73,62,29,NA,NA,NA,NA
"subtlex_uk",6,24674,"bigram","AL","type",183,456,148,181,231,NA,NA,NA,NA
"subtlex_uk",6,24674,"bigram","AM","type",82,290,110,63,199,NA,NA,NA,NA
"subtlex_uk",6,24674,"bigram","AN","type",149,580,313,347,601,NA,NA,NA,NA
"subtlex_uk",6,24674,"bigram","AO","type",7,24,10,6,9,NA,NA,NA,NA
"subtlex_uk",6,24674,"bigram","AP","type",41,147,54,18,20,NA,NA,NA,NA
"subtlex_uk",6,24674,"bigram","AQ","type",2,8,7,0,5,NA,NA,NA,NA
"subtlex_uk",6,24674,"bigram","AR","type",179,848,285,258,214,NA,NA,NA,NA
"subtlex_uk",6,24674,"bigram","AS","type",94,385,119,59,229,NA,NA,NA,NA
"subtlex_uk",6,24674,"bigram","AT","type",52,333,171,162,93,NA,NA,NA,NA
"subtlex_uk",6,24674,"bigram","AU","type",51,152,40,27,44,NA,NA,NA,NA
"subtlex_uk",6,24674,"bigram","AV","type",26,129,92,16,8,NA,NA,NA,NA
"subtlex_uk",6,24674,"bigram","AW","type",21,83,30,26,20,NA,NA,NA,NA
"subtlex_uk",6,24674,"bigram","AX","type",5,31,11,3,14,NA,NA,NA,NA
"subtlex_uk",6,24674,"bigram","AY","type",19,142,52,40,111,NA,NA,NA,NA
"subtlex_uk",6,24674,"bigram","AZ","type",9,75,49,8,11,NA,NA,NA,NA
"subtlex_uk",6,24674,"bigram","BA","type",390,16,71,75,36,NA,NA,NA,NA
"subtlex_uk",6,24674,"bigram","BB","type",0,10,148,33,1,NA,NA,NA,NA
"subtlex_uk",6,24674,"bigram","BC","type",0,0,4,0,0,NA,NA,NA,NA
"subtlex_uk",6,24674,"bigram","BD","type",0,2,12,1,2,NA,NA,NA,NA
"subtlex_uk",6,24674,"bigram","BE","type",322,13,79,197,31,NA,NA,NA,NA
"subtlex_uk",6,24674,"bigram","BF","type",1,0,3,0,0,NA,NA,NA,NA
"subtlex_uk",6,24674,"bigram","BG","type",0,4,4,48,9,NA,NA,NA,NA
"subtlex_uk",6,24674,"bigram","BH","type",25,1,2,0,1,NA,NA,NA,NA
"subtlex_uk",6,24674,"bigram","BI","type",178,9,86,101,16,NA,NA,NA,NA
"subtlex_uk",6,24674,"bigram","BJ","type",2,4,1,0,0,NA,NA,NA,NA
"subtlex_uk",6,24674,"bigram","BK","type",0,0,1,0,0,NA,NA,NA,NA
"subtlex_uk",6,24674,"bigram","BL","type",148,10,65,145,12,NA,NA,NA,NA
"subtlex_uk",6,24674,"bigram","BM","type",2,0,2,0,0,NA,NA,NA,NA
"subtlex_uk",6,24674,"bigram","BN","type",0,0,6,1,0,NA,NA,NA,NA
"subtlex_uk",6,24674,"bigram","BO","type",352,14,51,74,16,NA,NA,NA,NA
"subtlex_uk",6,24674,"bigram","BP","type",0,0,0,0,0,NA,NA,NA,NA
"subtlex_uk",6,24674,"bigram","BQ","type",0,0,0,0,0,NA,NA,NA,NA
"subtlex_uk",6,24674,"bigram","BR","type",260,11,37,17,1,NA,NA,NA,NA
"subtlex_uk",6,24674,"bigram","BS","type",0,6,13,3,43,NA,NA,NA,NA
"subtlex_uk",6,24674,"bigram","BT","type",0,2,4,9,8,NA,NA,NA,NA
"subtlex_uk",6,24674,"bigram","BU","type",229,6,42,24,7,NA,NA,NA,NA
"subtlex_uk",6,24674,"bigram","BV","type",0,0,0,0,0,NA,NA,NA,NA
"subtlex_uk",6,24674,"bigram","BW","type",6,1,2,1,1,NA,NA,NA,NA
"subtlex_uk",6,24674,"bigram","BX","type",0,0,0,0,0,NA,NA,NA,NA
"subtlex_uk",6,24674,"bigram","BY","type",20,1,5,12,87,NA,NA,NA,NA
"subtlex_uk",6,24674,"bigram","BZ","type",1,0,1,0,0,NA,NA,NA,NA
"subtlex_uk",6,24674,"bigram","CA","type",421,53,72,70,50,NA,NA,NA,NA
"subtlex_uk",6,24674,"bigram","CB","type",0,4,0,0,0,NA,NA,NA,NA
"subtlex_uk",6,24674,"bigram","CC","type",0,39,31,12,0,NA,NA,NA,NA
"subtlex_uk",6,24674,"bigram","CD","type",0,4,1,0,0,NA,NA,NA,NA
"subtlex_uk",6,24674,"bigram","CE","type",65,18,50,139,99,NA,NA,NA,NA
"subtlex_uk",6,24674,"bigram","CF","type",0,2,1,0,0,NA,NA,NA,NA
"subtlex_uk",6,24674,"bigram","CG","type",0,10,0,0,0,NA,NA,NA,NA
"subtlex_uk",6,24674,"bigram","CH","type",315,64,145,164,150,NA,NA,NA,NA
"subtlex_uk",6,24674,"bigram","CI","type",47,14,68,64,9,NA,NA,NA,NA
"subtlex_uk",6,24674,"bigram","CJ","type",0,0,0,0,0,NA,NA,NA,NA
"subtlex_uk",6,24674,"bigram","CK","type",0,17,241,112,82,NA,NA,NA,NA
"subtlex_uk",6,24674,"bigram","CL","type",161,7,22,11,0,NA,NA,NA,NA
"subtlex_uk",6,24674,"bigram","CM","type",0,3,2,1,0,NA,NA,NA,NA
"subtlex_uk",6,24674,"bigram","CN","type",1,5,4,0,0,NA,NA,NA,NA
"subtlex_uk",6,24674,"bigram","CO","type",462,49,88,68,42,NA,NA,NA,NA
"subtlex_uk",6,24674,"bigram","CP","type",0,2,1,0,0,NA,NA,NA,NA
"subtlex_uk",6,24674,"bigram","CQ","type",0,2,1,0,2,NA,NA,NA,NA
"subtlex_uk",6,24674,"bigram","CR","type",194,36,25,4,0,NA,NA,NA,NA
"subtlex_uk",6,24674,"bigram","CS","type",1,3,2,1,41,NA,NA,NA,NA
"subtlex_uk",6,24674,"bigram","CT","type",1,20,52,19,37,NA,NA,NA,NA
"subtlex_uk",6,24674,"bigram","CU","type",125,21,30,37,2,NA,NA,NA,NA
"subtlex_uk",6,24674,"bigram","CV","type",0,0,0,0,0,NA,NA,NA,NA
"subtlex_uk",6,24674,"bigram","CW","type",2,3,1,0,0,NA,NA,NA,NA
"subtlex_uk",6,24674,"bigram","CX","type",0,0,0,0,0,NA,NA,NA,NA
"subtlex_uk",6,24674,"bigram","CY","type",23,2,1,5,31,NA,NA,NA,NA
"subtlex_uk",6,24674,"bigram","CZ","type",2,1,1,0,1,NA,NA,NA,NA
"subtlex_uk",6,24674,"bigram","DA","type",229,8,62,109,90,NA,NA,NA,NA
"subtlex_uk",6,24674,"bigram","DB","type",0,2,8,4,0,NA,NA,NA,NA
"subtlex_uk",6,24674,"bigram","DC","type",0,1,7,0,1,NA,NA,NA,NA
"subtlex_uk",6,24674,"bigram","DD","type",2,16,185,23,13,NA,NA,NA,NA
"subtlex_uk",6,24674,"bigram","DE","type",315,21,110,480,79,NA,NA,NA,NA
"subtlex_uk",6,24674,"bigram","DF","type",0,1,6,3,0,NA,NA,NA,NA
"subtlex_uk",6,24674,"bigram","DG","type",0,4,78,30,0,NA,NA,NA,NA
"subtlex_uk",6,24674,"bigram","DH","type",7,1,20,7,8,NA,NA,NA,NA
"subtlex_uk",6,24674,"bigram","DI","type",223,16,133,175,40,NA,NA,NA,NA
"subtlex_uk",6,24674,"bigram","DJ","type",7,3,3,0,0,NA,NA,NA,NA
"subtlex_uk",6,24674,"bigram","DK","type",0,1,2,0,0,NA,NA,NA,NA
"subtlex_uk",6,24674,"bigram","DL","type",0,6,53,124,1,NA,NA,NA,NA
"subtlex_uk",6,24674,"bigram","DM","type",3,5,21,2,0,NA,NA,NA,NA
"subtlex_uk",6,24674,"bigram","DN","type",0,1,19,4,2,NA,NA,NA,NA
"subtlex_uk",6,24674,"bigram","DO","type",235,13,45,143,51,NA,NA,NA,NA
"subtlex_uk",6,24674,"bigram","DP","type",0,0,1,0,0,NA,NA,NA,NA
"subtlex_uk",6,24674,"bigram","DQ","type",0,0,0,0,0,NA,NA,NA,NA
"subtlex_uk",6,24674,"bigram","DR","type",101,10,52,41,1,NA,NA,NA,NA
"subtlex_uk",6,24674,"bigram","DS","type",0,0,19,6,125,NA,NA,NA,NA
"subtlex_uk",6,24674,"bigram","DT","type",0,0,2,1,3,NA,NA,NA,NA
"subtlex_uk",6,24674,"bigram","DU","type",149,4,31,26,4,NA,NA,NA,NA
"subtlex_uk",6,24674,"bigram","DV","type",1,6,3,0,0,NA,NA,NA,NA
"subtlex_uk",6,24674,"bigram","DW","type",9,3,15,3,0,NA,NA,NA,NA
"subtlex_uk",6,24674,"bigram","DX","type",0,0,0,0,0,NA,NA,NA,NA
"subtlex_uk",6,24674,"bigram","DY","type",12,2,8,19,77,NA,NA,NA,NA
"subtlex_uk",6,24674,"bigram","DZ","type",0,3,2,0,4,NA,NA,NA,NA
"subtlex_uk",6,24674,"bigram","EA","type",45,339,141,95,35,NA,NA,NA,NA
"subtlex_uk",6,24674,"bigram","EB","type",8,72,47,34,5,NA,NA,NA,NA
"subtlex_uk",6,24674,"bigram","EC","type",19,125,46,55,14,NA,NA,NA,NA
"subtlex_uk",6,24674,"bigram","ED","type",28,158,71,51,1372,NA,NA,NA,NA
"subtlex_uk",6,24674,"bigram","EE","type",16,257,193,182,146,NA,NA,NA,NA
"subtlex_uk",6,24674,"bigram","EF","type",11,55,29,19,9,NA,NA,NA,NA
"subtlex_uk",6,24674,"bigram","EG","type",22,88,30,14,10,NA,NA,NA,NA
"subtlex_uk",6,24674,"bigram","EH","type",3,43,12,6,8,NA,NA,NA,NA
"subtlex_uk",6,24674,"bigram","EI","type",25,110,89,29,19,NA,NA,NA,NA
"subtlex_uk",6,24674,"bigram","EJ","type",1,11,4,2,4,NA,NA,NA,NA
"subtlex_uk",6,24674,"bigram","EK","type",6,14,31,28,13,NA,NA,NA,NA
"subtlex_uk",6,24674,"bigram","EL","type",89,344,133,269,262,NA,NA,NA,NA
"subtlex_uk",6,24674,"bigram","EM","type",45,119,52,30,48,NA,NA,NA,NA
"subtlex_uk",6,24674,"bigram","EN","type",83,405,159,243,558,NA,NA,NA,NA
"subtlex_uk",6,24674,"bigram","EO","type",3,29,11,28,14,NA,NA,NA,NA
"subtlex_uk",6,24674,"bigram","EP","type",8,86,43,28,10,NA,NA,NA,NA
"subtlex_uk",6,24674,"bigram","EQ","type",9,3,1,0,0,NA,NA,NA,NA
"subtlex_uk",6,24674,"bigram","ER","type",43,477,148,483,1637,NA,NA,NA,NA
"subtlex_uk",6,24674,"bigram","ES","type",38,217,106,188,967,NA,NA,NA,NA
"subtlex_uk",6,24674,"bigram","ET","type",20,199,93,154,252,NA,NA,NA,NA
"subtlex_uk",6,24674,"bigram","EU","type",25,41,32,40,6,NA,NA,NA,NA
"subtlex_uk",6,24674,"bigram","EV","type",25,95,63,13,8,NA,NA,NA,NA
"subtlex_uk",6,24674,"bigram","EW","type",6,73,41,11,23,NA,NA,NA,NA
"subtlex_uk",6,24674,"bigram","EX","type",63,34,17,3,31,NA,NA,NA,NA
"subtlex_uk",6,24674,"bigram","EY","type",6,36,13,25,638,NA,NA,NA,NA
"subtlex_uk",6,24674,"bigram","EZ","type",1,13,16,14,44,NA,NA,NA,NA
"subtlex_uk",6,24674,"bigram","FA","type",211,2,29,28,11,NA,NA,NA,NA
"subtlex_uk",6,24674,"bigram","FB","type",0,0,1,1,1,NA,NA,NA,NA
"subtlex_uk",6,24674,"bigram","FC","type",0,0,2,0,0,NA,NA,NA,NA
"subtlex_uk",6,24674,"bigram","FD","type",0,0,0,1,0,NA,NA,NA,NA
"subtlex_uk",6,24674,"bigram","FE","type",142,3,30,100,24,NA,NA,NA,NA
"subtlex_uk",6,24674,"bigram","FF","type",4,38,117,53,38,NA,NA,NA,NA
"subtlex_uk",6,24674,"bigram","FG","type",0,1,0,0,0,NA,NA,NA,NA
"subtlex_uk",6,24674,"bigram","FH","type",1,0,0,0,0,NA,NA,NA,NA
"subtlex_uk",6,24674,"bigram","FI","type",170,3,46,59,9,NA,NA,NA,NA
"subtlex_uk",6,24674,"bigram","FJ","type",1,0,0,0,0,NA,NA,NA,NA
"subtlex_uk",6,24674,"bigram","FK","type",0,0,0,1,0,NA,NA,NA,NA
"subtlex_uk",6,24674,"bigram","FL","type",142,4,11,24,1,NA,NA,NA,NA
"subtlex_uk",6,24674,"bigram","FM","type",0,2,2,0,2,NA,NA,NA,NA
"subtlex_uk",6,24674,"bigram","FN","type",0,0,4,1,1,NA,NA,NA,NA
"subtlex_uk",6,24674,"bigram","FO","type",164,3,33,12,1,NA,NA,NA,NA
"subtlex_uk",6,24674,"bigram","FP","type",2,3,32,5,0,NA,NA,NA,NA
"subtlex_uk",6,24674,"bigram","FQ","type",0,1,0,0,0,NA,NA,NA,NA
"subtlex_uk",6,24674,"bigram","FR","type",151,11,22,16,5,NA,NA,NA,NA
"subtlex_uk",6,24674,"bigram","FS","type",0,2,3,0,33,NA,NA,NA,NA
"subtlex_uk",6,24674,"bigram","FT","type",0,1,43,24,14,NA,NA,NA,NA
"subtlex_uk",6,24674,"bigram","FU","type",84,1,14,40,3,NA,NA,NA,NA
"subtlex_uk",6,24674,"bigram","FV","type",0,0,0,0,0,NA,NA,NA,NA
"subtlex_uk",6,24674,"bigram","FW","type",2,0,0,0,0,NA,NA,NA,NA
"subtlex_uk",6,24674,"bigram","FX","type",0,0,0,0,0,NA,NA,NA,NA
"subtlex_uk",6,24674,"bigram","FY","type",4,2,3,5,31,NA,NA,NA,NA
"subtlex_uk",6,24674,"bigram","FZ","type",0,0,0,0,0,NA,NA,NA,NA
"subtlex_uk",6,24674,"bigram","GA","type",244,15,76,99,26,NA,NA,NA,NA
"subtlex_uk",6,24674,"bigram","GB","type",2,2,4,3,0,NA,NA,NA,NA
"subtlex_uk",6,24674,"bigram","GC","type",0,0,1,0,0,NA,NA,NA,NA
"subtlex_uk",6,24674,"bigram","GD","type",2,1,9,1,2,NA,NA,NA,NA
"subtlex_uk",6,24674,"bigram","GE","type",112,10,67,349,116,NA,NA,NA,NA
"subtlex_uk",6,24674,"bigram","GF","type",0,0,2,1,0,NA,NA,NA,NA
"subtlex_uk",6,24674,"bigram","GG","type",1,18,187,54,5,NA,NA,NA,NA
"subtlex_uk",6,24674,"bigram","GH","type",17,3,51,74,80,NA,NA,NA,NA
"subtlex_uk",6,24674,"bigram","GI","type",122,6,64,131,6,NA,NA,NA,NA
"subtlex_uk",6,24674,"bigram","GJ","type",0,0,1,0,0,NA,NA,NA,NA
"subtlex_uk",6,24674,"bigram","GK","type",0,0,2,1,0,NA,NA,NA,NA
"subtlex_uk",6,24674,"bigram","GL","type",88,10,48,81,2,NA,NA,NA,NA
"subtlex_uk",6,24674,"bigram","GM","type",0,3,11,3,1,NA,NA,NA,NA
"subtlex_uk",6,24674,"bigram","GN","type",12,8,42,9,9,NA,NA,NA,NA
"subtlex_uk",6,24674,"bigram","GO","type",170,8,50,45,32,NA,NA,NA,NA
"subtlex_uk",6,24674,"bigram","GP","type",0,0,3,0,1,NA,NA,NA,NA
"subtlex_uk",6,24674,"bigram","GQ","type",0,0,0,0,0,NA,NA,NA,NA
"subtlex_uk",6,24674,"bigram","GR","type",223,9,30,10,1,NA,NA,NA,NA
"subtlex_uk",6,24674,"bigram","GS","type",1,0,11,10,112,NA,NA,NA,NA
"subtlex_uk",6,24674,"bigram","GT","type",0,0,7,11,11,NA,NA,NA,NA
"subtlex_uk",6,24674,"bigram","GU","type",130,8,41,43,1,NA,NA,NA,NA
"subtlex_uk",6,24674,"bigram","GV","type",1,0,1,1,0,NA,NA,NA,NA
"subtlex_uk",6,24674,"bigram","GW","type",14,0,7,3,0,NA,NA,NA,NA
"subtlex_uk",6,24674,"bigram","GX","type",0,0,0,1,0,NA,NA,NA,NA
"subtlex_uk",6,24674,"bigram","GY","type",13,2,3,4,54,NA,NA,NA,NA
"subtlex_uk",6,24674,"bigram","GZ","type",0,0,3,0,2,NA,NA,NA,NA
"subtlex_uk",6,24674,"bigram","HA","type",377,338,77,201,92,NA,NA,NA,NA
"subtlex_uk",6,24674,"bigram","HB","type",0,0,2,2,0,NA,NA,NA,NA
"subtlex_uk",6,24674,"bigram","HC","type",0,0,1,1,0,NA,NA,NA,NA
"subtlex_uk",6,24674,"bigram","HD","type",0,0,2,2,1,NA,NA,NA,NA
"subtlex_uk",6,24674,"bigram","HE","type",242,218,49,244,67,NA,NA,NA,NA
"subtlex_uk",6,24674,"bigram","HF","type",0,0,2,0,0,NA,NA,NA,NA
"subtlex_uk",6,24674,"bigram","HG","type",0,0,3,0,0,NA,NA,NA,NA
"subtlex_uk",6,24674,"bigram","HH","type",0,5,16,31,49,NA,NA,NA,NA
"subtlex_uk",6,24674,"bigram","HI","type",90,210,54,91,33,NA,NA,NA,NA
"subtlex_uk",6,24674,"bigram","HJ","type",0,0,0,0,0,NA,NA,NA,NA
"subtlex_uk",6,24674,"bigram","HK","type",0,1,2,4,0,NA,NA,NA,NA
"subtlex_uk",6,24674,"bigram","HL","type",0,5,23,9,5,NA,NA,NA,NA
"subtlex_uk",6,24674,"bigram","HM","type",2,4,19,8,1,NA,NA,NA,NA
"subtlex_uk",6,24674,"bigram","HN","type",1,2,12,10,3,NA,NA,NA,NA
"subtlex_uk",6,24674,"bigram","HO","type",253,180,48,66,24,NA,NA,NA,NA
"subtlex_uk",6,24674,"bigram","HP","type",0,2,1,1,0,NA,NA,NA,NA
"subtlex_uk",6,24674,"bigram","HQ","type",0,0,0,0,0,NA,NA,NA,NA
"subtlex_uk",6,24674,"bigram","HR","type",4,96,23,17,4,NA,NA,NA,NA
"subtlex_uk",6,24674,"bigram","HS","type",0,0,3,2,91,NA,NA,NA,NA
"subtlex_uk",6,24674,"bigram","HT","type",0,4,6,30,41,NA,NA,NA,NA
"subtlex_uk",6,24674,"bigram","HU","type",116,69,17,24,7,NA,NA,NA,NA
"subtlex_uk",6,24674,"bigram","HV","type",0,1,1,0,0,NA,NA,NA,NA
"subtlex_uk",6,24674,"bigram","HW","type",2,9,5,2,0,NA,NA,NA,NA
"subtlex_uk",6,24674,"bigram","HX","type",0,0,0,0,0,NA,NA,NA,NA
"subtlex_uk",6,24674,"bigram","HY","type",19,19,1,8,95,NA,NA,NA,NA
"subtlex_uk",6,24674,"bigram","HZ","type",0,0,1,0,0,NA,NA,NA,NA
"subtlex_uk",6,24674,"bigram","IA","type",1,85,50,125,175,NA,NA,NA,NA
"subtlex_uk",6,24674,"bigram","IB","type",6,95,22,27,10,NA,NA,NA,NA
"subtlex_uk",6,24674,"bigram","IC","type",15,174,91,155,145,NA,NA,NA,NA
"subtlex_uk",6,24674,"bigram","ID","type",13,147,88,69,79,NA,NA,NA,NA
"subtlex_uk",6,24674,"bigram","IE","type",6,139,76,231,582,NA,NA,NA,NA
"subtlex_uk",6,24674,"bigram","IF","type",5,48,38,39,13,NA,NA,NA,NA
"subtlex_uk",6,24674,"bigram","IG","type",9,172,72,37,40,NA,NA,NA,NA
"subtlex_uk",6,24674,"bigram","IH","type",0,5,4,3,0,NA,NA,NA,NA
"subtlex_uk",6,24674,"bigram","II","type",1,4,16,3,14,NA,NA,NA,NA
"subtlex_uk",6,24674,"bigram","IJ","type",1,7,2,5,1,NA,NA,NA,NA
"subtlex_uk",6,24674,"bigram","IK","type",0,55,25,46,24,NA,NA,NA,NA
"subtlex_uk",6,24674,"bigram","IL","type",16,312,152,142,75,NA,NA,NA,NA
"subtlex_uk",6,24674,"bigram","IM","type",45,147,80,47,24,NA,NA,NA,NA
"subtlex_uk",6,24674,"bigram","IN","type",161,428,252,825,731,NA,NA,NA,NA
"subtlex_uk",6,24674,"bigram","IO","type",6,37,39,75,72,NA,NA,NA,NA
"subtlex_uk",6,24674,"bigram","IP","type",3,97,46,21,17,NA,NA,NA,NA
"subtlex_uk",6,24674,"bigram","IQ","type",0,7,5,0,3,NA,NA,NA,NA
"subtlex_uk",6,24674,"bigram","IR","type",16,169,87,86,60,NA,NA,NA,NA
"subtlex_uk",6,24674,"bigram","IS","type",36,229,142,182,260,NA,NA,NA,NA
"subtlex_uk",6,24674,"bigram","IT","type",18,174,137,205,141,NA,NA,NA,NA
"subtlex_uk",6,24674,"bigram","IU","type",0,5,3,50,1,NA,NA,NA,NA
"subtlex_uk",6,24674,"bigram","IV","type",3,74,50,34,1,NA,NA,NA,NA
"subtlex_uk",6,24674,"bigram","IW","type",2,4,4,0,2,NA,NA,NA,NA
"subtlex_uk",6,24674,"bigram","IX","type",0,23,6,0,11,NA,NA,NA,NA
"subtlex_uk",6,24674,"bigram","IY","type",0,12,4,10,3,NA,NA,NA,NA
"subtlex_uk",6,24674,"bigram","IZ","type",2,51,22,13,7,NA,NA,NA,NA
"subtlex_uk",6,24674,"bigram","JA","type",133,4,20,20,4,NA,NA,NA,NA
"subtlex_uk",6,24674,"bigram","JB","type",0,1,0,0,0,NA,NA,NA,NA
"subtlex_uk",6,24674,"bigram","JC","type",0,0,1,0,0,NA,NA,NA,NA
"subtlex_uk",6,24674,"bigram","JD","type",0,0,0,0,0,NA,NA,NA,NA
"subtlex_uk",6,24674,"bigram","JE","type",82,8,12,8,2,NA,NA,NA,NA
"subtlex_uk",6,24674,"bigram","JF","type",0,0,0,0,0,NA,NA,NA,NA
"subtlex_uk",6,24674,"bigram","JG","type",0,0,0,0,0,NA,NA,NA,NA
"subtlex_uk",6,24674,"bigram","JH","type",3,1,0,0,0,NA,NA,NA,NA
"subtlex_uk",6,24674,"bigram","JI","type",39,1,15,19,13,NA,NA,NA,NA
"subtlex_uk",6,24674,"bigram","JJ","type",0,0,3,0,0,NA,NA,NA,NA
"subtlex_uk",6,24674,"bigram","JK","type",0,0,1,1,0,NA,NA,NA,NA
"subtlex_uk",6,24674,"bigram","JL","type",0,0,1,0,0,NA,NA,NA,NA
"subtlex_uk",6,24674,"bigram","JM","type",0,0,1,0,0,NA,NA,NA,NA
"subtlex_uk",6,24674,"bigram","JN","type",0,0,1,0,1,NA,NA,NA,NA
"subtlex_uk",6,24674,"bigram","JO","type",95,3,15,8,7,NA,NA,NA,NA
"subtlex_uk",6,24674,"bigram","JP","type",0,0,1,0,0,NA,NA,NA,NA
"subtlex_uk",6,24674,"bigram","JQ","type",0,0,0,0,0,NA,NA,NA,NA
"subtlex_uk",6,24674,"bigram","JR","type",0,0,3,0,0,NA,NA,NA,NA
"subtlex_uk",6,24674,"bigram","JS","type",0,0,0,0,0,NA,NA,NA,NA
"subtlex_uk",6,24674,"bigram","JT","type",0,1,1,0,0,NA,NA,NA,NA
"subtlex_uk",6,24674,"bigram","JU","type",78,0,12,5,0,NA,NA,NA,NA
"subtlex_uk",6,24674,"bigram","JV","type",0,0,0,0,0,NA,NA,NA,NA
"subtlex_uk",6,24674,"bigram","JW","type",0,1,0,0,0,NA,NA,NA,NA
"subtlex_uk",6,24674,"bigram","JX","type",0,0,0,0,0,NA,NA,NA,NA
"subtlex_uk",6,24674,"bigram","JY","type",0,0,0,0,0,NA,NA,NA,NA
"subtlex_uk",6,24674,"bigram","JZ","type",0,0,0,1,0,NA,NA,NA,NA
"subtlex_uk",6,24674,"bigram","KA","type",183,16,33,45,72,NA,NA,NA,NA
"subtlex_uk",6,24674,"bigram","KB","type",0,1,0,2,0,NA,NA,NA,NA
"subtlex_uk",6,24674,"bigram","KC","type",0,0,0,0,0,NA,NA,NA,NA
"subtlex_uk",6,24674,"bigram","KD","type",0,0,0,0,0,NA,NA,NA,NA
"subtlex_uk",6,24674,"bigram","KE","type",140,20,71,460,66,NA,NA,NA,NA
"subtlex_uk",6,24674,"bigram","KF","type",0,0,0,0,0,NA,NA,NA,NA
"subtlex_uk",6,24674,"bigram","KG","type",0,0,0,1,0,NA,NA,NA,NA
"subtlex_uk",6,24674,"bigram","KH","type",28,11,8,4,11,NA,NA,NA,NA
"subtlex_uk",6,24674,"bigram","KI","type",147,27,68,195,37,NA,NA,NA,NA
"subtlex_uk",6,24674,"bigram","KJ","type",1,0,1,0,0,NA,NA,NA,NA
"subtlex_uk",6,24674,"bigram","KK","type",0,0,15,10,0,NA,NA,NA,NA
"subtlex_uk",6,24674,"bigram","KL","type",13,2,17,50,0,NA,NA,NA,NA
"subtlex_uk",6,24674,"bigram","KM","type",0,0,2,0,0,NA,NA,NA,NA
"subtlex_uk",6,24674,"bigram","KN","type",33,2,4,5,0,NA,NA,NA,NA
"subtlex_uk",6,24674,"bigram","KO","type",71,13,23,38,28,NA,NA,NA,NA
"subtlex_uk",6,24674,"bigram","KP","type",7,3,6,0,0,NA,NA,NA,NA
"subtlex_uk",6,24674,"bigram","KQ","type",0,0,0,0,0,NA,NA,NA,NA
"subtlex_uk",6,24674,"bigram","KR","type",37,7,8,4,1,NA,NA,NA,NA
"subtlex_uk",6,24674,"bigram","KS","type",1,2,5,19,152,NA,NA,NA,NA
"subtlex_uk",6,24674,"bigram","KT","type",0,0,6,2,0,NA,NA,NA,NA
"subtlex_uk",6,24674,"bigram","KU","type",45,6,17,23,6,NA,NA,NA,NA
"subtlex_uk",6,24674,"bigram","KV","type",1,0,1,1,0,NA,NA,NA,NA
"subtlex_uk",6,24674,"bigram","KW","type",16,8,2,0,0,NA,NA,NA,NA
"subtlex_uk",6,24674,"bigram","KX","type",0,0,0,0,1,NA,NA,NA,NA
"subtlex_uk",6,24674,"bigram","KY","type",4,12,1,7,104,NA,NA,NA,NA
"subtlex_uk",6,24674,"bigram","KZ","type",0,0,0,0,0,NA,NA,NA,NA
"subtlex_uk",6,24674,"bigram","LA","type",290,284,161,177,142,NA,NA,NA,NA
"subtlex_uk",6,24674,"bigram","LB","type",0,20,26,12,0,NA,NA,NA,NA
"subtlex_uk",6,24674,"bigram","LC","type",0,9,25,5,1,NA,NA,NA,NA
"subtlex_uk",6,24674,"bigram","LD","type",0,24,96,29,46,NA,NA,NA,NA
"subtlex_uk",6,24674,"bigram","LE","type",222,151,138,719,536,NA,NA,NA,NA
"subtlex_uk",6,24674,"bigram","LF","type",0,10,20,3,15,NA,NA,NA,NA
"subtlex_uk",6,24674,"bigram","LG","type",0,4,25,8,6,NA,NA,NA,NA
"subtlex_uk",6,24674,"bigram","LH","type",1,0,14,1,0,NA,NA,NA,NA
"subtlex_uk",6,24674,"bigram","LI","type",210,160,253,269,60,NA,NA,NA,NA
"subtlex_uk",6,24674,"bigram","LJ","type",0,1,4,1,0,NA,NA,NA,NA
"subtlex_uk",6,24674,"bigram","LK","type",1,5,52,11,2,NA,NA,NA,NA
"subtlex_uk",6,24674,"bigram","LL","type",20,56,455,159,167,NA,NA,NA,NA
"subtlex_uk",6,24674,"bigram","LM","type",0,15,65,7,6,NA,NA,NA,NA
"subtlex_uk",6,24674,"bigram","LN","type",0,1,13,1,2,NA,NA,NA,NA
"subtlex_uk",6,24674,"bigram","LO","type",199,183,115,171,49,NA,NA,NA,NA
"subtlex_uk",6,24674,"bigram","LP","type",0,10,20,7,0,NA,NA,NA,NA
"subtlex_uk",6,24674,"bigram","LQ","type",0,0,0,0,0,NA,NA,NA,NA
"subtlex_uk",6,24674,"bigram","LR","type",0,5,12,2,1,NA,NA,NA,NA
"subtlex_uk",6,24674,"bigram","LS","type",0,12,53,13,176,NA,NA,NA,NA
"subtlex_uk",6,24674,"bigram","LT","type",0,18,103,44,69,NA,NA,NA,NA
"subtlex_uk",6,24674,"bigram","LU","type",120,105,36,44,8,NA,NA,NA,NA
"subtlex_uk",6,24674,"bigram","LV","type",1,5,56,6,0,NA,NA,NA,NA
"subtlex_uk",6,24674,"bigram","LW","type",0,5,21,0,0,NA,NA,NA,NA
"subtlex_uk",6,24674,"bigram","LX","type",1,0,0,0,1,NA,NA,NA,NA
"subtlex_uk",6,24674,"bigram","LY","type",30,30,16,38,424,NA,NA,NA,NA
"subtlex_uk",6,24674,"bigram","LZ","type",0,0,10,0,3,NA,NA,NA,NA
"subtlex_uk",6,24674,"bigram","MA","type",604,39,129,273,80,NA,NA,NA,NA
"subtlex_uk",6,24674,"bigram","MB","type",1,28,142,36,6,NA,NA,NA,NA
"subtlex_uk",6,24674,"bigram","MC","type",84,3,6,0,0,NA,NA,NA,NA
"subtlex_uk",6,24674,"bigram","MD","type",0,0,6,1,0,NA,NA,NA,NA
"subtlex_uk",6,24674,"bigram","ME","type",274,25,138,259,67,NA,NA,NA,NA
"subtlex_uk",6,24674,"bigram","MF","type",0,2,2,0,0,NA,NA,NA,NA
"subtlex_uk",6,24674,"bigram","MG","type",1,0,2,0,0,NA,NA,NA,NA
"subtlex_uk",6,24674,"bigram","MH","type",4,2,1,0,3,NA,NA,NA,NA
"subtlex_uk",6,24674,"bigram","MI","type",236,42,125,108,15,NA,NA,NA,NA
"subtlex_uk",6,24674,"bigram","MJ","type",0,0,5,0,0,NA,NA,NA,NA
"subtlex_uk",6,24674,"bigram","MK","type",0,0,3,1,0,NA,NA,NA,NA
"subtlex_uk",6,24674,"bigram","ML","type",4,3,22,15,0,NA,NA,NA,NA
"subtlex_uk",6,24674,"bigram","MM","type",7,21,138,33,10,NA,NA,NA,NA
"subtlex_uk",6,24674,"bigram","MN","type",1,2,16,3,3,NA,NA,NA,NA
"subtlex_uk",6,24674,"bigram","MO","type",305,27,90,56,24,NA,NA,NA,NA
"subtlex_uk",6,24674,"bigram","MP","type",3,38,124,67,9,NA,NA,NA,NA
"subtlex_uk",6,24674,"bigram","MQ","type",0,0,0,0,0,NA,NA,NA,NA
"subtlex_uk",6,24674,"bigram","MR","type",0,5,14,1,0,NA,NA,NA,NA
"subtlex_uk",6,24674,"bigram","MS","type",0,2,29,9,54,NA,NA,NA,NA
"subtlex_uk",6,24674,"bigram","MT","type",1,4,6,1,3,NA,NA,NA,NA
"subtlex_uk",6,24674,"bigram","MU","type",153,11,20,30,3,NA,NA,NA,NA
"subtlex_uk",6,24674,"bigram","MV","type",0,0,1,0,0,NA,NA,NA,NA
"subtlex_uk",6,24674,"bigram","MW","type",3,0,3,0,0,NA,NA,NA,NA
"subtlex_uk",6,24674,"bigram","MX","type",0,2,0,0,0,NA,NA,NA,NA
"subtlex_uk",6,24674,"bigram","MY","type",29,7,4,6,40,NA,NA,NA,NA
"subtlex_uk",6,24674,"bigram","MZ","type",1,0,5,0,0,NA,NA,NA,NA
"subtlex_uk",6,24674,"bigram","NA","type",148,48,130,138,237,NA,NA,NA,NA
"subtlex_uk",6,24674,"bigram","NB","type",0,7,13,4,0,NA,NA,NA,NA
"subtlex_uk",6,24674,"bigram","NC","type",0,42,107,76,2,NA,NA,NA,NA
"subtlex_uk",6,24674,"bigram","ND","type",0,73,259,103,119,NA,NA,NA,NA
"subtlex_uk",6,24674,"bigram","NE","type",136,34,143,500,257,NA,NA,NA,NA
"subtlex_uk",6,24674,"bigram","NF","type",0,31,13,1,0,NA,NA,NA,NA
"subtlex_uk",6,24674,"bigram","NG","type",2,41,214,95,588,NA,NA,NA,NA
"subtlex_uk",6,24674,"bigram","NH","type",1,9,18,1,1,NA,NA,NA,NA
"subtlex_uk",6,24674,"bigram","NI","type",116,47,176,169,85,NA,NA,NA,NA
"subtlex_uk",6,24674,"bigram","NJ","type",0,16,13,6,1,NA,NA,NA,NA
"subtlex_uk",6,24674,"bigram","NK","type",1,17,119,78,18,NA,NA,NA,NA
"subtlex_uk",6,24674,"bigram","NL","type",0,24,35,17,0,NA,NA,NA,NA
"subtlex_uk",6,24674,"bigram","NM","type",0,12,22,2,0,NA,NA,NA,NA
"subtlex_uk",6,24674,"bigram","NN","type",3,30,228,80,21,NA,NA,NA,NA
"subtlex_uk",6,24674,"bigram","NO","type",122,64,74,83,70,NA,NA,NA,NA
"subtlex_uk",6,24674,"bigram","NP","type",1,7,6,0,0,NA,NA,NA,NA
"subtlex_uk",6,24674,"bigram","NQ","type",0,2,5,1,0,NA,NA,NA,NA
"subtlex_uk",6,24674,"bigram","NR","type",0,18,20,2,0,NA,NA,NA,NA
"subtlex_uk",6,24674,"bigram","NS","type",1,63,113,21,268,NA,NA,NA,NA
"subtlex_uk",6,24674,"bigram","NT","type",0,65,227,118,148,NA,NA,NA,NA
"subtlex_uk",6,24674,"bigram","NU","type",51,17,42,33,7,NA,NA,NA,NA
"subtlex_uk",6,24674,"bigram","NV","type",0,14,14,1,0,NA,NA,NA,NA
"subtlex_uk",6,24674,"bigram","NW","type",0,12,13,2,0,NA,NA,NA,NA
"subtlex_uk",6,24674,"bigram","NX","type",0,0,5,2,4,NA,NA,NA,NA
"subtlex_uk",6,24674,"bigram","NY","type",7,10,23,10,81,NA,NA,NA,NA
"subtlex_uk",6,24674,"bigram","NZ","type",1,4,23,13,3,NA,NA,NA,NA
"subtlex_uk",6,24674,"bigram","OA","type",6,95,29,27,10,NA,NA,NA,NA
"subtlex_uk",6,24674,"bigram","OB","type",24,125,45,29,7,NA,NA,NA,NA
"subtlex_uk",6,24674,"bigram","OC","type",20,96,55,31,7,NA,NA,NA,NA
"subtlex_uk",6,24674,"bigram","OD","type",14,137,65,28,45,NA,NA,NA,NA
"subtlex_uk",6,24674,"bigram","OE","type",2,44,22,39,31,NA,NA,NA,NA
"subtlex_uk",6,24674,"bigram","OF","type",23,47,24,22,10,NA,NA,NA,NA
"subtlex_uk",6,24674,"bigram","OG","type",12,101,43,15,19,NA,NA,NA,NA
"subtlex_uk",6,24674,"bigram","OH","type",2,37,13,4,7,NA,NA,NA,NA
"subtlex_uk",6,24674,"bigram","OI","type",14,77,60,44,7,NA,NA,NA,NA
"subtlex_uk",6,24674,"bigram","OJ","type",2,8,5,2,1,NA,NA,NA,NA
"subtlex_uk",6,24674,"bigram","OK","type",7,36,85,27,17,NA,NA,NA,NA
"subtlex_uk",6,24674,"bigram","OL","type",21,315,82,105,43,NA,NA,NA,NA
"subtlex_uk",6,24674,"bigram","OM","type",9,195,71,63,60,NA,NA,NA,NA
"subtlex_uk",6,24674,"bigram","ON","type",33,307,124,212,795,NA,NA,NA,NA
"subtlex_uk",6,24674,"bigram","OO","type",30,384,157,115,60,NA,NA,NA,NA
"subtlex_uk",6,24674,"bigram","OP","type",20,104,77,42,39,NA,NA,NA,NA
"subtlex_uk",6,24674,"bigram","OQ","type",0,3,5,0,1,NA,NA,NA,NA
"subtlex_uk",6,24674,"bigram","OR","type",66,488,132,173,153,NA,NA,NA,NA
"subtlex_uk",6,24674,"bigram","OS","type",30,213,67,58,195,NA,NA,NA,NA
"subtlex_uk",6,24674,"bigram","OT","type",14,163,112,76,79,NA,NA,NA,NA
"subtlex_uk",6,24674,"bigram","OU","type",38,281,102,93,28,NA,NA,NA,NA
"subtlex_uk",6,24674,"bigram","OV","type",13,54,42,21,27,NA,NA,NA,NA
"subtlex_uk",6,24674,"bigram","OW","type",8,184,81,27,118,NA,NA,NA,NA
"subtlex_uk",6,24674,"bigram","OX","type",13,27,3,1,21,NA,NA,NA,NA
"subtlex_uk",6,24674,"bigram","OY","type",2,61,14,18,39,NA,NA,NA,NA
"subtlex_uk",6,24674,"bigram","OZ","type",5,22,13,7,4,NA,NA,NA,NA
"subtlex_uk",6,24674,"bigram","PA","type",312,42,57,45,20,NA,NA,NA,NA
"subtlex_uk",6,24674,"bigram","PB","type",1,4,23,18,9,NA,NA,NA,NA
"subtlex_uk",6,24674,"bigram","PC","type",0,1,2,0,0,NA,NA,NA,NA
"subtlex_uk",6,24674,"bigram","PD","type",1,2,2,0,2,NA,NA,NA,NA
"subtlex_uk",6,24674,"bigram","PE","type",227,39,79,272,31,NA,NA,NA,NA
"subtlex_uk",6,24674,"bigram","PF","type",4,2,3,0,2,NA,NA,NA,NA
"subtlex_uk",6,24674,"bigram","PG","type",0,0,1,1,1,NA,NA,NA,NA
"subtlex_uk",6,24674,"bigram","PH","type",66,21,43,19,15,NA,NA,NA,NA
"subtlex_uk",6,24674,"bigram","PI","type",193,49,82,87,8,NA,NA,NA,NA
"subtlex_uk",6,24674,"bigram","PJ","type",0,1,0,1,0,NA,NA,NA,NA
"subtlex_uk",6,24674,"bigram","PK","type",0,1,8,2,0,NA,NA,NA,NA
"subtlex_uk",6,24674,"bigram","PL","type",102,27,55,81,6,NA,NA,NA,NA
"subtlex_uk",6,24674,"bigram","PM","type",0,2,4,0,1,NA,NA,NA,NA
"subtlex_uk",6,24674,"bigram","PN","type",1,2,6,1,0,NA,NA,NA,NA
"subtlex_uk",6,24674,"bigram","PO","type",250,38,42,43,18,NA,NA,NA,NA
"subtlex_uk",6,24674,"bigram","PP","type",2,27,145,54,4,NA,NA,NA,NA
"subtlex_uk",6,24674,"bigram","PQ","type",0,0,0,0,0,NA,NA,NA,NA
"subtlex_uk",6,24674,"bigram","PR","type",193,42,20,6,0,NA,NA,NA,NA
"subtlex_uk",6,24674,"bigram","PS","type",12,7,25,13,80,NA,NA,NA,NA
"subtlex_uk",6,24674,"bigram","PT","type",2,10,33,22,12,NA,NA,NA,NA
"subtlex_uk",6,24674,"bigram","PU","type",121,11,18,22,3,NA,NA,NA,NA
"subtlex_uk",6,24674,"bigram","PV","type",1,0,0,0,0,NA,NA,NA,NA
"subtlex_uk",6,24674,"bigram","PW","type",1,11,3,2,0,NA,NA,NA,NA
"subtlex_uk",6,24674,"bigram","PX","type",0,0,0,0,0,NA,NA,NA,NA
"subtlex_uk",6,24674,"bigram","PY","type",11,6,2,1,82,NA,NA,NA,NA
"subtlex_uk",6,24674,"bigram","PZ","type",0,0,1,0,0,NA,NA,NA,NA
"subtlex_uk",6,24674,"bigram","QA","type",7,1,1,3,1,NA,NA,NA,NA
"subtlex_uk",6,24674,"bigram","QB","type",0,0,0,0,0,NA,NA,NA,NA
"subtlex_uk",6,24674,"bigram","QC","type",0,0,0,0,0,NA,NA,NA,NA
"subtlex_uk",6,24674,"bigram","QD","type",0,0,0,0,0,NA,NA,NA,NA
"subtlex_uk",6,24674,"bigram","QE","type",1,0,0,0,0,NA,NA,NA,NA
"subtlex_uk",6,24674,"bigram","QF","type",0,0,0,0,0,NA,NA,NA,NA
"subtlex_uk",6,24674,"bigram","QG","type",0,0,0,0,0,NA,NA,NA,NA
"subtlex_uk",6,24674,"bigram","QH","type",0,0,0,0,0,NA,NA,NA,NA
"subtlex_uk",6,24674,"bigram","QI","type",3,0,1,1,0,NA,NA,NA,NA
"subtlex_uk",6,24674,"bigram","QJ","type",0,0,0,0,0,NA,NA,NA,NA
"subtlex_uk",6,24674,"bigram","QK","type",0,0,0,0,0,NA,NA,NA,NA
"subtlex_uk",6,24674,"bigram","QL","type",0,0,0,1,0,NA,NA,NA,NA
"subtlex_uk",6,24674,"bigram","QM","type",0,0,0,0,0,NA,NA,NA,NA
"subtlex_uk",6,24674,"bigram","QN","type",0,0,0,0,0,NA,NA,NA,NA
"subtlex_uk",6,24674,"bigram","QO","type",0,0,1,0,0,NA,NA,NA,NA
"subtlex_uk",6,24674,"bigram","QP","type",0,0,0,0,0,NA,NA,NA,NA
"subtlex_uk",6,24674,"bigram","QQ","type",0,0,0,0,0,NA,NA,NA,NA
"subtlex_uk",6,24674,"bigram","QR","type",0,0,0,0,0,NA,NA,NA,NA
"subtlex_uk",6,24674,"bigram","QS","type",0,0,0,0,1,NA,NA,NA,NA
"subtlex_uk",6,24674,"bigram","QT","type",0,0,0,0,0,NA,NA,NA,NA
"subtlex_uk",6,24674,"bigram","QU","type",114,35,26,37,0,NA,NA,NA,NA
"subtlex_uk",6,24674,"bigram","QV","type",0,0,0,0,0,NA,NA,NA,NA
"subtlex_uk",6,24674,"bigram","QW","type",1,1,0,0,0,NA,NA,NA,NA
"subtlex_uk",6,24674,"bigram","QX","type",0,0,0,0,0,NA,NA,NA,NA
"subtlex_uk",6,24674,"bigram","QY","type",0,0,0,0,0,NA,NA,NA,NA
"subtlex_uk",6,24674,"bigram","QZ","type",0,0,0,0,0,NA,NA,NA,NA
"subtlex_uk",6,24674,"bigram","RA","type",279,407,214,191,159,NA,NA,NA,NA
"subtlex_uk",6,24674,"bigram","RB","type",1,15,118,9,10,NA,NA,NA,NA
"subtlex_uk",6,24674,"bigram","RC","type",0,22,65,20,1,NA,NA,NA,NA
"subtlex_uk",6,24674,"bigram","RD","type",0,16,159,48,93,NA,NA,NA,NA
"subtlex_uk",6,24674,"bigram","RE","type",355,299,222,291,192,NA,NA,NA,NA
"subtlex_uk",6,24674,"bigram","RF","type",0,3,26,7,2,NA,NA,NA,NA
"subtlex_uk",6,24674,"bigram","RG","type",1,27,121,54,14,NA,NA,NA,NA
"subtlex_uk",6,24674,"bigram","RH","type",24,2,23,2,2,NA,NA,NA,NA
"subtlex_uk",6,24674,"bigram","RI","type",138,300,327,224,65,NA,NA,NA,NA
"subtlex_uk",6,24674,"bigram","RJ","type",0,0,8,0,1,NA,NA,NA,NA
"subtlex_uk",6,24674,"bigram","RK","type",0,13,112,36,16,NA,NA,NA,NA
"subtlex_uk",6,24674,"bigram","RL","type",0,10,97,52,7,NA,NA,NA,NA
"subtlex_uk",6,24674,"bigram","RM","type",0,23,133,15,13,NA,NA,NA,NA
"subtlex_uk",6,24674,"bigram","RN","type",0,14,142,50,47,NA,NA,NA,NA
"subtlex_uk",6,24674,"bigram","RO","type",247,299,164,167,80,NA,NA,NA,NA
"subtlex_uk",6,24674,"bigram","RP","type",2,11,49,17,5,NA,NA,NA,NA
"subtlex_uk",6,24674,"bigram","RQ","type",0,1,8,0,1,NA,NA,NA,NA
"subtlex_uk",6,24674,"bigram","RR","type",13,60,284,70,28,NA,NA,NA,NA
"subtlex_uk",6,24674,"bigram","RS","type",1,16,95,23,368,NA,NA,NA,NA
"subtlex_uk",6,24674,"bigram","RT","type",0,20,176,73,81,NA,NA,NA,NA
"subtlex_uk",6,24674,"bigram","RU","type",127,129,67,39,8,NA,NA,NA,NA
"subtlex_uk",6,24674,"bigram","RV","type",0,6,75,7,0,NA,NA,NA,NA
"subtlex_uk",6,24674,"bigram","RW","type",1,7,24,0,0,NA,NA,NA,NA
"subtlex_uk",6,24674,"bigram","RX","type",0,0,1,0,0,NA,NA,NA,NA
"subtlex_uk",6,24674,"bigram","RY","type",11,42,14,39,207,NA,NA,NA,NA
"subtlex_uk",6,24674,"bigram","RZ","type",0,0,17,4,7,NA,NA,NA,NA
"subtlex_uk",6,24674,"bigram","SA","type",329,15,69,88,52,NA,NA,NA,NA
"subtlex_uk",6,24674,"bigram","SB","type",2,6,19,12,0,NA,NA,NA,NA
"subtlex_uk",6,24674,"bigram","SC","type",182,19,46,26,0,NA,NA,NA,NA
"subtlex_uk",6,24674,"bigram","SD","type",1,1,8,0,1,NA,NA,NA,NA
"subtlex_uk",6,24674,"bigram","SE","type",256,10,107,443,153,NA,NA,NA,NA
"subtlex_uk",6,24674,"bigram","SF","type",2,0,2,0,0,NA,NA,NA,NA
"subtlex_uk",6,24674,"bigram","SG","type",2,4,5,1,0,NA,NA,NA,NA
"subtlex_uk",6,24674,"bigram","SH","type",330,40,181,71,113,NA,NA,NA,NA
"subtlex_uk",6,24674,"bigram","SI","type",191,10,123,132,35,NA,NA,NA,NA
"subtlex_uk",6,24674,"bigram","SJ","type",1,0,1,0,0,NA,NA,NA,NA
"subtlex_uk",6,24674,"bigram","SK","type",89,6,48,33,7,NA,NA,NA,NA
"subtlex_uk",6,24674,"bigram","SL","type",108,9,49,19,0,NA,NA,NA,NA
"subtlex_uk",6,24674,"bigram","SM","type",62,12,23,10,26,NA,NA,NA,NA
"subtlex_uk",6,24674,"bigram","SN","type",81,1,15,7,1,NA,NA,NA,NA
"subtlex_uk",6,24674,"bigram","SO","type",167,10,36,197,22,NA,NA,NA,NA
"subtlex_uk",6,24674,"bigram","SP","type",201,19,25,8,0,NA,NA,NA,NA
"subtlex_uk",6,24674,"bigram","SQ","type",26,1,9,0,0,NA,NA,NA,NA
"subtlex_uk",6,24674,"bigram","SR","type",1,1,4,4,0,NA,NA,NA,NA
"subtlex_uk",6,24674,"bigram","SS","type",5,39,282,83,94,NA,NA,NA,NA
"subtlex_uk",6,24674,"bigram","ST","type",386,38,317,96,189,NA,NA,NA,NA
"subtlex_uk",6,24674,"bigram","SU","type",145,4,29,39,1,NA,NA,NA,NA
"subtlex_uk",6,24674,"bigram","SV","type",4,0,0,0,0,NA,NA,NA,NA
"subtlex_uk",6,24674,"bigram","SW","type",77,5,6,0,0,NA,NA,NA,NA
"subtlex_uk",6,24674,"bigram","SX","type",0,0,0,0,0,NA,NA,NA,NA
"subtlex_uk",6,24674,"bigram","SY","type",30,4,3,5,84,NA,NA,NA,NA
"subtlex_uk",6,24674,"bigram","SZ","type",1,0,4,0,3,NA,NA,NA,NA
"subtlex_uk",6,24674,"bigram","TA","type",265,104,105,148,147,NA,NA,NA,NA
"subtlex_uk",6,24674,"bigram","TB","type",0,0,13,6,0,NA,NA,NA,NA
"subtlex_uk",6,24674,"bigram","TC","type",2,9,37,32,0,NA,NA,NA,NA
"subtlex_uk",6,24674,"bigram","TD","type",0,1,2,0,4,NA,NA,NA,NA
"subtlex_uk",6,24674,"bigram","TE","type",162,69,133,658,179,NA,NA,NA,NA
"subtlex_uk",6,24674,"bigram","TF","type",1,2,10,0,0,NA,NA,NA,NA
"subtlex_uk",6,24674,"bigram","TG","type",0,0,5,0,0,NA,NA,NA,NA
"subtlex_uk",6,24674,"bigram","TH","type",214,25,148,98,105,NA,NA,NA,NA
"subtlex_uk",6,24674,"bigram","TI","type",161,38,192,232,50,NA,NA,NA,NA
"subtlex_uk",6,24674,"bigram","TJ","type",0,0,2,0,0,NA,NA,NA,NA
"subtlex_uk",6,24674,"bigram","TK","type",13,7,17,2,1,NA,NA,NA,NA
"subtlex_uk",6,24674,"bigram","TL","type",1,2,46,106,1,NA,NA,NA,NA
"subtlex_uk",6,24674,"bigram","TM","type",1,3,24,1,0,NA,NA,NA,NA
"subtlex_uk",6,24674,"bigram","TN","type",0,0,20,2,0,NA,NA,NA,NA
"subtlex_uk",6,24674,"bigram","TO","type",211,72,77,353,96,NA,NA,NA,NA
"subtlex_uk",6,24674,"bigram","TP","type",11,6,4,0,0,NA,NA,NA,NA
"subtlex_uk",6,24674,"bigram","TQ","type",0,0,0,0,0,NA,NA,NA,NA
"subtlex_uk",6,24674,"bigram","TR","type",199,90,77,79,3,NA,NA,NA,NA
"subtlex_uk",6,24674,"bigram","TS","type",6,5,35,16,314,NA,NA,NA,NA
"subtlex_uk",6,24674,"bigram","TT","type",0,24,263,94,82,NA,NA,NA,NA
"subtlex_uk",6,24674,"bigram","TU","type",119,32,40,47,4,NA,NA,NA,NA
"subtlex_uk",6,24674,"bigram","TV","type",1,0,3,0,0,NA,NA,NA,NA
"subtlex_uk",6,24674,"bigram","TW","type",57,5,7,2,0,NA,NA,NA,NA
"subtlex_uk",6,24674,"bigram","TX","type",0,0,0,0,0,NA,NA,NA,NA
"subtlex_uk",6,24674,"bigram","TY","type",21,13,7,21,209,NA,NA,NA,NA
"subtlex_uk",6,24674,"bigram","TZ","type",0,1,9,8,23,NA,NA,NA,NA
"subtlex_uk",6,24674,"bigram","UA","type",1,77,33,19,10,NA,NA,NA,NA
"subtlex_uk",6,24674,"bigram","UB","type",2,101,31,15,7,NA,NA,NA,NA
"subtlex_uk",6,24674,"bigram","UC","type",1,86,51,39,0,NA,NA,NA,NA
"subtlex_uk",6,24674,"bigram","UD","type",2,103,64,28,17,NA,NA,NA,NA
"subtlex_uk",6,24674,"bigram","UE","type",0,94,27,58,67,NA,NA,NA,NA
"subtlex_uk",6,24674,"bigram","UF","type",3,63,29,7,9,NA,NA,NA,NA
"subtlex_uk",6,24674,"bigram","UG","type",8,84,64,27,5,NA,NA,NA,NA
"subtlex_uk",6,24674,"bigram","UH","type",1,9,1,2,6,NA,NA,NA,NA
"subtlex_uk",6,24674,"bigram","UI","type",1,80,51,25,5,NA,NA,NA,NA
"subtlex_uk",6,24674,"bigram","UJ","type",0,6,1,0,0,NA,NA,NA,NA
"subtlex_uk",6,24674,"bigram","UK","type",1,22,10,17,9,NA,NA,NA,NA
"subtlex_uk",6,24674,"bigram","UL","type",11,146,89,69,58,NA,NA,NA,NA
"subtlex_uk",6,24674,"bigram","UM","type",7,153,64,28,114,NA,NA,NA,NA
"subtlex_uk",6,24674,"bigram","UN","type",148,226,113,67,26,NA,NA,NA,NA
"subtlex_uk",6,24674,"bigram","UO","type",1,12,8,3,2,NA,NA,NA,NA
"subtlex_uk",6,24674,"bigram","UP","type",45,57,32,20,50,NA,NA,NA,NA
"subtlex_uk",6,24674,"bigram","UQ","type",0,1,1,0,2,NA,NA,NA,NA
"subtlex_uk",6,24674,"bigram","UR","type",25,321,113,117,70,NA,NA,NA,NA
"subtlex_uk",6,24674,"bigram","US","type",25,188,87,60,225,NA,NA,NA,NA
"subtlex_uk",6,24674,"bigram","UT","type",14,168,65,69,43,NA,NA,NA,NA
"subtlex_uk",6,24674,"bigram","UU","type",3,13,8,7,1,NA,NA,NA,NA
"subtlex_uk",6,24674,"bigram","UV","type",1,18,10,3,0,NA,NA,NA,NA
"subtlex_uk",6,24674,"bigram","UW","type",0,2,0,1,0,NA,NA,NA,NA
"subtlex_uk",6,24674,"bigram","UX","type",0,11,1,1,18,NA,NA,NA,NA
"subtlex_uk",6,24674,"bigram","UY","type",0,10,2,2,3,NA,NA,NA,NA
"subtlex_uk",6,24674,"bigram","UZ","type",2,28,6,3,4,NA,NA,NA,NA
"subtlex_uk",6,24674,"bigram","VA","type",104,14,56,48,29,NA,NA,NA,NA
"subtlex_uk",6,24674,"bigram","VB","type",0,0,0,0,0,NA,NA,NA,NA
"subtlex_uk",6,24674,"bigram","VC","type",0,0,0,0,0,NA,NA,NA,NA
"subtlex_uk",6,24674,"bigram","VD","type",0,0,0,1,0,NA,NA,NA,NA
"subtlex_uk",6,24674,"bigram","VE","type",130,35,142,228,58,NA,NA,NA,NA
"subtlex_uk",6,24674,"bigram","VF","type",0,0,0,0,0,NA,NA,NA,NA
"subtlex_uk",6,24674,"bigram","VG","type",0,1,0,0,0,NA,NA,NA,NA
"subtlex_uk",6,24674,"bigram","VH","type",0,0,1,0,0,NA,NA,NA,NA
"subtlex_uk",6,24674,"bigram","VI","type",124,16,124,104,3,NA,NA,NA,NA
"subtlex_uk",6,24674,"bigram","VJ","type",0,0,0,0,0,NA,NA,NA,NA
"subtlex_uk",6,24674,"bigram","VK","type",0,0,1,0,0,NA,NA,NA,NA
"subtlex_uk",6,24674,"bigram","VL","type",3,0,7,1,0,NA,NA,NA,NA
"subtlex_uk",6,24674,"bigram","VM","type",0,0,0,0,0,NA,NA,NA,NA
"subtlex_uk",6,24674,"bigram","VN","type",0,0,4,0,1,NA,NA,NA,NA
"subtlex_uk",6,24674,"bigram","VO","type",60,13,44,24,5,NA,NA,NA,NA
"subtlex_uk",6,24674,"bigram","VP","type",0,0,0,0,0,NA,NA,NA,NA
"subtlex_uk",6,24674,"bigram","VQ","type",0,0,0,0,0,NA,NA,NA,NA
"subtlex_uk",6,24674,"bigram","VR","type",6,1,13,7,0,NA,NA,NA,NA
"subtlex_uk",6,24674,"bigram","VS","type",0,0,2,0,1,NA,NA,NA,NA
"subtlex_uk",6,24674,"bigram","VT","type",0,1,1,0,0,NA,NA,NA,NA
"subtlex_uk",6,24674,"bigram","VU","type",7,1,1,3,1,NA,NA,NA,NA
"subtlex_uk",6,24674,"bigram","VV","type",0,0,11,5,0,NA,NA,NA,NA
"subtlex_uk",6,24674,"bigram","VW","type",0,0,0,0,0,NA,NA,NA,NA
"subtlex_uk",6,24674,"bigram","VX","type",0,0,0,0,0,NA,NA,NA,NA
"subtlex_uk",6,24674,"bigram","VY","type",3,0,1,6,11,NA,NA,NA,NA
"subtlex_uk",6,24674,"bigram","VZ","type",0,0,0,0,0,NA,NA,NA,NA
"subtlex_uk",6,24674,"bigram","WA","type",233,67,57,64,8,NA,NA,NA,NA
"subtlex_uk",6,24674,"bigram","WB","type",0,1,6,1,0,NA,NA,NA,NA
"subtlex_uk",6,24674,"bigram","WC","type",0,0,0,1,0,NA,NA,NA,NA
"subtlex_uk",6,24674,"bigram","WD","type",0,0,21,3,2,NA,NA,NA,NA
"subtlex_uk",6,24674,"bigram","WE","type",138,50,73,81,6,NA,NA,NA,NA
"subtlex_uk",6,24674,"bigram","WF","type",0,0,3,1,0,NA,NA,NA,NA
"subtlex_uk",6,24674,"bigram","WG","type",0,0,2,0,0,NA,NA,NA,NA
"subtlex_uk",6,24674,"bigram","WH","type",110,6,6,3,2,NA,NA,NA,NA
"subtlex_uk",6,24674,"bigram","WI","type",194,45,51,37,7,NA,NA,NA,NA
"subtlex_uk",6,24674,"bigram","WJ","type",0,0,0,0,0,NA,NA,NA,NA
"subtlex_uk",6,24674,"bigram","WK","type",0,0,12,1,2,NA,NA,NA,NA
"subtlex_uk",6,24674,"bigram","WL","type",0,5,48,13,4,NA,NA,NA,NA
"subtlex_uk",6,24674,"bigram","WM","type",0,1,12,1,0,NA,NA,NA,NA
"subtlex_uk",6,24674,"bigram","WN","type",0,3,26,19,13,NA,NA,NA,NA
"subtlex_uk",6,24674,"bigram","WO","type",132,31,19,4,1,NA,NA,NA,NA
"subtlex_uk",6,24674,"bigram","WP","type",0,0,6,1,0,NA,NA,NA,NA
"subtlex_uk",6,24674,"bigram","WQ","type",0,0,0,0,0,NA,NA,NA,NA
"subtlex_uk",6,24674,"bigram","WR","type",31,3,18,2,4,NA,NA,NA,NA
"subtlex_uk",6,24674,"bigram","WS","type",0,1,31,11,22,NA,NA,NA,NA
"subtlex_uk",6,24674,"bigram","WT","type",0,1,17,2,1,NA,NA,NA,NA
"subtlex_uk",6,24674,"bigram","WU","type",21,1,0,2,1,NA,NA,NA,NA
"subtlex_uk",6,24674,"bigram","WV","type",0,0,0,0,0,NA,NA,NA,NA
"subtlex_uk",6,24674,"bigram","WW","type",0,4,9,9,9,NA,NA,NA,NA
"subtlex_uk",6,24674,"bigram","WX","type",0,0,0,0,0,NA,NA,NA,NA
"subtlex_uk",6,24674,"bigram","WY","type",9,10,7,25,6,NA,NA,NA,NA
"subtlex_uk",6,24674,"bigram","WZ","type",0,0,5,1,1,NA,NA,NA,NA
"subtlex_uk",6,24674,"bigram","XA","type",6,6,11,2,0,NA,NA,NA,NA
"subtlex_uk",6,24674,"bigram","XB","type",1,1,1,0,0,NA,NA,NA,NA
"subtlex_uk",6,24674,"bigram","XC","type",0,9,1,0,0,NA,NA,NA,NA
"subtlex_uk",6,24674,"bigram","XD","type",0,0,0,0,0,NA,NA,NA,NA
"subtlex_uk",6,24674,"bigram","XE","type",2,8,12,24,3,NA,NA,NA,NA
"subtlex_uk",6,24674,"bigram","XF","type",0,2,1,0,0,NA,NA,NA,NA
"subtlex_uk",6,24674,"bigram","XG","type",0,0,0,0,0,NA,NA,NA,NA
"subtlex_uk",6,24674,"bigram","XH","type",1,5,7,0,0,NA,NA,NA,NA
"subtlex_uk",6,24674,"bigram","XI","type",6,7,31,13,5,NA,NA,NA,NA
"subtlex_uk",6,24674,"bigram","XJ","type",0,0,0,0,0,NA,NA,NA,NA
"subtlex_uk",6,24674,"bigram","XK","type",0,0,0,0,0,NA,NA,NA,NA
"subtlex_uk",6,24674,"bigram","XL","type",0,2,12,0,0,NA,NA,NA,NA
"subtlex_uk",6,24674,"bigram","XM","type",0,2,5,0,0,NA,NA,NA,NA
"subtlex_uk",6,24674,"bigram","XN","type",0,0,0,0,0,NA,NA,NA,NA
"subtlex_uk",6,24674,"bigram","XO","type",0,3,5,4,0,NA,NA,NA,NA
"subtlex_uk",6,24674,"bigram","XP","type",0,18,2,0,0,NA,NA,NA,NA
"subtlex_uk",6,24674,"bigram","XQ","type",0,0,0,0,0,NA,NA,NA,NA
"subtlex_uk",6,24674,"bigram","XR","type",0,0,0,0,0,NA,NA,NA,NA
"subtlex_uk",6,24674,"bigram","XS","type",1,0,2,0,0,NA,NA,NA,NA
"subtlex_uk",6,24674,"bigram","XT","type",2,12,34,0,0,NA,NA,NA,NA
"subtlex_uk",6,24674,"bigram","XU","type",2,3,2,1,0,NA,NA,NA,NA
"subtlex_uk",6,24674,"bigram","XV","type",0,0,0,0,0,NA,NA,NA,NA
"subtlex_uk",6,24674,"bigram","XW","type",0,2,0,0,0,NA,NA,NA,NA
"subtlex_uk",6,24674,"bigram","XX","type",0,0,1,0,0,NA,NA,NA,NA
"subtlex_uk",6,24674,"bigram","XY","type",2,1,0,1,3,NA,NA,NA,NA
"subtlex_uk",6,24674,"bigram","XZ","type",0,0,0,0,0,NA,NA,NA,NA
"subtlex_uk",6,24674,"bigram","YA","type",62,15,33,25,41,NA,NA,NA,NA
"subtlex_uk",6,24674,"bigram","YB","type",0,12,10,0,0,NA,NA,NA,NA
"subtlex_uk",6,24674,"bigram","YC","type",0,13,14,2,0,NA,NA,NA,NA
"subtlex_uk",6,24674,"bigram","YD","type",0,13,38,9,4,NA,NA,NA,NA
"subtlex_uk",6,24674,"bigram","YE","type",50,14,32,48,17,NA,NA,NA,NA
"subtlex_uk",6,24674,"bigram","YF","type",0,7,6,1,0,NA,NA,NA,NA
"subtlex_uk",6,24674,"bigram","YG","type",0,6,5,1,0,NA,NA,NA,NA
"subtlex_uk",6,24674,"bigram","YH","type",0,3,12,0,0,NA,NA,NA,NA
"subtlex_uk",6,24674,"bigram","YI","type",8,2,35,13,6,NA,NA,NA,NA
"subtlex_uk",6,24674,"bigram","YJ","type",0,1,0,1,0,NA,NA,NA,NA
"subtlex_uk",6,24674,"bigram","YK","type",0,2,4,4,4,NA,NA,NA,NA
"subtlex_uk",6,24674,"bigram","YL","type",0,29,53,15,11,NA,NA,NA,NA
"subtlex_uk",6,24674,"bigram","YM","type",1,16,28,3,1,NA,NA,NA,NA
"subtlex_uk",6,24674,"bigram","YN","type",0,39,32,20,63,NA,NA,NA,NA
"subtlex_uk",6,24674,"bigram","YO","type",52,12,25,21,7,NA,NA,NA,NA
"subtlex_uk",6,24674,"bigram","YP","type",0,18,11,4,0,NA,NA,NA,NA
"subtlex_uk",6,24674,"bigram","YQ","type",0,0,0,1,0,NA,NA,NA,NA
"subtlex_uk",6,24674,"bigram","YR","type",0,31,10,7,4,NA,NA,NA,NA
"subtlex_uk",6,24674,"bigram","YS","type",4,20,28,5,140,NA,NA,NA,NA
"subtlex_uk",6,24674,"bigram","YT","type",0,12,29,5,0,NA,NA,NA,NA
"subtlex_uk",6,24674,"bigram","YU","type",16,3,6,2,6,NA,NA,NA,NA
"subtlex_uk",6,24674,"bigram","YV","type",3,5,3,1,0,NA,NA,NA,NA
"subtlex_uk",6,24674,"bigram","YW","type",0,5,5,0,0,NA,NA,NA,NA
"subtlex_uk",6,24674,"bigram","YX","type",0,1,0,0,2,NA,NA,NA,NA
"subtlex_uk",6,24674,"bigram","YY","type",0,1,5,2,3,NA,NA,NA,NA
"subtlex_uk",6,24674,"bigram","YZ","type",0,1,4,1,1,NA,NA,NA,NA
"subtlex_uk",6,24674,"bigram","ZA","type",38,5,29,40,23,NA,NA,NA,NA
"subtlex_uk",6,24674,"bigram","ZB","type",0,2,2,0,0,NA,NA,NA,NA
"subtlex_uk",6,24674,"bigram","ZC","type",0,0,1,1,0,NA,NA,NA,NA
"subtlex_uk",6,24674,"bigram","ZD","type",1,0,0,0,0,NA,NA,NA,NA
"subtlex_uk",6,24674,"bigram","ZE","type",31,3,18,106,20,NA,NA,NA,NA
"subtlex_uk",6,24674,"bigram","ZF","type",0,0,0,0,0,NA,NA,NA,NA
"subtlex_uk",6,24674,"bigram","ZG","type",0,0,0,0,0,NA,NA,NA,NA
"subtlex_uk",6,24674,"bigram","ZH","type",2,0,6,0,0,NA,NA,NA,NA
"subtlex_uk",6,24674,"bigram","ZI","type",24,3,27,42,9,NA,NA,NA,NA
"subtlex_uk",6,24674,"bigram","ZJ","type",0,0,0,0,0,NA,NA,NA,NA
"subtlex_uk",6,24674,"bigram","ZK","type",0,0,2,1,0,NA,NA,NA,NA
"subtlex_uk",6,24674,"bigram","ZL","type",3,0,4,26,1,NA,NA,NA,NA
"subtlex_uk",6,24674,"bigram","ZM","type",0,0,7,0,0,NA,NA,NA,NA
"subtlex_uk",6,24674,"bigram","ZN","type",0,0,4,2,0,NA,NA,NA,NA
"subtlex_uk",6,24674,"bigram","ZO","type",15,4,6,19,8,NA,NA,NA,NA
"subtlex_uk",6,24674,"bigram","ZP","type",0,0,1,0,0,NA,NA,NA,NA
"subtlex_uk",6,24674,"bigram","ZQ","type",0,0,0,0,0,NA,NA,NA,NA
"subtlex_uk",6,24674,"bigram","ZR","type",0,0,3,1,0,NA,NA,NA,NA
"subtlex_uk",6,24674,"bigram","ZS","type",0,0,2,0,3,NA,NA,NA,NA
"subtlex_uk",6,24674,"bigram","ZT","type",0,2,0,1,0,NA,NA,NA,NA
"subtlex_uk",6,24674,"bigram","ZU","type",12,1,12,3,2,NA,NA,NA,NA
"subtlex_uk",6,24674,"bigram","ZV","type",1,0,1,0,0,NA,NA,NA,NA
"subtlex_uk",6,24674,"bigram","ZW","type",1,1,3,0,0,NA,NA,NA,NA
"subtlex_uk",6,24674,"bigram","ZX","type",0,0,0,0,0,NA,NA,NA,NA
"subtlex_uk",6,24674,"bigram","ZY","type",6,1,2,1,24,NA,NA,NA,NA
"subtlex_uk",6,24674,"bigram","ZZ","type",1,4,73,22,5,NA,NA,NA,NA
"subtlex_uk",7,26018,"bigram","AA","type",35,55,54,44,52,17,NA,NA,NA
"subtlex_uk",7,26018,"bigram","AB","type",73,118,73,86,31,7,NA,NA,NA
"subtlex_uk",7,26018,"bigram","AC","type",68,233,144,82,117,20,NA,NA,NA
"subtlex_uk",7,26018,"bigram","AD","type",71,152,123,92,83,76,NA,NA,NA
"subtlex_uk",7,26018,"bigram","AE","type",10,34,18,15,28,21,NA,NA,NA
"subtlex_uk",7,26018,"bigram","AF","type",22,56,48,14,10,9,NA,NA,NA
"subtlex_uk",7,26018,"bigram","AG","type",38,162,81,65,153,26,NA,NA,NA
"subtlex_uk",7,26018,"bigram","AH","type",5,46,28,34,20,65,NA,NA,NA
"subtlex_uk",7,26018,"bigram","AI","type",46,216,96,84,150,25,NA,NA,NA
"subtlex_uk",7,26018,"bigram","AJ","type",3,16,3,3,6,1,NA,NA,NA
"subtlex_uk",7,26018,"bigram","AK","type",4,73,50,52,31,22,NA,NA,NA
"subtlex_uk",7,26018,"bigram","AL","type",178,510,151,182,256,221,NA,NA,NA
"subtlex_uk",7,26018,"bigram","AM","type",72,284,138,81,69,231,NA,NA,NA
"subtlex_uk",7,26018,"bigram","AN","type",174,625,386,268,512,590,NA,NA,NA
"subtlex_uk",7,26018,"bigram","AO","type",2,12,15,5,4,5,NA,NA,NA
"subtlex_uk",7,26018,"bigram","AP","type",39,150,93,39,23,16,NA,NA,NA
"subtlex_uk",7,26018,"bigram","AQ","type",10,7,6,6,0,4,NA,NA,NA
"subtlex_uk",7,26018,"bigram","AR","type",146,969,295,214,403,163,NA,NA,NA
"subtlex_uk",7,26018,"bigram","AS","type",97,342,174,93,81,192,NA,NA,NA
"subtlex_uk",7,26018,"bigram","AT","type",48,357,206,197,220,75,NA,NA,NA
"subtlex_uk",7,26018,"bigram","AU","type",63,149,42,17,43,41,NA,NA,NA
"subtlex_uk",7,26018,"bigram","AV","type",29,107,84,37,28,2,NA,NA,NA
"subtlex_uk",7,26018,"bigram","AW","type",12,64,33,33,22,41,NA,NA,NA
"subtlex_uk",7,26018,"bigram","AX","type",2,17,9,10,2,19,NA,NA,NA
"subtlex_uk",7,26018,"bigram","AY","type",6,121,57,33,46,153,NA,NA,NA
"subtlex_uk",7,26018,"bigram","AZ","type",10,52,40,17,11,3,NA,NA,NA
"subtlex_uk",7,26018,"bigram","BA","type",454,10,54,142,57,23,NA,NA,NA
"subtlex_uk",7,26018,"bigram","BB","type",1,7,177,65,5,0,NA,NA,NA
"subtlex_uk",7,26018,"bigram","BC","type",0,1,7,0,0,1,NA,NA,NA
"subtlex_uk",7,26018,"bigram","BD","type",0,4,5,2,0,2,NA,NA,NA
"subtlex_uk",7,26018,"bigram","BE","type",377,16,60,162,103,26,NA,NA,NA
"subtlex_uk",7,26018,"bigram","BF","type",1,0,0,0,0,0,NA,NA,NA
"subtlex_uk",7,26018,"bigram","BG","type",0,0,1,5,18,4,NA,NA,NA
"subtlex_uk",7,26018,"bigram","BH","type",8,3,4,8,0,2,NA,NA,NA
"subtlex_uk",7,26018,"bigram","BI","type",158,14,53,170,46,8,NA,NA,NA
"subtlex_uk",7,26018,"bigram","BJ","type",0,1,2,0,1,0,NA,NA,NA
"subtlex_uk",7,26018,"bigram","BK","type",0,0,0,2,1,0,NA,NA,NA
"subtlex_uk",7,26018,"bigram","BL","type",172,6,44,137,112,5,NA,NA,NA
"subtlex_uk",7,26018,"bigram","BM","type",1,0,2,2,0,0,NA,NA,NA
"subtlex_uk",7,26018,"bigram","BN","type",0,0,5,3,0,0,NA,NA,NA
"subtlex_uk",7,26018,"bigram","BO","type",334,12,57,93,72,18,NA,NA,NA
"subtlex_uk",7,26018,"bigram","BP","type",1,0,2,0,0,0,NA,NA,NA
"subtlex_uk",7,26018,"bigram","BQ","type",0,0,0,0,0,0,NA,NA,NA
"subtlex_uk",7,26018,"bigram","BR","type",365,10,52,23,15,0,NA,NA,NA
"subtlex_uk",7,26018,"bigram","BS","type",0,16,29,3,2,22,NA,NA,NA
"subtlex_uk",7,26018,"bigram","BT","type",0,1,9,6,7,8,NA,NA,NA
"subtlex_uk",7,26018,"bigram","BU","type",262,4,33,119,29,2,NA,NA,NA
"subtlex_uk",7,26018,"bigram","BV","type",0,3,1,0,0,0,NA,NA,NA
"subtlex_uk",7,26018,"bigram","BW","type",2,0,4,0,0,0,NA,NA,NA
"subtlex_uk",7,26018,"bigram","BX","type",0,0,0,0,0,0,NA,NA,NA
"subtlex_uk",7,26018,"bigram","BY","type",14,3,9,2,2,50,NA,NA,NA
"subtlex_uk",7,26018,"bigram","BZ","type",1,0,1,0,0,1,NA,NA,NA
"subtlex_uk",7,26018,"bigram","CA","type",532,66,85,106,68,47,NA,NA,NA
"subtlex_uk",7,26018,"bigram","CB","type",0,2,2,0,0,0,NA,NA,NA
"subtlex_uk",7,26018,"bigram","CC","type",0,41,43,11,16,1,NA,NA,NA
"subtlex_uk",7,26018,"bigram","CD","type",0,3,2,0,0,0,NA,NA,NA
"subtlex_uk",7,26018,"bigram","CE","type",73,28,57,82,117,133,NA,NA,NA
"subtlex_uk",7,26018,"bigram","CF","type",0,0,0,0,0,0,NA,NA,NA
"subtlex_uk",7,26018,"bigram","CG","type",0,26,2,0,0,0,NA,NA,NA
"subtlex_uk",7,26018,"bigram","CH","type",409,92,142,333,108,127,NA,NA,NA
"subtlex_uk",7,26018,"bigram","CI","type",52,14,71,98,47,8,NA,NA,NA
"subtlex_uk",7,26018,"bigram","CJ","type",0,0,0,0,0,0,NA,NA,NA
"subtlex_uk",7,26018,"bigram","CK","type",0,11,317,167,27,275,NA,NA,NA
"subtlex_uk",7,26018,"bigram","CL","type",195,11,51,18,21,0,NA,NA,NA
"subtlex_uk",7,26018,"bigram","CM","type",0,4,1,1,0,0,NA,NA,NA
"subtlex_uk",7,26018,"bigram","CN","type",0,8,4,0,0,0,NA,NA,NA
"subtlex_uk",7,26018,"bigram","CO","type",589,49,96,115,42,41,NA,NA,NA
"subtlex_uk",7,26018,"bigram","CP","type",0,3,3,0,0,0,NA,NA,NA
"subtlex_uk",7,26018,"bigram","CQ","type",0,8,9,2,0,1,NA,NA,NA
"subtlex_uk",7,26018,"bigram","CR","type",250,53,46,10,4,0,NA,NA,NA
"subtlex_uk",7,26018,"bigram","CS","type",1,3,0,1,0,51,NA,NA,NA
"subtlex_uk",7,26018,"bigram","CT","type",0,27,66,39,31,48,NA,NA,NA
"subtlex_uk",7,26018,"bigram","CU","type",132,18,41,41,23,2,NA,NA,NA
"subtlex_uk",7,26018,"bigram","CV","type",0,4,0,0,0,0,NA,NA,NA
"subtlex_uk",7,26018,"bigram","CW","type",7,1,0,0,1,0,NA,NA,NA
"subtlex_uk",7,26018,"bigram","CX","type",0,0,1,0,0,0,NA,NA,NA
"subtlex_uk",7,26018,"bigram","CY","type",23,2,4,3,4,30,NA,NA,NA
"subtlex_uk",7,26018,"bigram","CZ","type",4,0,0,4,0,1,NA,NA,NA
"subtlex_uk",7,26018,"bigram","DA","type",187,8,47,134,78,80,NA,NA,NA
"subtlex_uk",7,26018,"bigram","DB","type",0,0,28,13,1,0,NA,NA,NA
"subtlex_uk",7,26018,"bigram","DC","type",0,0,7,3,0,0,NA,NA,NA
"subtlex_uk",7,26018,"bigram","DD","type",1,18,186,60,7,8,NA,NA,NA
"subtlex_uk",7,26018,"bigram","DE","type",379,22,102,224,294,127,NA,NA,NA
"subtlex_uk",7,26018,"bigram","DF","type",0,0,18,7,1,0,NA,NA,NA
"subtlex_uk",7,26018,"bigram","DG","type",0,4,78,42,13,0,NA,NA,NA
"subtlex_uk",7,26018,"bigram","DH","type",8,2,11,21,0,3,NA,NA,NA
"subtlex_uk",7,26018,"bigram","DI","type",238,11,79,318,86,25,NA,NA,NA
"subtlex_uk",7,26018,"bigram","DJ","type",7,5,2,2,0,1,NA,NA,NA
"subtlex_uk",7,26018,"bigram","DK","type",0,0,5,1,0,0,NA,NA,NA
"subtlex_uk",7,26018,"bigram","DL","type",1,0,37,146,56,1,NA,NA,NA
"subtlex_uk",7,26018,"bigram","DM","type",1,7,17,28,1,0,NA,NA,NA
"subtlex_uk",7,26018,"bigram","DN","type",1,0,15,4,5,1,NA,NA,NA
"subtlex_uk",7,26018,"bigram","DO","type",205,17,46,122,123,72,NA,NA,NA
"subtlex_uk",7,26018,"bigram","DP","type",0,0,8,4,1,0,NA,NA,NA
"subtlex_uk",7,26018,"bigram","DQ","type",0,0,0,0,0,0,NA,NA,NA
"subtlex_uk",7,26018,"bigram","DR","type",134,4,53,50,20,1,NA,NA,NA
"subtlex_uk",7,26018,"bigram","DS","type",0,2,18,22,2,129,NA,NA,NA
"subtlex_uk",7,26018,"bigram","DT","type",0,0,5,2,1,4,NA,NA,NA
"subtlex_uk",7,26018,"bigram","DU","type",130,11,33,26,16,3,NA,NA,NA
"subtlex_uk",7,26018,"bigram","DV","type",0,12,1,0,1,0,NA,NA,NA
"subtlex_uk",7,26018,"bigram","DW","type",10,3,30,14,4,0,NA,NA,NA
"subtlex_uk",7,26018,"bigram","DX","type",0,0,0,0,0,0,NA,NA,NA
"subtlex_uk",7,26018,"bigram","DY","type",12,2,12,13,6,56,NA,NA,NA
"subtlex_uk",7,26018,"bigram","DZ","type",0,0,5,2,0,8,NA,NA,NA
"subtlex_uk",7,26018,"bigram","EA","type",48,383,189,96,157,36,NA,NA,NA
"subtlex_uk",7,26018,"bigram","EB","type",4,81,43,54,11,2,NA,NA,NA
"subtlex_uk",7,26018,"bigram","EC","type",18,155,74,48,70,5,NA,NA,NA
"subtlex_uk",7,26018,"bigram","ED","type",29,179,86,69,62,1619,NA,NA,NA
"subtlex_uk",7,26018,"bigram","EE","type",9,205,192,73,166,97,NA,NA,NA
"subtlex_uk",7,26018,"bigram","EF","type",6,97,35,34,9,3,NA,NA,NA
"subtlex_uk",7,26018,"bigram","EG","type",17,105,30,37,20,10,NA,NA,NA
"subtlex_uk",7,26018,"bigram","EH","type",2,29,10,22,2,11,NA,NA,NA
"subtlex_uk",7,26018,"bigram","EI","type",10,99,31,81,47,10,NA,NA,NA
"subtlex_uk",7,26018,"bigram","EJ","type",4,10,2,3,4,0,NA,NA,NA
"subtlex_uk",7,26018,"bigram","EK","type",0,4,35,15,14,22,NA,NA,NA
"subtlex_uk",7,26018,"bigram","EL","type",78,358,163,218,415,131,NA,NA,NA
"subtlex_uk",7,26018,"bigram","EM","type",58,148,75,65,41,17,NA,NA,NA
"subtlex_uk",7,26018,"bigram","EN","type",123,425,167,234,307,379,NA,NA,NA
"subtlex_uk",7,26018,"bigram","EO","type",1,45,8,33,24,3,NA,NA,NA
"subtlex_uk",7,26018,"bigram","EP","type",22,83,61,29,11,13,NA,NA,NA
"subtlex_uk",7,26018,"bigram","EQ","type",13,13,6,1,0,0,NA,NA,NA
"subtlex_uk",7,26018,"bigram","ER","type",52,498,256,322,1147,1506,NA,NA,NA
"subtlex_uk",7,26018,"bigram","ES","type",45,265,138,119,335,1430,NA,NA,NA
"subtlex_uk",7,26018,"bigram","ET","type",17,226,95,178,369,162,NA,NA,NA
"subtlex_uk",7,26018,"bigram","EU","type",24,35,18,20,55,6,NA,NA,NA
"subtlex_uk",7,26018,"bigram","EV","type",36,99,39,43,8,13,NA,NA,NA
"subtlex_uk",7,26018,"bigram","EW","type",1,64,46,21,12,23,NA,NA,NA
"subtlex_uk",7,26018,"bigram","EX","type",94,26,9,11,4,14,NA,NA,NA
"subtlex_uk",7,26018,"bigram","EY","type",15,42,17,12,60,472,NA,NA,NA
"subtlex_uk",7,26018,"bigram","EZ","type",4,19,14,24,9,27,NA,NA,NA
"subtlex_uk",7,26018,"bigram","FA","type",206,3,35,52,18,7,NA,NA,NA
"subtlex_uk",7,26018,"bigram","FB","type",0,0,3,1,0,0,NA,NA,NA
"subtlex_uk",7,26018,"bigram","FC","type",0,0,2,0,0,0,NA,NA,NA
"subtlex_uk",7,26018,"bigram","FD","type",0,0,1,4,0,0,NA,NA,NA
"subtlex_uk",7,26018,"bigram","FE","type",134,4,28,60,61,11,NA,NA,NA
"subtlex_uk",7,26018,"bigram","FF","type",5,46,120,79,16,52,NA,NA,NA
"subtlex_uk",7,26018,"bigram","FG","type",0,2,1,0,0,0,NA,NA,NA
"subtlex_uk",7,26018,"bigram","FH","type",1,0,1,2,0,0,NA,NA,NA
"subtlex_uk",7,26018,"bigram","FI","type",164,3,43,97,24,6,NA,NA,NA
"subtlex_uk",7,26018,"bigram","FJ","type",0,0,0,0,0,0,NA,NA,NA
"subtlex_uk",7,26018,"bigram","FK","type",0,0,1,1,1,0,NA,NA,NA
"subtlex_uk",7,26018,"bigram","FL","type",159,0,26,34,24,0,NA,NA,NA
"subtlex_uk",7,26018,"bigram","FM","type",0,0,2,6,0,0,NA,NA,NA
"subtlex_uk",7,26018,"bigram","FN","type",1,0,2,5,1,0,NA,NA,NA
"subtlex_uk",7,26018,"bigram","FO","type",173,4,25,117,9,2,NA,NA,NA
"subtlex_uk",7,26018,"bigram","FP","type",1,1,3,14,3,0,NA,NA,NA
"subtlex_uk",7,26018,"bigram","FQ","type",0,0,0,0,0,0,NA,NA,NA
"subtlex_uk",7,26018,"bigram","FR","type",164,10,34,39,4,0,NA,NA,NA
"subtlex_uk",7,26018,"bigram","FS","type",0,2,4,3,1,16,NA,NA,NA
"subtlex_uk",7,26018,"bigram","FT","type",0,4,35,31,7,14,NA,NA,NA
"subtlex_uk",7,26018,"bigram","FU","type",100,2,24,16,59,0,NA,NA,NA
"subtlex_uk",7,26018,"bigram","FV","type",0,0,0,0,0,0,NA,NA,NA
"subtlex_uk",7,26018,"bigram","FW","type",2,0,2,3,2,0,NA,NA,NA
"subtlex_uk",7,26018,"bigram","FX","type",0,0,0,0,0,0,NA,NA,NA
"subtlex_uk",7,26018,"bigram","FY","type",2,1,1,1,0,44,NA,NA,NA
"subtlex_uk",7,26018,"bigram","FZ","type",0,0,0,1,0,0,NA,NA,NA
"subtlex_uk",7,26018,"bigram","GA","type",231,6,72,95,52,20,NA,NA,NA
"subtlex_uk",7,26018,"bigram","GB","type",0,1,11,5,1,0,NA,NA,NA
"subtlex_uk",7,26018,"bigram","GC","type",0,0,2,1,0,0,NA,NA,NA
"subtlex_uk",7,26018,"bigram","GD","type",0,0,5,12,5,1,NA,NA,NA
"subtlex_uk",7,26018,"bigram","GE","type",130,7,62,190,246,162,NA,NA,NA
"subtlex_uk",7,26018,"bigram","GF","type",0,0,7,2,0,0,NA,NA,NA
"subtlex_uk",7,26018,"bigram","GG","type",0,15,213,91,14,5,NA,NA,NA
"subtlex_uk",7,26018,"bigram","GH","type",18,4,76,88,48,79,NA,NA,NA
"subtlex_uk",7,26018,"bigram","GI","type",114,7,33,200,46,4,NA,NA,NA
"subtlex_uk",7,26018,"bigram","GJ","type",0,0,0,0,0,0,NA,NA,NA
"subtlex_uk",7,26018,"bigram","GK","type",0,0,1,4,1,0,NA,NA,NA
"subtlex_uk",7,26018,"bigram","GL","type",94,3,56,133,29,1,NA,NA,NA
"subtlex_uk",7,26018,"bigram","GM","type",0,0,11,19,3,1,NA,NA,NA
"subtlex_uk",7,26018,"bigram","GN","type",8,12,44,10,21,5,NA,NA,NA
"subtlex_uk",7,26018,"bigram","GO","type",169,9,38,58,20,34,NA,NA,NA
"subtlex_uk",7,26018,"bigram","GP","type",0,0,3,2,2,0,NA,NA,NA
"subtlex_uk",7,26018,"bigram","GQ","type",0,0,0,0,0,0,NA,NA,NA
"subtlex_uk",7,26018,"bigram","GR","type",289,6,55,31,9,0,NA,NA,NA
"subtlex_uk",7,26018,"bigram","GS","type",0,0,19,11,6,124,NA,NA,NA
"subtlex_uk",7,26018,"bigram","GT","type",0,0,6,11,5,7,NA,NA,NA
"subtlex_uk",7,26018,"bigram","GU","type",116,8,52,36,17,4,NA,NA,NA
"subtlex_uk",7,26018,"bigram","GV","type",0,0,0,1,1,0,NA,NA,NA
"subtlex_uk",7,26018,"bigram","GW","type",16,0,30,6,1,0,NA,NA,NA
"subtlex_uk",7,26018,"bigram","GX","type",0,0,0,0,2,0,NA,NA,NA
"subtlex_uk",7,26018,"bigram","GY","type",8,3,3,2,3,25,NA,NA,NA
"subtlex_uk",7,26018,"bigram","GZ","type",0,0,2,0,0,0,NA,NA,NA
"subtlex_uk",7,26018,"bigram","HA","type",368,375,67,127,271,52,NA,NA,NA
"subtlex_uk",7,26018,"bigram","HB","type",0,0,3,2,1,0,NA,NA,NA
"subtlex_uk",7,26018,"bigram","HC","type",0,1,0,0,0,0,NA,NA,NA
"subtlex_uk",7,26018,"bigram","HD","type",0,0,2,5,1,0,NA,NA,NA
"subtlex_uk",7,26018,"bigram","HE","type",220,290,58,156,420,45,NA,NA,NA
"subtlex_uk",7,26018,"bigram","HF","type",0,1,2,3,1,0,NA,NA,NA
"subtlex_uk",7,26018,"bigram","HG","type",0,0,0,4,0,0,NA,NA,NA
"subtlex_uk",7,26018,"bigram","HH","type",0,9,11,20,33,50,NA,NA,NA
"subtlex_uk",7,26018,"bigram","HI","type",96,272,30,171,117,34,NA,NA,NA
"subtlex_uk",7,26018,"bigram","HJ","type",2,0,1,0,0,0,NA,NA,NA
"subtlex_uk",7,26018,"bigram","HK","type",0,0,0,8,2,1,NA,NA,NA
"subtlex_uk",7,26018,"bigram","HL","type",0,5,22,19,15,1,NA,NA,NA
"subtlex_uk",7,26018,"bigram","HM","type",1,5,21,21,5,1,NA,NA,NA
"subtlex_uk",7,26018,"bigram","HN","type",0,0,14,16,4,0,NA,NA,NA
"subtlex_uk",7,26018,"bigram","HO","type",240,178,40,74,81,17,NA,NA,NA
"subtlex_uk",7,26018,"bigram","HP","type",0,1,1,3,0,0,NA,NA,NA
"subtlex_uk",7,26018,"bigram","HQ","type",0,0,0,1,0,0,NA,NA,NA
"subtlex_uk",7,26018,"bigram","HR","type",2,72,22,29,5,2,NA,NA,NA
"subtlex_uk",7,26018,"bigram","HS","type",0,1,0,3,3,57,NA,NA,NA
"subtlex_uk",7,26018,"bigram","HT","type",0,1,11,50,30,33,NA,NA,NA
"subtlex_uk",7,26018,"bigram","HU","type",129,80,15,20,24,2,NA,NA,NA
"subtlex_uk",7,26018,"bigram","HV","type",0,0,0,3,1,0,NA,NA,NA
"subtlex_uk",7,26018,"bigram","HW","type",0,9,9,8,0,0,NA,NA,NA
"subtlex_uk",7,26018,"bigram","HX","type",0,0,0,0,0,0,NA,NA,NA
"subtlex_uk",7,26018,"bigram","HY","type",20,21,2,2,9,59,NA,NA,NA
"subtlex_uk",7,26018,"bigram","HZ","type",0,0,0,3,0,0,NA,NA,NA
"subtlex_uk",7,26018,"bigram","IA","type",5,65,32,104,164,217,NA,NA,NA
"subtlex_uk",7,26018,"bigram","IB","type",6,83,39,50,11,5,NA,NA,NA
"subtlex_uk",7,26018,"bigram","IC","type",14,205,104,134,255,180,NA,NA,NA
"subtlex_uk",7,26018,"bigram","ID","type",7,153,81,81,106,77,NA,NA,NA
"subtlex_uk",7,26018,"bigram","IE","type",1,107,62,114,767,259,NA,NA,NA
"subtlex_uk",7,26018,"bigram","IF","type",1,33,61,22,61,3,NA,NA,NA
"subtlex_uk",7,26018,"bigram","IG","type",14,192,78,57,36,28,NA,NA,NA
"subtlex_uk",7,26018,"bigram","IH","type",0,4,4,3,3,1,NA,NA,NA
"subtlex_uk",7,26018,"bigram","II","type",0,0,3,7,0,9,NA,NA,NA
"subtlex_uk",7,26018,"bigram","IJ","type",0,7,5,2,5,0,NA,NA,NA
"subtlex_uk",7,26018,"bigram","IK","type",2,31,14,15,26,21,NA,NA,NA
"subtlex_uk",7,26018,"bigram","IL","type",9,316,185,139,177,74,NA,NA,NA
"subtlex_uk",7,26018,"bigram","IM","type",56,118,118,46,43,26,NA,NA,NA
"subtlex_uk",7,26018,"bigram","IN","type",218,449,316,255,1940,513,NA,NA,NA
"subtlex_uk",7,26018,"bigram","IO","type",7,39,13,86,159,56,NA,NA,NA
"subtlex_uk",7,26018,"bigram","IP","type",6,101,78,31,16,29,NA,NA,NA
"subtlex_uk",7,26018,"bigram","IQ","type",2,9,3,15,1,2,NA,NA,NA
"subtlex_uk",7,26018,"bigram","IR","type",13,158,98,60,89,49,NA,NA,NA
"subtlex_uk",7,26018,"bigram","IS","type",33,258,175,167,333,143,NA,NA,NA
"subtlex_uk",7,26018,"bigram","IT","type",10,193,201,141,258,101,NA,NA,NA
"subtlex_uk",7,26018,"bigram","IU","type",0,1,2,11,68,2,NA,NA,NA
"subtlex_uk",7,26018,"bigram","IV","type",9,65,46,48,54,1,NA,NA,NA
"subtlex_uk",7,26018,"bigram","IW","type",1,1,2,3,2,2,NA,NA,NA
"subtlex_uk",7,26018,"bigram","IX","type",0,14,6,5,2,14,NA,NA,NA
"subtlex_uk",7,26018,"bigram","IY","type",0,0,0,9,3,2,NA,NA,NA
"subtlex_uk",7,26018,"bigram","IZ","type",0,37,37,17,12,4,NA,NA,NA
"subtlex_uk",7,26018,"bigram","JA","type",113,5,5,13,9,8,NA,NA,NA
"subtlex_uk",7,26018,"bigram","JB","type",0,0,0,0,0,0,NA,NA,NA
"subtlex_uk",7,26018,"bigram","JC","type",0,0,0,0,0,0,NA,NA,NA
"subtlex_uk",7,26018,"bigram","JD","type",0,0,0,1,0,0,NA,NA,NA
"subtlex_uk",7,26018,"bigram","JE","type",68,5,11,9,3,2,NA,NA,NA
"subtlex_uk",7,26018,"bigram","JF","type",0,0,0,0,0,0,NA,NA,NA
"subtlex_uk",7,26018,"bigram","JG","type",0,0,0,0,0,0,NA,NA,NA
"subtlex_uk",7,26018,"bigram","JH","type",0,0,0,1,0,0,NA,NA,NA
"subtlex_uk",7,26018,"bigram","JI","type",44,3,12,9,6,7,NA,NA,NA
"subtlex_uk",7,26018,"bigram","JJ","type",0,0,1,0,0,0,NA,NA,NA
"subtlex_uk",7,26018,"bigram","JK","type",0,0,0,0,1,1,NA,NA,NA
"subtlex_uk",7,26018,"bigram","JL","type",0,0,0,0,0,0,NA,NA,NA
"subtlex_uk",7,26018,"bigram","JM","type",0,0,0,0,0,0,NA,NA,NA
"subtlex_uk",7,26018,"bigram","JN","type",0,0,2,1,0,2,NA,NA,NA
"subtlex_uk",7,26018,"bigram","JO","type",93,6,19,10,6,6,NA,NA,NA
"subtlex_uk",7,26018,"bigram","JP","type",0,0,0,0,0,0,NA,NA,NA
"subtlex_uk",7,26018,"bigram","JQ","type",0,0,0,0,0,0,NA,NA,NA
"subtlex_uk",7,26018,"bigram","JR","type",0,0,0,0,0,0,NA,NA,NA
"subtlex_uk",7,26018,"bigram","JS","type",0,0,0,0,0,1,NA,NA,NA
"subtlex_uk",7,26018,"bigram","JT","type",0,0,1,0,0,0,NA,NA,NA
"subtlex_uk",7,26018,"bigram","JU","type",73,2,9,4,1,1,NA,NA,NA
"subtlex_uk",7,26018,"bigram","JV","type",0,0,0,1,0,0,NA,NA,NA
"subtlex_uk",7,26018,"bigram","JW","type",0,0,0,0,0,0,NA,NA,NA
"subtlex_uk",7,26018,"bigram","JX","type",0,0,0,0,0,0,NA,NA,NA
"subtlex_uk",7,26018,"bigram","JY","type",0,0,0,0,0,1,NA,NA,NA
"subtlex_uk",7,26018,"bigram","JZ","type",0,0,0,0,0,0,NA,NA,NA
"subtlex_uk",7,26018,"bigram","KA","type",99,12,29,37,26,36,NA,NA,NA
"subtlex_uk",7,26018,"bigram","KB","type",0,0,1,7,0,0,NA,NA,NA
"subtlex_uk",7,26018,"bigram","KC","type",0,0,0,1,1,0,NA,NA,NA
"subtlex_uk",7,26018,"bigram","KD","type",0,0,2,5,0,0,NA,NA,NA
"subtlex_uk",7,26018,"bigram","KE","type",110,18,45,223,278,56,NA,NA,NA
"subtlex_uk",7,26018,"bigram","KF","type",0,0,1,6,0,0,NA,NA,NA
"subtlex_uk",7,26018,"bigram","KG","type",1,0,0,0,0,0,NA,NA,NA
"subtlex_uk",7,26018,"bigram","KH","type",16,4,19,23,4,4,NA,NA,NA
"subtlex_uk",7,26018,"bigram","KI","type",128,44,15,304,95,27,NA,NA,NA
"subtlex_uk",7,26018,"bigram","KJ","type",0,0,0,1,0,0,NA,NA,NA
"subtlex_uk",7,26018,"bigram","KK","type",0,1,7,6,1,0,NA,NA,NA
"subtlex_uk",7,26018,"bigram","KL","type",22,0,13,84,48,0,NA,NA,NA
"subtlex_uk",7,26018,"bigram","KM","type",0,0,3,23,0,0,NA,NA,NA
"subtlex_uk",7,26018,"bigram","KN","type",49,0,3,18,0,0,NA,NA,NA
"subtlex_uk",7,26018,"bigram","KO","type",43,5,9,35,17,10,NA,NA,NA
"subtlex_uk",7,26018,"bigram","KP","type",0,7,5,3,0,0,NA,NA,NA
"subtlex_uk",7,26018,"bigram","KQ","type",0,0,0,0,0,0,NA,NA,NA
"subtlex_uk",7,26018,"bigram","KR","type",31,5,8,10,2,0,NA,NA,NA
"subtlex_uk",7,26018,"bigram","KS","type",1,1,6,21,5,34,NA,NA,NA
"subtlex_uk",7,26018,"bigram","KT","type",0,0,5,10,0,0,NA,NA,NA
"subtlex_uk",7,26018,"bigram","KU","type",20,6,4,12,8,5,NA,NA,NA
"subtlex_uk",7,26018,"bigram","KV","type",1,0,1,0,0,0,NA,NA,NA
"subtlex_uk",7,26018,"bigram","KW","type",8,6,9,5,1,0,NA,NA,NA
"subtlex_uk",7,26018,"bigram","KX","type",0,0,0,0,0,0,NA,NA,NA
"subtlex_uk",7,26018,"bigram","KY","type",0,13,2,5,3,24,NA,NA,NA
"subtlex_uk",7,26018,"bigram","KZ","type",0,0,0,0,0,0,NA,NA,NA
"subtlex_uk",7,26018,"bigram","LA","type",279,332,161,273,134,145,NA,NA,NA
"subtlex_uk",7,26018,"bigram","LB","type",0,14,52,14,3,0,NA,NA,NA
"subtlex_uk",7,26018,"bigram","LC","type",0,8,52,5,1,0,NA,NA,NA
"subtlex_uk",7,26018,"bigram","LD","type",0,21,85,51,36,57,NA,NA,NA
"subtlex_uk",7,26018,"bigram","LE","type",216,202,141,330,1038,442,NA,NA,NA
"subtlex_uk",7,26018,"bigram","LF","type",0,11,53,8,8,19,NA,NA,NA
"subtlex_uk",7,26018,"bigram","LG","type",0,6,21,12,11,1,NA,NA,NA
"subtlex_uk",7,26018,"bigram","LH","type",0,1,15,10,1,0,NA,NA,NA
"subtlex_uk",7,26018,"bigram","LI","type",176,153,200,537,197,64,NA,NA,NA
"subtlex_uk",7,26018,"bigram","LJ","type",1,1,2,1,0,0,NA,NA,NA
"subtlex_uk",7,26018,"bigram","LK","type",1,7,54,16,3,7,NA,NA,NA
"subtlex_uk",7,26018,"bigram","LL","type",8,61,499,135,230,385,NA,NA,NA
"subtlex_uk",7,26018,"bigram","LM","type",0,16,51,29,2,7,NA,NA,NA
"subtlex_uk",7,26018,"bigram","LN","type",0,1,10,6,0,2,NA,NA,NA
"subtlex_uk",7,26018,"bigram","LO","type",189,191,96,212,100,46,NA,NA,NA
"subtlex_uk",7,26018,"bigram","LP","type",0,5,25,12,5,1,NA,NA,NA
"subtlex_uk",7,26018,"bigram","LQ","type",0,1,1,1,0,0,NA,NA,NA
"subtlex_uk",7,26018,"bigram","LR","type",0,3,10,5,6,0,NA,NA,NA
"subtlex_uk",7,26018,"bigram","LS","type",0,12,74,27,3,212,NA,NA,NA
"subtlex_uk",7,26018,"bigram","LT","type",0,6,100,59,23,47,NA,NA,NA
"subtlex_uk",7,26018,"bigram","LU","type",91,135,46,44,34,6,NA,NA,NA
"subtlex_uk",7,26018,"bigram","LV","type",0,8,40,12,8,0,NA,NA,NA
"subtlex_uk",7,26018,"bigram","LW","type",0,3,30,13,1,0,NA,NA,NA
"subtlex_uk",7,26018,"bigram","LX","type",0,0,0,0,0,0,NA,NA,NA
"subtlex_uk",7,26018,"bigram","LY","type",27,34,21,19,20,381,NA,NA,NA
"subtlex_uk",7,26018,"bigram","LZ","type",0,1,7,3,2,1,NA,NA,NA
"subtlex_uk",7,26018,"bigram","MA","type",641,51,113,153,291,46,NA,NA,NA
"subtlex_uk",7,26018,"bigram","MB","type",2,27,172,52,34,9,NA,NA,NA
"subtlex_uk",7,26018,"bigram","MC","type",114,0,8,2,1,0,NA,NA,NA
"subtlex_uk",7,26018,"bigram","MD","type",0,0,6,3,0,0,NA,NA,NA
"subtlex_uk",7,26018,"bigram","ME","type",246,33,95,153,189,65,NA,NA,NA
"subtlex_uk",7,26018,"bigram","MF","type",0,0,11,4,1,1,NA,NA,NA
"subtlex_uk",7,26018,"bigram","MG","type",0,0,3,0,1,0,NA,NA,NA
"subtlex_uk",7,26018,"bigram","MH","type",1,2,6,3,1,0,NA,NA,NA
"subtlex_uk",7,26018,"bigram","MI","type",248,38,85,197,81,20,NA,NA,NA
"subtlex_uk",7,26018,"bigram","MJ","type",2,0,1,0,0,0,NA,NA,NA
"subtlex_uk",7,26018,"bigram","MK","type",1,0,2,3,0,0,NA,NA,NA
"subtlex_uk",7,26018,"bigram","ML","type",0,2,17,26,3,0,NA,NA,NA
"subtlex_uk",7,26018,"bigram","MM","type",2,12,117,76,8,9,NA,NA,NA
"subtlex_uk",7,26018,"bigram","MN","type",0,6,12,5,5,2,NA,NA,NA
"subtlex_uk",7,26018,"bigram","MO","type",311,26,90,149,19,27,NA,NA,NA
"subtlex_uk",7,26018,"bigram","MP","type",0,66,188,61,12,5,NA,NA,NA
"subtlex_uk",7,26018,"bigram","MQ","type",0,0,2,0,0,0,NA,NA,NA
"subtlex_uk",7,26018,"bigram","MR","type",0,0,9,1,0,0,NA,NA,NA
"subtlex_uk",7,26018,"bigram","MS","type",0,3,32,17,0,88,NA,NA,NA
"subtlex_uk",7,26018,"bigram","MT","type",1,0,7,2,1,1,NA,NA,NA
"subtlex_uk",7,26018,"bigram","MU","type",169,14,19,23,20,3,NA,NA,NA
"subtlex_uk",7,26018,"bigram","MV","type",0,0,2,0,0,0,NA,NA,NA
"subtlex_uk",7,26018,"bigram","MW","type",1,0,4,2,0,0,NA,NA,NA
"subtlex_uk",7,26018,"bigram","MX","type",0,0,0,0,0,0,NA,NA,NA
"subtlex_uk",7,26018,"bigram","MY","type",22,2,1,5,1,18,NA,NA,NA
"subtlex_uk",7,26018,"bigram","MZ","type",0,0,0,0,0,0,NA,NA,NA
"subtlex_uk",7,26018,"bigram","NA","type",126,66,132,158,102,177,NA,NA,NA
"subtlex_uk",7,26018,"bigram","NB","type",0,19,28,8,6,0,NA,NA,NA
"subtlex_uk",7,26018,"bigram","NC","type",0,60,140,83,68,2,NA,NA,NA
"subtlex_uk",7,26018,"bigram","ND","type",3,69,313,162,108,191,NA,NA,NA
"subtlex_uk",7,26018,"bigram","NE","type",146,62,154,292,352,319,NA,NA,NA
"subtlex_uk",7,26018,"bigram","NF","type",1,46,45,6,0,0,NA,NA,NA
"subtlex_uk",7,26018,"bigram","NG","type",1,56,249,127,115,1562,NA,NA,NA
"subtlex_uk",7,26018,"bigram","NH","type",0,16,21,28,3,0,NA,NA,NA
"subtlex_uk",7,26018,"bigram","NI","type",86,64,115,319,153,103,NA,NA,NA
"subtlex_uk",7,26018,"bigram","NJ","type",1,9,16,6,6,0,NA,NA,NA
"subtlex_uk",7,26018,"bigram","NK","type",2,10,115,101,14,21,NA,NA,NA
"subtlex_uk",7,26018,"bigram","NL","type",0,17,22,28,12,0,NA,NA,NA
"subtlex_uk",7,26018,"bigram","NM","type",0,5,12,10,1,0,NA,NA,NA
"subtlex_uk",7,26018,"bigram","NN","type",4,22,247,99,70,36,NA,NA,NA
"subtlex_uk",7,26018,"bigram","NO","type",123,67,61,73,70,84,NA,NA,NA
"subtlex_uk",7,26018,"bigram","NP","type",0,8,7,3,0,0,NA,NA,NA
"subtlex_uk",7,26018,"bigram","NQ","type",0,7,5,0,0,0,NA,NA,NA
"subtlex_uk",7,26018,"bigram","NR","type",0,12,21,5,6,0,NA,NA,NA
"subtlex_uk",7,26018,"bigram","NS","type",0,74,154,51,18,511,NA,NA,NA
"subtlex_uk",7,26018,"bigram","NT","type",0,100,236,156,116,238,NA,NA,NA
"subtlex_uk",7,26018,"bigram","NU","type",65,18,41,15,35,3,NA,NA,NA
"subtlex_uk",7,26018,"bigram","NV","type",0,26,15,1,0,0,NA,NA,NA
"subtlex_uk",7,26018,"bigram","NW","type",1,13,25,7,3,0,NA,NA,NA
"subtlex_uk",7,26018,"bigram","NX","type",0,4,3,1,1,2,NA,NA,NA
"subtlex_uk",7,26018,"bigram","NY","type",5,13,19,8,13,61,NA,NA,NA
"subtlex_uk",7,26018,"bigram","NZ","type",0,3,20,9,17,3,NA,NA,NA
"subtlex_uk",7,26018,"bigram","OA","type",19,99,30,20,27,4,NA,NA,NA
"subtlex_uk",7,26018,"bigram","OB","type",22,126,44,23,11,6,NA,NA,NA
"subtlex_uk",7,26018,"bigram","OC","type",20,127,69,23,136,2,NA,NA,NA
"subtlex_uk",7,26018,"bigram","OD","type",11,112,91,43,32,65,NA,NA,NA
"subtlex_uk",7,26018,"bigram","OE","type",4,34,16,12,39,23,NA,NA,NA
"subtlex_uk",7,26018,"bigram","OF","type",33,36,40,9,37,8,NA,NA,NA
"subtlex_uk",7,26018,"bigram","OG","type",6,102,54,16,25,16,NA,NA,NA
"subtlex_uk",7,26018,"bigram","OH","type",3,31,4,7,2,9,NA,NA,NA
"subtlex_uk",7,26018,"bigram","OI","type",8,70,25,47,61,3,NA,NA,NA
"subtlex_uk",7,26018,"bigram","OJ","type",0,4,3,1,4,0,NA,NA,NA
"subtlex_uk",7,26018,"bigram","OK","type",11,13,55,28,19,20,NA,NA,NA
"subtlex_uk",7,26018,"bigram","OL","type",30,338,85,92,165,53,NA,NA,NA
"subtlex_uk",7,26018,"bigram","OM","type",14,188,88,65,53,48,NA,NA,NA
"subtlex_uk",7,26018,"bigram","ON","type",35,361,130,163,326,698,NA,NA,NA
"subtlex_uk",7,26018,"bigram","OO","type",14,342,154,69,168,36,NA,NA,NA
"subtlex_uk",7,26018,"bigram","OP","type",28,113,94,56,23,46,NA,NA,NA
"subtlex_uk",7,26018,"bigram","OQ","type",0,1,1,2,1,0,NA,NA,NA
"subtlex_uk",7,26018,"bigram","OR","type",76,548,135,139,325,114,NA,NA,NA
"subtlex_uk",7,26018,"bigram","OS","type",21,198,85,52,74,126,NA,NA,NA
"subtlex_uk",7,26018,"bigram","OT","type",12,148,137,86,89,76,NA,NA,NA
"subtlex_uk",7,26018,"bigram","OU","type",76,359,94,104,191,23,NA,NA,NA
"subtlex_uk",7,26018,"bigram","OV","type",47,41,33,46,26,30,NA,NA,NA
"subtlex_uk",7,26018,"bigram","OW","type",5,146,97,32,77,70,NA,NA,NA
"subtlex_uk",7,26018,"bigram","OX","type",13,36,11,8,1,39,NA,NA,NA
"subtlex_uk",7,26018,"bigram","OY","type",2,43,12,13,22,42,NA,NA,NA
"subtlex_uk",7,26018,"bigram","OZ","type",1,17,12,8,11,4,NA,NA,NA
"subtlex_uk",7,26018,"bigram","PA","type",357,49,57,75,31,10,NA,NA,NA
"subtlex_uk",7,26018,"bigram","PB","type",0,4,9,19,15,2,NA,NA,NA
"subtlex_uk",7,26018,"bigram","PC","type",0,3,5,2,0,0,NA,NA,NA
"subtlex_uk",7,26018,"bigram","PD","type",0,3,2,3,0,1,NA,NA,NA
"subtlex_uk",7,26018,"bigram","PE","type",256,54,66,168,205,15,NA,NA,NA
"subtlex_uk",7,26018,"bigram","PF","type",8,3,4,3,0,1,NA,NA,NA
"subtlex_uk",7,26018,"bigram","PG","type",0,1,3,2,0,0,NA,NA,NA
"subtlex_uk",7,26018,"bigram","PH","type",61,12,35,39,13,9,NA,NA,NA
"subtlex_uk",7,26018,"bigram","PI","type",223,62,58,216,68,4,NA,NA,NA
"subtlex_uk",7,26018,"bigram","PJ","type",0,0,0,0,0,0,NA,NA,NA
"subtlex_uk",7,26018,"bigram","PK","type",0,0,9,4,0,0,NA,NA,NA
"subtlex_uk",7,26018,"bigram","PL","type",157,25,61,92,43,4,NA,NA,NA
"subtlex_uk",7,26018,"bigram","PM","type",0,0,1,7,0,0,NA,NA,NA
"subtlex_uk",7,26018,"bigram","PN","type",0,0,4,3,0,0,NA,NA,NA
"subtlex_uk",7,26018,"bigram","PO","type",253,42,47,79,30,7,NA,NA,NA
"subtlex_uk",7,26018,"bigram","PP","type",0,25,162,111,14,7,NA,NA,NA
"subtlex_uk",7,26018,"bigram","PQ","type",0,0,0,0,0,0,NA,NA,NA
"subtlex_uk",7,26018,"bigram","PR","type",294,34,44,13,2,0,NA,NA,NA
"subtlex_uk",7,26018,"bigram","PS","type",9,21,29,24,11,53,NA,NA,NA
"subtlex_uk",7,26018,"bigram","PT","type",2,9,41,43,8,13,NA,NA,NA
"subtlex_uk",7,26018,"bigram","PU","type",124,10,21,13,15,1,NA,NA,NA
"subtlex_uk",7,26018,"bigram","PV","type",0,0,0,0,0,0,NA,NA,NA
"subtlex_uk",7,26018,"bigram","PW","type",0,6,10,6,0,0,NA,NA,NA
"subtlex_uk",7,26018,"bigram","PX","type",0,0,0,0,0,0,NA,NA,NA
"subtlex_uk",7,26018,"bigram","PY","type",14,3,8,2,0,12,NA,NA,NA
"subtlex_uk",7,26018,"bigram","PZ","type",0,0,0,1,0,1,NA,NA,NA
"subtlex_uk",7,26018,"bigram","QA","type",4,2,1,4,4,0,NA,NA,NA
"subtlex_uk",7,26018,"bigram","QB","type",0,0,1,0,0,0,NA,NA,NA
"subtlex_uk",7,26018,"bigram","QC","type",0,0,0,0,0,0,NA,NA,NA
"subtlex_uk",7,26018,"bigram","QD","type",0,0,0,0,0,0,NA,NA,NA
"subtlex_uk",7,26018,"bigram","QE","type",0,1,0,1,0,0,NA,NA,NA
"subtlex_uk",7,26018,"bigram","QF","type",0,0,0,0,0,0,NA,NA,NA
"subtlex_uk",7,26018,"bigram","QG","type",0,0,0,0,0,0,NA,NA,NA
"subtlex_uk",7,26018,"bigram","QH","type",0,0,0,0,0,0,NA,NA,NA
"subtlex_uk",7,26018,"bigram","QI","type",4,0,1,1,0,2,NA,NA,NA
"subtlex_uk",7,26018,"bigram","QJ","type",0,0,0,0,0,0,NA,NA,NA
"subtlex_uk",7,26018,"bigram","QK","type",0,0,0,0,0,0,NA,NA,NA
"subtlex_uk",7,26018,"bigram","QL","type",0,0,0,0,0,0,NA,NA,NA
"subtlex_uk",7,26018,"bigram","QM","type",0,0,0,0,0,0,NA,NA,NA
"subtlex_uk",7,26018,"bigram","QN","type",0,0,0,0,0,0,NA,NA,NA
"subtlex_uk",7,26018,"bigram","QO","type",0,0,0,0,0,0,NA,NA,NA
"subtlex_uk",7,26018,"bigram","QP","type",0,0,0,0,0,0,NA,NA,NA
"subtlex_uk",7,26018,"bigram","QQ","type",0,0,3,0,0,0,NA,NA,NA
"subtlex_uk",7,26018,"bigram","QR","type",0,0,0,0,0,0,NA,NA,NA
"subtlex_uk",7,26018,"bigram","QS","type",0,0,1,0,0,0,NA,NA,NA
"subtlex_uk",7,26018,"bigram","QT","type",0,0,1,0,1,0,NA,NA,NA
"subtlex_uk",7,26018,"bigram","QU","type",114,68,42,59,28,0,NA,NA,NA
"subtlex_uk",7,26018,"bigram","QV","type",1,0,0,0,0,0,NA,NA,NA
"subtlex_uk",7,26018,"bigram","QW","type",0,0,0,0,0,0,NA,NA,NA
"subtlex_uk",7,26018,"bigram","QX","type",0,0,0,0,0,0,NA,NA,NA
"subtlex_uk",7,26018,"bigram","QY","type",0,0,0,0,0,0,NA,NA,NA
"subtlex_uk",7,26018,"bigram","QZ","type",0,0,0,0,0,0,NA,NA,NA
"subtlex_uk",7,26018,"bigram","RA","type",262,510,244,222,161,150,NA,NA,NA
"subtlex_uk",7,26018,"bigram","RB","type",0,12,110,22,19,6,NA,NA,NA
"subtlex_uk",7,26018,"bigram","RC","type",1,24,90,28,15,1,NA,NA,NA
"subtlex_uk",7,26018,"bigram","RD","type",0,22,159,46,53,258,NA,NA,NA
"subtlex_uk",7,26018,"bigram","RE","type",536,400,227,247,331,251,NA,NA,NA
"subtlex_uk",7,26018,"bigram","RF","type",0,1,42,9,0,3,NA,NA,NA
"subtlex_uk",7,26018,"bigram","RG","type",0,27,98,39,55,33,NA,NA,NA
"subtlex_uk",7,26018,"bigram","RH","type",25,3,20,9,0,1,NA,NA,NA
"subtlex_uk",7,26018,"bigram","RI","type",128,435,248,436,188,64,NA,NA,NA
"subtlex_uk",7,26018,"bigram","RJ","type",0,0,5,2,1,0,NA,NA,NA
"subtlex_uk",7,26018,"bigram","RK","type",0,3,97,31,7,32,NA,NA,NA
"subtlex_uk",7,26018,"bigram","RL","type",0,9,126,41,34,5,NA,NA,NA
"subtlex_uk",7,26018,"bigram","RM","type",0,22,130,47,12,18,NA,NA,NA
"subtlex_uk",7,26018,"bigram","RN","type",0,12,156,61,46,94,NA,NA,NA
"subtlex_uk",7,26018,"bigram","RO","type",256,418,156,189,92,61,NA,NA,NA
"subtlex_uk",7,26018,"bigram","RP","type",1,6,66,38,3,5,NA,NA,NA
"subtlex_uk",7,26018,"bigram","RQ","type",0,1,14,0,0,0,NA,NA,NA
"subtlex_uk",7,26018,"bigram","RR","type",8,51,330,75,56,17,NA,NA,NA
"subtlex_uk",7,26018,"bigram","RS","type",0,7,155,43,16,939,NA,NA,NA
"subtlex_uk",7,26018,"bigram","RT","type",0,15,223,88,84,117,NA,NA,NA
"subtlex_uk",7,26018,"bigram","RU","type",105,164,48,32,54,5,NA,NA,NA
"subtlex_uk",7,26018,"bigram","RV","type",0,5,63,11,11,0,NA,NA,NA
"subtlex_uk",7,26018,"bigram","RW","type",1,2,48,6,0,0,NA,NA,NA
"subtlex_uk",7,26018,"bigram","RX","type",0,0,3,1,0,0,NA,NA,NA
"subtlex_uk",7,26018,"bigram","RY","type",13,28,23,21,11,309,NA,NA,NA
"subtlex_uk",7,26018,"bigram","RZ","type",0,4,10,3,1,2,NA,NA,NA
"subtlex_uk",7,26018,"bigram","SA","type",287,14,62,104,38,34,NA,NA,NA
"subtlex_uk",7,26018,"bigram","SB","type",0,3,23,6,12,1,NA,NA,NA
"subtlex_uk",7,26018,"bigram","SC","type",238,23,87,12,28,1,NA,NA,NA
"subtlex_uk",7,26018,"bigram","SD","type",0,0,11,19,0,1,NA,NA,NA
"subtlex_uk",7,26018,"bigram","SE","type",267,10,113,175,313,178,NA,NA,NA
"subtlex_uk",7,26018,"bigram","SF","type",2,2,10,2,1,0,NA,NA,NA
"subtlex_uk",7,26018,"bigram","SG","type",0,1,4,1,0,0,NA,NA,NA
"subtlex_uk",7,26018,"bigram","SH","type",376,32,164,182,53,203,NA,NA,NA
"subtlex_uk",7,26018,"bigram","SI","type",195,7,79,282,103,17,NA,NA,NA
"subtlex_uk",7,26018,"bigram","SJ","type",1,0,0,0,0,0,NA,NA,NA
"subtlex_uk",7,26018,"bigram","SK","type",85,7,51,23,27,12,NA,NA,NA
"subtlex_uk",7,26018,"bigram","SL","type",120,2,25,79,12,0,NA,NA,NA
"subtlex_uk",7,26018,"bigram","SM","type",68,7,27,37,7,41,NA,NA,NA
"subtlex_uk",7,26018,"bigram","SN","type",89,0,9,22,1,0,NA,NA,NA
"subtlex_uk",7,26018,"bigram","SO","type",161,13,36,97,163,26,NA,NA,NA
"subtlex_uk",7,26018,"bigram","SP","type",213,14,65,27,0,0,NA,NA,NA
"subtlex_uk",7,26018,"bigram","SQ","type",46,2,9,3,0,0,NA,NA,NA
"subtlex_uk",7,26018,"bigram","SR","type",1,1,11,1,3,0,NA,NA,NA
"subtlex_uk",7,26018,"bigram","SS","type",4,45,239,150,53,221,NA,NA,NA
"subtlex_uk",7,26018,"bigram","ST","type",469,41,373,290,91,252,NA,NA,NA
"subtlex_uk",7,26018,"bigram","SU","type",193,8,37,51,20,4,NA,NA,NA
"subtlex_uk",7,26018,"bigram","SV","type",4,1,0,1,0,0,NA,NA,NA
"subtlex_uk",7,26018,"bigram","SW","type",100,1,21,3,2,0,NA,NA,NA
"subtlex_uk",7,26018,"bigram","SX","type",0,0,0,0,0,0,NA,NA,NA
"subtlex_uk",7,26018,"bigram","SY","type",33,6,8,4,1,30,NA,NA,NA
"subtlex_uk",7,26018,"bigram","SZ","type",1,1,0,1,0,5,NA,NA,NA
"subtlex_uk",7,26018,"bigram","TA","type",251,136,132,203,109,124,NA,NA,NA
"subtlex_uk",7,26018,"bigram","TB","type",1,0,22,11,2,0,NA,NA,NA
"subtlex_uk",7,26018,"bigram","TC","type",0,4,107,19,16,0,NA,NA,NA
"subtlex_uk",7,26018,"bigram","TD","type",0,0,7,1,3,5,NA,NA,NA
"subtlex_uk",7,26018,"bigram","TE","type",187,88,123,332,642,284,NA,NA,NA
"subtlex_uk",7,26018,"bigram","TF","type",2,0,17,11,0,0,NA,NA,NA
"subtlex_uk",7,26018,"bigram","TG","type",0,0,6,3,0,0,NA,NA,NA
"subtlex_uk",7,26018,"bigram","TH","type",213,20,142,164,57,118,NA,NA,NA
"subtlex_uk",7,26018,"bigram","TI","type",162,59,116,607,167,50,NA,NA,NA
"subtlex_uk",7,26018,"bigram","TJ","type",0,0,3,2,0,0,NA,NA,NA
"subtlex_uk",7,26018,"bigram","TK","type",13,8,10,1,0,0,NA,NA,NA
"subtlex_uk",7,26018,"bigram","TL","type",1,2,52,121,77,3,NA,NA,NA
"subtlex_uk",7,26018,"bigram","TM","type",0,0,15,38,1,1,NA,NA,NA
"subtlex_uk",7,26018,"bigram","TN","type",0,0,12,34,2,0,NA,NA,NA
"subtlex_uk",7,26018,"bigram","TO","type",221,72,78,180,320,95,NA,NA,NA
"subtlex_uk",7,26018,"bigram","TP","type",8,6,11,6,0,0,NA,NA,NA
"subtlex_uk",7,26018,"bigram","TQ","type",0,0,0,1,0,0,NA,NA,NA
"subtlex_uk",7,26018,"bigram","TR","type",290,89,91,100,43,0,NA,NA,NA
"subtlex_uk",7,26018,"bigram","TS","type",10,2,54,30,18,420,NA,NA,NA
"subtlex_uk",7,26018,"bigram","TT","type",0,29,271,158,123,212,NA,NA,NA
"subtlex_uk",7,26018,"bigram","TU","type",89,48,47,78,39,5,NA,NA,NA
"subtlex_uk",7,26018,"bigram","TV","type",0,0,3,1,0,0,NA,NA,NA
"subtlex_uk",7,26018,"bigram","TW","type",67,1,37,14,0,2,NA,NA,NA
"subtlex_uk",7,26018,"bigram","TX","type",0,0,0,0,2,0,NA,NA,NA
"subtlex_uk",7,26018,"bigram","TY","type",20,7,11,15,10,205,NA,NA,NA
"subtlex_uk",7,26018,"bigram","TZ","type",2,0,10,29,4,16,NA,NA,NA
"subtlex_uk",7,26018,"bigram","UA","type",0,69,41,33,32,12,NA,NA,NA
"subtlex_uk",7,26018,"bigram","UB","type",1,95,54,15,4,7,NA,NA,NA
"subtlex_uk",7,26018,"bigram","UC","type",1,111,59,38,28,1,NA,NA,NA
"subtlex_uk",7,26018,"bigram","UD","type",5,96,58,26,20,26,NA,NA,NA
"subtlex_uk",7,26018,"bigram","UE","type",1,68,33,39,85,46,NA,NA,NA
"subtlex_uk",7,26018,"bigram","UF","type",1,51,34,6,6,7,NA,NA,NA
"subtlex_uk",7,26018,"bigram","UG","type",3,91,72,24,11,7,NA,NA,NA
"subtlex_uk",7,26018,"bigram","UH","type",2,3,1,4,1,1,NA,NA,NA
"subtlex_uk",7,26018,"bigram","UI","type",3,100,57,51,31,4,NA,NA,NA
"subtlex_uk",7,26018,"bigram","UJ","type",0,6,3,1,2,0,NA,NA,NA
"subtlex_uk",7,26018,"bigram","UK","type",7,11,9,4,11,6,NA,NA,NA
"subtlex_uk",7,26018,"bigram","UL","type",6,168,104,74,61,70,NA,NA,NA
"subtlex_uk",7,26018,"bigram","UM","type",9,159,82,41,45,110,NA,NA,NA
"subtlex_uk",7,26018,"bigram","UN","type",165,241,144,47,52,19,NA,NA,NA
"subtlex_uk",7,26018,"bigram","UO","type",0,9,4,11,2,0,NA,NA,NA
"subtlex_uk",7,26018,"bigram","UP","type",47,47,29,11,22,45,NA,NA,NA
"subtlex_uk",7,26018,"bigram","UQ","type",0,1,3,0,0,0,NA,NA,NA
"subtlex_uk",7,26018,"bigram","UR","type",22,332,145,106,218,67,NA,NA,NA
"subtlex_uk",7,26018,"bigram","US","type",18,189,104,73,59,272,NA,NA,NA
"subtlex_uk",7,26018,"bigram","UT","type",10,196,78,59,62,64,NA,NA,NA
"subtlex_uk",7,26018,"bigram","UU","type",2,6,7,5,1,1,NA,NA,NA
"subtlex_uk",7,26018,"bigram","UV","type",0,6,19,7,3,1,NA,NA,NA
"subtlex_uk",7,26018,"bigram","UW","type",0,2,1,1,0,1,NA,NA,NA
"subtlex_uk",7,26018,"bigram","UX","type",0,5,5,2,0,28,NA,NA,NA
"subtlex_uk",7,26018,"bigram","UY","type",1,7,3,0,5,3,NA,NA,NA
"subtlex_uk",7,26018,"bigram","UZ","type",0,32,5,8,2,1,NA,NA,NA
"subtlex_uk",7,26018,"bigram","VA","type",104,16,62,54,32,28,NA,NA,NA
"subtlex_uk",7,26018,"bigram","VB","type",0,0,1,0,0,0,NA,NA,NA
"subtlex_uk",7,26018,"bigram","VC","type",0,0,0,0,1,0,NA,NA,NA
"subtlex_uk",7,26018,"bigram","VD","type",0,0,1,0,0,1,NA,NA,NA
"subtlex_uk",7,26018,"bigram","VE","type",110,81,139,135,130,95,NA,NA,NA
"subtlex_uk",7,26018,"bigram","VF","type",0,0,0,0,0,0,NA,NA,NA
"subtlex_uk",7,26018,"bigram","VG","type",0,1,1,0,0,0,NA,NA,NA
"subtlex_uk",7,26018,"bigram","VH","type",0,0,0,0,0,0,NA,NA,NA
"subtlex_uk",7,26018,"bigram","VI","type",112,14,115,131,41,7,NA,NA,NA
"subtlex_uk",7,26018,"bigram","VJ","type",0,0,0,0,0,0,NA,NA,NA
"subtlex_uk",7,26018,"bigram","VK","type",0,0,0,1,0,0,NA,NA,NA
"subtlex_uk",7,26018,"bigram","VL","type",3,0,4,1,0,0,NA,NA,NA
"subtlex_uk",7,26018,"bigram","VM","type",0,0,0,0,0,0,NA,NA,NA
"subtlex_uk",7,26018,"bigram","VN","type",0,0,1,0,0,0,NA,NA,NA
"subtlex_uk",7,26018,"bigram","VO","type",51,13,31,24,7,4,NA,NA,NA
"subtlex_uk",7,26018,"bigram","VP","type",0,1,0,0,0,0,NA,NA,NA
"subtlex_uk",7,26018,"bigram","VQ","type",0,0,0,0,0,0,NA,NA,NA
"subtlex_uk",7,26018,"bigram","VR","type",1,0,5,6,4,0,NA,NA,NA
"subtlex_uk",7,26018,"bigram","VS","type",0,0,2,0,1,3,NA,NA,NA
"subtlex_uk",7,26018,"bigram","VT","type",0,0,0,0,0,0,NA,NA,NA
"subtlex_uk",7,26018,"bigram","VU","type",7,1,2,2,3,0,NA,NA,NA
"subtlex_uk",7,26018,"bigram","VV","type",0,0,12,4,0,0,NA,NA,NA
"subtlex_uk",7,26018,"bigram","VW","type",0,0,0,0,0,0,NA,NA,NA
"subtlex_uk",7,26018,"bigram","VX","type",0,0,0,0,0,0,NA,NA,NA
"subtlex_uk",7,26018,"bigram","VY","type",0,0,4,2,1,3,NA,NA,NA
"subtlex_uk",7,26018,"bigram","VZ","type",0,0,0,0,0,0,NA,NA,NA
"subtlex_uk",7,26018,"bigram","WA","type",248,68,37,92,94,5,NA,NA,NA
"subtlex_uk",7,26018,"bigram","WB","type",0,0,22,4,1,0,NA,NA,NA
"subtlex_uk",7,26018,"bigram","WC","type",0,0,5,2,3,0,NA,NA,NA
"subtlex_uk",7,26018,"bigram","WD","type",0,0,21,10,0,0,NA,NA,NA
"subtlex_uk",7,26018,"bigram","WE","type",154,45,19,107,37,8,NA,NA,NA
"subtlex_uk",7,26018,"bigram","WF","type",0,1,4,1,1,0,NA,NA,NA
"subtlex_uk",7,26018,"bigram","WG","type",0,0,6,1,0,0,NA,NA,NA
"subtlex_uk",7,26018,"bigram","WH","type",170,1,16,4,3,0,NA,NA,NA
"subtlex_uk",7,26018,"bigram","WI","type",204,66,17,106,16,2,NA,NA,NA
"subtlex_uk",7,26018,"bigram","WJ","type",0,0,0,1,0,0,NA,NA,NA
"subtlex_uk",7,26018,"bigram","WK","type",0,1,11,2,3,4,NA,NA,NA
"subtlex_uk",7,26018,"bigram","WL","type",0,0,43,19,4,2,NA,NA,NA
"subtlex_uk",7,26018,"bigram","WM","type",0,7,6,9,0,1,NA,NA,NA
"subtlex_uk",7,26018,"bigram","WN","type",0,5,26,18,4,28,NA,NA,NA
"subtlex_uk",7,26018,"bigram","WO","type",136,23,16,66,3,0,NA,NA,NA
"subtlex_uk",7,26018,"bigram","WP","type",0,0,8,1,0,0,NA,NA,NA
"subtlex_uk",7,26018,"bigram","WQ","type",0,0,1,1,0,0,NA,NA,NA
"subtlex_uk",7,26018,"bigram","WR","type",43,3,12,1,2,4,NA,NA,NA
"subtlex_uk",7,26018,"bigram","WS","type",0,0,29,9,1,61,NA,NA,NA
"subtlex_uk",7,26018,"bigram","WT","type",0,0,12,4,1,0,NA,NA,NA
"subtlex_uk",7,26018,"bigram","WU","type",6,2,2,3,0,0,NA,NA,NA
"subtlex_uk",7,26018,"bigram","WV","type",0,0,0,0,0,0,NA,NA,NA
"subtlex_uk",7,26018,"bigram","WW","type",0,2,5,5,4,4,NA,NA,NA
"subtlex_uk",7,26018,"bigram","WX","type",0,0,0,0,0,0,NA,NA,NA
"subtlex_uk",7,26018,"bigram","WY","type",12,12,5,6,10,13,NA,NA,NA
"subtlex_uk",7,26018,"bigram","WZ","type",0,1,3,0,0,0,NA,NA,NA
"subtlex_uk",7,26018,"bigram","XA","type",3,8,9,4,1,1,NA,NA,NA
"subtlex_uk",7,26018,"bigram","XB","type",0,3,2,0,0,0,NA,NA,NA
"subtlex_uk",7,26018,"bigram","XC","type",0,23,6,1,0,0,NA,NA,NA
"subtlex_uk",7,26018,"bigram","XD","type",0,0,0,0,0,0,NA,NA,NA
"subtlex_uk",7,26018,"bigram","XE","type",1,5,5,1,28,3,NA,NA,NA
"subtlex_uk",7,26018,"bigram","XF","type",0,2,7,0,0,0,NA,NA,NA
"subtlex_uk",7,26018,"bigram","XG","type",0,0,0,0,0,0,NA,NA,NA
"subtlex_uk",7,26018,"bigram","XH","type",0,7,7,4,0,0,NA,NA,NA
"subtlex_uk",7,26018,"bigram","XI","type",2,8,21,16,7,3,NA,NA,NA
"subtlex_uk",7,26018,"bigram","XJ","type",0,0,0,0,0,0,NA,NA,NA
"subtlex_uk",7,26018,"bigram","XK","type",0,0,1,0,0,0,NA,NA,NA
"subtlex_uk",7,26018,"bigram","XL","type",0,0,3,1,0,0,NA,NA,NA
"subtlex_uk",7,26018,"bigram","XM","type",0,3,2,2,0,0,NA,NA,NA
"subtlex_uk",7,26018,"bigram","XN","type",0,0,0,1,0,0,NA,NA,NA
"subtlex_uk",7,26018,"bigram","XO","type",1,7,2,2,0,0,NA,NA,NA
"subtlex_uk",7,26018,"bigram","XP","type",0,26,2,0,0,0,NA,NA,NA
"subtlex_uk",7,26018,"bigram","XQ","type",0,0,0,0,0,0,NA,NA,NA
"subtlex_uk",7,26018,"bigram","XR","type",0,0,1,1,0,0,NA,NA,NA
"subtlex_uk",7,26018,"bigram","XS","type",1,2,3,0,0,1,NA,NA,NA
"subtlex_uk",7,26018,"bigram","XT","type",0,11,20,12,1,4,NA,NA,NA
"subtlex_uk",7,26018,"bigram","XU","type",0,2,1,2,1,0,NA,NA,NA
"subtlex_uk",7,26018,"bigram","XV","type",0,0,0,0,0,0,NA,NA,NA
"subtlex_uk",7,26018,"bigram","XW","type",0,0,8,0,0,0,NA,NA,NA
"subtlex_uk",7,26018,"bigram","XX","type",0,0,0,0,0,1,NA,NA,NA
"subtlex_uk",7,26018,"bigram","XY","type",0,1,1,0,0,1,NA,NA,NA
"subtlex_uk",7,26018,"bigram","XZ","type",0,0,1,0,0,0,NA,NA,NA
"subtlex_uk",7,26018,"bigram","YA","type",42,9,22,28,22,26,NA,NA,NA
"subtlex_uk",7,26018,"bigram","YB","type",0,9,24,7,3,0,NA,NA,NA
"subtlex_uk",7,26018,"bigram","YC","type",0,19,18,7,9,0,NA,NA,NA
"subtlex_uk",7,26018,"bigram","YD","type",1,13,15,17,3,6,NA,NA,NA
"subtlex_uk",7,26018,"bigram","YE","type",41,26,16,23,60,17,NA,NA,NA
"subtlex_uk",7,26018,"bigram","YF","type",0,6,7,4,0,0,NA,NA,NA
"subtlex_uk",7,26018,"bigram","YG","type",1,7,7,4,0,0,NA,NA,NA
"subtlex_uk",7,26018,"bigram","YH","type",0,1,8,0,1,0,NA,NA,NA
"subtlex_uk",7,26018,"bigram","YI","type",12,0,5,45,7,4,NA,NA,NA
"subtlex_uk",7,26018,"bigram","YJ","type",0,1,0,1,0,0,NA,NA,NA
"subtlex_uk",7,26018,"bigram","YK","type",0,4,1,3,4,1,NA,NA,NA
"subtlex_uk",7,26018,"bigram","YL","type",0,12,43,17,11,2,NA,NA,NA
"subtlex_uk",7,26018,"bigram","YM","type",0,15,17,9,2,5,NA,NA,NA
"subtlex_uk",7,26018,"bigram","YN","type",3,47,47,11,16,33,NA,NA,NA
"subtlex_uk",7,26018,"bigram","YO","type",53,2,20,11,12,2,NA,NA,NA
"subtlex_uk",7,26018,"bigram","YP","type",0,16,13,3,5,0,NA,NA,NA
"subtlex_uk",7,26018,"bigram","YQ","type",0,0,1,0,0,0,NA,NA,NA
"subtlex_uk",7,26018,"bigram","YR","type",0,27,14,7,8,1,NA,NA,NA
"subtlex_uk",7,26018,"bigram","YS","type",1,21,43,8,4,129,NA,NA,NA
"subtlex_uk",7,26018,"bigram","YT","type",2,8,19,11,9,0,NA,NA,NA
"subtlex_uk",7,26018,"bigram","YU","type",11,2,0,5,2,2,NA,NA,NA
"subtlex_uk",7,26018,"bigram","YV","type",0,3,1,2,0,0,NA,NA,NA
"subtlex_uk",7,26018,"bigram","YW","type",0,2,20,0,0,0,NA,NA,NA
"subtlex_uk",7,26018,"bigram","YX","type",0,0,0,0,0,1,NA,NA,NA
"subtlex_uk",7,26018,"bigram","YY","type",0,0,0,2,1,2,NA,NA,NA
"subtlex_uk",7,26018,"bigram","YZ","type",0,0,2,1,1,0,NA,NA,NA
"subtlex_uk",7,26018,"bigram","ZA","type",29,4,28,24,15,27,NA,NA,NA
"subtlex_uk",7,26018,"bigram","ZB","type",1,1,0,2,0,0,NA,NA,NA
"subtlex_uk",7,26018,"bigram","ZC","type",0,2,2,0,0,0,NA,NA,NA
"subtlex_uk",7,26018,"bigram","ZD","type",0,0,0,1,0,0,NA,NA,NA
"subtlex_uk",7,26018,"bigram","ZE","type",19,5,24,36,78,23,NA,NA,NA
"subtlex_uk",7,26018,"bigram","ZF","type",0,0,0,0,0,0,NA,NA,NA
"subtlex_uk",7,26018,"bigram","ZG","type",0,0,0,1,0,0,NA,NA,NA
"subtlex_uk",7,26018,"bigram","ZH","type",3,0,3,4,0,0,NA,NA,NA
"subtlex_uk",7,26018,"bigram","ZI","type",27,6,14,59,30,10,NA,NA,NA
"subtlex_uk",7,26018,"bigram","ZJ","type",0,0,0,0,0,0,NA,NA,NA
"subtlex_uk",7,26018,"bigram","ZK","type",0,1,0,0,3,0,NA,NA,NA
"subtlex_uk",7,26018,"bigram","ZL","type",0,0,2,30,18,1,NA,NA,NA
"subtlex_uk",7,26018,"bigram","ZM","type",0,0,3,5,1,0,NA,NA,NA
"subtlex_uk",7,26018,"bigram","ZN","type",1,0,2,4,1,0,NA,NA,NA
"subtlex_uk",7,26018,"bigram","ZO","type",10,0,5,22,12,11,NA,NA,NA
"subtlex_uk",7,26018,"bigram","ZP","type",0,0,1,1,0,0,NA,NA,NA
"subtlex_uk",7,26018,"bigram","ZQ","type",0,0,1,0,0,0,NA,NA,NA
"subtlex_uk",7,26018,"bigram","ZR","type",0,0,0,1,0,0,NA,NA,NA
"subtlex_uk",7,26018,"bigram","ZS","type",1,0,2,1,0,0,NA,NA,NA
"subtlex_uk",7,26018,"bigram","ZT","type",0,0,1,1,0,0,NA,NA,NA
"subtlex_uk",7,26018,"bigram","ZU","type",3,1,6,6,1,0,NA,NA,NA
"subtlex_uk",7,26018,"bigram","ZV","type",0,0,0,2,0,0,NA,NA,NA
"subtlex_uk",7,26018,"bigram","ZW","type",3,0,0,0,0,0,NA,NA,NA
"subtlex_uk",7,26018,"bigram","ZX","type",0,0,0,0,0,0,NA,NA,NA
"subtlex_uk",7,26018,"bigram","ZY","type",1,0,3,0,0,8,NA,NA,NA
"subtlex_uk",7,26018,"bigram","ZZ","type",1,4,75,44,16,6,NA,NA,NA
"subtlex_uk",8,22770,"bigram","AA","type",28,35,30,26,29,28,9,NA,NA
"subtlex_uk",8,22770,"bigram","AB","type",94,108,59,62,188,12,5,NA,NA
"subtlex_uk",8,22770,"bigram","AC","type",80,242,166,102,103,145,14,NA,NA
"subtlex_uk",8,22770,"bigram","AD","type",81,106,135,76,69,101,129,NA,NA
"subtlex_uk",8,22770,"bigram","AE","type",13,23,16,6,17,7,17,NA,NA
"subtlex_uk",8,22770,"bigram","AF","type",23,22,53,20,7,13,3,NA,NA
"subtlex_uk",8,22770,"bigram","AG","type",33,84,74,64,116,95,6,NA,NA
"subtlex_uk",8,22770,"bigram","AH","type",5,22,13,20,15,14,52,NA,NA
"subtlex_uk",8,22770,"bigram","AI","type",47,171,91,60,98,103,8,NA,NA
"subtlex_uk",8,22770,"bigram","AJ","type",2,19,2,3,3,2,1,NA,NA
"subtlex_uk",8,22770,"bigram","AK","type",6,59,30,47,48,36,16,NA,NA
"subtlex_uk",8,22770,"bigram","AL","type",147,412,129,183,174,249,235,NA,NA
"subtlex_uk",8,22770,"bigram","AM","type",64,199,142,102,58,72,98,NA,NA
"subtlex_uk",8,22770,"bigram","AN","type",164,527,341,247,321,462,519,NA,NA
"subtlex_uk",8,22770,"bigram","AO","type",3,3,6,5,3,4,6,NA,NA
"subtlex_uk",8,22770,"bigram","AP","type",54,96,96,54,18,20,14,NA,NA
"subtlex_uk",8,22770,"bigram","AQ","type",15,2,3,3,1,0,0,NA,NA
"subtlex_uk",8,22770,"bigram","AR","type",150,765,276,195,223,310,110,NA,NA
"subtlex_uk",8,22770,"bigram","AS","type",88,259,142,115,67,87,174,NA,NA
"subtlex_uk",8,22770,"bigram","AT","type",53,319,183,241,228,263,79,NA,NA
"subtlex_uk",8,22770,"bigram","AU","type",41,113,44,23,26,37,25,NA,NA
"subtlex_uk",8,22770,"bigram","AV","type",28,87,41,28,36,26,6,NA,NA
"subtlex_uk",8,22770,"bigram","AW","type",5,45,34,30,40,27,30,NA,NA
"subtlex_uk",8,22770,"bigram","AX","type",3,17,4,4,5,3,8,NA,NA
"subtlex_uk",8,22770,"bigram","AY","type",7,70,49,26,21,46,141,NA,NA
"subtlex_uk",8,22770,"bigram","AZ","type",2,32,24,14,14,7,3,NA,NA
"subtlex_uk",8,22770,"bigram","BA","type",381,8,49,78,172,31,7,NA,NA
"subtlex_uk",8,22770,"bigram","BB","type",1,4,50,67,20,3,0,NA,NA
"subtlex_uk",8,22770,"bigram","BC","type",0,1,2,3,0,0,1,NA,NA
"subtlex_uk",8,22770,"bigram","BD","type",0,10,2,0,0,0,0,NA,NA
"subtlex_uk",8,22770,"bigram","BE","type",322,34,73,80,106,60,46,NA,NA
"subtlex_uk",8,22770,"bigram","BF","type",0,0,2,2,0,0,0,NA,NA
"subtlex_uk",8,22770,"bigram","BG","type",0,0,2,3,3,7,1,NA,NA
"subtlex_uk",8,22770,"bigram","BH","type",5,2,3,3,1,0,1,NA,NA
"subtlex_uk",8,22770,"bigram","BI","type",134,6,47,47,95,26,3,NA,NA
"subtlex_uk",8,22770,"bigram","BJ","type",0,4,1,1,0,0,0,NA,NA
"subtlex_uk",8,22770,"bigram","BK","type",0,1,0,0,0,2,0,NA,NA
"subtlex_uk",8,22770,"bigram","BL","type",168,12,26,87,52,209,5,NA,NA
"subtlex_uk",8,22770,"bigram","BM","type",0,0,1,1,1,0,0,NA,NA
"subtlex_uk",8,22770,"bigram","BN","type",0,2,1,8,0,0,0,NA,NA
"subtlex_uk",8,22770,"bigram","BO","type",206,10,54,65,102,37,4,NA,NA
"subtlex_uk",8,22770,"bigram","BP","type",0,0,3,0,0,0,0,NA,NA
"subtlex_uk",8,22770,"bigram","BQ","type",0,0,0,0,0,0,0,NA,NA
"subtlex_uk",8,22770,"bigram","BR","type",318,13,60,42,16,5,0,NA,NA
"subtlex_uk",8,22770,"bigram","BS","type",0,31,18,6,4,1,16,NA,NA
"subtlex_uk",8,22770,"bigram","BT","type",0,2,11,4,4,7,3,NA,NA
"subtlex_uk",8,22770,"bigram","BU","type",178,6,42,44,92,20,2,NA,NA
"subtlex_uk",8,22770,"bigram","BV","type",0,0,1,0,0,1,0,NA,NA
"subtlex_uk",8,22770,"bigram","BW","type",0,0,6,2,0,2,0,NA,NA
"subtlex_uk",8,22770,"bigram","BX","type",0,0,0,0,0,0,0,NA,NA
"subtlex_uk",8,22770,"bigram","BY","type",4,0,17,5,5,5,34,NA,NA
"subtlex_uk",8,22770,"bigram","BZ","type",1,0,0,0,0,0,0,NA,NA
"subtlex_uk",8,22770,"bigram","CA","type",421,66,106,93,113,89,31,NA,NA
"subtlex_uk",8,22770,"bigram","CB","type",1,2,2,0,1,0,0,NA,NA
"subtlex_uk",8,22770,"bigram","CC","type",0,73,33,14,8,17,0,NA,NA
"subtlex_uk",8,22770,"bigram","CD","type",0,9,0,1,0,0,0,NA,NA
"subtlex_uk",8,22770,"bigram","CE","type",62,22,93,85,49,112,145,NA,NA
"subtlex_uk",8,22770,"bigram","CF","type",0,4,0,0,0,0,0,NA,NA
"subtlex_uk",8,22770,"bigram","CG","type",0,22,4,0,0,0,0,NA,NA
"subtlex_uk",8,22770,"bigram","CH","type",399,70,130,277,204,61,132,NA,NA
"subtlex_uk",8,22770,"bigram","CI","type",42,18,66,72,109,25,14,NA,NA
"subtlex_uk",8,22770,"bigram","CJ","type",0,0,0,0,0,0,0,NA,NA
"subtlex_uk",8,22770,"bigram","CK","type",0,27,286,216,36,77,207,NA,NA
"subtlex_uk",8,22770,"bigram","CL","type",194,13,60,17,34,21,0,NA,NA
"subtlex_uk",8,22770,"bigram","CM","type",0,10,2,0,0,0,0,NA,NA
"subtlex_uk",8,22770,"bigram","CN","type",0,7,3,2,0,0,0,NA,NA
"subtlex_uk",8,22770,"bigram","CO","type",597,62,94,100,102,30,32,NA,NA
"subtlex_uk",8,22770,"bigram","CP","type",0,1,1,0,0,0,0,NA,NA
"subtlex_uk",8,22770,"bigram","CQ","type",0,6,5,2,1,0,1,NA,NA
"subtlex_uk",8,22770,"bigram","CR","type",250,68,41,42,9,12,0,NA,NA
"subtlex_uk",8,22770,"bigram","CS","type",0,2,2,1,1,1,52,NA,NA
"subtlex_uk",8,22770,"bigram","CT","type",0,24,52,64,53,39,36,NA,NA
"subtlex_uk",8,22770,"bigram","CU","type",79,27,48,54,27,22,2,NA,NA
"subtlex_uk",8,22770,"bigram","CV","type",0,1,1,0,0,0,0,NA,NA
"subtlex_uk",8,22770,"bigram","CW","type",0,0,0,0,0,1,0,NA,NA
"subtlex_uk",8,22770,"bigram","CX","type",0,0,0,0,0,0,0,NA,NA
"subtlex_uk",8,22770,"bigram","CY","type",22,2,6,5,0,0,37,NA,NA
"subtlex_uk",8,22770,"bigram","CZ","type",0,0,1,0,1,0,2,NA,NA
"subtlex_uk",8,22770,"bigram","DA","type",131,7,46,99,96,48,38,NA,NA
"subtlex_uk",8,22770,"bigram","DB","type",0,0,12,54,4,0,0,NA,NA
"subtlex_uk",8,22770,"bigram","DC","type",0,0,8,18,2,0,0,NA,NA
"subtlex_uk",8,22770,"bigram","DD","type",1,14,82,46,20,0,8,NA,NA
"subtlex_uk",8,22770,"bigram","DE","type",370,22,142,126,122,278,148,NA,NA
"subtlex_uk",8,22770,"bigram","DF","type",0,0,15,23,1,0,0,NA,NA
"subtlex_uk",8,22770,"bigram","DG","type",0,9,35,35,13,45,0,NA,NA
"subtlex_uk",8,22770,"bigram","DH","type",4,5,12,26,7,2,2,NA,NA
"subtlex_uk",8,22770,"bigram","DI","type",245,7,79,137,231,42,15,NA,NA
"subtlex_uk",8,22770,"bigram","DJ","type",5,10,1,3,0,0,0,NA,NA
"subtlex_uk",8,22770,"bigram","DK","type",0,0,3,1,3,0,0,NA,NA
"subtlex_uk",8,22770,"bigram","DL","type",0,5,19,108,37,34,0,NA,NA
"subtlex_uk",8,22770,"bigram","DM","type",0,9,8,21,10,0,0,NA,NA
"subtlex_uk",8,22770,"bigram","DN","type",1,0,4,19,4,1,1,NA,NA
"subtlex_uk",8,22770,"bigram","DO","type",169,21,40,62,85,65,42,NA,NA
"subtlex_uk",8,22770,"bigram","DP","type",0,0,6,11,3,0,0,NA,NA
"subtlex_uk",8,22770,"bigram","DQ","type",0,0,0,1,0,0,0,NA,NA
"subtlex_uk",8,22770,"bigram","DR","type",119,7,32,63,22,24,2,NA,NA
"subtlex_uk",8,22770,"bigram","DS","type",0,0,28,59,9,2,195,NA,NA
"subtlex_uk",8,22770,"bigram","DT","type",0,0,3,8,0,1,9,NA,NA
"subtlex_uk",8,22770,"bigram","DU","type",101,6,31,26,20,18,1,NA,NA
"subtlex_uk",8,22770,"bigram","DV","type",0,12,3,2,0,0,0,NA,NA
"subtlex_uk",8,22770,"bigram","DW","type",8,1,17,62,4,0,0,NA,NA
"subtlex_uk",8,22770,"bigram","DX","type",0,0,0,0,0,0,0,NA,NA
"subtlex_uk",8,22770,"bigram","DY","type",12,3,16,20,6,3,52,NA,NA
"subtlex_uk",8,22770,"bigram","DZ","type",2,0,2,1,2,0,2,NA,NA
"subtlex_uk",8,22770,"bigram","EA","type",49,339,202,105,103,189,32,NA,NA
"subtlex_uk",8,22770,"bigram","EB","type",5,56,24,77,27,8,2,NA,NA
"subtlex_uk",8,22770,"bigram","EC","type",16,171,87,79,35,41,7,NA,NA
"subtlex_uk",8,22770,"bigram","ED","type",30,156,78,71,64,43,1542,NA,NA
"subtlex_uk",8,22770,"bigram","EE","type",4,116,213,59,58,156,90,NA,NA
"subtlex_uk",8,22770,"bigram","EF","type",10,96,32,50,26,1,5,NA,NA
"subtlex_uk",8,22770,"bigram","EG","type",17,103,27,36,27,12,6,NA,NA
"subtlex_uk",8,22770,"bigram","EH","type",0,25,10,34,7,6,4,NA,NA
"subtlex_uk",8,22770,"bigram","EI","type",12,87,36,36,83,30,4,NA,NA
"subtlex_uk",8,22770,"bigram","EJ","type",4,11,2,2,0,2,0,NA,NA
"subtlex_uk",8,22770,"bigram","EK","type",1,9,16,18,8,3,9,NA,NA
"subtlex_uk",8,22770,"bigram","EL","type",66,300,96,243,206,364,71,NA,NA
"subtlex_uk",8,22770,"bigram","EM","type",68,129,67,79,79,14,9,NA,NA
"subtlex_uk",8,22770,"bigram","EN","type",145,301,178,320,296,261,277,NA,NA
"subtlex_uk",8,22770,"bigram","EO","type",0,48,20,17,19,15,3,NA,NA
"subtlex_uk",8,22770,"bigram","EP","type",24,94,48,56,18,9,8,NA,NA
"subtlex_uk",8,22770,"bigram","EQ","type",13,14,9,1,1,0,0,NA,NA
"subtlex_uk",8,22770,"bigram","ER","type",31,430,286,529,422,917,914,NA,NA
"subtlex_uk",8,22770,"bigram","ES","type",45,237,118,193,102,580,1250,NA,NA
"subtlex_uk",8,22770,"bigram","ET","type",22,177,77,129,263,183,88,NA,NA
"subtlex_uk",8,22770,"bigram","EU","type",30,34,15,8,13,38,3,NA,NA
"subtlex_uk",8,22770,"bigram","EV","type",44,119,34,29,38,8,14,NA,NA
"subtlex_uk",8,22770,"bigram","EW","type",0,53,18,80,15,8,24,NA,NA
"subtlex_uk",8,22770,"bigram","EX","type",99,25,7,5,12,4,8,NA,NA
"subtlex_uk",8,22770,"bigram","EY","type",19,19,16,26,25,37,214,NA,NA
"subtlex_uk",8,22770,"bigram","EZ","type",0,7,4,15,11,5,14,NA,NA
"subtlex_uk",8,22770,"bigram","FA","type",171,1,25,31,51,5,2,NA,NA
"subtlex_uk",8,22770,"bigram","FB","type",0,0,0,5,1,0,0,NA,NA
"subtlex_uk",8,22770,"bigram","FC","type",0,1,2,1,0,0,0,NA,NA
"subtlex_uk",8,22770,"bigram","FD","type",0,0,0,1,2,0,0,NA,NA
"subtlex_uk",8,22770,"bigram","FE","type",104,2,56,42,45,36,20,NA,NA
"subtlex_uk",8,22770,"bigram","FF","type",1,43,73,93,21,21,47,NA,NA
"subtlex_uk",8,22770,"bigram","FG","type",0,1,1,2,0,0,0,NA,NA
"subtlex_uk",8,22770,"bigram","FH","type",0,0,0,1,2,0,0,NA,NA
"subtlex_uk",8,22770,"bigram","FI","type",149,2,35,108,125,17,1,NA,NA
"subtlex_uk",8,22770,"bigram","FJ","type",0,0,0,0,0,0,0,NA,NA
"subtlex_uk",8,22770,"bigram","FK","type",0,0,1,0,1,0,0,NA,NA
"subtlex_uk",8,22770,"bigram","FL","type",194,1,27,42,34,10,0,NA,NA
"subtlex_uk",8,22770,"bigram","FM","type",0,0,0,4,2,0,0,NA,NA
"subtlex_uk",8,22770,"bigram","FN","type",0,0,0,6,1,0,0,NA,NA
"subtlex_uk",8,22770,"bigram","FO","type",193,0,22,38,136,6,1,NA,NA
"subtlex_uk",8,22770,"bigram","FP","type",0,0,1,6,7,0,0,NA,NA
"subtlex_uk",8,22770,"bigram","FQ","type",0,0,0,0,0,0,0,NA,NA
"subtlex_uk",8,22770,"bigram","FR","type",187,9,30,35,15,1,0,NA,NA
"subtlex_uk",8,22770,"bigram","FS","type",0,0,6,5,2,0,14,NA,NA
"subtlex_uk",8,22770,"bigram","FT","type",0,5,24,26,4,4,26,NA,NA
"subtlex_uk",8,22770,"bigram","FU","type",76,0,16,29,19,61,0,NA,NA
"subtlex_uk",8,22770,"bigram","FV","type",0,0,0,0,0,0,0,NA,NA
"subtlex_uk",8,22770,"bigram","FW","type",1,0,0,1,0,0,0,NA,NA
"subtlex_uk",8,22770,"bigram","FX","type",0,0,0,0,0,0,0,NA,NA
"subtlex_uk",8,22770,"bigram","FY","type",0,0,0,4,2,5,19,NA,NA
"subtlex_uk",8,22770,"bigram","FZ","type",0,0,0,0,1,0,0,NA,NA
"subtlex_uk",8,22770,"bigram","GA","type",171,1,86,66,82,63,10,NA,NA
"subtlex_uk",8,22770,"bigram","GB","type",0,1,7,12,1,0,0,NA,NA
"subtlex_uk",8,22770,"bigram","GC","type",0,0,1,2,0,0,0,NA,NA
"subtlex_uk",8,22770,"bigram","GD","type",0,0,4,10,1,1,0,NA,NA
"subtlex_uk",8,22770,"bigram","GE","type",90,8,65,91,93,200,144,NA,NA
"subtlex_uk",8,22770,"bigram","GF","type",1,0,2,11,1,0,0,NA,NA
"subtlex_uk",8,22770,"bigram","GG","type",0,14,67,82,28,4,4,NA,NA
"subtlex_uk",8,22770,"bigram","GH","type",16,1,80,105,45,49,77,NA,NA
"subtlex_uk",8,22770,"bigram","GI","type",78,6,49,67,136,21,6,NA,NA
"subtlex_uk",8,22770,"bigram","GJ","type",0,0,0,1,0,0,0,NA,NA
"subtlex_uk",8,22770,"bigram","GK","type",0,0,0,4,0,0,0,NA,NA
"subtlex_uk",8,22770,"bigram","GL","type",107,5,31,84,39,35,0,NA,NA
"subtlex_uk",8,22770,"bigram","GM","type",0,0,11,18,2,1,1,NA,NA
"subtlex_uk",8,22770,"bigram","GN","type",5,8,23,27,20,14,6,NA,NA
"subtlex_uk",8,22770,"bigram","GO","type",137,5,32,40,35,18,22,NA,NA
"subtlex_uk",8,22770,"bigram","GP","type",0,0,4,6,0,0,0,NA,NA
"subtlex_uk",8,22770,"bigram","GQ","type",0,0,0,0,0,0,0,NA,NA
"subtlex_uk",8,22770,"bigram","GR","type",264,10,41,69,30,3,0,NA,NA
"subtlex_uk",8,22770,"bigram","GS","type",0,0,15,36,7,1,261,NA,NA
"subtlex_uk",8,22770,"bigram","GT","type",0,0,4,14,10,5,7,NA,NA
"subtlex_uk",8,22770,"bigram","GU","type",77,3,41,32,14,19,4,NA,NA
"subtlex_uk",8,22770,"bigram","GV","type",0,0,2,1,0,0,0,NA,NA
"subtlex_uk",8,22770,"bigram","GW","type",6,0,10,23,4,2,0,NA,NA
"subtlex_uk",8,22770,"bigram","GX","type",0,0,0,0,0,0,0,NA,NA
"subtlex_uk",8,22770,"bigram","GY","type",6,3,1,5,3,2,31,NA,NA
"subtlex_uk",8,22770,"bigram","GZ","type",0,0,1,2,0,0,1,NA,NA
"subtlex_uk",8,22770,"bigram","HA","type",319,290,54,101,138,121,22,NA,NA
"subtlex_uk",8,22770,"bigram","HB","type",0,0,1,23,6,0,0,NA,NA
"subtlex_uk",8,22770,"bigram","HC","type",0,0,2,8,2,1,0,NA,NA
"subtlex_uk",8,22770,"bigram","HD","type",0,0,0,11,4,1,0,NA,NA
"subtlex_uk",8,22770,"bigram","HE","type",185,236,51,105,263,276,47,NA,NA
"subtlex_uk",8,22770,"bigram","HF","type",0,0,1,7,9,0,0,NA,NA
"subtlex_uk",8,22770,"bigram","HG","type",0,0,2,2,1,0,0,NA,NA
"subtlex_uk",8,22770,"bigram","HH","type",0,5,6,18,21,35,43,NA,NA
"subtlex_uk",8,22770,"bigram","HI","type",89,270,46,50,277,61,17,NA,NA
"subtlex_uk",8,22770,"bigram","HJ","type",0,0,0,0,0,0,0,NA,NA
"subtlex_uk",8,22770,"bigram","HK","type",0,0,1,2,2,6,0,NA,NA
"subtlex_uk",8,22770,"bigram","HL","type",0,3,9,18,23,7,1,NA,NA
"subtlex_uk",8,22770,"bigram","HM","type",1,3,9,29,34,1,1,NA,NA
"subtlex_uk",8,22770,"bigram","HN","type",0,0,9,15,18,1,7,NA,NA
"subtlex_uk",8,22770,"bigram","HO","type",232,177,32,81,124,59,14,NA,NA
"subtlex_uk",8,22770,"bigram","HP","type",0,0,0,2,4,0,0,NA,NA
"subtlex_uk",8,22770,"bigram","HQ","type",0,0,0,1,0,0,0,NA,NA
"subtlex_uk",8,22770,"bigram","HR","type",4,76,10,29,14,17,2,NA,NA
"subtlex_uk",8,22770,"bigram","HS","type",0,0,0,4,4,0,39,NA,NA
"subtlex_uk",8,22770,"bigram","HT","type",0,1,4,49,47,19,36,NA,NA
"subtlex_uk",8,22770,"bigram","HU","type",73,80,9,23,19,13,1,NA,NA
"subtlex_uk",8,22770,"bigram","HV","type",0,0,0,1,0,0,0,NA,NA
"subtlex_uk",8,22770,"bigram","HW","type",0,6,3,21,6,0,0,NA,NA
"subtlex_uk",8,22770,"bigram","HX","type",0,0,0,0,0,0,0,NA,NA
"subtlex_uk",8,22770,"bigram","HY","type",23,12,2,10,6,4,28,NA,NA
"subtlex_uk",8,22770,"bigram","HZ","type",0,0,0,0,0,0,0,NA,NA
"subtlex_uk",8,22770,"bigram","IA","type",1,66,25,78,110,211,178,NA,NA
"subtlex_uk",8,22770,"bigram","IB","type",5,58,32,28,47,8,1,NA,NA
"subtlex_uk",8,22770,"bigram","IC","type",12,159,123,144,143,221,216,NA,NA
"subtlex_uk",8,22770,"bigram","ID","type",16,94,56,81,109,105,48,NA,NA
"subtlex_uk",8,22770,"bigram","IE","type",0,66,51,74,298,530,77,NA,NA
"subtlex_uk",8,22770,"bigram","IF","type",2,38,44,53,40,41,1,NA,NA
"subtlex_uk",8,22770,"bigram","IG","type",10,146,88,67,73,34,9,NA,NA
"subtlex_uk",8,22770,"bigram","IH","type",0,9,1,8,6,2,0,NA,NA
"subtlex_uk",8,22770,"bigram","II","type",0,4,4,3,3,4,7,NA,NA
"subtlex_uk",8,22770,"bigram","IJ","type",0,7,1,4,3,1,0,NA,NA
"subtlex_uk",8,22770,"bigram","IK","type",0,21,4,14,17,26,8,NA,NA
"subtlex_uk",8,22770,"bigram","IL","type",17,256,161,145,133,177,36,NA,NA
"subtlex_uk",8,22770,"bigram","IM","type",70,80,103,49,35,43,15,NA,NA
"subtlex_uk",8,22770,"bigram","IN","type",262,355,307,308,445,1964,245,NA,NA
"subtlex_uk",8,22770,"bigram","IO","type",5,50,20,31,112,156,52,NA,NA
"subtlex_uk",8,22770,"bigram","IP","type",2,55,81,45,20,32,34,NA,NA
"subtlex_uk",8,22770,"bigram","IQ","type",0,6,6,5,21,1,0,NA,NA
"subtlex_uk",8,22770,"bigram","IR","type",16,178,103,54,58,92,35,NA,NA
"subtlex_uk",8,22770,"bigram","IS","type",36,247,148,193,172,361,135,NA,NA
"subtlex_uk",8,22770,"bigram","IT","type",10,139,192,169,148,302,50,NA,NA
"subtlex_uk",8,22770,"bigram","IU","type",0,9,1,5,6,73,0,NA,NA
"subtlex_uk",8,22770,"bigram","IV","type",2,65,29,40,49,59,1,NA,NA
"subtlex_uk",8,22770,"bigram","IW","type",0,2,3,5,3,1,1,NA,NA
"subtlex_uk",8,22770,"bigram","IX","type",0,16,3,1,5,0,11,NA,NA
"subtlex_uk",8,22770,"bigram","IY","type",0,3,1,6,2,5,0,NA,NA
"subtlex_uk",8,22770,"bigram","IZ","type",1,15,26,12,21,19,0,NA,NA
"subtlex_uk",8,22770,"bigram","JA","type",75,2,15,4,6,9,6,NA,NA
"subtlex_uk",8,22770,"bigram","JB","type",0,0,0,0,0,0,0,NA,NA
"subtlex_uk",8,22770,"bigram","JC","type",0,0,1,0,1,0,0,NA,NA
"subtlex_uk",8,22770,"bigram","JD","type",0,1,0,0,1,0,0,NA,NA
"subtlex_uk",8,22770,"bigram","JE","type",40,4,14,8,8,6,2,NA,NA
"subtlex_uk",8,22770,"bigram","JF","type",0,0,0,0,0,0,0,NA,NA
"subtlex_uk",8,22770,"bigram","JG","type",0,0,0,0,0,0,0,NA,NA
"subtlex_uk",8,22770,"bigram","JH","type",0,0,0,0,0,0,0,NA,NA
"subtlex_uk",8,22770,"bigram","JI","type",12,1,8,7,4,1,1,NA,NA
"subtlex_uk",8,22770,"bigram","JJ","type",0,1,0,0,0,0,0,NA,NA
"subtlex_uk",8,22770,"bigram","JK","type",0,0,1,0,0,0,0,NA,NA
"subtlex_uk",8,22770,"bigram","JL","type",0,0,1,0,0,0,0,NA,NA
"subtlex_uk",8,22770,"bigram","JM","type",0,0,2,0,0,0,0,NA,NA
"subtlex_uk",8,22770,"bigram","JN","type",0,0,1,0,0,0,0,NA,NA
"subtlex_uk",8,22770,"bigram","JO","type",46,3,14,5,9,6,0,NA,NA
"subtlex_uk",8,22770,"bigram","JP","type",1,0,1,0,0,0,0,NA,NA
"subtlex_uk",8,22770,"bigram","JQ","type",0,0,0,0,0,0,0,NA,NA
"subtlex_uk",8,22770,"bigram","JR","type",0,0,0,0,0,0,0,NA,NA
"subtlex_uk",8,22770,"bigram","JS","type",0,0,0,1,1,0,0,NA,NA
"subtlex_uk",8,22770,"bigram","JT","type",0,0,0,0,0,0,0,NA,NA
"subtlex_uk",8,22770,"bigram","JU","type",43,1,12,13,4,0,0,NA,NA
"subtlex_uk",8,22770,"bigram","JV","type",0,0,0,0,0,0,0,NA,NA
"subtlex_uk",8,22770,"bigram","JW","type",0,0,0,1,0,0,0,NA,NA
"subtlex_uk",8,22770,"bigram","JX","type",0,0,0,0,0,0,0,NA,NA
"subtlex_uk",8,22770,"bigram","JY","type",0,0,1,0,0,0,1,NA,NA
"subtlex_uk",8,22770,"bigram","JZ","type",0,0,0,0,0,0,0,NA,NA
"subtlex_uk",8,22770,"bigram","KA","type",84,6,18,52,26,19,33,NA,NA
"subtlex_uk",8,22770,"bigram","KB","type",0,0,1,17,2,0,0,NA,NA
"subtlex_uk",8,22770,"bigram","KC","type",0,0,1,6,2,0,0,NA,NA
"subtlex_uk",8,22770,"bigram","KD","type",0,0,0,10,0,0,0,NA,NA
"subtlex_uk",8,22770,"bigram","KE","type",75,19,65,99,122,114,55,NA,NA
"subtlex_uk",8,22770,"bigram","KF","type",0,0,2,31,2,0,0,NA,NA
"subtlex_uk",8,22770,"bigram","KG","type",0,0,1,3,0,0,0,NA,NA
"subtlex_uk",8,22770,"bigram","KH","type",11,0,8,38,9,1,2,NA,NA
"subtlex_uk",8,22770,"bigram","KI","type",113,39,26,58,201,35,48,NA,NA
"subtlex_uk",8,22770,"bigram","KJ","type",1,0,0,1,0,0,0,NA,NA
"subtlex_uk",8,22770,"bigram","KK","type",0,2,5,6,4,2,0,NA,NA
"subtlex_uk",8,22770,"bigram","KL","type",15,1,4,67,60,6,0,NA,NA
"subtlex_uk",8,22770,"bigram","KM","type",0,0,0,14,10,0,0,NA,NA
"subtlex_uk",8,22770,"bigram","KN","type",47,0,2,26,8,0,0,NA,NA
"subtlex_uk",8,22770,"bigram","KO","type",33,2,18,29,13,9,13,NA,NA
"subtlex_uk",8,22770,"bigram","KP","type",1,2,14,7,4,0,0,NA,NA
"subtlex_uk",8,22770,"bigram","KQ","type",0,0,0,0,0,0,0,NA,NA
"subtlex_uk",8,22770,"bigram","KR","type",23,5,1,16,3,0,0,NA,NA
"subtlex_uk",8,22770,"bigram","KS","type",1,0,2,50,6,1,92,NA,NA
"subtlex_uk",8,22770,"bigram","KT","type",0,0,1,15,12,1,1,NA,NA
"subtlex_uk",8,22770,"bigram","KU","type",17,4,6,2,6,9,0,NA,NA
"subtlex_uk",8,22770,"bigram","KV","type",0,0,1,1,0,0,0,NA,NA
"subtlex_uk",8,22770,"bigram","KW","type",2,5,4,45,2,0,0,NA,NA
"subtlex_uk",8,22770,"bigram","KX","type",0,0,0,0,0,0,0,NA,NA
"subtlex_uk",8,22770,"bigram","KY","type",6,12,0,8,1,1,32,NA,NA
"subtlex_uk",8,22770,"bigram","KZ","type",0,0,0,0,0,0,0,NA,NA
"subtlex_uk",8,22770,"bigram","LA","type",218,369,155,203,250,123,83,NA,NA
"subtlex_uk",8,22770,"bigram","LB","type",0,13,26,35,2,1,0,NA,NA
"subtlex_uk",8,22770,"bigram","LC","type",0,7,41,14,5,2,0,NA,NA
"subtlex_uk",8,22770,"bigram","LD","type",0,17,90,46,28,20,119,NA,NA
"subtlex_uk",8,22770,"bigram","LE","type",143,191,156,177,363,591,437,NA,NA
"subtlex_uk",8,22770,"bigram","LF","type",0,3,36,23,5,3,7,NA,NA
"subtlex_uk",8,22770,"bigram","LG","type",0,4,24,8,7,4,2,NA,NA
"subtlex_uk",8,22770,"bigram","LH","type",0,1,8,13,1,2,0,NA,NA
"subtlex_uk",8,22770,"bigram","LI","type",176,161,197,276,657,123,44,NA,NA
"subtlex_uk",8,22770,"bigram","LJ","type",1,0,1,1,0,0,0,NA,NA
"subtlex_uk",8,22770,"bigram","LK","type",1,3,37,11,3,6,11,NA,NA
"subtlex_uk",8,22770,"bigram","LL","type",21,61,449,146,153,290,340,NA,NA
"subtlex_uk",8,22770,"bigram","LM","type",0,16,33,36,13,6,8,NA,NA
"subtlex_uk",8,22770,"bigram","LN","type",0,1,4,10,1,2,0,NA,NA
"subtlex_uk",8,22770,"bigram","LO","type",166,198,100,153,130,73,36,NA,NA
"subtlex_uk",8,22770,"bigram","LP","type",0,6,29,21,3,4,0,NA,NA
"subtlex_uk",8,22770,"bigram","LQ","type",0,0,0,1,0,0,0,NA,NA
"subtlex_uk",8,22770,"bigram","LR","type",0,1,6,7,3,2,0,NA,NA
"subtlex_uk",8,22770,"bigram","LS","type",0,5,44,41,21,2,194,NA,NA
"subtlex_uk",8,22770,"bigram","LT","type",0,13,65,51,27,18,38,NA,NA
"subtlex_uk",8,22770,"bigram","LU","type",71,143,41,38,33,29,5,NA,NA
"subtlex_uk",8,22770,"bigram","LV","type",0,7,36,7,20,3,0,NA,NA
"subtlex_uk",8,22770,"bigram","LW","type",0,2,8,28,5,0,0,NA,NA
"subtlex_uk",8,22770,"bigram","LX","type",0,0,0,0,0,0,2,NA,NA
"subtlex_uk",8,22770,"bigram","LY","type",22,28,30,43,15,7,392,NA,NA
"subtlex_uk",8,22770,"bigram","LZ","type",0,0,8,0,0,0,1,NA,NA
"subtlex_uk",8,22770,"bigram","MA","type",484,44,126,142,146,214,40,NA,NA
"subtlex_uk",8,22770,"bigram","MB","type",2,40,106,57,29,34,10,NA,NA
"subtlex_uk",8,22770,"bigram","MC","type",145,0,2,4,0,0,0,NA,NA
"subtlex_uk",8,22770,"bigram","MD","type",0,1,1,1,1,0,0,NA,NA
"subtlex_uk",8,22770,"bigram","ME","type",216,30,164,90,151,162,76,NA,NA
"subtlex_uk",8,22770,"bigram","MF","type",0,1,10,6,0,0,0,NA,NA
"subtlex_uk",8,22770,"bigram","MG","type",0,1,1,4,0,0,0,NA,NA
"subtlex_uk",8,22770,"bigram","MH","type",3,0,4,10,0,0,0,NA,NA
"subtlex_uk",8,22770,"bigram","MI","type",220,29,113,95,152,51,13,NA,NA
"subtlex_uk",8,22770,"bigram","MJ","type",0,0,0,0,1,0,0,NA,NA
"subtlex_uk",8,22770,"bigram","MK","type",0,0,1,1,1,0,0,NA,NA
"subtlex_uk",8,22770,"bigram","ML","type",0,0,5,23,4,5,0,NA,NA
"subtlex_uk",8,22770,"bigram","MM","type",2,24,70,68,20,5,4,NA,NA
"subtlex_uk",8,22770,"bigram","MN","type",1,4,9,8,7,5,0,NA,NA
"subtlex_uk",8,22770,"bigram","MO","type",264,23,72,86,98,19,18,NA,NA
"subtlex_uk",8,22770,"bigram","MP","type",0,72,141,96,16,7,8,NA,NA
"subtlex_uk",8,22770,"bigram","MQ","type",0,0,1,1,0,0,0,NA,NA
"subtlex_uk",8,22770,"bigram","MR","type",0,3,2,4,0,1,0,NA,NA
"subtlex_uk",8,22770,"bigram","MS","type",1,2,23,35,2,2,75,NA,NA
"subtlex_uk",8,22770,"bigram","MT","type",0,0,3,7,0,0,1,NA,NA
"subtlex_uk",8,22770,"bigram","MU","type",124,14,19,28,17,12,2,NA,NA
"subtlex_uk",8,22770,"bigram","MV","type",0,0,1,0,0,0,0,NA,NA
"subtlex_uk",8,22770,"bigram","MW","type",0,0,2,11,1,0,0,NA,NA
"subtlex_uk",8,22770,"bigram","MX","type",0,0,0,0,0,0,0,NA,NA
"subtlex_uk",8,22770,"bigram","MY","type",16,2,1,6,0,3,15,NA,NA
"subtlex_uk",8,22770,"bigram","MZ","type",0,0,2,1,0,1,0,NA,NA
"subtlex_uk",8,22770,"bigram","NA","type",97,63,110,120,119,102,123,NA,NA
"subtlex_uk",8,22770,"bigram","NB","type",0,20,18,36,5,8,0,NA,NA
"subtlex_uk",8,22770,"bigram","NC","type",0,72,128,98,52,121,1,NA,NA
"subtlex_uk",8,22770,"bigram","ND","type",0,81,282,183,135,101,187,NA,NA
"subtlex_uk",8,22770,"bigram","NE","type",107,50,139,109,296,365,338,NA,NA
"subtlex_uk",8,22770,"bigram","NF","type",0,61,53,27,5,0,0,NA,NA
"subtlex_uk",8,22770,"bigram","NG","type",0,55,246,113,91,267,1680,NA,NA
"subtlex_uk",8,22770,"bigram","NH","type",0,21,14,28,19,7,0,NA,NA
"subtlex_uk",8,22770,"bigram","NI","type",59,64,120,140,284,117,60,NA,NA
"subtlex_uk",8,22770,"bigram","NJ","type",0,11,16,5,3,0,0,NA,NA
"subtlex_uk",8,22770,"bigram","NK","type",0,9,57,92,9,17,33,NA,NA
"subtlex_uk",8,22770,"bigram","NL","type",0,19,12,21,12,15,0,NA,NA
"subtlex_uk",8,22770,"bigram","NM","type",0,12,11,15,2,2,0,NA,NA
"subtlex_uk",8,22770,"bigram","NN","type",1,34,124,86,44,55,31,NA,NA
"subtlex_uk",8,22770,"bigram","NO","type",99,66,100,55,74,46,46,NA,NA
"subtlex_uk",8,22770,"bigram","NP","type",0,21,8,10,0,0,0,NA,NA
"subtlex_uk",8,22770,"bigram","NQ","type",0,10,5,1,1,0,0,NA,NA
"subtlex_uk",8,22770,"bigram","NR","type",0,13,13,6,1,7,0,NA,NA
"subtlex_uk",8,22770,"bigram","NS","type",0,101,133,88,79,19,398,NA,NA
"subtlex_uk",8,22770,"bigram","NT","type",0,134,195,155,130,156,262,NA,NA
"subtlex_uk",8,22770,"bigram","NU","type",35,20,18,12,19,46,3,NA,NA
"subtlex_uk",8,22770,"bigram","NV","type",0,47,31,5,0,0,0,NA,NA
"subtlex_uk",8,22770,"bigram","NW","type",0,9,13,28,2,2,0,NA,NA
"subtlex_uk",8,22770,"bigram","NX","type",0,1,1,0,1,0,1,NA,NA
"subtlex_uk",8,22770,"bigram","NY","type",4,7,9,18,6,16,42,NA,NA
"subtlex_uk",8,22770,"bigram","NZ","type",0,1,13,8,5,9,1,NA,NA
"subtlex_uk",8,22770,"bigram","OA","type",9,77,27,13,27,42,6,NA,NA
"subtlex_uk",8,22770,"bigram","OB","type",34,74,34,37,9,11,4,NA,NA
"subtlex_uk",8,22770,"bigram","OC","type",18,131,81,45,56,59,1,NA,NA
"subtlex_uk",8,22770,"bigram","OD","type",10,72,98,38,34,34,81,NA,NA
"subtlex_uk",8,22770,"bigram","OE","type",2,30,8,7,7,26,12,NA,NA
"subtlex_uk",8,22770,"bigram","OF","type",19,18,28,14,12,42,8,NA,NA
"subtlex_uk",8,22770,"bigram","OG","type",1,55,40,29,28,38,21,NA,NA
"subtlex_uk",8,22770,"bigram","OH","type",6,25,4,7,5,5,4,NA,NA
"subtlex_uk",8,22770,"bigram","OI","type",7,45,21,18,67,41,6,NA,NA
"subtlex_uk",8,22770,"bigram","OJ","type",0,2,2,2,0,1,0,NA,NA
"subtlex_uk",8,22770,"bigram","OK","type",6,15,34,18,19,19,44,NA,NA
"subtlex_uk",8,22770,"bigram","OL","type",27,337,82,131,87,120,31,NA,NA
"subtlex_uk",8,22770,"bigram","OM","type",10,224,73,54,63,61,48,NA,NA
"subtlex_uk",8,22770,"bigram","ON","type",13,407,120,134,181,308,583,NA,NA
"subtlex_uk",8,22770,"bigram","OO","type",7,258,129,60,82,210,43,NA,NA
"subtlex_uk",8,22770,"bigram","OP","type",34,61,87,47,26,49,35,NA,NA
"subtlex_uk",8,22770,"bigram","OQ","type",0,9,2,1,0,0,0,NA,NA
"subtlex_uk",8,22770,"bigram","OR","type",46,468,156,175,203,336,127,NA,NA
"subtlex_uk",8,22770,"bigram","OS","type",16,161,103,68,58,50,84,NA,NA
"subtlex_uk",8,22770,"bigram","OT","type",8,129,133,73,58,86,58,NA,NA
"subtlex_uk",8,22770,"bigram","OU","type",78,293,94,86,140,140,16,NA,NA
"subtlex_uk",8,22770,"bigram","OV","type",93,68,32,37,69,40,19,NA,NA
"subtlex_uk",8,22770,"bigram","OW","type",1,90,98,30,54,76,55,NA,NA
"subtlex_uk",8,22770,"bigram","OX","type",13,13,8,10,5,1,17,NA,NA
"subtlex_uk",8,22770,"bigram","OY","type",1,24,5,8,13,19,27,NA,NA
"subtlex_uk",8,22770,"bigram","OZ","type",0,7,3,11,8,5,0,NA,NA
"subtlex_uk",8,22770,"bigram","PA","type",294,44,55,66,46,20,4,NA,NA
"subtlex_uk",8,22770,"bigram","PB","type",0,0,4,10,13,3,1,NA,NA
"subtlex_uk",8,22770,"bigram","PC","type",0,4,5,2,2,0,0,NA,NA
"subtlex_uk",8,22770,"bigram","PD","type",0,2,1,6,1,0,0,NA,NA
"subtlex_uk",8,22770,"bigram","PE","type",238,71,126,96,130,52,47,NA,NA
"subtlex_uk",8,22770,"bigram","PF","type",5,0,2,9,1,0,1,NA,NA
"subtlex_uk",8,22770,"bigram","PG","type",0,2,1,1,0,0,0,NA,NA
"subtlex_uk",8,22770,"bigram","PH","type",51,9,34,64,20,10,10,NA,NA
"subtlex_uk",8,22770,"bigram","PI","type",126,63,32,68,200,26,4,NA,NA
"subtlex_uk",8,22770,"bigram","PJ","type",0,0,0,2,0,0,0,NA,NA
"subtlex_uk",8,22770,"bigram","PK","type",0,0,2,7,1,0,0,NA,NA
"subtlex_uk",8,22770,"bigram","PL","type",151,39,58,75,39,26,0,NA,NA
"subtlex_uk",8,22770,"bigram","PM","type",0,2,1,10,0,0,0,NA,NA
"subtlex_uk",8,22770,"bigram","PN","type",0,0,3,5,3,0,0,NA,NA
"subtlex_uk",8,22770,"bigram","PO","type",234,45,58,70,73,20,3,NA,NA
"subtlex_uk",8,22770,"bigram","PP","type",0,43,59,120,23,8,1,NA,NA
"subtlex_uk",8,22770,"bigram","PQ","type",0,0,0,0,0,0,0,NA,NA
"subtlex_uk",8,22770,"bigram","PR","type",311,36,53,19,7,0,0,NA,NA
"subtlex_uk",8,22770,"bigram","PS","type",8,8,28,38,21,6,74,NA,NA
"subtlex_uk",8,22770,"bigram","PT","type",1,9,31,33,32,12,9,NA,NA
"subtlex_uk",8,22770,"bigram","PU","type",97,16,30,18,8,7,0,NA,NA
"subtlex_uk",8,22770,"bigram","PV","type",0,0,0,0,1,0,0,NA,NA
"subtlex_uk",8,22770,"bigram","PW","type",4,2,6,25,0,0,0,NA,NA
"subtlex_uk",8,22770,"bigram","PX","type",0,0,0,0,0,0,0,NA,NA
"subtlex_uk",8,22770,"bigram","PY","type",7,3,5,7,1,0,4,NA,NA
"subtlex_uk",8,22770,"bigram","PZ","type",0,0,0,0,0,0,0,NA,NA
"subtlex_uk",8,22770,"bigram","QA","type",1,0,1,2,1,0,0,NA,NA
"subtlex_uk",8,22770,"bigram","QB","type",0,0,0,0,0,0,0,NA,NA
"subtlex_uk",8,22770,"bigram","QC","type",0,0,0,0,0,0,0,NA,NA
"subtlex_uk",8,22770,"bigram","QD","type",0,0,0,0,0,0,0,NA,NA
"subtlex_uk",8,22770,"bigram","QE","type",0,0,1,0,0,0,0,NA,NA
"subtlex_uk",8,22770,"bigram","QF","type",0,0,0,0,0,0,0,NA,NA
"subtlex_uk",8,22770,"bigram","QG","type",0,0,0,0,0,0,0,NA,NA
"subtlex_uk",8,22770,"bigram","QH","type",0,0,0,0,1,0,0,NA,NA
"subtlex_uk",8,22770,"bigram","QI","type",1,0,0,0,0,0,1,NA,NA
"subtlex_uk",8,22770,"bigram","QJ","type",0,0,0,0,0,0,0,NA,NA
"subtlex_uk",8,22770,"bigram","QK","type",0,0,0,0,0,0,0,NA,NA
"subtlex_uk",8,22770,"bigram","QL","type",0,0,0,0,0,0,0,NA,NA
"subtlex_uk",8,22770,"bigram","QM","type",0,0,0,0,0,0,0,NA,NA
"subtlex_uk",8,22770,"bigram","QN","type",0,0,0,0,0,0,0,NA,NA
"subtlex_uk",8,22770,"bigram","QO","type",0,0,0,0,0,0,0,NA,NA
"subtlex_uk",8,22770,"bigram","QP","type",0,0,0,0,0,0,0,NA,NA
"subtlex_uk",8,22770,"bigram","QQ","type",0,0,0,0,0,0,0,NA,NA
"subtlex_uk",8,22770,"bigram","QR","type",0,0,0,0,0,0,0,NA,NA
"subtlex_uk",8,22770,"bigram","QS","type",0,0,0,0,0,0,0,NA,NA
"subtlex_uk",8,22770,"bigram","QT","type",0,0,0,0,0,0,0,NA,NA
"subtlex_uk",8,22770,"bigram","QU","type",102,84,51,51,17,26,0,NA,NA
"subtlex_uk",8,22770,"bigram","QV","type",0,0,0,0,0,0,0,NA,NA
"subtlex_uk",8,22770,"bigram","QW","type",0,0,0,0,0,0,0,NA,NA
"subtlex_uk",8,22770,"bigram","QX","type",0,0,0,0,0,0,0,NA,NA
"subtlex_uk",8,22770,"bigram","QY","type",0,0,0,0,0,0,0,NA,NA
"subtlex_uk",8,22770,"bigram","QZ","type",0,0,0,0,0,0,0,NA,NA
"subtlex_uk",8,22770,"bigram","RA","type",195,476,261,219,228,123,85,NA,NA
"subtlex_uk",8,22770,"bigram","RB","type",0,14,75,30,25,16,3,NA,NA
"subtlex_uk",8,22770,"bigram","RC","type",0,18,88,47,26,20,0,NA,NA
"subtlex_uk",8,22770,"bigram","RD","type",0,12,130,45,36,82,222,NA,NA
"subtlex_uk",8,22770,"bigram","RE","type",580,439,254,189,183,429,244,NA,NA
"subtlex_uk",8,22770,"bigram","RF","type",0,0,38,24,11,2,10,NA,NA
"subtlex_uk",8,22770,"bigram","RG","type",0,25,82,49,33,38,33,NA,NA
"subtlex_uk",8,22770,"bigram","RH","type",23,0,10,20,7,1,0,NA,NA
"subtlex_uk",8,22770,"bigram","RI","type",95,397,254,271,431,127,37,NA,NA
"subtlex_uk",8,22770,"bigram","RJ","type",0,0,6,1,5,0,0,NA,NA
"subtlex_uk",8,22770,"bigram","RK","type",0,2,93,28,14,13,56,NA,NA
"subtlex_uk",8,22770,"bigram","RL","type",0,1,62,73,27,29,9,NA,NA
"subtlex_uk",8,22770,"bigram","RM","type",0,27,109,41,68,17,35,NA,NA
"subtlex_uk",8,22770,"bigram","RN","type",0,5,124,56,56,47,79,NA,NA
"subtlex_uk",8,22770,"bigram","RO","type",202,391,162,132,189,93,29,NA,NA
"subtlex_uk",8,22770,"bigram","RP","type",0,4,52,36,12,3,8,NA,NA
"subtlex_uk",8,22770,"bigram","RQ","type",0,2,9,1,1,0,0,NA,NA
"subtlex_uk",8,22770,"bigram","RR","type",4,43,233,79,51,39,11,NA,NA
"subtlex_uk",8,22770,"bigram","RS","type",0,6,111,62,53,33,778,NA,NA
"subtlex_uk",8,22770,"bigram","RT","type",0,24,204,96,93,133,80,NA,NA
"subtlex_uk",8,22770,"bigram","RU","type",69,166,53,38,38,36,2,NA,NA
"subtlex_uk",8,22770,"bigram","RV","type",0,1,51,10,14,5,0,NA,NA
"subtlex_uk",8,22770,"bigram","RW","type",1,1,14,16,11,0,1,NA,NA
"subtlex_uk",8,22770,"bigram","RX","type",0,0,1,0,0,0,0,NA,NA
"subtlex_uk",8,22770,"bigram","RY","type",5,28,23,39,2,24,263,NA,NA
"subtlex_uk",8,22770,"bigram","RZ","type",0,0,8,1,1,1,0,NA,NA
"subtlex_uk",8,22770,"bigram","SA","type",241,11,59,72,60,35,32,NA,NA
"subtlex_uk",8,22770,"bigram","SB","type",1,3,8,32,6,5,0,NA,NA
"subtlex_uk",8,22770,"bigram","SC","type",262,26,90,41,13,17,1,NA,NA
"subtlex_uk",8,22770,"bigram","SD","type",0,0,3,22,11,1,0,NA,NA
"subtlex_uk",8,22770,"bigram","SE","type",232,6,138,106,101,283,226,NA,NA
"subtlex_uk",8,22770,"bigram","SF","type",1,0,6,23,7,0,0,NA,NA
"subtlex_uk",8,22770,"bigram","SG","type",0,1,11,5,1,0,0,NA,NA
"subtlex_uk",8,22770,"bigram","SH","type",319,20,112,148,155,17,162,NA,NA
"subtlex_uk",8,22770,"bigram","SI","type",142,5,76,117,282,68,16,NA,NA
"subtlex_uk",8,22770,"bigram","SJ","type",0,0,3,1,0,0,0,NA,NA
"subtlex_uk",8,22770,"bigram","SK","type",76,2,15,21,17,56,13,NA,NA
"subtlex_uk",8,22770,"bigram","SL","type",130,5,22,25,53,9,0,NA,NA
"subtlex_uk",8,22770,"bigram","SM","type",67,4,21,21,56,6,68,NA,NA
"subtlex_uk",8,22770,"bigram","SN","type",96,1,7,9,3,3,1,NA,NA
"subtlex_uk",8,22770,"bigram","SO","type",147,11,46,59,79,138,15,NA,NA
"subtlex_uk",8,22770,"bigram","SP","type",247,22,66,59,18,1,0,NA,NA
"subtlex_uk",8,22770,"bigram","SQ","type",56,1,10,1,0,0,0,NA,NA
"subtlex_uk",8,22770,"bigram","SR","type",2,2,4,3,0,0,0,NA,NA
"subtlex_uk",8,22770,"bigram","SS","type",3,45,155,130,91,67,357,NA,NA
"subtlex_uk",8,22770,"bigram","ST","type",493,38,349,281,270,93,383,NA,NA
"subtlex_uk",8,22770,"bigram","SU","type",220,5,37,45,31,9,4,NA,NA
"subtlex_uk",8,22770,"bigram","SV","type",8,1,0,0,0,1,0,NA,NA
"subtlex_uk",8,22770,"bigram","SW","type",89,1,15,30,4,1,0,NA,NA
"subtlex_uk",8,22770,"bigram","SX","type",0,0,0,0,0,0,0,NA,NA
"subtlex_uk",8,22770,"bigram","SY","type",36,5,6,8,1,3,21,NA,NA
"subtlex_uk",8,22770,"bigram","SZ","type",2,0,1,1,0,0,3,NA,NA
"subtlex_uk",8,22770,"bigram","TA","type",167,123,132,204,147,83,83,NA,NA
"subtlex_uk",8,22770,"bigram","TB","type",0,0,18,33,3,0,0,NA,NA
"subtlex_uk",8,22770,"bigram","TC","type",1,4,99,65,8,23,0,NA,NA
"subtlex_uk",8,22770,"bigram","TD","type",0,0,6,5,1,0,3,NA,NA
"subtlex_uk",8,22770,"bigram","TE","type",146,93,178,218,285,569,383,NA,NA
"subtlex_uk",8,22770,"bigram","TF","type",1,0,22,26,10,0,0,NA,NA
"subtlex_uk",8,22770,"bigram","TG","type",0,0,9,14,1,0,0,NA,NA
"subtlex_uk",8,22770,"bigram","TH","type",178,23,140,175,66,39,178,NA,NA
"subtlex_uk",8,22770,"bigram","TI","type",111,53,142,261,650,161,51,NA,NA
"subtlex_uk",8,22770,"bigram","TJ","type",0,1,2,5,4,2,0,NA,NA
"subtlex_uk",8,22770,"bigram","TK","type",5,15,1,0,2,3,0,NA,NA
"subtlex_uk",8,22770,"bigram","TL","type",1,3,21,116,43,57,1,NA,NA
"subtlex_uk",8,22770,"bigram","TM","type",0,0,10,29,12,1,0,NA,NA
"subtlex_uk",8,22770,"bigram","TN","type",0,0,1,25,13,2,0,NA,NA
"subtlex_uk",8,22770,"bigram","TO","type",157,77,66,118,172,286,68,NA,NA
"subtlex_uk",8,22770,"bigram","TP","type",0,2,12,10,1,0,0,NA,NA
"subtlex_uk",8,22770,"bigram","TQ","type",0,0,1,0,0,0,0,NA,NA
"subtlex_uk",8,22770,"bigram","TR","type",290,118,107,129,61,47,1,NA,NA
"subtlex_uk",8,22770,"bigram","TS","type",11,0,42,33,17,11,469,NA,NA
"subtlex_uk",8,22770,"bigram","TT","type",1,26,141,149,73,163,74,NA,NA
"subtlex_uk",8,22770,"bigram","TU","type",66,48,48,92,45,39,5,NA,NA
"subtlex_uk",8,22770,"bigram","TV","type",0,0,3,0,0,1,0,NA,NA
"subtlex_uk",8,22770,"bigram","TW","type",68,0,19,53,3,1,0,NA,NA
"subtlex_uk",8,22770,"bigram","TX","type",0,0,0,0,0,0,0,NA,NA
"subtlex_uk",8,22770,"bigram","TY","type",14,6,8,14,13,11,214,NA,NA
"subtlex_uk",8,22770,"bigram","TZ","type",1,1,4,11,9,1,18,NA,NA
"subtlex_uk",8,22770,"bigram","UA","type",0,58,43,25,32,13,7,NA,NA
"subtlex_uk",8,22770,"bigram","UB","type",2,68,40,18,11,11,2,NA,NA
"subtlex_uk",8,22770,"bigram","UC","type",2,82,64,35,33,21,0,NA,NA
"subtlex_uk",8,22770,"bigram","UD","type",0,62,45,26,31,18,2,NA,NA
"subtlex_uk",8,22770,"bigram","UE","type",0,45,37,39,39,31,44,NA,NA
"subtlex_uk",8,22770,"bigram","UF","type",2,33,44,10,2,7,2,NA,NA
"subtlex_uk",8,22770,"bigram","UG","type",4,53,85,23,14,30,5,NA,NA
"subtlex_uk",8,22770,"bigram","UH","type",1,5,3,4,1,1,0,NA,NA
"subtlex_uk",8,22770,"bigram","UI","type",1,80,53,36,60,17,3,NA,NA
"subtlex_uk",8,22770,"bigram","UJ","type",0,5,2,0,1,2,0,NA,NA
"subtlex_uk",8,22770,"bigram","UK","type",10,13,8,8,5,6,5,NA,NA
"subtlex_uk",8,22770,"bigram","UL","type",10,135,80,83,76,42,66,NA,NA
"subtlex_uk",8,22770,"bigram","UM","type",8,118,87,39,28,30,122,NA,NA
"subtlex_uk",8,22770,"bigram","UN","type",270,194,148,46,47,56,12,NA,NA
"subtlex_uk",8,22770,"bigram","UO","type",0,9,5,2,14,4,1,NA,NA
"subtlex_uk",8,22770,"bigram","UP","type",36,69,22,18,9,19,26,NA,NA
"subtlex_uk",8,22770,"bigram","UQ","type",0,3,1,0,0,0,0,NA,NA
"subtlex_uk",8,22770,"bigram","UR","type",15,232,133,112,162,167,48,NA,NA
"subtlex_uk",8,22770,"bigram","US","type",6,133,84,71,74,71,260,NA,NA
"subtlex_uk",8,22770,"bigram","UT","type",5,173,75,63,34,55,43,NA,NA
"subtlex_uk",8,22770,"bigram","UU","type",2,3,5,3,1,0,0,NA,NA
"subtlex_uk",8,22770,"bigram","UV","type",0,7,7,7,3,0,0,NA,NA
"subtlex_uk",8,22770,"bigram","UW","type",1,3,1,0,1,0,0,NA,NA
"subtlex_uk",8,22770,"bigram","UX","type",2,8,5,2,1,0,20,NA,NA
"subtlex_uk",8,22770,"bigram","UY","type",0,3,1,2,0,2,3,NA,NA
"subtlex_uk",8,22770,"bigram","UZ","type",0,15,4,3,0,0,2,NA,NA
"subtlex_uk",8,22770,"bigram","VA","type",89,15,59,51,36,33,29,NA,NA
"subtlex_uk",8,22770,"bigram","VB","type",0,0,0,0,0,0,0,NA,NA
"subtlex_uk",8,22770,"bigram","VC","type",0,0,0,0,0,0,0,NA,NA
"subtlex_uk",8,22770,"bigram","VD","type",0,0,0,0,0,0,0,NA,NA
"subtlex_uk",8,22770,"bigram","VE","type",89,130,211,108,54,157,105,NA,NA
"subtlex_uk",8,22770,"bigram","VF","type",0,0,0,0,0,0,0,NA,NA
"subtlex_uk",8,22770,"bigram","VG","type",0,0,1,0,0,0,0,NA,NA
"subtlex_uk",8,22770,"bigram","VH","type",0,0,0,0,0,0,0,NA,NA
"subtlex_uk",8,22770,"bigram","VI","type",110,21,90,86,74,26,1,NA,NA
"subtlex_uk",8,22770,"bigram","VJ","type",0,0,0,0,0,0,0,NA,NA
"subtlex_uk",8,22770,"bigram","VK","type",0,0,0,1,0,0,0,NA,NA
"subtlex_uk",8,22770,"bigram","VL","type",3,0,3,1,1,0,0,NA,NA
"subtlex_uk",8,22770,"bigram","VM","type",0,0,0,0,0,0,0,NA,NA
"subtlex_uk",8,22770,"bigram","VN","type",0,0,0,1,0,1,1,NA,NA
"subtlex_uk",8,22770,"bigram","VO","type",42,8,38,17,7,9,4,NA,NA
"subtlex_uk",8,22770,"bigram","VP","type",0,0,0,0,0,0,0,NA,NA
"subtlex_uk",8,22770,"bigram","VQ","type",0,0,0,0,0,0,0,NA,NA
"subtlex_uk",8,22770,"bigram","VR","type",6,0,2,2,0,1,0,NA,NA
"subtlex_uk",8,22770,"bigram","VS","type",0,0,1,1,1,1,1,NA,NA
"subtlex_uk",8,22770,"bigram","VT","type",0,0,0,0,0,0,0,NA,NA
"subtlex_uk",8,22770,"bigram","VU","type",8,1,5,1,1,2,0,NA,NA
"subtlex_uk",8,22770,"bigram","VV","type",0,0,4,5,0,0,0,NA,NA
"subtlex_uk",8,22770,"bigram","VW","type",0,0,0,0,0,0,0,NA,NA
"subtlex_uk",8,22770,"bigram","VX","type",0,0,0,0,0,0,0,NA,NA
"subtlex_uk",8,22770,"bigram","VY","type",0,0,1,4,0,1,3,NA,NA
"subtlex_uk",8,22770,"bigram","VZ","type",0,0,0,0,0,0,0,NA,NA
"subtlex_uk",8,22770,"bigram","WA","type",175,49,25,35,112,85,10,NA,NA
"subtlex_uk",8,22770,"bigram","WB","type",0,0,14,18,1,2,0,NA,NA
"subtlex_uk",8,22770,"bigram","WC","type",0,1,5,3,0,0,0,NA,NA
"subtlex_uk",8,22770,"bigram","WD","type",0,0,9,10,2,0,0,NA,NA
"subtlex_uk",8,22770,"bigram","WE","type",106,42,23,35,114,48,9,NA,NA
"subtlex_uk",8,22770,"bigram","WF","type",0,0,5,5,2,0,0,NA,NA
"subtlex_uk",8,22770,"bigram","WG","type",0,0,2,1,0,0,1,NA,NA
"subtlex_uk",8,22770,"bigram","WH","type",138,0,9,15,18,1,0,NA,NA
"subtlex_uk",8,22770,"bigram","WI","type",152,67,12,25,109,9,2,NA,NA
"subtlex_uk",8,22770,"bigram","WJ","type",0,0,0,1,1,0,0,NA,NA
"subtlex_uk",8,22770,"bigram","WK","type",0,0,10,0,3,3,3,NA,NA
"subtlex_uk",8,22770,"bigram","WL","type",1,1,18,19,3,1,6,NA,NA
"subtlex_uk",8,22770,"bigram","WM","type",0,0,4,5,0,0,2,NA,NA
"subtlex_uk",8,22770,"bigram","WN","type",0,0,32,24,3,4,57,NA,NA
"subtlex_uk",8,22770,"bigram","WO","type",125,17,7,69,125,5,1,NA,NA
"subtlex_uk",8,22770,"bigram","WP","type",0,0,3,2,0,0,0,NA,NA
"subtlex_uk",8,22770,"bigram","WQ","type",0,0,0,0,0,0,0,NA,NA
"subtlex_uk",8,22770,"bigram","WR","type",46,4,8,3,1,0,5,NA,NA
"subtlex_uk",8,22770,"bigram","WS","type",0,1,22,12,9,1,21,NA,NA
"subtlex_uk",8,22770,"bigram","WT","type",0,0,6,3,2,1,0,NA,NA
"subtlex_uk",8,22770,"bigram","WU","type",6,0,0,3,1,1,0,NA,NA
"subtlex_uk",8,22770,"bigram","WV","type",0,0,0,0,0,0,0,NA,NA
"subtlex_uk",8,22770,"bigram","WW","type",0,1,1,3,2,2,4,NA,NA
"subtlex_uk",8,22770,"bigram","WX","type",0,0,0,0,0,0,0,NA,NA
"subtlex_uk",8,22770,"bigram","WY","type",6,3,3,0,4,4,2,NA,NA
"subtlex_uk",8,22770,"bigram","WZ","type",0,0,0,0,0,0,0,NA,NA
"subtlex_uk",8,22770,"bigram","XA","type",2,7,12,3,1,0,0,NA,NA
"subtlex_uk",8,22770,"bigram","XB","type",0,3,1,1,0,0,0,NA,NA
"subtlex_uk",8,22770,"bigram","XC","type",0,20,0,0,0,0,0,NA,NA
"subtlex_uk",8,22770,"bigram","XD","type",0,0,0,0,0,0,0,NA,NA
"subtlex_uk",8,22770,"bigram","XE","type",1,12,4,2,0,20,2,NA,NA
"subtlex_uk",8,22770,"bigram","XF","type",0,0,3,1,0,0,0,NA,NA
"subtlex_uk",8,22770,"bigram","XG","type",0,0,2,0,0,0,0,NA,NA
"subtlex_uk",8,22770,"bigram","XH","type",0,6,3,1,0,0,0,NA,NA
"subtlex_uk",8,22770,"bigram","XI","type",2,12,14,10,15,8,1,NA,NA
"subtlex_uk",8,22770,"bigram","XJ","type",0,0,0,0,0,0,0,NA,NA
"subtlex_uk",8,22770,"bigram","XK","type",0,0,0,0,0,0,0,NA,NA
"subtlex_uk",8,22770,"bigram","XL","type",0,0,0,0,0,0,0,NA,NA
"subtlex_uk",8,22770,"bigram","XM","type",0,0,0,0,0,0,0,NA,NA
"subtlex_uk",8,22770,"bigram","XN","type",0,0,0,0,0,0,0,NA,NA
"subtlex_uk",8,22770,"bigram","XO","type",1,6,4,1,2,0,0,NA,NA
"subtlex_uk",8,22770,"bigram","XP","type",0,32,3,2,0,0,0,NA,NA
"subtlex_uk",8,22770,"bigram","XQ","type",0,0,0,0,0,0,0,NA,NA
"subtlex_uk",8,22770,"bigram","XR","type",0,0,0,0,1,0,0,NA,NA
"subtlex_uk",8,22770,"bigram","XS","type",0,0,3,2,1,0,1,NA,NA
"subtlex_uk",8,22770,"bigram","XT","type",0,14,19,3,2,1,1,NA,NA
"subtlex_uk",8,22770,"bigram","XU","type",0,2,4,1,1,0,0,NA,NA
"subtlex_uk",8,22770,"bigram","XV","type",0,0,1,0,0,0,0,NA,NA
"subtlex_uk",8,22770,"bigram","XW","type",0,0,5,2,0,0,0,NA,NA
"subtlex_uk",8,22770,"bigram","XX","type",0,0,0,0,0,0,0,NA,NA
"subtlex_uk",8,22770,"bigram","XY","type",0,3,0,0,0,1,3,NA,NA
"subtlex_uk",8,22770,"bigram","XZ","type",0,0,0,0,0,0,0,NA,NA
"subtlex_uk",8,22770,"bigram","YA","type",22,5,17,25,31,8,17,NA,NA
"subtlex_uk",8,22770,"bigram","YB","type",0,7,14,17,13,0,0,NA,NA
"subtlex_uk",8,22770,"bigram","YC","type",0,19,16,13,10,3,1,NA,NA
"subtlex_uk",8,22770,"bigram","YD","type",0,12,8,9,10,6,5,NA,NA
"subtlex_uk",8,22770,"bigram","YE","type",27,23,5,5,10,47,6,NA,NA
"subtlex_uk",8,22770,"bigram","YF","type",0,1,11,11,3,0,0,NA,NA
"subtlex_uk",8,22770,"bigram","YG","type",0,2,3,10,2,0,0,NA,NA
"subtlex_uk",8,22770,"bigram","YH","type",0,0,2,3,2,1,0,NA,NA
"subtlex_uk",8,22770,"bigram","YI","type",6,0,4,6,96,5,1,NA,NA
"subtlex_uk",8,22770,"bigram","YJ","type",0,0,0,0,1,0,0,NA,NA
"subtlex_uk",8,22770,"bigram","YK","type",0,1,0,1,2,0,0,NA,NA
"subtlex_uk",8,22770,"bigram","YL","type",0,14,19,24,4,5,6,NA,NA
"subtlex_uk",8,22770,"bigram","YM","type",0,19,19,10,26,3,0,NA,NA
"subtlex_uk",8,22770,"bigram","YN","type",1,26,20,10,7,19,14,NA,NA
"subtlex_uk",8,22770,"bigram","YO","type",25,10,10,5,7,9,5,NA,NA
"subtlex_uk",8,22770,"bigram","YP","type",0,16,12,12,7,6,0,NA,NA
"subtlex_uk",8,22770,"bigram","YQ","type",0,0,0,0,0,0,0,NA,NA
"subtlex_uk",8,22770,"bigram","YR","type",0,26,10,4,9,4,1,NA,NA
"subtlex_uk",8,22770,"bigram","YS","type",0,21,31,17,10,5,141,NA,NA
"subtlex_uk",8,22770,"bigram","YT","type",0,6,15,6,8,4,0,NA,NA
"subtlex_uk",8,22770,"bigram","YU","type",8,3,1,0,1,0,0,NA,NA
"subtlex_uk",8,22770,"bigram","YV","type",0,0,0,0,1,0,0,NA,NA
"subtlex_uk",8,22770,"bigram","YW","type",0,0,16,11,7,0,0,NA,NA
"subtlex_uk",8,22770,"bigram","YX","type",0,0,0,0,1,0,3,NA,NA
"subtlex_uk",8,22770,"bigram","YY","type",0,0,0,1,0,0,0,NA,NA
"subtlex_uk",8,22770,"bigram","YZ","type",0,0,2,0,2,0,0,NA,NA
"subtlex_uk",8,22770,"bigram","ZA","type",17,3,12,20,6,10,12,NA,NA
"subtlex_uk",8,22770,"bigram","ZB","type",1,0,1,3,0,0,0,NA,NA
"subtlex_uk",8,22770,"bigram","ZC","type",0,1,0,2,0,0,0,NA,NA
"subtlex_uk",8,22770,"bigram","ZD","type",0,0,0,0,1,0,0,NA,NA
"subtlex_uk",8,22770,"bigram","ZE","type",7,1,19,9,19,39,27,NA,NA
"subtlex_uk",8,22770,"bigram","ZF","type",0,0,0,0,0,0,0,NA,NA
"subtlex_uk",8,22770,"bigram","ZG","type",0,0,0,0,0,0,0,NA,NA
"subtlex_uk",8,22770,"bigram","ZH","type",4,0,0,5,6,0,0,NA,NA
"subtlex_uk",8,22770,"bigram","ZI","type",15,2,7,24,28,11,5,NA,NA
"subtlex_uk",8,22770,"bigram","ZJ","type",0,0,0,1,0,0,0,NA,NA
"subtlex_uk",8,22770,"bigram","ZK","type",0,0,0,1,3,1,0,NA,NA
"subtlex_uk",8,22770,"bigram","ZL","type",0,0,0,13,16,7,0,NA,NA
"subtlex_uk",8,22770,"bigram","ZM","type",0,0,1,1,2,0,0,NA,NA
"subtlex_uk",8,22770,"bigram","ZN","type",0,1,0,2,0,1,0,NA,NA
"subtlex_uk",8,22770,"bigram","ZO","type",8,0,5,14,11,10,3,NA,NA
"subtlex_uk",8,22770,"bigram","ZP","type",0,0,1,0,1,0,0,NA,NA
"subtlex_uk",8,22770,"bigram","ZQ","type",0,0,0,0,0,0,0,NA,NA
"subtlex_uk",8,22770,"bigram","ZR","type",0,0,0,0,0,0,0,NA,NA
"subtlex_uk",8,22770,"bigram","ZS","type",0,0,0,0,0,0,0,NA,NA
"subtlex_uk",8,22770,"bigram","ZT","type",0,0,0,0,0,0,0,NA,NA
"subtlex_uk",8,22770,"bigram","ZU","type",8,0,5,5,3,0,0,NA,NA
"subtlex_uk",8,22770,"bigram","ZV","type",0,0,0,1,0,0,0,NA,NA
"subtlex_uk",8,22770,"bigram","ZW","type",0,0,0,2,0,0,0,NA,NA
"subtlex_uk",8,22770,"bigram","ZX","type",0,0,0,0,0,0,0,NA,NA
"subtlex_uk",8,22770,"bigram","ZY","type",1,0,2,1,0,1,4,NA,NA
"subtlex_uk",8,22770,"bigram","ZZ","type",1,2,28,27,12,7,4,NA,NA
"subtlex_uk",9,17911,"bigram","AA","type",27,31,26,21,20,17,16,8,NA
"subtlex_uk",9,17911,"bigram","AB","type",90,60,35,50,43,157,3,0,NA
"subtlex_uk",9,17911,"bigram","AC","type",61,203,141,73,99,83,108,7,NA
"subtlex_uk",9,17911,"bigram","AD","type",67,52,106,66,65,47,99,91,NA
"subtlex_uk",9,17911,"bigram","AE","type",17,15,14,4,15,10,9,16,NA
"subtlex_uk",9,17911,"bigram","AF","type",29,14,27,15,18,4,17,7,NA
"subtlex_uk",9,17911,"bigram","AG","type",29,60,54,26,69,58,59,9,NA
"subtlex_uk",9,17911,"bigram","AH","type",3,12,11,19,8,9,8,21,NA
"subtlex_uk",9,17911,"bigram","AI","type",17,129,58,46,66,81,68,4,NA
"subtlex_uk",9,17911,"bigram","AJ","type",1,13,0,1,2,3,0,0,NA
"subtlex_uk",9,17911,"bigram","AK","type",6,36,24,32,33,49,39,9,NA
"subtlex_uk",9,17911,"bigram","AL","type",111,287,106,152,162,146,201,195,NA
"subtlex_uk",9,17911,"bigram","AM","type",54,154,82,79,49,36,43,83,NA
"subtlex_uk",9,17911,"bigram","AN","type",140,363,269,197,247,246,404,348,NA
"subtlex_uk",9,17911,"bigram","AO","type",0,3,0,3,1,2,0,0,NA
"subtlex_uk",9,17911,"bigram","AP","type",71,83,59,48,30,15,28,8,NA
"subtlex_uk",9,17911,"bigram","AQ","type",10,2,1,0,0,2,0,0,NA
"subtlex_uk",9,17911,"bigram","AR","type",94,588,232,169,207,142,250,71,NA
"subtlex_uk",9,17911,"bigram","AS","type",74,190,100,68,104,54,62,105,NA
"subtlex_uk",9,17911,"bigram","AT","type",44,269,142,150,267,350,258,44,NA
"subtlex_uk",9,17911,"bigram","AU","type",50,82,43,17,18,24,26,11,NA
"subtlex_uk",9,17911,"bigram","AV","type",15,82,44,21,17,23,19,4,NA
"subtlex_uk",9,17911,"bigram","AW","type",7,34,16,13,20,14,15,13,NA
"subtlex_uk",9,17911,"bigram","AX","type",3,18,0,2,1,8,1,3,NA
"subtlex_uk",9,17911,"bigram","AY","type",7,36,32,8,18,19,37,54,NA
"subtlex_uk",9,17911,"bigram","AZ","type",3,25,11,13,8,13,6,1,NA
"subtlex_uk",9,17911,"bigram","BA","type",269,9,39,58,69,93,19,5,NA
"subtlex_uk",9,17911,"bigram","BB","type",0,7,28,19,16,6,1,0,NA
"subtlex_uk",9,17911,"bigram","BC","type",0,1,2,1,0,0,0,0,NA
"subtlex_uk",9,17911,"bigram","BD","type",0,11,1,0,1,1,0,0,NA
"subtlex_uk",9,17911,"bigram","BE","type",215,25,63,74,64,76,39,24,NA
"subtlex_uk",9,17911,"bigram","BF","type",0,1,0,1,0,0,0,0,NA
"subtlex_uk",9,17911,"bigram","BG","type",0,0,2,0,2,1,1,1,NA
"subtlex_uk",9,17911,"bigram","BH","type",2,4,0,5,0,0,0,0,NA
"subtlex_uk",9,17911,"bigram","BI","type",84,2,31,35,33,53,11,0,NA
"subtlex_uk",9,17911,"bigram","BJ","type",0,6,2,0,1,0,0,0,NA
"subtlex_uk",9,17911,"bigram","BK","type",0,0,1,0,0,0,0,0,NA
"subtlex_uk",9,17911,"bigram","BL","type",142,8,28,40,60,48,175,0,NA
"subtlex_uk",9,17911,"bigram","BM","type",0,0,5,0,0,0,0,0,NA
"subtlex_uk",9,17911,"bigram","BN","type",0,1,3,1,1,0,0,0,NA
"subtlex_uk",9,17911,"bigram","BO","type",164,8,31,70,99,66,18,3,NA
"subtlex_uk",9,17911,"bigram","BP","type",0,1,1,1,0,0,0,0,NA
"subtlex_uk",9,17911,"bigram","BQ","type",0,0,0,0,0,0,0,0,NA
"subtlex_uk",9,17911,"bigram","BR","type",239,9,51,53,55,11,2,0,NA
"subtlex_uk",9,17911,"bigram","BS","type",0,34,17,6,5,0,1,9,NA
"subtlex_uk",9,17911,"bigram","BT","type",0,2,5,5,3,2,0,0,NA
"subtlex_uk",9,17911,"bigram","BU","type",132,7,24,27,29,70,15,0,NA
"subtlex_uk",9,17911,"bigram","BV","type",0,1,1,1,0,0,0,0,NA
"subtlex_uk",9,17911,"bigram","BW","type",0,0,2,1,0,0,0,0,NA
"subtlex_uk",9,17911,"bigram","BX","type",0,0,0,0,0,0,0,0,NA
"subtlex_uk",9,17911,"bigram","BY","type",7,2,8,6,7,1,3,13,NA
"subtlex_uk",9,17911,"bigram","BZ","type",1,0,0,1,1,0,0,0,NA
"subtlex_uk",9,17911,"bigram","CA","type",398,42,95,77,86,114,54,25,NA
"subtlex_uk",9,17911,"bigram","CB","type",0,1,1,0,0,0,0,0,NA
"subtlex_uk",9,17911,"bigram","CC","type",0,69,28,6,9,10,6,0,NA
"subtlex_uk",9,17911,"bigram","CD","type",0,6,4,2,0,0,0,0,NA
"subtlex_uk",9,17911,"bigram","CE","type",58,12,89,97,28,31,79,175,NA
"subtlex_uk",9,17911,"bigram","CF","type",0,4,1,1,0,0,0,0,NA
"subtlex_uk",9,17911,"bigram","CG","type",0,15,2,0,0,0,0,0,NA
"subtlex_uk",9,17911,"bigram","CH","type",273,82,119,209,167,105,43,82,NA
"subtlex_uk",9,17911,"bigram","CI","type",34,10,54,61,84,105,17,9,NA
"subtlex_uk",9,17911,"bigram","CJ","type",0,0,0,0,0,0,0,0,NA
"subtlex_uk",9,17911,"bigram","CK","type",0,13,195,170,23,39,64,150,NA
"subtlex_uk",9,17911,"bigram","CL","type",116,13,65,26,39,38,10,0,NA
"subtlex_uk",9,17911,"bigram","CM","type",0,6,4,0,0,0,0,0,NA
"subtlex_uk",9,17911,"bigram","CN","type",0,2,2,0,1,0,0,0,NA
"subtlex_uk",9,17911,"bigram","CO","type",611,37,90,74,65,74,9,18,NA
"subtlex_uk",9,17911,"bigram","CP","type",0,3,1,0,0,0,0,0,NA
"subtlex_uk",9,17911,"bigram","CQ","type",0,8,8,1,0,0,0,0,NA
"subtlex_uk",9,17911,"bigram","CR","type",178,74,62,24,59,9,3,0,NA
"subtlex_uk",9,17911,"bigram","CS","type",0,2,2,0,0,0,1,53,NA
"subtlex_uk",9,17911,"bigram","CT","type",0,27,61,49,98,73,25,23,NA
"subtlex_uk",9,17911,"bigram","CU","type",63,16,47,47,29,22,20,2,NA
"subtlex_uk",9,17911,"bigram","CV","type",0,0,0,0,0,0,0,0,NA
"subtlex_uk",9,17911,"bigram","CW","type",3,3,0,1,0,0,0,0,NA
"subtlex_uk",9,17911,"bigram","CX","type",0,0,0,1,0,0,0,0,NA
"subtlex_uk",9,17911,"bigram","CY","type",24,2,7,6,5,0,3,38,NA
"subtlex_uk",9,17911,"bigram","CZ","type",1,0,2,0,0,0,0,0,NA
"subtlex_uk",9,17911,"bigram","DA","type",78,6,33,56,44,75,36,23,NA
"subtlex_uk",9,17911,"bigram","DB","type",0,0,13,31,10,0,0,0,NA
"subtlex_uk",9,17911,"bigram","DC","type",0,0,8,20,4,0,0,0,NA
"subtlex_uk",9,17911,"bigram","DD","type",2,19,53,11,14,14,8,10,NA
"subtlex_uk",9,17911,"bigram","DE","type",326,14,158,155,68,90,235,135,NA
"subtlex_uk",9,17911,"bigram","DF","type",1,0,8,20,13,1,0,0,NA
"subtlex_uk",9,17911,"bigram","DG","type",0,7,31,12,13,12,50,0,NA
"subtlex_uk",9,17911,"bigram","DH","type",0,4,3,16,10,2,0,2,NA
"subtlex_uk",9,17911,"bigram","DI","type",246,10,90,89,80,182,34,12,NA
"subtlex_uk",9,17911,"bigram","DJ","type",0,6,0,2,2,0,0,0,NA
"subtlex_uk",9,17911,"bigram","DK","type",0,0,2,1,1,0,0,0,NA
"subtlex_uk",9,17911,"bigram","DL","type",0,3,7,50,38,14,34,0,NA
"subtlex_uk",9,17911,"bigram","DM","type",0,8,3,15,9,0,0,0,NA
"subtlex_uk",9,17911,"bigram","DN","type",0,0,4,2,15,2,1,0,NA
"subtlex_uk",9,17911,"bigram","DO","type",133,11,35,51,53,64,45,22,NA
"subtlex_uk",9,17911,"bigram","DP","type",0,0,2,9,5,0,0,0,NA
"subtlex_uk",9,17911,"bigram","DQ","type",0,0,0,0,0,0,0,0,NA
"subtlex_uk",9,17911,"bigram","DR","type",64,1,37,47,58,15,16,3,NA
"subtlex_uk",9,17911,"bigram","DS","type",0,0,16,66,27,10,0,208,NA
"subtlex_uk",9,17911,"bigram","DT","type",0,0,2,1,4,1,3,10,NA
"subtlex_uk",9,17911,"bigram","DU","type",52,7,34,25,14,11,6,1,NA
"subtlex_uk",9,17911,"bigram","DV","type",0,14,0,5,1,0,0,0,NA
"subtlex_uk",9,17911,"bigram","DW","type",2,2,8,23,17,1,0,0,NA
"subtlex_uk",9,17911,"bigram","DX","type",0,0,0,0,0,0,0,0,NA
"subtlex_uk",9,17911,"bigram","DY","type",16,1,9,14,6,3,2,23,NA
"subtlex_uk",9,17911,"bigram","DZ","type",0,0,0,1,1,0,0,2,NA
"subtlex_uk",9,17911,"bigram","EA","type",32,258,141,83,80,91,161,14,NA
"subtlex_uk",9,17911,"bigram","EB","type",4,42,14,60,39,20,3,2,NA
"subtlex_uk",9,17911,"bigram","EC","type",25,171,71,110,76,14,44,0,NA
"subtlex_uk",9,17911,"bigram","ED","type",23,119,40,62,47,61,22,1296,NA
"subtlex_uk",9,17911,"bigram","EE","type",4,73,137,57,41,34,147,40,NA
"subtlex_uk",9,17911,"bigram","EF","type",11,98,18,44,33,6,6,2,NA
"subtlex_uk",9,17911,"bigram","EG","type",17,84,18,45,37,20,11,1,NA
"subtlex_uk",9,17911,"bigram","EH","type",0,25,3,30,37,8,0,1,NA
"subtlex_uk",9,17911,"bigram","EI","type",10,61,22,24,28,64,25,5,NA
"subtlex_uk",9,17911,"bigram","EJ","type",2,8,4,1,1,2,1,0,NA
"subtlex_uk",9,17911,"bigram","EK","type",2,5,11,8,3,2,3,9,NA
"subtlex_uk",9,17911,"bigram","EL","type",47,226,65,162,217,129,224,42,NA
"subtlex_uk",9,17911,"bigram","EM","type",64,109,44,79,87,43,11,12,NA
"subtlex_uk",9,17911,"bigram","EN","type",137,262,107,280,290,210,210,181,NA
"subtlex_uk",9,17911,"bigram","EO","type",0,29,17,21,13,16,4,0,NA
"subtlex_uk",9,17911,"bigram","EP","type",23,132,32,56,23,10,10,7,NA
"subtlex_uk",9,17911,"bigram","EQ","type",16,12,5,2,7,1,0,0,NA
"subtlex_uk",9,17911,"bigram","ER","type",21,294,245,590,590,271,511,697,NA
"subtlex_uk",9,17911,"bigram","ES","type",44,214,76,173,225,50,561,1087,NA
"subtlex_uk",9,17911,"bigram","ET","type",19,181,52,77,150,172,75,45,NA
"subtlex_uk",9,17911,"bigram","EU","type",29,23,11,7,8,16,18,4,NA
"subtlex_uk",9,17911,"bigram","EV","type",28,77,30,16,25,23,8,6,NA
"subtlex_uk",9,17911,"bigram","EW","type",0,48,22,44,51,5,5,17,NA
"subtlex_uk",9,17911,"bigram","EX","type",146,20,12,2,7,7,5,5,NA
"subtlex_uk",9,17911,"bigram","EY","type",7,17,13,26,21,9,16,109,NA
"subtlex_uk",9,17911,"bigram","EZ","type",0,6,0,9,8,5,1,10,NA
"subtlex_uk",9,17911,"bigram","FA","type",122,3,20,26,27,29,3,2,NA
"subtlex_uk",9,17911,"bigram","FB","type",0,0,0,4,1,0,0,0,NA
"subtlex_uk",9,17911,"bigram","FC","type",0,0,3,1,1,0,0,0,NA
"subtlex_uk",9,17911,"bigram","FD","type",0,0,0,0,1,0,0,1,NA
"subtlex_uk",9,17911,"bigram","FE","type",74,0,71,43,17,27,13,21,NA
"subtlex_uk",9,17911,"bigram","FF","type",2,44,36,39,17,9,15,27,NA
"subtlex_uk",9,17911,"bigram","FG","type",0,0,0,0,0,0,0,0,NA
"subtlex_uk",9,17911,"bigram","FH","type",0,0,0,2,0,0,0,0,NA
"subtlex_uk",9,17911,"bigram","FI","type",122,1,32,47,118,117,10,1,NA
"subtlex_uk",9,17911,"bigram","FJ","type",1,0,0,0,0,0,0,0,NA
"subtlex_uk",9,17911,"bigram","FK","type",0,0,0,0,0,0,0,0,NA
"subtlex_uk",9,17911,"bigram","FL","type",113,1,28,14,34,5,7,0,NA
"subtlex_uk",9,17911,"bigram","FM","type",0,0,0,0,1,0,0,0,NA
"subtlex_uk",9,17911,"bigram","FN","type",0,0,0,0,2,1,1,0,NA
"subtlex_uk",9,17911,"bigram","FO","type",146,1,27,27,45,98,0,0,NA
"subtlex_uk",9,17911,"bigram","FP","type",0,0,1,3,1,1,0,0,NA
"subtlex_uk",9,17911,"bigram","FQ","type",0,0,0,0,0,0,0,0,NA
"subtlex_uk",9,17911,"bigram","FR","type",133,13,26,12,29,9,0,0,NA
"subtlex_uk",9,17911,"bigram","FS","type",0,0,5,6,1,5,0,8,NA
"subtlex_uk",9,17911,"bigram","FT","type",0,8,15,14,4,4,5,33,NA
"subtlex_uk",9,17911,"bigram","FU","type",53,0,19,20,21,14,30,0,NA
"subtlex_uk",9,17911,"bigram","FV","type",0,0,0,0,0,0,0,0,NA
"subtlex_uk",9,17911,"bigram","FW","type",0,0,0,0,0,0,0,0,NA
"subtlex_uk",9,17911,"bigram","FX","type",0,0,0,0,0,0,0,0,NA
"subtlex_uk",9,17911,"bigram","FY","type",0,0,0,2,12,9,2,11,NA
"subtlex_uk",9,17911,"bigram","FZ","type",0,0,0,0,0,1,0,0,NA
"subtlex_uk",9,17911,"bigram","GA","type",103,4,79,64,57,75,23,13,NA
"subtlex_uk",9,17911,"bigram","GB","type",0,0,3,7,4,4,1,0,NA
"subtlex_uk",9,17911,"bigram","GC","type",0,0,2,3,1,0,0,0,NA
"subtlex_uk",9,17911,"bigram","GD","type",0,0,6,1,2,4,0,0,NA
"subtlex_uk",9,17911,"bigram","GE","type",69,2,58,91,47,60,153,108,NA
"subtlex_uk",9,17911,"bigram","GF","type",0,0,3,8,6,0,0,0,NA
"subtlex_uk",9,17911,"bigram","GG","type",1,14,26,30,25,24,4,1,NA
"subtlex_uk",9,17911,"bigram","GH","type",7,2,85,78,42,43,64,53,NA
"subtlex_uk",9,17911,"bigram","GI","type",39,4,40,48,32,93,19,6,NA
"subtlex_uk",9,17911,"bigram","GJ","type",0,0,0,0,0,0,0,0,NA
"subtlex_uk",9,17911,"bigram","GK","type",0,0,0,0,0,0,0,0,NA
"subtlex_uk",9,17911,"bigram","GL","type",77,4,28,20,32,30,52,1,NA
"subtlex_uk",9,17911,"bigram","GM","type",0,0,11,7,3,3,1,1,NA
"subtlex_uk",9,17911,"bigram","GN","type",2,8,44,14,26,18,12,2,NA
"subtlex_uk",9,17911,"bigram","GO","type",97,5,16,31,35,32,10,3,NA
"subtlex_uk",9,17911,"bigram","GP","type",0,0,3,2,0,0,0,0,NA
"subtlex_uk",9,17911,"bigram","GQ","type",0,0,0,1,1,0,0,0,NA
"subtlex_uk",9,17911,"bigram","GR","type",185,10,39,30,61,34,2,1,NA
"subtlex_uk",9,17911,"bigram","GS","type",0,0,5,43,3,3,1,169,NA
"subtlex_uk",9,17911,"bigram","GT","type",0,0,6,9,1,57,16,3,NA
"subtlex_uk",9,17911,"bigram","GU","type",69,4,28,27,22,25,19,0,NA
"subtlex_uk",9,17911,"bigram","GV","type",0,1,0,1,0,0,0,0,NA
"subtlex_uk",9,17911,"bigram","GW","type",4,0,2,6,1,1,0,0,NA
"subtlex_uk",9,17911,"bigram","GX","type",0,0,0,0,0,0,0,0,NA
"subtlex_uk",9,17911,"bigram","GY","type",9,2,0,6,6,3,1,31,NA
"subtlex_uk",9,17911,"bigram","GZ","type",0,0,1,2,1,1,0,1,NA
"subtlex_uk",9,17911,"bigram","HA","type",250,193,38,100,99,91,85,7,NA
"subtlex_uk",9,17911,"bigram","HB","type",0,0,2,14,22,1,0,0,NA
"subtlex_uk",9,17911,"bigram","HC","type",0,0,0,10,12,0,1,0,NA
"subtlex_uk",9,17911,"bigram","HD","type",0,0,1,5,6,0,0,1,NA
"subtlex_uk",9,17911,"bigram","HE","type",165,156,56,98,144,138,139,25,NA
"subtlex_uk",9,17911,"bigram","HF","type",0,0,0,11,11,1,1,0,NA
"subtlex_uk",9,17911,"bigram","HG","type",0,0,0,3,8,0,0,0,NA
"subtlex_uk",9,17911,"bigram","HH","type",0,3,5,9,16,17,28,33,NA
"subtlex_uk",9,17911,"bigram","HI","type",80,189,37,41,71,221,47,8,NA
"subtlex_uk",9,17911,"bigram","HJ","type",0,0,0,1,1,0,0,0,NA
"subtlex_uk",9,17911,"bigram","HK","type",0,0,2,1,3,2,5,0,NA
"subtlex_uk",9,17911,"bigram","HL","type",0,4,8,5,29,11,15,2,NA
"subtlex_uk",9,17911,"bigram","HM","type",0,2,8,7,22,12,0,3,NA
"subtlex_uk",9,17911,"bigram","HN","type",1,1,15,6,17,3,1,1,NA
"subtlex_uk",9,17911,"bigram","HO","type",174,147,33,65,145,106,38,2,NA
"subtlex_uk",9,17911,"bigram","HP","type",0,0,0,3,9,2,0,0,NA
"subtlex_uk",9,17911,"bigram","HQ","type",0,0,0,0,0,0,0,0,NA
"subtlex_uk",9,17911,"bigram","HR","type",0,74,13,23,16,14,4,0,NA
"subtlex_uk",9,17911,"bigram","HS","type",0,0,0,11,12,1,1,35,NA
"subtlex_uk",9,17911,"bigram","HT","type",0,1,0,62,40,31,13,58,NA
"subtlex_uk",9,17911,"bigram","HU","type",58,33,8,12,40,10,9,5,NA
"subtlex_uk",9,17911,"bigram","HV","type",0,0,0,1,0,0,0,0,NA
"subtlex_uk",9,17911,"bigram","HW","type",0,5,6,9,46,0,0,0,NA
"subtlex_uk",9,17911,"bigram","HX","type",0,0,0,0,0,0,0,0,NA
"subtlex_uk",9,17911,"bigram","HY","type",33,11,4,5,10,4,1,26,NA
"subtlex_uk",9,17911,"bigram","HZ","type",0,0,0,1,0,0,0,0,NA
"subtlex_uk",9,17911,"bigram","IA","type",1,36,10,55,44,142,190,135,NA
"subtlex_uk",9,17911,"bigram","IB","type",3,35,16,22,24,31,7,0,NA
"subtlex_uk",9,17911,"bigram","IC","type",7,121,75,127,145,107,167,191,NA
"subtlex_uk",9,17911,"bigram","ID","type",14,70,45,41,72,106,83,29,NA
"subtlex_uk",9,17911,"bigram","IE","type",0,46,37,47,75,259,336,55,NA
"subtlex_uk",9,17911,"bigram","IF","type",2,26,28,35,96,22,35,2,NA
"subtlex_uk",9,17911,"bigram","IG","type",6,157,65,76,60,63,22,7,NA
"subtlex_uk",9,17911,"bigram","IH","type",0,2,2,1,5,0,0,0,NA
"subtlex_uk",9,17911,"bigram","II","type",0,1,1,2,3,4,1,6,NA
"subtlex_uk",9,17911,"bigram","IJ","type",0,2,1,3,1,1,0,0,NA
"subtlex_uk",9,17911,"bigram","IK","type",0,7,4,9,11,8,17,6,NA
"subtlex_uk",9,17911,"bigram","IL","type",14,188,115,97,95,113,119,24,NA
"subtlex_uk",9,17911,"bigram","IM","type",97,73,68,50,52,18,31,10,NA
"subtlex_uk",9,17911,"bigram","IN","type",321,237,197,279,445,282,1680,141,NA
"subtlex_uk",9,17911,"bigram","IO","type",0,31,10,49,55,144,268,36,NA
"subtlex_uk",9,17911,"bigram","IP","type",1,33,43,36,30,15,27,23,NA
"subtlex_uk",9,17911,"bigram","IQ","type",0,8,4,7,8,9,0,0,NA
"subtlex_uk",9,17911,"bigram","IR","type",18,121,79,47,29,49,61,16,NA
"subtlex_uk",9,17911,"bigram","IS","type",22,246,81,137,178,213,311,116,NA
"subtlex_uk",9,17911,"bigram","IT","type",9,121,135,141,129,114,231,27,NA
"subtlex_uk",9,17911,"bigram","IU","type",0,4,3,1,2,8,90,1,NA
"subtlex_uk",9,17911,"bigram","IV","type",2,48,28,33,44,34,100,1,NA
"subtlex_uk",9,17911,"bigram","IW","type",0,2,2,1,6,0,2,0,NA
"subtlex_uk",9,17911,"bigram","IX","type",0,10,0,2,1,2,0,8,NA
"subtlex_uk",9,17911,"bigram","IY","type",0,1,0,0,0,1,2,2,NA
"subtlex_uk",9,17911,"bigram","IZ","type",1,10,22,10,8,30,26,4,NA
"subtlex_uk",9,17911,"bigram","JA","type",46,1,10,8,6,8,8,1,NA
"subtlex_uk",9,17911,"bigram","JB","type",0,0,0,0,0,0,0,0,NA
"subtlex_uk",9,17911,"bigram","JC","type",0,1,0,0,0,0,0,0,NA
"subtlex_uk",9,17911,"bigram","JD","type",0,0,1,0,0,0,0,0,NA
"subtlex_uk",9,17911,"bigram","JE","type",28,1,16,5,0,2,3,0,NA
"subtlex_uk",9,17911,"bigram","JF","type",0,0,0,0,0,0,0,0,NA
"subtlex_uk",9,17911,"bigram","JG","type",0,0,0,0,0,0,0,0,NA
"subtlex_uk",9,17911,"bigram","JH","type",1,0,0,0,0,0,0,0,NA
"subtlex_uk",9,17911,"bigram","JI","type",9,0,2,1,0,1,1,0,NA
"subtlex_uk",9,17911,"bigram","JJ","type",0,0,1,0,0,0,0,0,NA
"subtlex_uk",9,17911,"bigram","JK","type",0,0,0,0,0,0,0,0,NA
"subtlex_uk",9,17911,"bigram","JL","type",0,0,0,0,0,0,0,0,NA
"subtlex_uk",9,17911,"bigram","JM","type",0,0,0,0,0,0,0,0,NA
"subtlex_uk",9,17911,"bigram","JN","type",0,0,0,0,0,0,0,0,NA
"subtlex_uk",9,17911,"bigram","JO","type",32,1,14,4,3,4,0,1,NA
"subtlex_uk",9,17911,"bigram","JP","type",0,0,1,0,0,0,0,0,NA
"subtlex_uk",9,17911,"bigram","JQ","type",0,0,0,0,0,0,0,0,NA
"subtlex_uk",9,17911,"bigram","JR","type",0,0,0,0,0,0,0,0,NA
"subtlex_uk",9,17911,"bigram","JS","type",0,0,0,1,0,1,0,0,NA
"subtlex_uk",9,17911,"bigram","JT","type",0,0,0,0,0,0,0,0,NA
"subtlex_uk",9,17911,"bigram","JU","type",34,3,8,13,5,3,1,0,NA
"subtlex_uk",9,17911,"bigram","JV","type",0,0,0,0,0,0,0,0,NA
"subtlex_uk",9,17911,"bigram","JW","type",0,0,0,0,0,0,0,0,NA
"subtlex_uk",9,17911,"bigram","JX","type",0,0,0,0,0,0,0,0,NA
"subtlex_uk",9,17911,"bigram","JY","type",0,0,0,0,0,0,0,0,NA
"subtlex_uk",9,17911,"bigram","JZ","type",0,0,0,0,0,0,0,0,NA
"subtlex_uk",9,17911,"bigram","KA","type",40,6,4,28,28,7,5,23,NA
"subtlex_uk",9,17911,"bigram","KB","type",0,0,1,17,15,0,0,0,NA
"subtlex_uk",9,17911,"bigram","KC","type",0,0,0,7,2,0,0,0,NA
"subtlex_uk",9,17911,"bigram","KD","type",0,0,0,5,6,0,0,0,NA
"subtlex_uk",9,17911,"bigram","KE","type",28,11,38,117,36,36,112,51,NA
"subtlex_uk",9,17911,"bigram","KF","type",0,0,0,16,14,0,0,0,NA
"subtlex_uk",9,17911,"bigram","KG","type",0,0,0,0,2,0,0,0,NA
"subtlex_uk",9,17911,"bigram","KH","type",7,3,3,23,23,2,0,1,NA
"subtlex_uk",9,17911,"bigram","KI","type",89,22,20,53,27,69,23,27,NA
"subtlex_uk",9,17911,"bigram","KJ","type",0,0,0,1,2,0,0,0,NA
"subtlex_uk",9,17911,"bigram","KK","type",0,0,1,2,0,1,0,0,NA
"subtlex_uk",9,17911,"bigram","KL","type",3,0,3,29,51,5,1,0,NA
"subtlex_uk",9,17911,"bigram","KM","type",0,0,0,7,7,0,0,0,NA
"subtlex_uk",9,17911,"bigram","KN","type",26,1,4,9,24,2,0,0,NA
"subtlex_uk",9,17911,"bigram","KO","type",18,5,6,25,13,12,7,12,NA
"subtlex_uk",9,17911,"bigram","KP","type",3,2,9,6,8,0,0,0,NA
"subtlex_uk",9,17911,"bigram","KQ","type",0,0,0,0,0,0,0,0,NA
"subtlex_uk",9,17911,"bigram","KR","type",10,1,0,10,4,0,1,0,NA
"subtlex_uk",9,17911,"bigram","KS","type",0,0,2,67,21,2,2,107,NA
"subtlex_uk",9,17911,"bigram","KT","type",0,0,0,6,8,1,0,0,NA
"subtlex_uk",9,17911,"bigram","KU","type",11,2,3,2,3,2,1,0,NA
"subtlex_uk",9,17911,"bigram","KV","type",0,0,0,3,1,0,0,0,NA
"subtlex_uk",9,17911,"bigram","KW","type",0,2,2,14,21,1,0,0,NA
"subtlex_uk",9,17911,"bigram","KX","type",0,0,0,0,0,0,0,0,NA
"subtlex_uk",9,17911,"bigram","KY","type",2,10,1,6,3,0,1,21,NA
"subtlex_uk",9,17911,"bigram","KZ","type",0,0,0,0,0,0,0,0,NA
"subtlex_uk",9,17911,"bigram","LA","type",163,285,104,163,146,227,73,63,NA
"subtlex_uk",9,17911,"bigram","LB","type",0,8,18,26,16,4,0,2,NA
"subtlex_uk",9,17911,"bigram","LC","type",0,7,25,7,10,1,0,0,NA
"subtlex_uk",9,17911,"bigram","LD","type",0,11,45,36,25,12,29,127,NA
"subtlex_uk",9,17911,"bigram","LE","type",89,135,145,199,175,221,332,382,NA
"subtlex_uk",9,17911,"bigram","LF","type",0,4,31,15,11,5,3,3,NA
"subtlex_uk",9,17911,"bigram","LG","type",0,5,14,9,7,21,3,1,NA
"subtlex_uk",9,17911,"bigram","LH","type",0,1,5,13,5,1,0,0,NA
"subtlex_uk",9,17911,"bigram","LI","type",129,93,152,243,250,502,70,17,NA
"subtlex_uk",9,17911,"bigram","LJ","type",2,0,0,1,1,0,0,0,NA
"subtlex_uk",9,17911,"bigram","LK","type",0,3,29,5,4,6,2,9,NA
"subtlex_uk",9,17911,"bigram","LL","type",32,57,374,76,148,114,290,175,NA
"subtlex_uk",9,17911,"bigram","LM","type",0,7,32,15,11,6,4,11,NA
"subtlex_uk",9,17911,"bigram","LN","type",0,0,5,0,9,0,1,0,NA
"subtlex_uk",9,17911,"bigram","LO","type",115,114,83,137,82,130,43,27,NA
"subtlex_uk",9,17911,"bigram","LP","type",0,2,13,16,3,0,1,2,NA
"subtlex_uk",9,17911,"bigram","LQ","type",0,0,1,1,0,0,0,0,NA
"subtlex_uk",9,17911,"bigram","LR","type",0,1,3,4,4,2,0,0,NA
"subtlex_uk",9,17911,"bigram","LS","type",0,5,29,33,15,12,1,168,NA
"subtlex_uk",9,17911,"bigram","LT","type",0,10,50,24,23,20,13,20,NA
"subtlex_uk",9,17911,"bigram","LU","type",35,70,26,47,21,12,19,3,NA
"subtlex_uk",9,17911,"bigram","LV","type",0,3,43,2,9,7,1,0,NA
"subtlex_uk",9,17911,"bigram","LW","type",0,2,3,11,14,2,1,0,NA
"subtlex_uk",9,17911,"bigram","LX","type",0,0,0,0,0,0,0,0,NA
"subtlex_uk",9,17911,"bigram","LY","type",13,15,20,35,27,10,10,388,NA
"subtlex_uk",9,17911,"bigram","LZ","type",0,1,0,1,0,0,0,0,NA
"subtlex_uk",9,17911,"bigram","MA","type",392,33,83,132,135,93,113,28,NA
"subtlex_uk",9,17911,"bigram","MB","type",1,43,114,33,42,14,21,3,NA
"subtlex_uk",9,17911,"bigram","MC","type",109,0,6,1,3,0,0,0,NA
"subtlex_uk",9,17911,"bigram","MD","type",0,0,2,0,0,0,0,0,NA
"subtlex_uk",9,17911,"bigram","ME","type",186,23,128,105,76,132,95,56,NA
"subtlex_uk",9,17911,"bigram","MF","type",0,0,5,8,0,0,0,0,NA
"subtlex_uk",9,17911,"bigram","MG","type",0,0,1,1,0,0,0,0,NA
"subtlex_uk",9,17911,"bigram","MH","type",0,0,1,7,4,0,0,1,NA
"subtlex_uk",9,17911,"bigram","MI","type",175,18,99,80,61,114,24,8,NA
"subtlex_uk",9,17911,"bigram","MJ","type",0,0,1,0,0,0,0,0,NA
"subtlex_uk",9,17911,"bigram","MK","type",0,0,2,1,0,0,0,0,NA
"subtlex_uk",9,17911,"bigram","ML","type",0,0,3,3,5,1,1,0,NA
"subtlex_uk",9,17911,"bigram","MM","type",2,28,77,21,15,13,7,1,NA
"subtlex_uk",9,17911,"bigram","MN","type",1,4,5,0,8,5,2,0,NA
"subtlex_uk",9,17911,"bigram","MO","type",204,22,57,71,48,77,12,9,NA
"subtlex_uk",9,17911,"bigram","MP","type",0,86,151,51,32,5,5,7,NA
"subtlex_uk",9,17911,"bigram","MQ","type",0,0,0,1,0,0,0,0,NA
"subtlex_uk",9,17911,"bigram","MR","type",0,0,3,3,1,1,0,0,NA
"subtlex_uk",9,17911,"bigram","MS","type",0,1,12,37,7,1,1,75,NA
"subtlex_uk",9,17911,"bigram","MT","type",1,0,1,5,3,1,1,0,NA
"subtlex_uk",9,17911,"bigram","MU","type",101,8,17,21,6,6,6,1,NA
"subtlex_uk",9,17911,"bigram","MV","type",0,0,0,1,0,0,0,0,NA
"subtlex_uk",9,17911,"bigram","MW","type",2,0,1,4,2,0,0,0,NA
"subtlex_uk",9,17911,"bigram","MX","type",0,0,0,0,0,0,0,0,NA
"subtlex_uk",9,17911,"bigram","MY","type",15,0,1,5,3,2,0,17,NA
"subtlex_uk",9,17911,"bigram","MZ","type",0,0,0,0,0,0,0,0,NA
"subtlex_uk",9,17911,"bigram","NA","type",65,65,72,96,115,112,47,76,NA
"subtlex_uk",9,17911,"bigram","NB","type",0,18,14,19,31,2,0,0,NA
"subtlex_uk",9,17911,"bigram","NC","type",0,108,120,81,43,54,136,2,NA
"subtlex_uk",9,17911,"bigram","ND","type",0,127,237,149,113,129,92,159,NA
"subtlex_uk",9,17911,"bigram","NE","type",100,42,109,130,68,375,276,359,NA
"subtlex_uk",9,17911,"bigram","NF","type",1,55,32,33,15,1,0,0,NA
"subtlex_uk",9,17911,"bigram","NG","type",0,57,170,77,149,124,165,1381,NA
"subtlex_uk",9,17911,"bigram","NH","type",0,23,11,18,19,12,1,0,NA
"subtlex_uk",9,17911,"bigram","NI","type",44,46,86,114,130,296,98,43,NA
"subtlex_uk",9,17911,"bigram","NJ","type",0,12,10,1,0,2,0,0,NA
"subtlex_uk",9,17911,"bigram","NK","type",0,6,46,47,13,6,19,28,NA
"subtlex_uk",9,17911,"bigram","NL","type",0,17,5,13,12,1,6,0,NA
"subtlex_uk",9,17911,"bigram","NM","type",0,10,4,7,8,3,1,0,NA
"subtlex_uk",9,17911,"bigram","NN","type",0,33,100,28,35,44,21,22,NA
"subtlex_uk",9,17911,"bigram","NO","type",86,51,89,53,37,45,36,49,NA
"subtlex_uk",9,17911,"bigram","NP","type",0,17,6,13,5,1,0,0,NA
"subtlex_uk",9,17911,"bigram","NQ","type",0,8,8,1,6,0,0,0,NA
"subtlex_uk",9,17911,"bigram","NR","type",0,11,7,6,5,0,1,0,NA
"subtlex_uk",9,17911,"bigram","NS","type",0,87,98,95,61,84,7,335,NA
"subtlex_uk",9,17911,"bigram","NT","type",0,146,185,102,141,137,123,263,NA
"subtlex_uk",9,17911,"bigram","NU","type",34,14,20,7,11,18,19,0,NA
"subtlex_uk",9,17911,"bigram","NV","type",1,40,29,9,4,3,0,0,NA
"subtlex_uk",9,17911,"bigram","NW","type",0,14,5,11,17,0,3,0,NA
"subtlex_uk",9,17911,"bigram","NX","type",0,2,0,0,0,1,0,0,NA
"subtlex_uk",9,17911,"bigram","NY","type",4,2,6,19,5,6,4,16,NA
"subtlex_uk",9,17911,"bigram","NZ","type",0,2,4,0,5,3,7,1,NA
"subtlex_uk",9,17911,"bigram","OA","type",6,56,26,12,11,65,30,1,NA
"subtlex_uk",9,17911,"bigram","OB","type",40,46,19,19,20,11,4,1,NA
"subtlex_uk",9,17911,"bigram","OC","type",25,99,87,62,39,16,47,2,NA
"subtlex_uk",9,17911,"bigram","OD","type",7,75,62,32,35,15,21,94,NA
"subtlex_uk",9,17911,"bigram","OE","type",2,5,13,2,10,7,31,7,NA
"subtlex_uk",9,17911,"bigram","OF","type",21,12,24,10,10,6,24,15,NA
"subtlex_uk",9,17911,"bigram","OG","type",5,28,20,26,50,15,38,7,NA
"subtlex_uk",9,17911,"bigram","OH","type",1,14,4,8,2,4,1,1,NA
"subtlex_uk",9,17911,"bigram","OI","type",2,34,13,14,21,37,26,1,NA
"subtlex_uk",9,17911,"bigram","OJ","type",0,3,3,1,0,0,0,0,NA
"subtlex_uk",9,17911,"bigram","OK","type",5,5,39,11,9,6,21,29,NA
"subtlex_uk",9,17911,"bigram","OL","type",17,301,68,68,125,76,78,17,NA
"subtlex_uk",9,17911,"bigram","OM","type",8,219,56,63,45,46,56,40,NA
"subtlex_uk",9,17911,"bigram","ON","type",10,391,104,119,161,161,283,658,NA
"subtlex_uk",9,17911,"bigram","OO","type",5,196,88,40,46,79,208,20,NA
"subtlex_uk",9,17911,"bigram","OP","type",36,51,49,44,28,24,36,22,NA
"subtlex_uk",9,17911,"bigram","OQ","type",0,2,2,0,1,2,0,0,NA
"subtlex_uk",9,17911,"bigram","OR","type",47,373,115,157,159,173,313,136,NA
"subtlex_uk",9,17911,"bigram","OS","type",13,112,80,54,59,45,55,61,NA
"subtlex_uk",9,17911,"bigram","OT","type",7,108,87,46,61,47,55,41,NA
"subtlex_uk",9,17911,"bigram","OU","type",52,232,64,100,113,138,164,5,NA
"subtlex_uk",9,17911,"bigram","OV","type",95,48,28,20,48,38,28,14,NA
"subtlex_uk",9,17911,"bigram","OW","type",3,81,76,18,78,37,76,25,NA
"subtlex_uk",9,17911,"bigram","OX","type",9,8,4,6,3,17,1,7,NA
"subtlex_uk",9,17911,"bigram","OY","type",1,15,2,6,10,9,13,5,NA
"subtlex_uk",9,17911,"bigram","OZ","type",0,6,1,2,8,6,0,0,NA
"subtlex_uk",9,17911,"bigram","PA","type",247,47,60,62,49,34,11,5,NA
"subtlex_uk",9,17911,"bigram","PB","type",0,1,6,22,5,5,1,0,NA
"subtlex_uk",9,17911,"bigram","PC","type",0,1,2,3,1,0,0,0,NA
"subtlex_uk",9,17911,"bigram","PD","type",0,1,2,3,4,0,0,0,NA
"subtlex_uk",9,17911,"bigram","PE","type",203,58,163,100,56,26,55,53,NA
"subtlex_uk",9,17911,"bigram","PF","type",0,0,1,7,0,1,0,1,NA
"subtlex_uk",9,17911,"bigram","PG","type",0,1,0,0,1,0,1,0,NA
"subtlex_uk",9,17911,"bigram","PH","type",44,17,31,47,44,7,7,9,NA
"subtlex_uk",9,17911,"bigram","PI","type",108,38,29,42,63,62,8,2,NA
"subtlex_uk",9,17911,"bigram","PJ","type",1,0,0,1,0,0,0,0,NA
"subtlex_uk",9,17911,"bigram","PK","type",0,1,2,1,3,0,0,0,NA
"subtlex_uk",9,17911,"bigram","PL","type",99,31,79,63,46,18,12,0,NA
"subtlex_uk",9,17911,"bigram","PM","type",0,2,5,3,1,0,0,0,NA
"subtlex_uk",9,17911,"bigram","PN","type",3,0,5,0,6,1,0,0,NA
"subtlex_uk",9,17911,"bigram","PO","type",205,31,64,71,45,61,15,0,NA
"subtlex_uk",9,17911,"bigram","PP","type",0,63,50,41,21,20,5,2,NA
"subtlex_uk",9,17911,"bigram","PQ","type",0,0,0,0,0,0,0,0,NA
"subtlex_uk",9,17911,"bigram","PR","type",292,27,67,25,28,5,0,0,NA
"subtlex_uk",9,17911,"bigram","PS","type",7,6,18,31,17,10,2,52,NA
"subtlex_uk",9,17911,"bigram","PT","type",4,15,28,20,26,25,5,8,NA
"subtlex_uk",9,17911,"bigram","PU","type",70,2,35,14,7,2,1,0,NA
"subtlex_uk",9,17911,"bigram","PV","type",0,0,0,0,0,0,0,0,NA
"subtlex_uk",9,17911,"bigram","PW","type",0,2,0,13,4,0,0,0,NA
"subtlex_uk",9,17911,"bigram","PX","type",0,0,0,0,0,0,0,0,NA
"subtlex_uk",9,17911,"bigram","PY","type",5,1,2,7,2,0,1,5,NA
"subtlex_uk",9,17911,"bigram","PZ","type",0,0,0,1,0,0,0,0,NA
"subtlex_uk",9,17911,"bigram","QA","type",0,0,0,0,0,1,0,0,NA
"subtlex_uk",9,17911,"bigram","QB","type",0,0,0,0,0,0,0,0,NA
"subtlex_uk",9,17911,"bigram","QC","type",0,0,0,0,0,0,0,0,NA
"subtlex_uk",9,17911,"bigram","QD","type",0,0,0,0,0,0,0,0,NA
"subtlex_uk",9,17911,"bigram","QE","type",0,0,0,0,0,0,0,0,NA
"subtlex_uk",9,17911,"bigram","QF","type",0,0,0,0,0,0,0,0,NA
"subtlex_uk",9,17911,"bigram","QG","type",0,0,0,0,0,0,0,0,NA
"subtlex_uk",9,17911,"bigram","QH","type",0,0,0,0,0,0,0,0,NA
"subtlex_uk",9,17911,"bigram","QI","type",0,0,0,0,1,1,0,0,NA
"subtlex_uk",9,17911,"bigram","QJ","type",0,0,0,0,0,0,0,0,NA
"subtlex_uk",9,17911,"bigram","QK","type",0,0,0,0,0,0,0,0,NA
"subtlex_uk",9,17911,"bigram","QL","type",0,0,0,0,0,0,0,0,NA
"subtlex_uk",9,17911,"bigram","QM","type",0,0,0,0,0,0,0,0,NA
"subtlex_uk",9,17911,"bigram","QN","type",0,0,0,0,0,0,0,0,NA
"subtlex_uk",9,17911,"bigram","QO","type",0,0,0,0,0,0,1,0,NA
"subtlex_uk",9,17911,"bigram","QP","type",0,0,0,0,0,0,0,0,NA
"subtlex_uk",9,17911,"bigram","QQ","type",0,0,0,0,0,0,0,0,NA
"subtlex_uk",9,17911,"bigram","QR","type",0,0,0,0,0,0,0,0,NA
"subtlex_uk",9,17911,"bigram","QS","type",0,0,0,0,0,0,0,0,NA
"subtlex_uk",9,17911,"bigram","QT","type",0,0,0,0,0,0,0,0,NA
"subtlex_uk",9,17911,"bigram","QU","type",67,72,42,44,15,25,20,0,NA
"subtlex_uk",9,17911,"bigram","QV","type",0,0,0,1,1,0,0,0,NA
"subtlex_uk",9,17911,"bigram","QW","type",0,0,0,0,0,0,0,0,NA
"subtlex_uk",9,17911,"bigram","QX","type",0,0,0,0,0,0,0,0,NA
"subtlex_uk",9,17911,"bigram","QY","type",0,0,0,0,0,0,0,0,NA
"subtlex_uk",9,17911,"bigram","QZ","type",0,0,0,0,0,0,0,0,NA
"subtlex_uk",9,17911,"bigram","RA","type",112,336,196,182,212,181,89,50,NA
"subtlex_uk",9,17911,"bigram","RB","type",0,8,58,24,52,18,3,1,NA
"subtlex_uk",9,17911,"bigram","RC","type",0,14,65,38,44,11,19,0,NA
"subtlex_uk",9,17911,"bigram","RD","type",0,14,88,47,56,41,67,151,NA
"subtlex_uk",9,17911,"bigram","RE","type",545,346,205,190,93,170,295,228,NA
"subtlex_uk",9,17911,"bigram","RF","type",0,0,23,22,31,10,0,3,NA
"subtlex_uk",9,17911,"bigram","RG","type",0,19,65,45,49,24,24,41,NA
"subtlex_uk",9,17911,"bigram","RH","type",16,0,5,18,24,8,0,0,NA
"subtlex_uk",9,17911,"bigram","RI","type",54,255,177,205,263,575,94,17,NA
"subtlex_uk",9,17911,"bigram","RJ","type",0,0,6,1,2,2,0,0,NA
"subtlex_uk",9,17911,"bigram","RK","type",0,2,62,22,10,16,17,54,NA
"subtlex_uk",9,17911,"bigram","RL","type",0,1,40,48,55,26,25,4,NA
"subtlex_uk",9,17911,"bigram","RM","type",0,14,103,20,52,51,19,27,NA
"subtlex_uk",9,17911,"bigram","RN","type",0,5,103,41,53,41,55,40,NA
"subtlex_uk",9,17911,"bigram","RO","type",134,331,127,170,93,178,56,18,NA
"subtlex_uk",9,17911,"bigram","RP","type",0,5,55,24,21,4,15,1,NA
"subtlex_uk",9,17911,"bigram","RQ","type",0,1,7,1,0,1,0,0,NA
"subtlex_uk",9,17911,"bigram","RR","type",3,33,162,38,56,33,34,9,NA
"subtlex_uk",9,17911,"bigram","RS","type",0,7,87,48,80,52,50,478,NA
"subtlex_uk",9,17911,"bigram","RT","type",0,16,189,97,93,93,82,61,NA
"subtlex_uk",9,17911,"bigram","RU","type",45,100,60,43,28,22,19,0,NA
"subtlex_uk",9,17911,"bigram","RV","type",0,1,33,7,19,12,2,0,NA
"subtlex_uk",9,17911,"bigram","RW","type",0,1,10,9,26,2,0,1,NA
"subtlex_uk",9,17911,"bigram","RX","type",0,0,0,0,0,0,0,0,NA
"subtlex_uk",9,17911,"bigram","RY","type",0,15,12,36,13,7,9,186,NA
"subtlex_uk",9,17911,"bigram","RZ","type",0,2,5,1,0,2,0,1,NA
"subtlex_uk",9,17911,"bigram","SA","type",176,2,38,71,51,39,22,15,NA
"subtlex_uk",9,17911,"bigram","SB","type",0,1,12,8,34,0,5,0,NA
"subtlex_uk",9,17911,"bigram","SC","type",219,24,79,36,52,11,15,1,NA
"subtlex_uk",9,17911,"bigram","SD","type",0,0,5,3,17,11,0,0,NA
"subtlex_uk",9,17911,"bigram","SE","type",169,4,126,148,45,53,319,230,NA
"subtlex_uk",9,17911,"bigram","SF","type",1,0,4,9,30,3,0,0,NA
"subtlex_uk",9,17911,"bigram","SG","type",1,0,11,4,8,1,0,0,NA
"subtlex_uk",9,17911,"bigram","SH","type",205,12,86,72,147,112,13,80,NA
"subtlex_uk",9,17911,"bigram","SI","type",107,1,76,96,98,265,70,5,NA
"subtlex_uk",9,17911,"bigram","SJ","type",0,0,2,0,0,0,0,0,NA
"subtlex_uk",9,17911,"bigram","SK","type",50,0,17,7,19,12,50,2,NA
"subtlex_uk",9,17911,"bigram","SL","type",58,5,15,8,25,28,35,0,NA
"subtlex_uk",9,17911,"bigram","SM","type",37,6,23,7,28,33,8,74,NA
"subtlex_uk",9,17911,"bigram","SN","type",52,0,4,4,10,3,0,0,NA
"subtlex_uk",9,17911,"bigram","SO","type",123,9,32,49,29,39,127,6,NA
"subtlex_uk",9,17911,"bigram","SP","type",176,24,70,30,30,10,1,1,NA
"subtlex_uk",9,17911,"bigram","SQ","type",46,0,9,2,3,6,0,0,NA
"subtlex_uk",9,17911,"bigram","SR","type",2,1,8,4,7,0,0,0,NA
"subtlex_uk",9,17911,"bigram","SS","type",2,36,113,101,57,142,20,412,NA
"subtlex_uk",9,17911,"bigram","ST","type",374,34,304,153,343,210,90,316,NA
"subtlex_uk",9,17911,"bigram","SU","type",227,2,27,30,17,12,11,2,NA
"subtlex_uk",9,17911,"bigram","SV","type",2,0,1,5,3,0,0,0,NA
"subtlex_uk",9,17911,"bigram","SW","type",56,0,7,18,51,5,0,0,NA
"subtlex_uk",9,17911,"bigram","SX","type",0,0,0,0,0,0,0,0,NA
"subtlex_uk",9,17911,"bigram","SY","type",33,6,4,7,1,2,1,11,NA
"subtlex_uk",9,17911,"bigram","SZ","type",1,0,0,2,1,1,0,3,NA
"subtlex_uk",9,17911,"bigram","TA","type",109,108,99,176,166,113,59,43,NA
"subtlex_uk",9,17911,"bigram","TB","type",0,0,6,24,18,1,0,0,NA
"subtlex_uk",9,17911,"bigram","TC","type",0,2,66,54,30,2,16,0,NA
"subtlex_uk",9,17911,"bigram","TD","type",0,0,2,3,2,0,0,1,NA
"subtlex_uk",9,17911,"bigram","TE","type",126,53,201,277,139,177,637,364,NA
"subtlex_uk",9,17911,"bigram","TF","type",1,0,8,16,15,11,0,0,NA
"subtlex_uk",9,17911,"bigram","TG","type",0,0,3,5,4,1,0,0,NA
"subtlex_uk",9,17911,"bigram","TH","type",154,23,126,191,67,53,40,136,NA
"subtlex_uk",9,17911,"bigram","TI","type",67,40,134,251,217,687,145,28,NA
"subtlex_uk",9,17911,"bigram","TJ","type",0,0,2,0,2,0,0,0,NA
"subtlex_uk",9,17911,"bigram","TK","type",1,10,3,0,2,0,2,0,NA
"subtlex_uk",9,17911,"bigram","TL","type",0,0,15,47,56,18,57,0,NA
"subtlex_uk",9,17911,"bigram","TM","type",0,0,7,18,18,4,0,0,NA
"subtlex_uk",9,17911,"bigram","TN","type",0,0,5,6,23,3,0,1,NA
"subtlex_uk",9,17911,"bigram","TO","type",110,63,71,110,66,221,298,39,NA
"subtlex_uk",9,17911,"bigram","TP","type",1,0,7,12,2,0,0,0,NA
"subtlex_uk",9,17911,"bigram","TQ","type",0,0,0,0,0,0,0,0,NA
"subtlex_uk",9,17911,"bigram","TR","type",203,110,140,93,82,63,48,0,NA
"subtlex_uk",9,17911,"bigram","TS","type",1,2,28,35,32,11,4,346,NA
"subtlex_uk",9,17911,"bigram","TT","type",0,29,139,61,52,73,102,28,NA
"subtlex_uk",9,17911,"bigram","TU","type",41,19,45,62,31,54,19,2,NA
"subtlex_uk",9,17911,"bigram","TV","type",0,0,2,2,1,1,0,0,NA
"subtlex_uk",9,17911,"bigram","TW","type",24,0,16,27,32,1,1,0,NA
"subtlex_uk",9,17911,"bigram","TX","type",0,0,0,0,0,0,0,0,NA
"subtlex_uk",9,17911,"bigram","TY","type",7,5,3,25,10,14,11,154,NA
"subtlex_uk",9,17911,"bigram","TZ","type",0,0,6,4,4,3,3,18,NA
"subtlex_uk",9,17911,"bigram","UA","type",0,52,31,28,31,27,8,4,NA
"subtlex_uk",9,17911,"bigram","UB","type",0,64,25,20,8,8,5,7,NA
"subtlex_uk",9,17911,"bigram","UC","type",0,64,51,31,32,15,14,0,NA
"subtlex_uk",9,17911,"bigram","UD","type",0,39,16,26,21,20,21,2,NA
"subtlex_uk",9,17911,"bigram","UE","type",0,24,31,27,41,9,53,33,NA
"subtlex_uk",9,17911,"bigram","UF","type",1,20,11,9,4,1,3,2,NA
"subtlex_uk",9,17911,"bigram","UG","type",0,34,50,31,14,14,15,7,NA
"subtlex_uk",9,17911,"bigram","UH","type",0,1,0,1,1,1,1,0,NA
"subtlex_uk",9,17911,"bigram","UI","type",0,58,44,35,25,22,13,1,NA
"subtlex_uk",9,17911,"bigram","UJ","type",0,3,0,0,0,2,1,0,NA
"subtlex_uk",9,17911,"bigram","UK","type",7,8,3,3,0,5,1,2,NA
"subtlex_uk",9,17911,"bigram","UL","type",8,96,49,81,55,61,39,34,NA
"subtlex_uk",9,17911,"bigram","UM","type",4,96,38,37,27,5,24,110,NA
"subtlex_uk",9,17911,"bigram","UN","type",320,145,108,44,58,24,41,8,NA
"subtlex_uk",9,17911,"bigram","UO","type",0,5,4,3,6,8,1,0,NA
"subtlex_uk",9,17911,"bigram","UP","type",34,86,15,15,17,10,5,13,NA
"subtlex_uk",9,17911,"bigram","UQ","type",0,0,0,0,0,0,0,0,NA
"subtlex_uk",9,17911,"bigram","UR","type",10,179,77,78,119,135,119,31,NA
"subtlex_uk",9,17911,"bigram","US","type",4,106,66,56,71,59,74,235,NA
"subtlex_uk",9,17911,"bigram","UT","type",5,139,80,42,34,16,56,22,NA
"subtlex_uk",9,17911,"bigram","UU","type",2,3,2,3,2,1,2,2,NA
"subtlex_uk",9,17911,"bigram","UV","type",0,6,4,4,3,2,0,0,NA
"subtlex_uk",9,17911,"bigram","UW","type",0,0,1,0,0,0,0,0,NA
"subtlex_uk",9,17911,"bigram","UX","type",0,8,2,0,0,1,0,9,NA
"subtlex_uk",9,17911,"bigram","UY","type",0,1,0,0,2,1,0,1,NA
"subtlex_uk",9,17911,"bigram","UZ","type",0,5,1,3,1,2,1,0,NA
"subtlex_uk",9,17911,"bigram","VA","type",56,14,39,42,40,27,18,26,NA
"subtlex_uk",9,17911,"bigram","VB","type",0,0,0,0,0,0,0,0,NA
"subtlex_uk",9,17911,"bigram","VC","type",0,0,0,0,0,0,0,0,NA
"subtlex_uk",9,17911,"bigram","VD","type",0,0,0,0,0,0,0,0,NA
"subtlex_uk",9,17911,"bigram","VE","type",81,106,175,138,26,59,98,128,NA
"subtlex_uk",9,17911,"bigram","VF","type",0,0,0,0,0,0,0,0,NA
"subtlex_uk",9,17911,"bigram","VG","type",0,0,0,0,0,0,0,0,NA
"subtlex_uk",9,17911,"bigram","VH","type",0,0,0,1,0,0,0,0,NA
"subtlex_uk",9,17911,"bigram","VI","type",83,8,70,48,59,76,18,0,NA
"subtlex_uk",9,17911,"bigram","VJ","type",0,0,0,0,0,0,0,0,NA
"subtlex_uk",9,17911,"bigram","VK","type",0,0,0,0,0,0,0,0,NA
"subtlex_uk",9,17911,"bigram","VL","type",2,0,1,0,0,0,0,1,NA
"subtlex_uk",9,17911,"bigram","VM","type",0,0,0,0,0,0,0,0,NA
"subtlex_uk",9,17911,"bigram","VN","type",0,0,0,0,0,1,1,0,NA
"subtlex_uk",9,17911,"bigram","VO","type",36,11,28,10,8,11,5,3,NA
"subtlex_uk",9,17911,"bigram","VP","type",0,0,0,0,0,0,0,0,NA
"subtlex_uk",9,17911,"bigram","VQ","type",0,0,0,0,0,0,0,0,NA
"subtlex_uk",9,17911,"bigram","VR","type",2,1,0,1,0,1,2,0,NA
"subtlex_uk",9,17911,"bigram","VS","type",0,0,1,0,2,2,0,0,NA
"subtlex_uk",9,17911,"bigram","VT","type",0,0,1,0,0,0,0,0,NA
"subtlex_uk",9,17911,"bigram","VU","type",6,3,3,1,1,0,1,0,NA
"subtlex_uk",9,17911,"bigram","VV","type",0,0,1,3,0,0,0,0,NA
"subtlex_uk",9,17911,"bigram","VW","type",0,0,0,0,0,0,0,0,NA
"subtlex_uk",9,17911,"bigram","VX","type",0,0,0,0,0,0,0,0,NA
"subtlex_uk",9,17911,"bigram","VY","type",0,1,2,1,2,0,0,0,NA
"subtlex_uk",9,17911,"bigram","VZ","type",0,0,0,0,0,0,0,0,NA
"subtlex_uk",9,17911,"bigram","WA","type",126,20,18,28,68,87,26,4,NA
"subtlex_uk",9,17911,"bigram","WB","type",0,0,6,12,4,0,0,0,NA
"subtlex_uk",9,17911,"bigram","WC","type",0,0,7,7,0,2,0,0,NA
"subtlex_uk",9,17911,"bigram","WD","type",0,0,6,9,3,4,1,1,NA
"subtlex_uk",9,17911,"bigram","WE","type",75,30,27,30,11,68,23,0,NA
"subtlex_uk",9,17911,"bigram","WF","type",1,1,1,6,0,3,0,0,NA
"subtlex_uk",9,17911,"bigram","WG","type",0,0,1,2,0,0,0,1,NA
"subtlex_uk",9,17911,"bigram","WH","type",106,0,4,7,26,3,0,0,NA
"subtlex_uk",9,17911,"bigram","WI","type",128,36,18,25,20,94,2,1,NA
"subtlex_uk",9,17911,"bigram","WJ","type",0,0,0,0,1,0,0,0,NA
"subtlex_uk",9,17911,"bigram","WK","type",0,1,10,1,1,0,1,5,NA
"subtlex_uk",9,17911,"bigram","WL","type",0,0,9,4,3,1,2,5,NA
"subtlex_uk",9,17911,"bigram","WM","type",0,4,3,2,1,2,0,1,NA
"subtlex_uk",9,17911,"bigram","WN","type",0,2,40,11,3,11,11,59,NA
"subtlex_uk",9,17911,"bigram","WO","type",106,5,4,12,80,118,1,0,NA
"subtlex_uk",9,17911,"bigram","WP","type",0,0,1,5,0,0,0,0,NA
"subtlex_uk",9,17911,"bigram","WQ","type",0,0,0,0,0,0,0,0,NA
"subtlex_uk",9,17911,"bigram","WR","type",25,1,9,7,8,2,1,0,NA
"subtlex_uk",9,17911,"bigram","WS","type",0,1,15,12,0,14,0,24,NA
"subtlex_uk",9,17911,"bigram","WT","type",0,0,9,2,2,0,1,0,NA
"subtlex_uk",9,17911,"bigram","WU","type",5,0,0,0,1,0,0,0,NA
"subtlex_uk",9,17911,"bigram","WV","type",0,0,0,0,0,0,0,0,NA
"subtlex_uk",9,17911,"bigram","WW","type",0,0,1,3,0,1,2,2,NA
"subtlex_uk",9,17911,"bigram","WX","type",0,0,0,0,0,0,0,0,NA
"subtlex_uk",9,17911,"bigram","WY","type",5,0,3,1,0,1,2,2,NA
"subtlex_uk",9,17911,"bigram","WZ","type",0,0,0,0,0,0,0,0,NA
"subtlex_uk",9,17911,"bigram","XA","type",0,4,8,5,3,0,0,0,NA
"subtlex_uk",9,17911,"bigram","XB","type",0,0,2,0,0,0,0,0,NA
"subtlex_uk",9,17911,"bigram","XC","type",1,40,0,1,0,0,0,0,NA
"subtlex_uk",9,17911,"bigram","XD","type",0,0,0,0,0,0,0,0,NA
"subtlex_uk",9,17911,"bigram","XE","type",3,16,8,1,2,1,30,1,NA
"subtlex_uk",9,17911,"bigram","XF","type",0,2,1,0,0,0,0,0,NA
"subtlex_uk",9,17911,"bigram","XG","type",0,0,1,0,0,0,0,0,NA
"subtlex_uk",9,17911,"bigram","XH","type",0,6,2,1,0,0,0,0,NA
"subtlex_uk",9,17911,"bigram","XI","type",1,8,17,6,3,9,6,0,NA
"subtlex_uk",9,17911,"bigram","XJ","type",0,0,0,0,0,0,0,0,NA
"subtlex_uk",9,17911,"bigram","XK","type",0,0,0,0,0,0,0,0,NA
"subtlex_uk",9,17911,"bigram","XL","type",0,0,0,0,0,0,0,0,NA
"subtlex_uk",9,17911,"bigram","XM","type",0,2,0,0,0,0,0,0,NA
"subtlex_uk",9,17911,"bigram","XN","type",0,0,0,0,0,0,0,0,NA
"subtlex_uk",9,17911,"bigram","XO","type",0,10,4,0,0,0,0,0,NA
"subtlex_uk",9,17911,"bigram","XP","type",0,39,4,3,0,0,0,0,NA
"subtlex_uk",9,17911,"bigram","XQ","type",0,1,0,0,0,0,0,0,NA
"subtlex_uk",9,17911,"bigram","XR","type",0,0,0,0,0,0,0,0,NA
"subtlex_uk",9,17911,"bigram","XS","type",0,1,1,0,0,0,0,0,NA
"subtlex_uk",9,17911,"bigram","XT","type",0,25,10,0,1,2,0,3,NA
"subtlex_uk",9,17911,"bigram","XU","type",0,1,6,0,2,0,0,0,NA
"subtlex_uk",9,17911,"bigram","XV","type",0,0,0,1,0,0,0,0,NA
"subtlex_uk",9,17911,"bigram","XW","type",0,0,1,0,0,0,0,0,NA
"subtlex_uk",9,17911,"bigram","XX","type",0,0,0,0,0,0,0,0,NA
"subtlex_uk",9,17911,"bigram","XY","type",1,3,0,0,1,0,0,3,NA
"subtlex_uk",9,17911,"bigram","XZ","type",0,0,0,0,0,0,0,0,NA
"subtlex_uk",9,17911,"bigram","YA","type",14,6,9,4,20,17,14,4,NA
"subtlex_uk",9,17911,"bigram","YB","type",0,11,9,11,19,1,0,0,NA
"subtlex_uk",9,17911,"bigram","YC","type",0,11,13,9,13,3,2,0,NA
"subtlex_uk",9,17911,"bigram","YD","type",0,10,7,9,6,3,8,3,NA
"subtlex_uk",9,17911,"bigram","YE","type",22,9,5,5,2,15,38,6,NA
"subtlex_uk",9,17911,"bigram","YF","type",0,1,5,4,4,2,0,0,NA
"subtlex_uk",9,17911,"bigram","YG","type",1,3,2,14,9,0,0,0,NA
"subtlex_uk",9,17911,"bigram","YH","type",0,0,3,4,10,0,0,0,NA
"subtlex_uk",9,17911,"bigram","YI","type",0,1,1,1,5,57,1,1,NA
"subtlex_uk",9,17911,"bigram","YJ","type",0,0,0,0,1,1,0,0,NA
"subtlex_uk",9,17911,"bigram","YK","type",0,0,1,0,3,0,0,0,NA
"subtlex_uk",9,17911,"bigram","YL","type",0,12,14,8,14,6,8,4,NA
"subtlex_uk",9,17911,"bigram","YM","type",0,27,19,10,23,13,0,1,NA
"subtlex_uk",9,17911,"bigram","YN","type",1,19,5,6,25,3,10,8,NA
"subtlex_uk",9,17911,"bigram","YO","type",17,5,7,1,4,7,4,1,NA
"subtlex_uk",9,17911,"bigram","YP","type",0,25,6,7,8,7,4,0,NA
"subtlex_uk",9,17911,"bigram","YQ","type",0,0,0,0,0,0,0,0,NA
"subtlex_uk",9,17911,"bigram","YR","type",0,19,6,4,3,4,3,0,NA
"subtlex_uk",9,17911,"bigram","YS","type",0,22,21,23,15,14,3,85,NA
"subtlex_uk",9,17911,"bigram","YT","type",1,5,5,5,14,11,6,1,NA
"subtlex_uk",9,17911,"bigram","YU","type",3,1,1,0,0,0,1,0,NA
"subtlex_uk",9,17911,"bigram","YV","type",0,1,0,1,1,0,0,0,NA
"subtlex_uk",9,17911,"bigram","YW","type",0,0,5,3,23,1,0,0,NA
"subtlex_uk",9,17911,"bigram","YX","type",0,0,0,0,0,0,0,0,NA
"subtlex_uk",9,17911,"bigram","YY","type",0,0,0,0,0,0,0,4,NA
"subtlex_uk",9,17911,"bigram","YZ","type",0,2,1,0,1,1,0,0,NA
"subtlex_uk",9,17911,"bigram","ZA","type",10,1,13,12,4,10,2,5,NA
"subtlex_uk",9,17911,"bigram","ZB","type",1,0,3,1,0,0,0,0,NA
"subtlex_uk",9,17911,"bigram","ZC","type",0,0,0,1,0,0,0,0,NA
"subtlex_uk",9,17911,"bigram","ZD","type",0,0,0,0,0,0,0,0,NA
"subtlex_uk",9,17911,"bigram","ZE","type",11,1,9,10,11,5,45,33,NA
"subtlex_uk",9,17911,"bigram","ZF","type",0,0,0,0,0,0,0,0,NA
"subtlex_uk",9,17911,"bigram","ZG","type",0,0,0,1,0,0,0,0,NA
"subtlex_uk",9,17911,"bigram","ZH","type",0,0,1,0,1,1,0,0,NA
"subtlex_uk",9,17911,"bigram","ZI","type",8,2,5,11,16,19,9,4,NA
"subtlex_uk",9,17911,"bigram","ZJ","type",0,0,0,0,0,0,0,0,NA
"subtlex_uk",9,17911,"bigram","ZK","type",0,0,0,0,1,1,1,0,NA
"subtlex_uk",9,17911,"bigram","ZL","type",0,0,2,0,9,7,7,0,NA
"subtlex_uk",9,17911,"bigram","ZM","type",0,0,0,2,1,0,1,0,NA
"subtlex_uk",9,17911,"bigram","ZN","type",0,0,2,0,0,0,0,0,NA
"subtlex_uk",9,17911,"bigram","ZO","type",7,0,5,6,5,8,3,3,NA
"subtlex_uk",9,17911,"bigram","ZP","type",0,0,0,1,0,0,0,0,NA
"subtlex_uk",9,17911,"bigram","ZQ","type",0,0,0,0,1,0,0,0,NA
"subtlex_uk",9,17911,"bigram","ZR","type",0,0,0,1,0,1,0,0,NA
"subtlex_uk",9,17911,"bigram","ZS","type",0,0,0,0,1,0,0,0,NA
"subtlex_uk",9,17911,"bigram","ZT","type",0,0,0,0,3,1,0,0,NA
"subtlex_uk",9,17911,"bigram","ZU","type",3,0,1,2,4,1,0,0,NA
"subtlex_uk",9,17911,"bigram","ZV","type",1,0,1,1,0,0,0,0,NA
"subtlex_uk",9,17911,"bigram","ZW","type",0,0,0,1,0,0,0,0,NA
"subtlex_uk",9,17911,"bigram","ZX","type",0,0,0,0,0,0,0,0,NA
"subtlex_uk",9,17911,"bigram","ZY","type",1,1,3,2,0,0,0,4,NA
"subtlex_uk",9,17911,"bigram","ZZ","type",0,2,16,18,12,6,6,1,NA
"subtlex_uk",10,13135,"bigram","AA","type",15,19,16,18,16,15,11,13,5
"subtlex_uk",10,13135,"bigram","AB","type",69,39,31,35,37,27,240,1,1
"subtlex_uk",10,13135,"bigram","AC","type",59,126,110,48,96,75,44,60,4
"subtlex_uk",10,13135,"bigram","AD","type",57,36,78,44,35,30,48,52,49
"subtlex_uk",10,13135,"bigram","AE","type",7,14,3,2,8,1,7,2,12
"subtlex_uk",10,13135,"bigram","AF","type",33,10,17,1,5,3,3,18,3
"subtlex_uk",10,13135,"bigram","AG","type",15,25,47,36,46,30,43,31,2
"subtlex_uk",10,13135,"bigram","AH","type",1,11,2,10,10,7,7,9,15
"subtlex_uk",10,13135,"bigram","AI","type",7,77,29,26,42,41,62,32,2
"subtlex_uk",10,13135,"bigram","AJ","type",0,10,2,1,1,1,1,0,0
"subtlex_uk",10,13135,"bigram","AK","type",1,8,9,25,12,31,45,15,6
"subtlex_uk",10,13135,"bigram","AL","type",70,190,85,100,100,139,150,120,199
"subtlex_uk",10,13135,"bigram","AM","type",40,86,71,59,46,40,25,21,91
"subtlex_uk",10,13135,"bigram","AN","type",90,273,203,93,160,168,199,270,215
"subtlex_uk",10,13135,"bigram","AO","type",0,0,0,0,1,1,0,0,1
"subtlex_uk",10,13135,"bigram","AP","type",49,49,44,33,22,18,32,18,4
"subtlex_uk",10,13135,"bigram","AQ","type",5,0,3,0,0,0,0,0,0
"subtlex_uk",10,13135,"bigram","AR","type",56,404,128,78,136,128,113,121,41
"subtlex_uk",10,13135,"bigram","AS","type",50,136,91,58,56,78,29,46,63
"subtlex_uk",10,13135,"bigram","AT","type",24,180,112,100,133,418,404,192,19
"subtlex_uk",10,13135,"bigram","AU","type",41,48,24,23,14,17,11,22,4
"subtlex_uk",10,13135,"bigram","AV","type",7,37,30,23,10,15,22,9,1
"subtlex_uk",10,13135,"bigram","AW","type",1,16,10,2,5,6,5,2,11
"subtlex_uk",10,13135,"bigram","AX","type",0,9,1,2,0,2,4,0,4
"subtlex_uk",10,13135,"bigram","AY","type",1,20,17,5,5,21,16,9,16
"subtlex_uk",10,13135,"bigram","AZ","type",1,20,6,4,2,6,5,4,0
"subtlex_uk",10,13135,"bigram","BA","type",191,3,22,41,34,52,57,3,1
"subtlex_uk",10,13135,"bigram","BB","type",1,7,26,16,7,4,6,2,0
"subtlex_uk",10,13135,"bigram","BC","type",0,1,6,0,0,0,0,0,0
"subtlex_uk",10,13135,"bigram","BD","type",0,11,4,1,1,0,0,0,0
"subtlex_uk",10,13135,"bigram","BE","type",148,9,48,63,43,60,50,28,17
"subtlex_uk",10,13135,"bigram","BF","type",0,0,0,0,0,0,0,0,0
"subtlex_uk",10,13135,"bigram","BG","type",0,0,0,1,0,0,1,1,0
"subtlex_uk",10,13135,"bigram","BH","type",0,2,1,1,0,0,0,0,0
"subtlex_uk",10,13135,"bigram","BI","type",78,2,20,28,50,39,22,13,0
"subtlex_uk",10,13135,"bigram","BJ","type",0,4,4,0,0,0,0,0,0
"subtlex_uk",10,13135,"bigram","BK","type",0,0,0,0,0,0,0,0,0
"subtlex_uk",10,13135,"bigram","BL","type",97,4,24,37,18,42,27,265,0
"subtlex_uk",10,13135,"bigram","BM","type",0,0,9,0,0,1,0,0,0
"subtlex_uk",10,13135,"bigram","BN","type",0,2,1,0,1,1,0,0,0
"subtlex_uk",10,13135,"bigram","BO","type",110,8,27,51,67,69,30,11,2
"subtlex_uk",10,13135,"bigram","BP","type",0,0,1,0,1,0,0,0,0
"subtlex_uk",10,13135,"bigram","BQ","type",0,0,0,0,0,0,0,0,0
"subtlex_uk",10,13135,"bigram","BR","type",170,8,33,25,51,30,5,5,0
"subtlex_uk",10,13135,"bigram","BS","type",0,26,25,12,1,0,0,0,13
"subtlex_uk",10,13135,"bigram","BT","type",0,2,6,2,0,0,0,0,1
"subtlex_uk",10,13135,"bigram","BU","type",99,3,21,22,17,23,56,5,0
"subtlex_uk",10,13135,"bigram","BV","type",0,0,4,0,0,0,0,0,0
"subtlex_uk",10,13135,"bigram","BW","type",1,0,0,1,0,1,0,0,0
"subtlex_uk",10,13135,"bigram","BX","type",0,0,0,0,0,0,0,0,0
"subtlex_uk",10,13135,"bigram","BY","type",5,1,3,4,1,1,1,0,5
"subtlex_uk",10,13135,"bigram","BZ","type",1,0,0,0,0,0,0,0,0
"subtlex_uk",10,13135,"bigram","CA","type",246,34,44,53,75,147,47,58,12
"subtlex_uk",10,13135,"bigram","CB","type",0,0,0,0,0,0,0,0,0
"subtlex_uk",10,13135,"bigram","CC","type",0,59,30,11,8,8,0,2,0
"subtlex_uk",10,13135,"bigram","CD","type",0,1,5,0,0,0,0,0,0
"subtlex_uk",10,13135,"bigram","CE","type",45,9,59,87,38,31,32,88,132
"subtlex_uk",10,13135,"bigram","CF","type",0,2,1,0,0,0,0,0,0
"subtlex_uk",10,13135,"bigram","CG","type",0,7,1,0,0,0,0,0,0
"subtlex_uk",10,13135,"bigram","CH","type",230,55,72,140,100,84,77,22,68
"subtlex_uk",10,13135,"bigram","CI","type",29,9,52,58,64,70,88,8,1
"subtlex_uk",10,13135,"bigram","CJ","type",0,0,0,0,0,0,0,0,0
"subtlex_uk",10,13135,"bigram","CK","type",0,3,127,111,9,30,31,45,83
"subtlex_uk",10,13135,"bigram","CL","type",68,8,30,21,28,24,15,10,0
"subtlex_uk",10,13135,"bigram","CM","type",0,0,2,0,1,0,0,0,0
"subtlex_uk",10,13135,"bigram","CN","type",0,2,2,0,0,1,1,0,0
"subtlex_uk",10,13135,"bigram","CO","type",518,32,81,60,37,55,27,10,7
"subtlex_uk",10,13135,"bigram","CP","type",0,2,1,0,0,0,0,0,0
"subtlex_uk",10,13135,"bigram","CQ","type",0,6,3,1,0,0,0,0,1
"subtlex_uk",10,13135,"bigram","CR","type",112,42,68,21,31,58,10,0,0
"subtlex_uk",10,13135,"bigram","CS","type",0,2,1,1,0,1,0,1,41
"subtlex_uk",10,13135,"bigram","CT","type",0,7,40,48,58,133,50,14,13
"subtlex_uk",10,13135,"bigram","CU","type",57,11,39,51,31,30,7,12,0
"subtlex_uk",10,13135,"bigram","CV","type",0,0,0,0,0,0,0,0,0
"subtlex_uk",10,13135,"bigram","CW","type",1,1,1,0,0,0,0,0,0
"subtlex_uk",10,13135,"bigram","CX","type",0,0,0,0,0,0,0,0,0
"subtlex_uk",10,13135,"bigram","CY","type",7,0,4,5,3,5,3,2,44
"subtlex_uk",10,13135,"bigram","CZ","type",0,1,0,2,0,0,3,0,4
"subtlex_uk",10,13135,"bigram","DA","type",44,4,15,19,31,47,44,19,12
"subtlex_uk",10,13135,"bigram","DB","type",0,0,6,21,10,2,0,0,0
"subtlex_uk",10,13135,"bigram","DC","type",0,0,5,7,9,0,0,0,0
"subtlex_uk",10,13135,"bigram","DD","type",0,11,57,8,5,8,11,3,7
"subtlex_uk",10,13135,"bigram","DE","type",285,16,143,149,76,54,62,150,41
"subtlex_uk",10,13135,"bigram","DF","type",0,0,4,7,7,0,2,0,0
"subtlex_uk",10,13135,"bigram","DG","type",0,1,14,13,5,5,7,36,0
"subtlex_uk",10,13135,"bigram","DH","type",2,1,0,10,9,5,1,0,1
"subtlex_uk",10,13135,"bigram","DI","type",229,4,74,90,66,61,120,12,8
"subtlex_uk",10,13135,"bigram","DJ","type",0,6,2,3,0,0,0,0,0
"subtlex_uk",10,13135,"bigram","DK","type",0,0,0,1,1,2,0,0,0
"subtlex_uk",10,13135,"bigram","DL","type",0,1,11,52,8,16,6,22,0
"subtlex_uk",10,13135,"bigram","DM","type",1,13,8,12,8,5,2,0,0
"subtlex_uk",10,13135,"bigram","DN","type",0,0,4,3,0,20,0,0,0
"subtlex_uk",10,13135,"bigram","DO","type",71,5,22,37,23,29,26,20,9
"subtlex_uk",10,13135,"bigram","DP","type",0,0,1,7,6,0,0,0,0
"subtlex_uk",10,13135,"bigram","DQ","type",0,0,0,0,0,0,0,0,0
"subtlex_uk",10,13135,"bigram","DR","type",46,1,29,27,26,20,7,6,0
"subtlex_uk",10,13135,"bigram","DS","type",0,1,10,43,29,9,5,0,172
"subtlex_uk",10,13135,"bigram","DT","type",0,0,0,2,3,1,1,2,5
"subtlex_uk",10,13135,"bigram","DU","type",34,7,27,19,6,15,5,5,0
"subtlex_uk",10,13135,"bigram","DV","type",0,13,1,1,1,0,0,0,0
"subtlex_uk",10,13135,"bigram","DW","type",0,3,4,12,8,3,0,1,0
"subtlex_uk",10,13135,"bigram","DX","type",0,0,0,0,0,0,0,0,0
"subtlex_uk",10,13135,"bigram","DY","type",4,0,8,11,8,1,2,1,8
"subtlex_uk",10,13135,"bigram","DZ","type",0,0,1,0,1,0,1,1,0
"subtlex_uk",10,13135,"bigram","EA","type",26,180,100,53,49,71,70,95,9
"subtlex_uk",10,13135,"bigram","EB","type",1,30,12,35,37,34,4,1,0
"subtlex_uk",10,13135,"bigram","EC","type",22,135,61,76,105,33,16,23,0
"subtlex_uk",10,13135,"bigram","ED","type",10,82,42,43,41,34,38,8,967
"subtlex_uk",10,13135,"bigram","EE","type",2,41,118,37,27,30,45,78,9
"subtlex_uk",10,13135,"bigram","EF","type",7,78,16,21,41,20,8,0,1
"subtlex_uk",10,13135,"bigram","EG","type",5,74,9,37,32,18,10,2,2
"subtlex_uk",10,13135,"bigram","EH","type",2,16,5,17,32,12,1,3,0
"subtlex_uk",10,13135,"bigram","EI","type",9,46,9,5,24,19,38,21,0
"subtlex_uk",10,13135,"bigram","EJ","type",3,6,3,1,0,2,0,1,0
"subtlex_uk",10,13135,"bigram","EK","type",0,3,9,7,1,4,1,0,4
"subtlex_uk",10,13135,"bigram","EL","type",42,187,43,102,133,100,99,147,21
"subtlex_uk",10,13135,"bigram","EM","type",46,87,30,62,39,66,12,6,4
"subtlex_uk",10,13135,"bigram","EN","type",99,197,70,205,267,209,217,189,118
"subtlex_uk",10,13135,"bigram","EO","type",0,36,14,15,9,11,14,5,2
"subtlex_uk",10,13135,"bigram","EP","type",19,118,22,47,30,17,10,3,3
"subtlex_uk",10,13135,"bigram","EQ","type",12,7,8,2,8,0,1,0,0
"subtlex_uk",10,13135,"bigram","ER","type",15,242,176,484,490,303,151,442,544
"subtlex_uk",10,13135,"bigram","ES","type",22,171,64,120,188,150,25,362,954
"subtlex_uk",10,13135,"bigram","ET","type",4,151,31,73,90,100,90,32,28
"subtlex_uk",10,13135,"bigram","EU","type",25,17,10,1,8,2,12,12,1
"subtlex_uk",10,13135,"bigram","EV","type",36,48,26,16,23,15,14,10,3
"subtlex_uk",10,13135,"bigram","EW","type",0,21,10,18,20,29,2,4,6
"subtlex_uk",10,13135,"bigram","EX","type",119,7,14,2,10,7,2,1,5
"subtlex_uk",10,13135,"bigram","EY","type",4,4,5,15,18,8,6,2,52
"subtlex_uk",10,13135,"bigram","EZ","type",0,2,1,6,4,5,1,4,3
"subtlex_uk",10,13135,"bigram","FA","type",89,0,19,5,8,17,7,3,0
"subtlex_uk",10,13135,"bigram","FB","type",0,0,0,3,2,0,0,0,0
"subtlex_uk",10,13135,"bigram","FC","type",0,0,0,1,2,0,0,0,0
"subtlex_uk",10,13135,"bigram","FD","type",0,0,0,0,0,0,0,0,0
"subtlex_uk",10,13135,"bigram","FE","type",42,1,39,37,21,20,6,15,16
"subtlex_uk",10,13135,"bigram","FF","type",1,32,25,31,3,6,5,13,13
"subtlex_uk",10,13135,"bigram","FG","type",0,1,1,0,1,0,0,0,0
"subtlex_uk",10,13135,"bigram","FH","type",0,0,0,1,0,0,0,0,0
"subtlex_uk",10,13135,"bigram","FI","type",85,1,33,35,53,91,51,5,0
"subtlex_uk",10,13135,"bigram","FJ","type",0,0,0,0,0,0,0,0,0
"subtlex_uk",10,13135,"bigram","FK","type",0,0,1,0,0,0,0,0,0
"subtlex_uk",10,13135,"bigram","FL","type",94,0,28,15,19,13,8,1,0
"subtlex_uk",10,13135,"bigram","FM","type",0,0,2,0,0,1,0,0,0
"subtlex_uk",10,13135,"bigram","FN","type",0,0,1,0,0,0,0,0,0
"subtlex_uk",10,13135,"bigram","FO","type",99,0,23,29,21,20,36,2,0
"subtlex_uk",10,13135,"bigram","FP","type",0,0,1,0,1,0,1,0,0
"subtlex_uk",10,13135,"bigram","FQ","type",0,0,0,0,0,0,0,0,0
"subtlex_uk",10,13135,"bigram","FR","type",110,3,36,10,11,16,1,0,0
"subtlex_uk",10,13135,"bigram","FS","type",0,0,4,1,3,0,1,0,5
"subtlex_uk",10,13135,"bigram","FT","type",0,16,0,5,1,3,3,8,27
"subtlex_uk",10,13135,"bigram","FU","type",32,0,11,13,4,29,7,23,0
"subtlex_uk",10,13135,"bigram","FV","type",0,0,0,0,0,0,0,0,0
"subtlex_uk",10,13135,"bigram","FW","type",1,0,0,0,0,0,0,0,0
"subtlex_uk",10,13135,"bigram","FX","type",0,0,0,0,0,0,0,0,0
"subtlex_uk",10,13135,"bigram","FY","type",0,0,0,0,3,34,1,1,2
"subtlex_uk",10,13135,"bigram","FZ","type",0,0,0,0,0,0,0,0,0
"subtlex_uk",10,13135,"bigram","GA","type",59,1,38,29,63,43,32,10,7
"subtlex_uk",10,13135,"bigram","GB","type",0,1,2,6,2,4,0,0,0
"subtlex_uk",10,13135,"bigram","GC","type",0,0,2,1,2,0,0,0,0
"subtlex_uk",10,13135,"bigram","GD","type",0,0,1,1,2,0,6,0,0
"subtlex_uk",10,13135,"bigram","GE","type",61,0,36,76,68,36,31,91,68
"subtlex_uk",10,13135,"bigram","GF","type",0,0,0,5,1,3,1,0,0
"subtlex_uk",10,13135,"bigram","GG","type",0,12,26,11,7,15,11,2,1
"subtlex_uk",10,13135,"bigram","GH","type",8,0,60,36,19,31,76,37,59
"subtlex_uk",10,13135,"bigram","GI","type",17,1,30,26,31,50,66,9,2
"subtlex_uk",10,13135,"bigram","GJ","type",0,0,0,0,0,0,0,0,0
"subtlex_uk",10,13135,"bigram","GK","type",0,0,0,1,0,1,0,0,0
"subtlex_uk",10,13135,"bigram","GL","type",46,0,29,21,12,22,16,67,0
"subtlex_uk",10,13135,"bigram","GM","type",0,0,4,12,6,1,1,1,0
"subtlex_uk",10,13135,"bigram","GN","type",0,1,21,13,14,7,11,4,1
"subtlex_uk",10,13135,"bigram","GO","type",55,2,14,24,23,19,13,11,3
"subtlex_uk",10,13135,"bigram","GP","type",0,0,0,1,1,1,0,0,0
"subtlex_uk",10,13135,"bigram","GQ","type",0,0,0,0,1,0,0,0,0
"subtlex_uk",10,13135,"bigram","GR","type",129,3,41,31,42,53,4,3,0
"subtlex_uk",10,13135,"bigram","GS","type",0,0,0,14,7,4,2,1,85
"subtlex_uk",10,13135,"bigram","GT","type",0,0,1,4,0,10,143,9,1
"subtlex_uk",10,13135,"bigram","GU","type",39,1,20,19,12,21,14,8,0
"subtlex_uk",10,13135,"bigram","GV","type",0,0,0,0,1,0,0,0,0
"subtlex_uk",10,13135,"bigram","GW","type",4,0,1,3,2,6,1,1,0
"subtlex_uk",10,13135,"bigram","GX","type",0,0,0,0,0,0,0,0,0
"subtlex_uk",10,13135,"bigram","GY","type",8,1,0,4,2,1,0,0,34
"subtlex_uk",10,13135,"bigram","GZ","type",0,0,1,1,0,0,0,0,0
"subtlex_uk",10,13135,"bigram","HA","type",149,138,25,63,56,74,62,96,9
"subtlex_uk",10,13135,"bigram","HB","type",0,0,1,8,15,6,0,1,0
"subtlex_uk",10,13135,"bigram","HC","type",0,0,0,8,13,7,0,1,0
"subtlex_uk",10,13135,"bigram","HD","type",0,0,0,2,4,1,1,0,0
"subtlex_uk",10,13135,"bigram","HE","type",106,118,25,68,118,88,87,130,22
"subtlex_uk",10,13135,"bigram","HF","type",0,2,0,5,18,2,2,0,0
"subtlex_uk",10,13135,"bigram","HG","type",0,0,0,0,5,4,1,0,0
"subtlex_uk",10,13135,"bigram","HH","type",0,3,3,5,14,6,9,14,15
"subtlex_uk",10,13135,"bigram","HI","type",61,117,22,32,48,56,112,57,7
"subtlex_uk",10,13135,"bigram","HJ","type",0,0,0,0,0,0,0,0,0
"subtlex_uk",10,13135,"bigram","HK","type",0,0,0,0,2,1,2,1,0
"subtlex_uk",10,13135,"bigram","HL","type",0,3,10,3,16,7,14,11,1
"subtlex_uk",10,13135,"bigram","HM","type",0,0,7,7,13,11,8,3,0
"subtlex_uk",10,13135,"bigram","HN","type",0,0,7,10,3,10,5,1,4
"subtlex_uk",10,13135,"bigram","HO","type",126,101,25,40,66,119,70,8,2
"subtlex_uk",10,13135,"bigram","HP","type",0,0,0,2,8,0,1,0,0
"subtlex_uk",10,13135,"bigram","HQ","type",0,0,0,0,2,0,0,0,0
"subtlex_uk",10,13135,"bigram","HR","type",0,67,5,18,9,18,3,1,1
"subtlex_uk",10,13135,"bigram","HS","type",0,0,0,5,11,4,0,0,42
"subtlex_uk",10,13135,"bigram","HT","type",0,0,5,50,25,16,15,18,33
"subtlex_uk",10,13135,"bigram","HU","type",45,39,7,16,16,28,6,12,1
"subtlex_uk",10,13135,"bigram","HV","type",0,0,0,1,1,0,0,0,0
"subtlex_uk",10,13135,"bigram","HW","type",0,0,4,3,24,5,3,1,0
"subtlex_uk",10,13135,"bigram","HX","type",0,0,0,0,0,0,0,0,0
"subtlex_uk",10,13135,"bigram","HY","type",42,10,6,7,8,3,1,0,30
"subtlex_uk",10,13135,"bigram","HZ","type",0,0,0,0,0,0,0,0,0
"subtlex_uk",10,13135,"bigram","IA","type",1,19,7,29,58,76,114,147,79
"subtlex_uk",10,13135,"bigram","IB","type",1,28,3,25,24,9,49,2,0
"subtlex_uk",10,13135,"bigram","IC","type",6,90,55,88,183,90,95,101,180
"subtlex_uk",10,13135,"bigram","ID","type",16,59,38,34,42,34,64,31,10
"subtlex_uk",10,13135,"bigram","IE","type",0,42,26,15,44,61,141,209,25
"subtlex_uk",10,13135,"bigram","IF","type",0,13,13,19,59,39,19,18,2
"subtlex_uk",10,13135,"bigram","IG","type",2,104,49,56,45,34,41,6,6
"subtlex_uk",10,13135,"bigram","IH","type",0,1,2,4,1,2,0,0,0
"subtlex_uk",10,13135,"bigram","II","type",0,0,0,0,0,0,1,2,2
"subtlex_uk",10,13135,"bigram","IJ","type",0,2,1,0,0,1,1,0,0
"subtlex_uk",10,13135,"bigram","IK","type",1,9,1,8,2,6,11,12,2
"subtlex_uk",10,13135,"bigram","IL","type",13,150,64,72,68,70,97,53,16
"subtlex_uk",10,13135,"bigram","IM","type",81,59,48,38,36,22,17,23,8
"subtlex_uk",10,13135,"bigram","IN","type",356,164,123,163,383,332,178,1281,68
"subtlex_uk",10,13135,"bigram","IO","type",2,26,7,32,64,51,192,338,12
"subtlex_uk",10,13135,"bigram","IP","type",1,27,30,23,27,24,10,14,31
"subtlex_uk",10,13135,"bigram","IQ","type",0,8,7,3,2,3,12,0,0
"subtlex_uk",10,13135,"bigram","IR","type",16,84,44,32,10,15,32,45,7
"subtlex_uk",10,13135,"bigram","IS","type",9,243,60,117,113,166,236,243,85
"subtlex_uk",10,13135,"bigram","IT","type",6,92,108,120,86,166,100,158,16
"subtlex_uk",10,13135,"bigram","IU","type",0,1,2,1,1,1,6,58,0
"subtlex_uk",10,13135,"bigram","IV","type",2,28,23,34,23,43,31,98,0
"subtlex_uk",10,13135,"bigram","IW","type",0,1,0,2,2,1,0,1,0
"subtlex_uk",10,13135,"bigram","IX","type",0,6,2,1,0,1,4,0,2
"subtlex_uk",10,13135,"bigram","IY","type",0,0,0,0,0,0,0,3,1
"subtlex_uk",10,13135,"bigram","IZ","type",0,4,6,3,3,11,43,15,0
"subtlex_uk",10,13135,"bigram","JA","type",29,3,8,4,2,1,6,3,1
"subtlex_uk",10,13135,"bigram","JB","type",0,0,0,0,0,0,0,0,0
"subtlex_uk",10,13135,"bigram","JC","type",0,0,0,0,0,0,0,0,0
"subtlex_uk",10,13135,"bigram","JD","type",0,0,0,0,0,0,0,0,0
"subtlex_uk",10,13135,"bigram","JE","type",15,0,14,11,2,1,1,1,0
"subtlex_uk",10,13135,"bigram","JF","type",0,0,0,0,0,0,0,0,0
"subtlex_uk",10,13135,"bigram","JG","type",0,0,0,0,0,0,0,0,0
"subtlex_uk",10,13135,"bigram","JH","type",0,0,0,0,0,0,0,0,0
"subtlex_uk",10,13135,"bigram","JI","type",4,0,2,1,4,0,1,0,0
"subtlex_uk",10,13135,"bigram","JJ","type",0,0,0,0,0,0,0,0,0
"subtlex_uk",10,13135,"bigram","JK","type",0,0,0,0,0,0,0,0,0
"subtlex_uk",10,13135,"bigram","JL","type",0,0,0,0,0,0,0,0,0
"subtlex_uk",10,13135,"bigram","JM","type",0,0,0,0,0,0,0,0,0
"subtlex_uk",10,13135,"bigram","JN","type",0,0,0,1,0,0,0,0,0
"subtlex_uk",10,13135,"bigram","JO","type",22,0,6,2,2,0,2,0,0
"subtlex_uk",10,13135,"bigram","JP","type",0,0,0,0,0,0,0,0,0
"subtlex_uk",10,13135,"bigram","JQ","type",0,0,0,0,0,0,0,0,0
"subtlex_uk",10,13135,"bigram","JR","type",0,0,0,0,0,0,0,0,0
"subtlex_uk",10,13135,"bigram","JS","type",0,0,0,0,0,0,0,0,0
"subtlex_uk",10,13135,"bigram","JT","type",0,0,0,0,0,0,0,0,0
"subtlex_uk",10,13135,"bigram","JU","type",18,0,8,6,3,2,0,0,0
"subtlex_uk",10,13135,"bigram","JV","type",0,0,0,0,0,0,0,0,0
"subtlex_uk",10,13135,"bigram","JW","type",0,0,0,0,0,0,0,0,0
"subtlex_uk",10,13135,"bigram","JX","type",0,0,0,0,0,0,0,0,0
"subtlex_uk",10,13135,"bigram","JY","type",0,0,0,0,0,0,0,0,0
"subtlex_uk",10,13135,"bigram","JZ","type",0,0,0,0,0,0,0,0,0
"subtlex_uk",10,13135,"bigram","KA","type",25,2,7,20,16,14,5,5,9
"subtlex_uk",10,13135,"bigram","KB","type",0,0,1,9,14,0,0,0,0
"subtlex_uk",10,13135,"bigram","KC","type",0,0,0,5,2,0,0,0,0
"subtlex_uk",10,13135,"bigram","KD","type",0,0,0,1,4,0,0,0,0
"subtlex_uk",10,13135,"bigram","KE","type",25,6,15,70,37,8,28,115,28
"subtlex_uk",10,13135,"bigram","KF","type",0,0,0,5,10,0,1,0,0
"subtlex_uk",10,13135,"bigram","KG","type",0,0,0,2,2,0,0,0,0
"subtlex_uk",10,13135,"bigram","KH","type",2,0,5,13,14,1,0,0,0
"subtlex_uk",10,13135,"bigram","KI","type",52,9,8,43,33,6,61,5,20
"subtlex_uk",10,13135,"bigram","KJ","type",0,0,0,0,1,0,0,0,0
"subtlex_uk",10,13135,"bigram","KK","type",0,0,1,3,1,1,1,2,0
"subtlex_uk",10,13135,"bigram","KL","type",6,1,1,15,16,4,3,5,0
"subtlex_uk",10,13135,"bigram","KM","type",0,0,0,7,6,1,0,0,0
"subtlex_uk",10,13135,"bigram","KN","type",15,0,3,4,4,7,2,0,0
"subtlex_uk",10,13135,"bigram","KO","type",15,0,1,7,10,1,4,5,12
"subtlex_uk",10,13135,"bigram","KP","type",0,1,3,6,5,0,0,0,0
"subtlex_uk",10,13135,"bigram","KQ","type",0,0,0,0,0,1,0,0,0
"subtlex_uk",10,13135,"bigram","KR","type",9,3,0,7,3,5,0,0,0
"subtlex_uk",10,13135,"bigram","KS","type",0,0,1,42,20,0,1,0,96
"subtlex_uk",10,13135,"bigram","KT","type",0,0,1,2,2,1,0,0,0
"subtlex_uk",10,13135,"bigram","KU","type",12,3,0,1,0,3,0,1,1
"subtlex_uk",10,13135,"bigram","KV","type",0,0,0,0,0,0,0,0,0
"subtlex_uk",10,13135,"bigram","KW","type",0,0,0,3,12,2,0,0,0
"subtlex_uk",10,13135,"bigram","KX","type",0,0,0,0,0,0,0,0,0
"subtlex_uk",10,13135,"bigram","KY","type",1,6,1,1,3,2,0,0,10
"subtlex_uk",10,13135,"bigram","KZ","type",0,0,0,0,0,0,0,0,0
"subtlex_uk",10,13135,"bigram","LA","type",110,196,65,88,150,149,128,54,46
"subtlex_uk",10,13135,"bigram","LB","type",0,2,18,13,9,9,1,2,0
"subtlex_uk",10,13135,"bigram","LC","type",0,8,19,3,9,2,0,1,0
"subtlex_uk",10,13135,"bigram","LD","type",0,9,38,26,13,9,10,25,89
"subtlex_uk",10,13135,"bigram","LE","type",66,80,102,123,242,79,110,206,369
"subtlex_uk",10,13135,"bigram","LF","type",0,1,13,5,2,4,0,0,4
"subtlex_uk",10,13135,"bigram","LG","type",0,1,5,4,7,4,9,2,0
"subtlex_uk",10,13135,"bigram","LH","type",0,0,7,5,9,5,1,0,0
"subtlex_uk",10,13135,"bigram","LI","type",114,62,111,181,164,210,318,62,17
"subtlex_uk",10,13135,"bigram","LJ","type",0,0,0,0,0,0,0,0,0
"subtlex_uk",10,13135,"bigram","LK","type",0,3,22,8,1,4,4,4,6
"subtlex_uk",10,13135,"bigram","LL","type",17,32,240,67,69,104,98,273,72
"subtlex_uk",10,13135,"bigram","LM","type",0,3,28,7,6,8,5,4,1
"subtlex_uk",10,13135,"bigram","LN","type",0,0,3,0,2,7,0,0,0
"subtlex_uk",10,13135,"bigram","LO","type",67,80,63,107,68,72,89,28,15
"subtlex_uk",10,13135,"bigram","LP","type",0,5,7,8,5,2,0,0,1
"subtlex_uk",10,13135,"bigram","LQ","type",0,0,1,1,0,0,0,0,0
"subtlex_uk",10,13135,"bigram","LR","type",0,0,1,4,2,6,0,0,0
"subtlex_uk",10,13135,"bigram","LS","type",0,0,19,23,9,11,6,1,93
"subtlex_uk",10,13135,"bigram","LT","type",0,20,38,32,8,12,6,11,5
"subtlex_uk",10,13135,"bigram","LU","type",29,44,33,19,27,13,8,24,1
"subtlex_uk",10,13135,"bigram","LV","type",0,1,29,3,5,2,8,0,0
"subtlex_uk",10,13135,"bigram","LW","type",0,1,2,10,5,11,0,0,0
"subtlex_uk",10,13135,"bigram","LX","type",0,0,0,0,0,0,0,0,0
"subtlex_uk",10,13135,"bigram","LY","type",4,11,25,28,15,15,7,2,459
"subtlex_uk",10,13135,"bigram","LZ","type",0,1,1,0,0,0,0,0,0
"subtlex_uk",10,13135,"bigram","MA","type",257,30,35,92,135,106,42,59,17
"subtlex_uk",10,13135,"bigram","MB","type",0,29,86,29,34,13,9,18,2
"subtlex_uk",10,13135,"bigram","MC","type",48,0,1,2,1,1,0,0,0
"subtlex_uk",10,13135,"bigram","MD","type",0,0,2,1,0,0,0,0,0
"subtlex_uk",10,13135,"bigram","ME","type",132,14,75,111,56,75,136,73,42
"subtlex_uk",10,13135,"bigram","MF","type",0,0,4,1,2,2,0,0,0
"subtlex_uk",10,13135,"bigram","MG","type",0,0,1,0,1,0,0,0,0
"subtlex_uk",10,13135,"bigram","MH","type",1,0,0,4,0,1,0,0,0
"subtlex_uk",10,13135,"bigram","MI","type",168,13,75,97,59,56,63,19,1
"subtlex_uk",10,13135,"bigram","MJ","type",0,0,0,0,0,0,0,0,0
"subtlex_uk",10,13135,"bigram","MK","type",0,0,0,1,0,0,0,0,0
"subtlex_uk",10,13135,"bigram","ML","type",0,0,1,6,1,4,1,0,0
"subtlex_uk",10,13135,"bigram","MM","type",1,26,72,16,10,8,12,4,2
"subtlex_uk",10,13135,"bigram","MN","type",1,4,5,2,4,3,1,1,0
"subtlex_uk",10,13135,"bigram","MO","type",182,7,75,52,38,28,38,5,9
"subtlex_uk",10,13135,"bigram","MP","type",1,75,107,30,28,14,3,6,6
"subtlex_uk",10,13135,"bigram","MQ","type",0,0,0,0,0,0,0,0,0
"subtlex_uk",10,13135,"bigram","MR","type",0,1,2,0,0,0,0,0,0
"subtlex_uk",10,13135,"bigram","MS","type",0,0,11,13,8,4,2,0,64
"subtlex_uk",10,13135,"bigram","MT","type",0,0,2,1,0,1,1,0,0
"subtlex_uk",10,13135,"bigram","MU","type",60,7,15,18,6,4,5,5,0
"subtlex_uk",10,13135,"bigram","MV","type",0,0,0,0,0,1,0,0,0
"subtlex_uk",10,13135,"bigram","MW","type",0,0,0,2,2,0,0,0,0
"subtlex_uk",10,13135,"bigram","MX","type",0,0,0,0,0,0,0,0,0
"subtlex_uk",10,13135,"bigram","MY","type",14,0,1,0,2,1,0,0,13
"subtlex_uk",10,13135,"bigram","MZ","type",0,0,0,0,0,0,0,0,0
"subtlex_uk",10,13135,"bigram","NA","type",52,49,48,59,87,140,51,50,41
"subtlex_uk",10,13135,"bigram","NB","type",0,22,8,18,11,35,0,0,0
"subtlex_uk",10,13135,"bigram","NC","type",0,79,94,65,38,43,55,141,0
"subtlex_uk",10,13135,"bigram","ND","type",0,134,186,102,84,97,66,63,102
"subtlex_uk",10,13135,"bigram","NE","type",71,49,86,91,54,53,296,213,190
"subtlex_uk",10,13135,"bigram","NF","type",0,60,33,17,16,3,2,0,0
"subtlex_uk",10,13135,"bigram","NG","type",1,45,100,61,69,263,106,85,1119
"subtlex_uk",10,13135,"bigram","NH","type",0,19,4,7,17,28,7,2,0
"subtlex_uk",10,13135,"bigram","NI","type",35,50,63,87,80,111,211,56,29
"subtlex_uk",10,13135,"bigram","NJ","type",0,7,3,4,1,1,0,0,0
"subtlex_uk",10,13135,"bigram","NK","type",0,5,19,21,6,11,5,21,16
"subtlex_uk",10,13135,"bigram","NL","type",0,17,3,7,3,4,1,6,0
"subtlex_uk",10,13135,"bigram","NM","type",0,8,3,4,7,12,0,1,0
"subtlex_uk",10,13135,"bigram","NN","type",0,31,88,13,13,34,22,15,13
"subtlex_uk",10,13135,"bigram","NO","type",48,36,67,46,38,24,36,13,33
"subtlex_uk",10,13135,"bigram","NP","type",0,19,6,3,6,2,1,0,0
"subtlex_uk",10,13135,"bigram","NQ","type",0,2,7,3,4,0,1,0,0
"subtlex_uk",10,13135,"bigram","NR","type",0,36,2,4,2,0,1,1,0
"subtlex_uk",10,13135,"bigram","NS","type",0,87,77,98,48,48,26,6,310
"subtlex_uk",10,13135,"bigram","NT","type",0,155,171,74,77,139,119,123,246
"subtlex_uk",10,13135,"bigram","NU","type",21,8,24,8,8,14,6,6,1
"subtlex_uk",10,13135,"bigram","NV","type",0,31,25,10,6,0,0,0,0
"subtlex_uk",10,13135,"bigram","NW","type",0,7,1,9,2,13,1,0,0
"subtlex_uk",10,13135,"bigram","NX","type",0,0,0,0,0,0,0,0,0
"subtlex_uk",10,13135,"bigram","NY","type",3,3,4,8,5,4,6,3,17
"subtlex_uk",10,13135,"bigram","NZ","type",0,0,6,1,4,2,2,1,0
"subtlex_uk",10,13135,"bigram","OA","type",1,40,21,3,11,23,35,8,1
"subtlex_uk",10,13135,"bigram","OB","type",19,30,13,9,12,5,14,5,2
"subtlex_uk",10,13135,"bigram","OC","type",9,57,66,41,47,22,18,22,1
"subtlex_uk",10,13135,"bigram","OD","type",2,47,36,33,24,19,10,16,36
"subtlex_uk",10,13135,"bigram","OE","type",1,8,8,4,5,2,5,12,2
"subtlex_uk",10,13135,"bigram","OF","type",13,7,19,7,6,5,10,10,6
"subtlex_uk",10,13135,"bigram","OG","type",0,20,18,37,45,24,8,35,3
"subtlex_uk",10,13135,"bigram","OH","type",1,7,1,6,5,2,0,2,1
"subtlex_uk",10,13135,"bigram","OI","type",0,21,5,8,18,11,29,8,0
"subtlex_uk",10,13135,"bigram","OJ","type",0,0,5,1,0,0,0,0,0
"subtlex_uk",10,13135,"bigram","OK","type",2,2,23,9,1,0,11,20,19
"subtlex_uk",10,13135,"bigram","OL","type",5,198,54,75,77,78,49,31,13
"subtlex_uk",10,13135,"bigram","OM","type",6,178,44,55,59,29,54,48,15
"subtlex_uk",10,13135,"bigram","ON","type",5,353,82,90,143,116,132,279,612
"subtlex_uk",10,13135,"bigram","OO","type",8,115,54,25,35,28,62,98,15
"subtlex_uk",10,13135,"bigram","OP","type",20,34,63,45,55,38,26,15,11
"subtlex_uk",10,13135,"bigram","OQ","type",0,2,2,0,2,1,0,0,0
"subtlex_uk",10,13135,"bigram","OR","type",35,286,89,111,140,110,144,207,102
"subtlex_uk",10,13135,"bigram","OS","type",16,79,65,41,42,26,21,28,36
"subtlex_uk",10,13135,"bigram","OT","type",2,83,76,45,30,39,28,27,14
"subtlex_uk",10,13135,"bigram","OU","type",39,169,31,64,58,82,124,156,5
"subtlex_uk",10,13135,"bigram","OV","type",83,30,19,23,22,25,22,24,3
"subtlex_uk",10,13135,"bigram","OW","type",3,44,38,10,51,27,33,42,13
"subtlex_uk",10,13135,"bigram","OX","type",4,7,2,7,4,4,9,1,8
"subtlex_uk",10,13135,"bigram","OY","type",1,6,0,3,7,3,6,4,5
"subtlex_uk",10,13135,"bigram","OZ","type",1,4,1,2,2,7,0,0,0
"subtlex_uk",10,13135,"bigram","PA","type",163,25,51,64,32,38,21,4,0
"subtlex_uk",10,13135,"bigram","PB","type",0,2,0,3,12,1,0,2,0
"subtlex_uk",10,13135,"bigram","PC","type",0,0,0,1,0,2,0,0,0
"subtlex_uk",10,13135,"bigram","PD","type",0,1,1,1,1,1,0,0,0
"subtlex_uk",10,13135,"bigram","PE","type",180,36,143,99,49,29,27,59,23
"subtlex_uk",10,13135,"bigram","PF","type",0,0,0,3,0,0,1,0,1
"subtlex_uk",10,13135,"bigram","PG","type",0,0,0,0,0,0,0,0,0
"subtlex_uk",10,13135,"bigram","PH","type",49,8,32,30,53,37,18,19,10
"subtlex_uk",10,13135,"bigram","PI","type",55,35,23,24,42,27,32,7,1
"subtlex_uk",10,13135,"bigram","PJ","type",0,0,0,0,0,0,0,0,0
"subtlex_uk",10,13135,"bigram","PK","type",0,0,0,2,0,0,0,0,0
"subtlex_uk",10,13135,"bigram","PL","type",55,16,53,57,28,26,11,7,0
"subtlex_uk",10,13135,"bigram","PM","type",0,0,0,2,1,3,2,0,0
"subtlex_uk",10,13135,"bigram","PN","type",3,0,6,0,0,0,0,0,0
"subtlex_uk",10,13135,"bigram","PO","type",158,37,57,66,28,43,34,7,0
"subtlex_uk",10,13135,"bigram","PP","type",1,39,50,31,12,23,16,1,1
"subtlex_uk",10,13135,"bigram","PQ","type",0,0,0,0,0,0,0,0,0
"subtlex_uk",10,13135,"bigram","PR","type",279,20,63,22,20,25,2,0,0
"subtlex_uk",10,13135,"bigram","PS","type",8,3,4,10,7,4,6,2,29
"subtlex_uk",10,13135,"bigram","PT","type",1,3,12,15,33,34,21,3,5
"subtlex_uk",10,13135,"bigram","PU","type",55,3,29,17,7,4,4,5,0
"subtlex_uk",10,13135,"bigram","PV","type",0,0,0,0,0,0,0,0,0
"subtlex_uk",10,13135,"bigram","PW","type",0,1,1,4,1,1,0,0,0
"subtlex_uk",10,13135,"bigram","PX","type",0,0,0,0,0,0,0,0,0
"subtlex_uk",10,13135,"bigram","PY","type",6,3,3,0,6,1,0,0,4
"subtlex_uk",10,13135,"bigram","PZ","type",0,0,0,0,0,0,0,0,0
"subtlex_uk",10,13135,"bigram","QA","type",0,0,0,1,0,0,0,0,0
"subtlex_uk",10,13135,"bigram","QB","type",0,0,0,0,0,0,0,0,0
"subtlex_uk",10,13135,"bigram","QC","type",0,0,0,0,0,0,0,0,0
"subtlex_uk",10,13135,"bigram","QD","type",0,0,0,0,0,0,0,0,0
"subtlex_uk",10,13135,"bigram","QE","type",0,0,0,0,0,0,0,0,0
"subtlex_uk",10,13135,"bigram","QF","type",0,0,0,0,0,0,0,0,0
"subtlex_uk",10,13135,"bigram","QG","type",0,0,0,0,0,0,0,0,0
"subtlex_uk",10,13135,"bigram","QH","type",0,0,0,0,0,0,0,0,0
"subtlex_uk",10,13135,"bigram","QI","type",0,0,0,0,0,0,0,0,0
"subtlex_uk",10,13135,"bigram","QJ","type",0,0,0,0,0,0,0,0,0
"subtlex_uk",10,13135,"bigram","QK","type",0,0,0,0,0,0,0,0,0
"subtlex_uk",10,13135,"bigram","QL","type",0,0,0,0,0,0,0,0,0
"subtlex_uk",10,13135,"bigram","QM","type",0,0,0,0,0,0,0,0,0
"subtlex_uk",10,13135,"bigram","QN","type",0,0,0,0,0,0,0,0,0
"subtlex_uk",10,13135,"bigram","QO","type",0,0,0,0,0,0,0,0,0
"subtlex_uk",10,13135,"bigram","QP","type",0,0,0,0,0,0,0,0,0
"subtlex_uk",10,13135,"bigram","QQ","type",0,0,0,0,0,0,0,0,0
"subtlex_uk",10,13135,"bigram","QR","type",0,0,0,0,0,0,0,0,0
"subtlex_uk",10,13135,"bigram","QS","type",0,0,0,0,0,0,0,0,0
"subtlex_uk",10,13135,"bigram","QT","type",0,0,0,0,0,0,0,0,0
"subtlex_uk",10,13135,"bigram","QU","type",49,32,26,41,12,21,7,25,0
"subtlex_uk",10,13135,"bigram","QV","type",0,0,0,0,0,0,0,0,0
"subtlex_uk",10,13135,"bigram","QW","type",0,0,0,0,0,0,0,0,0
"subtlex_uk",10,13135,"bigram","QX","type",0,0,0,0,0,0,0,0,0
"subtlex_uk",10,13135,"bigram","QY","type",0,0,0,0,0,0,0,0,0
"subtlex_uk",10,13135,"bigram","QZ","type",0,0,0,0,0,0,0,0,0
"subtlex_uk",10,13135,"bigram","RA","type",74,257,139,141,202,187,160,50,36
"subtlex_uk",10,13135,"bigram","RB","type",0,6,52,15,44,43,6,0,3
"subtlex_uk",10,13135,"bigram","RC","type",0,15,59,27,38,24,12,11,0
"subtlex_uk",10,13135,"bigram","RD","type",0,11,45,27,25,45,10,51,64
"subtlex_uk",10,13135,"bigram","RE","type",466,264,167,169,115,78,91,176,125
"subtlex_uk",10,13135,"bigram","RF","type",0,0,21,12,28,19,4,1,4
"subtlex_uk",10,13135,"bigram","RG","type",0,10,44,30,29,17,13,19,52
"subtlex_uk",10,13135,"bigram","RH","type",17,0,2,9,18,22,0,0,2
"subtlex_uk",10,13135,"bigram","RI","type",38,190,120,151,131,215,363,59,7
"subtlex_uk",10,13135,"bigram","RJ","type",0,0,3,1,1,5,1,0,0
"subtlex_uk",10,13135,"bigram","RK","type",0,1,38,14,8,9,19,21,24
"subtlex_uk",10,13135,"bigram","RL","type",0,0,31,19,31,53,6,22,4
"subtlex_uk",10,13135,"bigram","RM","type",0,6,89,22,27,51,21,13,11
"subtlex_uk",10,13135,"bigram","RN","type",0,2,63,29,39,38,17,26,21
"subtlex_uk",10,13135,"bigram","RO","type",70,284,88,157,63,103,120,26,10
"subtlex_uk",10,13135,"bigram","RP","type",0,2,25,24,29,10,5,10,1
"subtlex_uk",10,13135,"bigram","RQ","type",0,0,6,0,1,0,0,0,0
"subtlex_uk",10,13135,"bigram","RR","type",1,25,129,33,28,27,21,33,4
"subtlex_uk",10,13135,"bigram","RS","type",0,0,85,38,86,83,17,29,428
"subtlex_uk",10,13135,"bigram","RT","type",0,13,148,65,45,56,56,60,43
"subtlex_uk",10,13135,"bigram","RU","type",26,60,30,24,29,4,18,19,1
"subtlex_uk",10,13135,"bigram","RV","type",0,0,24,5,22,9,6,0,0
"subtlex_uk",10,13135,"bigram","RW","type",0,0,8,5,28,27,1,1,0
"subtlex_uk",10,13135,"bigram","RX","type",0,0,0,0,0,0,0,0,0
"subtlex_uk",10,13135,"bigram","RY","type",1,16,12,29,11,16,0,7,132
"subtlex_uk",10,13135,"bigram","RZ","type",1,3,0,2,1,2,0,0,0
"subtlex_uk",10,13135,"bigram","SA","type",96,3,27,28,39,35,28,6,4
"subtlex_uk",10,13135,"bigram","SB","type",1,2,18,8,15,37,0,1,0
"subtlex_uk",10,13135,"bigram","SC","type",147,19,75,37,62,39,11,6,0
"subtlex_uk",10,13135,"bigram","SD","type",0,0,1,0,5,5,2,0,0
"subtlex_uk",10,13135,"bigram","SE","type",112,3,67,131,64,32,37,293,147
"subtlex_uk",10,13135,"bigram","SF","type",0,0,2,0,25,6,2,0,0
"subtlex_uk",10,13135,"bigram","SG","type",0,1,6,2,4,2,0,0,0
"subtlex_uk",10,13135,"bigram","SH","type",126,4,54,48,62,94,99,4,33
"subtlex_uk",10,13135,"bigram","SI","type",74,1,57,81,87,90,242,36,1
"subtlex_uk",10,13135,"bigram","SJ","type",0,0,2,0,0,0,0,0,0
"subtlex_uk",10,13135,"bigram","SK","type",25,2,11,2,6,4,8,28,1
"subtlex_uk",10,13135,"bigram","SL","type",38,1,13,6,14,17,9,53,0
"subtlex_uk",10,13135,"bigram","SM","type",28,0,22,9,16,19,5,11,62
"subtlex_uk",10,13135,"bigram","SN","type",31,0,2,1,1,3,2,0,0
"subtlex_uk",10,13135,"bigram","SO","type",86,2,45,40,26,20,46,35,6
"subtlex_uk",10,13135,"bigram","SP","type",125,11,69,38,32,26,3,0,1
"subtlex_uk",10,13135,"bigram","SQ","type",15,1,5,1,1,2,11,0,0
"subtlex_uk",10,13135,"bigram","SR","type",1,1,6,1,3,1,0,0,0
"subtlex_uk",10,13135,"bigram","SS","type",1,22,90,74,43,113,87,5,334
"subtlex_uk",10,13135,"bigram","ST","type",254,32,244,145,221,193,159,76,170
"subtlex_uk",10,13135,"bigram","SU","type",214,1,35,23,18,7,4,3,1
"subtlex_uk",10,13135,"bigram","SV","type",1,1,1,0,14,1,0,0,0
"subtlex_uk",10,13135,"bigram","SW","type",46,0,3,9,40,21,1,0,0
"subtlex_uk",10,13135,"bigram","SX","type",0,0,0,0,0,0,0,0,0
"subtlex_uk",10,13135,"bigram","SY","type",30,7,3,3,0,1,0,0,6
"subtlex_uk",10,13135,"bigram","SZ","type",1,0,1,1,2,0,1,0,2
"subtlex_uk",10,13135,"bigram","TA","type",63,71,72,107,143,148,70,42,29
"subtlex_uk",10,13135,"bigram","TB","type",0,0,5,11,13,9,0,0,0
"subtlex_uk",10,13135,"bigram","TC","type",2,2,48,23,22,20,1,23,0
"subtlex_uk",10,13135,"bigram","TD","type",0,0,0,0,2,0,1,0,0
"subtlex_uk",10,13135,"bigram","TE","type",101,36,187,232,145,81,146,595,238
"subtlex_uk",10,13135,"bigram","TF","type",0,0,6,4,12,4,6,0,0
"subtlex_uk",10,13135,"bigram","TG","type",0,0,2,9,4,1,0,0,0
"subtlex_uk",10,13135,"bigram","TH","type",91,7,102,143,85,44,58,54,87
"subtlex_uk",10,13135,"bigram","TI","type",53,25,101,229,177,234,782,109,19
"subtlex_uk",10,13135,"bigram","TJ","type",0,0,0,0,0,0,0,0,0
"subtlex_uk",10,13135,"bigram","TK","type",1,3,1,1,1,1,0,0,0
"subtlex_uk",10,13135,"bigram","TL","type",0,0,3,59,17,25,7,67,0
"subtlex_uk",10,13135,"bigram","TM","type",0,1,4,10,10,16,1,0,0
"subtlex_uk",10,13135,"bigram","TN","type",0,0,3,8,2,8,1,0,0
"subtlex_uk",10,13135,"bigram","TO","type",78,37,49,89,63,68,192,297,14
"subtlex_uk",10,13135,"bigram","TP","type",0,0,7,8,3,2,0,0,0
"subtlex_uk",10,13135,"bigram","TQ","type",0,0,0,0,0,0,0,0,0
"subtlex_uk",10,13135,"bigram","TR","type",172,77,122,103,63,88,33,20,0
"subtlex_uk",10,13135,"bigram","TS","type",3,0,19,29,35,5,8,0,290
"subtlex_uk",10,13135,"bigram","TT","type",0,19,130,60,23,38,53,60,8
"subtlex_uk",10,13135,"bigram","TU","type",30,13,31,43,24,48,31,17,0
"subtlex_uk",10,13135,"bigram","TV","type",0,0,1,0,1,1,0,0,0
"subtlex_uk",10,13135,"bigram","TW","type",18,0,11,8,18,10,1,0,1
"subtlex_uk",10,13135,"bigram","TX","type",0,0,0,0,0,0,0,0,0
"subtlex_uk",10,13135,"bigram","TY","type",12,3,4,9,8,12,7,4,127
"subtlex_uk",10,13135,"bigram","TZ","type",0,0,12,2,1,1,3,1,5
"subtlex_uk",10,13135,"bigram","UA","type",1,36,16,16,30,24,16,16,3
"subtlex_uk",10,13135,"bigram","UB","type",1,80,15,13,5,4,1,3,0
"subtlex_uk",10,13135,"bigram","UC","type",0,43,24,22,26,15,12,14,0
"subtlex_uk",10,13135,"bigram","UD","type",2,30,13,12,8,15,8,6,5
"subtlex_uk",10,13135,"bigram","UE","type",0,21,16,12,31,15,17,16,35
"subtlex_uk",10,13135,"bigram","UF","type",0,14,6,3,4,2,3,3,0
"subtlex_uk",10,13135,"bigram","UG","type",0,25,14,7,19,7,4,42,0
"subtlex_uk",10,13135,"bigram","UH","type",0,7,0,0,1,1,0,1,0
"subtlex_uk",10,13135,"bigram","UI","type",0,25,22,23,30,9,23,10,0
"subtlex_uk",10,13135,"bigram","UJ","type",0,3,0,1,0,0,1,0,0
"subtlex_uk",10,13135,"bigram","UK","type",5,7,2,2,1,0,0,1,3
"subtlex_uk",10,13135,"bigram","UL","type",9,73,39,80,68,38,67,12,24
"subtlex_uk",10,13135,"bigram","UM","type",3,82,27,53,17,9,4,19,82
"subtlex_uk",10,13135,"bigram","UN","type",360,92,102,39,44,31,17,36,9
"subtlex_uk",10,13135,"bigram","UO","type",0,7,1,1,7,0,5,0,0
"subtlex_uk",10,13135,"bigram","UP","type",17,83,9,12,17,10,2,5,5
"subtlex_uk",10,13135,"bigram","UQ","type",0,0,0,1,0,0,0,0,0
"subtlex_uk",10,13135,"bigram","UR","type",6,113,73,63,62,59,101,86,17
"subtlex_uk",10,13135,"bigram","US","type",4,69,40,33,42,36,61,42,220
"subtlex_uk",10,13135,"bigram","UT","type",3,119,49,29,18,24,30,21,15
"subtlex_uk",10,13135,"bigram","UU","type",0,0,0,0,0,0,0,0,0
"subtlex_uk",10,13135,"bigram","UV","type",0,0,0,3,0,2,0,1,0
"subtlex_uk",10,13135,"bigram","UW","type",0,0,0,0,0,0,0,0,0
"subtlex_uk",10,13135,"bigram","UX","type",0,5,0,1,0,0,0,0,4
"subtlex_uk",10,13135,"bigram","UY","type",0,2,2,0,0,2,0,1,0
"subtlex_uk",10,13135,"bigram","UZ","type",1,5,1,0,2,1,0,0,1
"subtlex_uk",10,13135,"bigram","VA","type",38,21,28,28,44,25,14,7,22
"subtlex_uk",10,13135,"bigram","VB","type",0,0,0,0,0,0,0,0,0
"subtlex_uk",10,13135,"bigram","VC","type",0,0,0,1,0,0,0,0,0
"subtlex_uk",10,13135,"bigram","VD","type",0,0,0,0,0,0,0,0,0
"subtlex_uk",10,13135,"bigram","VE","type",38,97,100,107,40,33,34,83,117
"subtlex_uk",10,13135,"bigram","VF","type",0,0,0,0,0,0,0,0,0
"subtlex_uk",10,13135,"bigram","VG","type",0,0,0,0,0,0,0,0,0
"subtlex_uk",10,13135,"bigram","VH","type",0,0,0,0,0,0,0,0,0
"subtlex_uk",10,13135,"bigram","VI","type",54,7,43,34,26,71,55,11,0
"subtlex_uk",10,13135,"bigram","VJ","type",0,0,0,0,0,0,0,0,0
"subtlex_uk",10,13135,"bigram","VK","type",0,0,0,0,0,0,0,0,0
"subtlex_uk",10,13135,"bigram","VL","type",0,0,1,0,0,0,0,0,0
"subtlex_uk",10,13135,"bigram","VM","type",0,0,0,0,0,0,0,0,0
"subtlex_uk",10,13135,"bigram","VN","type",0,0,0,1,0,0,0,0,0
"subtlex_uk",10,13135,"bigram","VO","type",25,3,17,7,10,7,5,1,2
"subtlex_uk",10,13135,"bigram","VP","type",0,0,0,0,0,0,0,0,0
"subtlex_uk",10,13135,"bigram","VQ","type",0,0,0,0,0,0,0,0,0
"subtlex_uk",10,13135,"bigram","VR","type",0,0,0,2,0,1,2,0,0
"subtlex_uk",10,13135,"bigram","VS","type",0,0,0,0,0,1,5,0,0
"subtlex_uk",10,13135,"bigram","VT","type",0,0,0,0,0,0,0,0,0
"subtlex_uk",10,13135,"bigram","VU","type",5,0,0,3,0,0,0,1,0
"subtlex_uk",10,13135,"bigram","VV","type",0,1,1,0,0,0,0,0,0
"subtlex_uk",10,13135,"bigram","VW","type",0,0,0,0,0,0,0,0,0
"subtlex_uk",10,13135,"bigram","VX","type",0,0,0,0,0,0,0,0,0
"subtlex_uk",10,13135,"bigram","VY","type",1,0,0,1,0,0,1,0,1
"subtlex_uk",10,13135,"bigram","VZ","type",0,0,0,0,0,0,0,0,0
"subtlex_uk",10,13135,"bigram","WA","type",102,14,9,15,30,74,36,11,1
"subtlex_uk",10,13135,"bigram","WB","type",0,0,3,6,2,6,0,0,0
"subtlex_uk",10,13135,"bigram","WC","type",0,0,3,1,0,1,0,0,0
"subtlex_uk",10,13135,"bigram","WD","type",0,0,2,2,1,2,0,0,0
"subtlex_uk",10,13135,"bigram","WE","type",63,26,19,24,12,11,39,20,4
"subtlex_uk",10,13135,"bigram","WF","type",0,0,3,4,1,1,0,0,0
"subtlex_uk",10,13135,"bigram","WG","type",0,0,0,2,1,2,0,0,1
"subtlex_uk",10,13135,"bigram","WH","type",68,0,0,4,8,11,0,0,0
"subtlex_uk",10,13135,"bigram","WI","type",93,22,6,10,12,17,35,2,0
"subtlex_uk",10,13135,"bigram","WJ","type",0,0,0,1,0,0,0,0,0
"subtlex_uk",10,13135,"bigram","WK","type",0,0,5,0,0,0,0,4,0
"subtlex_uk",10,13135,"bigram","WL","type",1,1,2,3,1,8,2,0,1
"subtlex_uk",10,13135,"bigram","WM","type",0,1,1,5,2,0,2,0,1
"subtlex_uk",10,13135,"bigram","WN","type",0,1,24,7,1,8,0,10,32
"subtlex_uk",10,13135,"bigram","WO","type",73,8,2,4,24,78,48,0,0
"subtlex_uk",10,13135,"bigram","WP","type",0,0,0,3,0,1,0,0,0
"subtlex_uk",10,13135,"bigram","WQ","type",0,0,0,0,0,0,0,0,0
"subtlex_uk",10,13135,"bigram","WR","type",8,0,1,1,11,2,3,0,1
"subtlex_uk",10,13135,"bigram","WS","type",0,0,9,5,2,3,11,0,11
"subtlex_uk",10,13135,"bigram","WT","type",0,0,3,1,0,1,2,1,0
"subtlex_uk",10,13135,"bigram","WU","type",3,0,0,0,0,3,0,0,0
"subtlex_uk",10,13135,"bigram","WV","type",0,0,0,0,0,0,0,0,0
"subtlex_uk",10,13135,"bigram","WW","type",0,1,1,1,1,2,1,1,1
"subtlex_uk",10,13135,"bigram","WX","type",0,0,0,0,0,0,0,0,0
"subtlex_uk",10,13135,"bigram","WY","type",4,1,1,0,0,0,4,0,1
"subtlex_uk",10,13135,"bigram","WZ","type",0,0,1,0,0,0,0,0,0
"subtlex_uk",10,13135,"bigram","XA","type",0,6,2,6,4,1,0,0,1
"subtlex_uk",10,13135,"bigram","XB","type",0,0,1,1,0,0,0,0,0
"subtlex_uk",10,13135,"bigram","XC","type",0,20,1,2,0,1,0,0,0
"subtlex_uk",10,13135,"bigram","XD","type",0,0,0,0,0,0,0,0,0
"subtlex_uk",10,13135,"bigram","XE","type",4,8,3,1,3,0,2,13,0
"subtlex_uk",10,13135,"bigram","XF","type",0,5,0,0,0,0,0,0,0
"subtlex_uk",10,13135,"bigram","XG","type",0,0,0,0,0,0,0,0,0
"subtlex_uk",10,13135,"bigram","XH","type",0,8,2,0,0,0,0,0,0
"subtlex_uk",10,13135,"bigram","XI","type",0,1,9,3,5,5,9,5,0
"subtlex_uk",10,13135,"bigram","XJ","type",0,0,0,0,0,0,0,0,0
"subtlex_uk",10,13135,"bigram","XK","type",0,0,0,0,0,0,0,0,0
"subtlex_uk",10,13135,"bigram","XL","type",0,0,0,0,0,1,0,0,0
"subtlex_uk",10,13135,"bigram","XM","type",0,0,1,0,0,0,0,0,0
"subtlex_uk",10,13135,"bigram","XN","type",0,0,0,0,0,0,0,0,0
"subtlex_uk",10,13135,"bigram","XO","type",1,7,5,2,0,0,0,0,0
"subtlex_uk",10,13135,"bigram","XP","type",0,34,0,4,0,0,0,0,0
"subtlex_uk",10,13135,"bigram","XQ","type",0,0,0,0,0,0,0,0,0
"subtlex_uk",10,13135,"bigram","XR","type",0,0,0,0,0,0,0,0,0
"subtlex_uk",10,13135,"bigram","XS","type",0,1,0,0,1,0,0,0,1
"subtlex_uk",10,13135,"bigram","XT","type",0,24,5,0,0,6,1,0,0
"subtlex_uk",10,13135,"bigram","XU","type",0,4,3,0,0,0,2,1,0
"subtlex_uk",10,13135,"bigram","XV","type",0,0,0,0,0,0,0,0,0
"subtlex_uk",10,13135,"bigram","XW","type",0,0,0,0,0,0,0,0,0
"subtlex_uk",10,13135,"bigram","XX","type",0,1,0,0,0,0,0,0,0
"subtlex_uk",10,13135,"bigram","XY","type",1,3,0,0,0,1,0,0,0
"subtlex_uk",10,13135,"bigram","XZ","type",0,0,0,0,0,0,0,0,0
"subtlex_uk",10,13135,"bigram","YA","type",9,5,2,5,2,14,11,6,4
"subtlex_uk",10,13135,"bigram","YB","type",0,6,2,6,15,7,2,0,0
"subtlex_uk",10,13135,"bigram","YC","type",0,7,11,13,11,3,3,1,0
"subtlex_uk",10,13135,"bigram","YD","type",0,14,6,7,4,1,0,7,1
"subtlex_uk",10,13135,"bigram","YE","type",11,6,1,3,1,2,12,20,1
"subtlex_uk",10,13135,"bigram","YF","type",0,0,3,2,5,3,2,0,0
"subtlex_uk",10,13135,"bigram","YG","type",0,1,4,8,3,3,0,0,0
"subtlex_uk",10,13135,"bigram","YH","type",0,0,2,5,9,1,0,0,0
"subtlex_uk",10,13135,"bigram","YI","type",0,1,4,0,7,2,58,1,0
"subtlex_uk",10,13135,"bigram","YJ","type",0,0,0,0,0,0,0,0,0
"subtlex_uk",10,13135,"bigram","YK","type",0,1,0,1,1,0,0,1,2
"subtlex_uk",10,13135,"bigram","YL","type",0,7,5,5,6,7,7,6,0
"subtlex_uk",10,13135,"bigram","YM","type",0,21,7,4,9,9,17,2,0
"subtlex_uk",10,13135,"bigram","YN","type",0,11,6,5,3,18,1,5,1
"subtlex_uk",10,13135,"bigram","YO","type",10,2,7,0,3,2,0,2,0
"subtlex_uk",10,13135,"bigram","YP","type",0,31,6,4,10,5,6,2,0
"subtlex_uk",10,13135,"bigram","YQ","type",0,0,0,0,0,0,0,0,0
"subtlex_uk",10,13135,"bigram","YR","type",0,12,2,4,3,2,0,2,0
"subtlex_uk",10,13135,"bigram","YS","type",2,17,13,12,13,11,8,2,32
"subtlex_uk",10,13135,"bigram","YT","type",0,5,9,6,9,5,7,3,0
"subtlex_uk",10,13135,"bigram","YU","type",3,0,0,0,0,0,0,1,0
"subtlex_uk",10,13135,"bigram","YV","type",0,0,0,1,8,1,0,0,0
"subtlex_uk",10,13135,"bigram","YW","type",0,0,5,5,8,9,0,0,0
"subtlex_uk",10,13135,"bigram","YX","type",0,0,0,0,1,0,0,0,0
"subtlex_uk",10,13135,"bigram","YY","type",0,0,0,0,0,0,0,0,0
"subtlex_uk",10,13135,"bigram","YZ","type",0,1,0,0,1,0,1,0,1
"subtlex_uk",10,13135,"bigram","ZA","type",4,1,9,11,2,5,0,3,5
"subtlex_uk",10,13135,"bigram","ZB","type",0,1,0,2,1,0,0,0,0
"subtlex_uk",10,13135,"bigram","ZC","type",0,0,0,0,0,2,0,0,0
"subtlex_uk",10,13135,"bigram","ZD","type",0,0,0,0,0,0,0,0,0
"subtlex_uk",10,13135,"bigram","ZE","type",6,2,10,11,4,3,9,49,19
"subtlex_uk",10,13135,"bigram","ZF","type",0,0,0,0,0,0,0,0,0
"subtlex_uk",10,13135,"bigram","ZG","type",0,0,0,2,0,0,0,0,0
"subtlex_uk",10,13135,"bigram","ZH","type",0,0,2,0,0,0,1,0,0
"subtlex_uk",10,13135,"bigram","ZI","type",5,0,2,2,5,3,16,3,1
"subtlex_uk",10,13135,"bigram","ZJ","type",0,0,0,0,0,0,0,0,0
"subtlex_uk",10,13135,"bigram","ZK","type",0,0,0,0,2,0,0,1,0
"subtlex_uk",10,13135,"bigram","ZL","type",0,0,1,4,1,3,4,0,0
"subtlex_uk",10,13135,"bigram","ZM","type",0,0,0,3,0,0,1,0,0
"subtlex_uk",10,13135,"bigram","ZN","type",0,0,2,0,0,0,0,0,0
"subtlex_uk",10,13135,"bigram","ZO","type",6,0,3,6,4,3,6,0,2
"subtlex_uk",10,13135,"bigram","ZP","type",0,0,0,0,0,0,0,0,0
"subtlex_uk",10,13135,"bigram","ZQ","type",0,0,0,0,0,0,0,0,0
"subtlex_uk",10,13135,"bigram","ZR","type",0,0,0,0,0,0,0,0,0
"subtlex_uk",10,13135,"bigram","ZS","type",0,0,0,2,0,1,0,0,0
"subtlex_uk",10,13135,"bigram","ZT","type",0,0,0,0,0,1,0,0,0
"subtlex_uk",10,13135,"bigram","ZU","type",5,0,0,0,3,1,0,0,0
"subtlex_uk",10,13135,"bigram","ZV","type",0,0,0,0,0,1,0,0,0
"subtlex_uk",10,13135,"bigram","ZW","type",0,0,0,2,0,0,0,0,0
"subtlex_uk",10,13135,"bigram","ZX","type",0,0,0,0,0,0,0,0,0
"subtlex_uk",10,13135,"bigram","ZY","type",0,1,0,1,2,1,0,3,0
"subtlex_uk",10,13135,"bigram","ZZ","type",0,1,13,5,5,4,2,3,2
