"corpus","word_length","n_words","ngram","bigram","method","freq"
"subtlex_uk",3,5268,"bigram","AA","token",16444
"subtlex_uk",3,5268,"bigram","AB","token",13660
"subtlex_uk",3,5268,"bigram","AC","token",26114.9999999999
"subtlex_uk",3,5268,"bigram","AD","token",653340.000000004
"subtlex_uk",3,5268,"bigram","AE","token",3741
"subtlex_uk",3,5268,"bigram","AF","token",3703.00000000003
"subtlex_uk",3,5268,"bigram","AG","token",119826.000000001
"subtlex_uk",3,5268,"bigram","AH","token",21767
"subtlex_uk",3,5268,"bigram","AI","token",50068
"subtlex_uk",3,5268,"bigram","AJ","token",841.999999999995
"subtlex_uk",3,5268,"bigram","AK","token",6525.99999999997
"subtlex_uk",3,5268,"bigram","AL","token",864162.000000007
"subtlex_uk",3,5268,"bigram","AM","token",38490
"subtlex_uk",3,5268,"bigram","AN","token",5423170.00000005
"subtlex_uk",3,5268,"bigram","AO","token",1268
"subtlex_uk",3,5268,"bigram","AP","token",33286.9999999999
"subtlex_uk",3,5268,"bigram","AQ","token",46.0000000000002
"subtlex_uk",3,5268,"bigram","AR","token",1578518
"subtlex_uk",3,5268,"bigram","AS","token",2227866.00000001
"subtlex_uk",3,5268,"bigram","AT","token",113802.000000001
"subtlex_uk",3,5268,"bigram","AU","token",5617.00000000002
"subtlex_uk",3,5268,"bigram","AV","token",2624
"subtlex_uk",3,5268,"bigram","AW","token",85193.0000000002
"subtlex_uk",3,5268,"bigram","AX","token",42432.0000000002
"subtlex_uk",3,5268,"bigram","AY","token",938993.999999998
"subtlex_uk",3,5268,"bigram","AZ","token",2612.00000000002
"subtlex_uk",3,5268,"bigram","BA","token",125363
"subtlex_uk",3,5268,"bigram","BB","token",30998.0000000002
"subtlex_uk",3,5268,"bigram","BC","token",31239.0000000002
"subtlex_uk",3,5268,"bigram","BD","token",244
"subtlex_uk",3,5268,"bigram","BE","token",66049.9999999996
"subtlex_uk",3,5268,"bigram","BF","token",217.000000000001
"subtlex_uk",3,5268,"bigram","BG","token",104.999999999999
"subtlex_uk",3,5268,"bigram","BH","token",353.000000000001
"subtlex_uk",3,5268,"bigram","BI","token",468741.000000001
"subtlex_uk",3,5268,"bigram","BJ","token",32
"subtlex_uk",3,5268,"bigram","BK","token",7.99999999999993
"subtlex_uk",3,5268,"bigram","BL","token",612.000000000001
"subtlex_uk",3,5268,"bigram","BM","token",1508
"subtlex_uk",3,5268,"bigram","BN","token",876.000000000005
"subtlex_uk",3,5268,"bigram","BO","token",92018.0000000003
"subtlex_uk",3,5268,"bigram","BP","token",86.0000000000002
"subtlex_uk",3,5268,"bigram","BQ","token",40.9999999999999
"subtlex_uk",3,5268,"bigram","BR","token",2775
"subtlex_uk",3,5268,"bigram","BS","token",2929.99999999999
"subtlex_uk",3,5268,"bigram","BT","token",152
"subtlex_uk",3,5268,"bigram","BU","token",1229674.00000001
"subtlex_uk",3,5268,"bigram","BV","token",17
"subtlex_uk",3,5268,"bigram","BW","token",112
"subtlex_uk",3,5268,"bigram","BX","token",0
"subtlex_uk",3,5268,"bigram","BY","token",26168.0000000002
"subtlex_uk",3,5268,"bigram","BZ","token",142.000000000001
"subtlex_uk",3,5268,"bigram","CA","token",808560.000000004
"subtlex_uk",3,5268,"bigram","CB","token",1762.99999999999
"subtlex_uk",3,5268,"bigram","CC","token",827.000000000001
"subtlex_uk",3,5268,"bigram","CD","token",1053.00000000001
"subtlex_uk",3,5268,"bigram","CE","token",21477.9999999998
"subtlex_uk",3,5268,"bigram","CF","token",39.0000000000003
"subtlex_uk",3,5268,"bigram","CG","token",611.999999999994
"subtlex_uk",3,5268,"bigram","CH","token",5735.99999999999
"subtlex_uk",3,5268,"bigram","CI","token",2574.99999999998
"subtlex_uk",3,5268,"bigram","CJ","token",61.0000000000001
"subtlex_uk",3,5268,"bigram","CK","token",304
"subtlex_uk",3,5268,"bigram","CL","token",261.000000000001
"subtlex_uk",3,5268,"bigram","CM","token",211
"subtlex_uk",3,5268,"bigram","CN","token",303.000000000001
"subtlex_uk",3,5268,"bigram","CO","token",74307.0000000005
"subtlex_uk",3,5268,"bigram","CP","token",982
"subtlex_uk",3,5268,"bigram","CQ","token",71.0000000000005
"subtlex_uk",3,5268,"bigram","CR","token",7719.00000000007
"subtlex_uk",3,5268,"bigram","CS","token",1338
"subtlex_uk",3,5268,"bigram","CT","token",20235.9999999999
"subtlex_uk",3,5268,"bigram","CU","token",77687.9999999997
"subtlex_uk",3,5268,"bigram","CV","token",214.000000000002
"subtlex_uk",3,5268,"bigram","CW","token",163.000000000001
"subtlex_uk",3,5268,"bigram","CX","token",2.99999999999998
"subtlex_uk",3,5268,"bigram","CY","token",1363.99999999999
"subtlex_uk",3,5268,"bigram","CZ","token",0
"subtlex_uk",3,5268,"bigram","DA","token",265027.000000001
"subtlex_uk",3,5268,"bigram","DB","token",187.999999999999
"subtlex_uk",3,5268,"bigram","DC","token",649.999999999999
"subtlex_uk",3,5268,"bigram","DD","token",30636.0000000002
"subtlex_uk",3,5268,"bigram","DE","token",16525
"subtlex_uk",3,5268,"bigram","DF","token",437.999999999997
"subtlex_uk",3,5268,"bigram","DG","token",43
"subtlex_uk",3,5268,"bigram","DH","token",63.9999999999998
"subtlex_uk",3,5268,"bigram","DI","token",486805.000000002
"subtlex_uk",3,5268,"bigram","DJ","token",347.999999999997
"subtlex_uk",3,5268,"bigram","DK","token",4.99999999999996
"subtlex_uk",3,5268,"bigram","DL","token",497
"subtlex_uk",3,5268,"bigram","DM","token",117
"subtlex_uk",3,5268,"bigram","DN","token",3434.99999999996
"subtlex_uk",3,5268,"bigram","DO","token",52243.0000000003
"subtlex_uk",3,5268,"bigram","DP","token",1790.99999999999
"subtlex_uk",3,5268,"bigram","DQ","token",4.99999999999995
"subtlex_uk",3,5268,"bigram","DR","token",18939
"subtlex_uk",3,5268,"bigram","DS","token",1686
"subtlex_uk",3,5268,"bigram","DT","token",119
"subtlex_uk",3,5268,"bigram","DU","token",23719.9999999999
"subtlex_uk",3,5268,"bigram","DV","token",1784.00000000001
"subtlex_uk",3,5268,"bigram","DW","token",226
"subtlex_uk",3,5268,"bigram","DX","token",10.9999999999999
"subtlex_uk",3,5268,"bigram","DY","token",782.000000000007
"subtlex_uk",3,5268,"bigram","DZ","token",12.9999999999999
"subtlex_uk",3,5268,"bigram","EA","token",94655.0000000004
"subtlex_uk",3,5268,"bigram","EB","token",4643.99999999996
"subtlex_uk",3,5268,"bigram","EC","token",4568
"subtlex_uk",3,5268,"bigram","ED","token",104460
"subtlex_uk",3,5268,"bigram","EE","token",487448.000000004
"subtlex_uk",3,5268,"bigram","EF","token",765.999999999998
"subtlex_uk",3,5268,"bigram","EG","token",36826.0000000002
"subtlex_uk",3,5268,"bigram","EH","token",3059.99999999999
"subtlex_uk",3,5268,"bigram","EI","token",1309
"subtlex_uk",3,5268,"bigram","EJ","token",168.000000000001
"subtlex_uk",3,5268,"bigram","EK","token",754.000000000002
"subtlex_uk",3,5268,"bigram","EL","token",9448.99999999996
"subtlex_uk",3,5268,"bigram","EM","token",7343.99999999996
"subtlex_uk",3,5268,"bigram","EN","token",254649.000000001
"subtlex_uk",3,5268,"bigram","EO","token",3803.00000000001
"subtlex_uk",3,5268,"bigram","EP","token",15221.0000000001
"subtlex_uk",3,5268,"bigram","EQ","token",6.00000000000005
"subtlex_uk",3,5268,"bigram","ER","token",397088.000000001
"subtlex_uk",3,5268,"bigram","ES","token",351631
"subtlex_uk",3,5268,"bigram","ET","token",1113378
"subtlex_uk",3,5268,"bigram","EU","token",268
"subtlex_uk",3,5268,"bigram","EV","token",9432.99999999997
"subtlex_uk",3,5268,"bigram","EW","token",289681.999999998
"subtlex_uk",3,5268,"bigram","EX","token",15119.0000000001
"subtlex_uk",3,5268,"bigram","EY","token",105821
"subtlex_uk",3,5268,"bigram","EZ","token",890.000000000006
"subtlex_uk",3,5268,"bigram","FA","token",108137.000000001
"subtlex_uk",3,5268,"bigram","FB","token",865.999999999997
"subtlex_uk",3,5268,"bigram","FC","token",413.999999999999
"subtlex_uk",3,5268,"bigram","FD","token",111
"subtlex_uk",3,5268,"bigram","FE","token",104061.999999999
"subtlex_uk",3,5268,"bigram","FF","token",244815.000000002
"subtlex_uk",3,5268,"bigram","FG","token",124.000000000001
"subtlex_uk",3,5268,"bigram","FH","token",40.9999999999999
"subtlex_uk",3,5268,"bigram","FI","token",28834.9999999999
"subtlex_uk",3,5268,"bigram","FJ","token",4.00000000000001
"subtlex_uk",3,5268,"bigram","FK","token",255.999999999997
"subtlex_uk",3,5268,"bigram","FL","token",18106.9999999999
"subtlex_uk",3,5268,"bigram","FM","token",38.0000000000001
"subtlex_uk",3,5268,"bigram","FN","token",4.99999999999996
"subtlex_uk",3,5268,"bigram","FO","token",1716990.99999999
"subtlex_uk",3,5268,"bigram","FP","token",52.9999999999998
"subtlex_uk",3,5268,"bigram","FQ","token",0
"subtlex_uk",3,5268,"bigram","FR","token",3625.00000000002
"subtlex_uk",3,5268,"bigram","FS","token",1035
"subtlex_uk",3,5268,"bigram","FT","token",420
"subtlex_uk",3,5268,"bigram","FU","token",43578.0000000005
"subtlex_uk",3,5268,"bigram","FV","token",0
"subtlex_uk",3,5268,"bigram","FW","token",1.99999999999998
"subtlex_uk",3,5268,"bigram","FX","token",9.99999999999989
"subtlex_uk",3,5268,"bigram","FY","token",56.0000000000001
"subtlex_uk",3,5268,"bigram","FZ","token",1.99999999999998
"subtlex_uk",3,5268,"bigram","GA","token",30020.0000000001
"subtlex_uk",3,5268,"bigram","GB","token",480.999999999998
"subtlex_uk",3,5268,"bigram","GC","token",361.999999999998
"subtlex_uk",3,5268,"bigram","GD","token",1573.99999999999
"subtlex_uk",3,5268,"bigram","GE","token",653833.000000002
"subtlex_uk",3,5268,"bigram","GF","token",32.0000000000001
"subtlex_uk",3,5268,"bigram","GG","token",12785.0000000001
"subtlex_uk",3,5268,"bigram","GH","token",5310.00000000004
"subtlex_uk",3,5268,"bigram","GI","token",5276.00000000002
"subtlex_uk",3,5268,"bigram","GJ","token",0
"subtlex_uk",3,5268,"bigram","GK","token",4.99999999999995
"subtlex_uk",3,5268,"bigram","GL","token",271.000000000001
"subtlex_uk",3,5268,"bigram","GM","token",981.999999999997
"subtlex_uk",3,5268,"bigram","GN","token",120
"subtlex_uk",3,5268,"bigram","GO","token",705419.000000007
"subtlex_uk",3,5268,"bigram","GP","token",2137.00000000002
"subtlex_uk",3,5268,"bigram","GQ","token",0
"subtlex_uk",3,5268,"bigram","GR","token",651.000000000001
"subtlex_uk",3,5268,"bigram","GS","token",300
"subtlex_uk",3,5268,"bigram","GT","token",499.000000000001
"subtlex_uk",3,5268,"bigram","GU","token",41827.0000000004
"subtlex_uk",3,5268,"bigram","GV","token",170
"subtlex_uk",3,5268,"bigram","GW","token",29.0000000000001
"subtlex_uk",3,5268,"bigram","GX","token",0
"subtlex_uk",3,5268,"bigram","GY","token",3185.00000000001
"subtlex_uk",3,5268,"bigram","GZ","token",1.99999999999998
"subtlex_uk",3,5268,"bigram","HA","token",1146708
"subtlex_uk",3,5268,"bigram","HB","token",91.9999999999995
"subtlex_uk",3,5268,"bigram","HC","token",180.000000000001
"subtlex_uk",3,5268,"bigram","HD","token",602.000000000004
"subtlex_uk",3,5268,"bigram","HE","token",10367683.0000001
"subtlex_uk",3,5268,"bigram","HF","token",48.0000000000002
"subtlex_uk",3,5268,"bigram","HG","token",124
"subtlex_uk",3,5268,"bigram","HH","token",9904.00000000006
"subtlex_uk",3,5268,"bigram","HI","token",863422.000000005
"subtlex_uk",3,5268,"bigram","HJ","token",11.0000000000001
"subtlex_uk",3,5268,"bigram","HK","token",48.9999999999998
"subtlex_uk",3,5268,"bigram","HL","token",66.9999999999999
"subtlex_uk",3,5268,"bigram","HM","token",16401.0000000002
"subtlex_uk",3,5268,"bigram","HN","token",51.0000000000002
"subtlex_uk",3,5268,"bigram","HO","token",901613.999999998
"subtlex_uk",3,5268,"bigram","HP","token",245.000000000001
"subtlex_uk",3,5268,"bigram","HQ","token",27
"subtlex_uk",3,5268,"bigram","HR","token",175.000000000001
"subtlex_uk",3,5268,"bigram","HS","token",11677
"subtlex_uk",3,5268,"bigram","HT","token",136
"subtlex_uk",3,5268,"bigram","HU","token",23079.0000000002
"subtlex_uk",3,5268,"bigram","HV","token",22.9999999999999
"subtlex_uk",3,5268,"bigram","HW","token",78.0000000000005
"subtlex_uk",3,5268,"bigram","HX","token",1.99999999999998
"subtlex_uk",3,5268,"bigram","HY","token",218564.999999999
"subtlex_uk",3,5268,"bigram","HZ","token",4.99999999999996
"subtlex_uk",3,5268,"bigram","IA","token",22858
"subtlex_uk",3,5268,"bigram","IB","token",9363.99999999999
"subtlex_uk",3,5268,"bigram","IC","token",26636.9999999998
"subtlex_uk",3,5268,"bigram","ID","token",532164.000000002
"subtlex_uk",3,5268,"bigram","IE","token",44200.0000000001
"subtlex_uk",3,5268,"bigram","IF","token",577.000000000003
"subtlex_uk",3,5268,"bigram","IG","token",195132.999999999
"subtlex_uk",3,5268,"bigram","IH","token",111.000000000001
"subtlex_uk",3,5268,"bigram","II","token",3882.00000000003
"subtlex_uk",3,5268,"bigram","IJ","token",127
"subtlex_uk",3,5268,"bigram","IK","token",925.999999999996
"subtlex_uk",3,5268,"bigram","IL","token",29491.0000000003
"subtlex_uk",3,5268,"bigram","IM","token",346406.000000001
"subtlex_uk",3,5268,"bigram","IN","token",88497.0000000005
"subtlex_uk",3,5268,"bigram","IO","token",3562.99999999998
"subtlex_uk",3,5268,"bigram","IP","token",27718.0000000001
"subtlex_uk",3,5268,"bigram","IQ","token",8.0000000000001
"subtlex_uk",3,5268,"bigram","IR","token",76522.0000000001
"subtlex_uk",3,5268,"bigram","IS","token",508287.000000004
"subtlex_uk",3,5268,"bigram","IT","token",474271.000000001
"subtlex_uk",3,5268,"bigram","IU","token",441.000000000002
"subtlex_uk",3,5268,"bigram","IV","token",3208
"subtlex_uk",3,5268,"bigram","IW","token",38
"subtlex_uk",3,5268,"bigram","IX","token",77707.0000000006
"subtlex_uk",3,5268,"bigram","IY","token",1667.99999999999
"subtlex_uk",3,5268,"bigram","IZ","token",5152.00000000001
"subtlex_uk",3,5268,"bigram","JA","token",17265
"subtlex_uk",3,5268,"bigram","JB","token",70.0000000000002
"subtlex_uk",3,5268,"bigram","JC","token",124
"subtlex_uk",3,5268,"bigram","JD","token",36.0000000000003
"subtlex_uk",3,5268,"bigram","JE","token",6258.00000000001
"subtlex_uk",3,5268,"bigram","JF","token",250.999999999997
"subtlex_uk",3,5268,"bigram","JG","token",0
"subtlex_uk",3,5268,"bigram","JH","token",24.0000000000001
"subtlex_uk",3,5268,"bigram","JI","token",9885.99999999997
"subtlex_uk",3,5268,"bigram","JJ","token",53.0000000000001
"subtlex_uk",3,5268,"bigram","JK","token",11.0000000000001
"subtlex_uk",3,5268,"bigram","JL","token",646.000000000003
"subtlex_uk",3,5268,"bigram","JM","token",55.0000000000002
"subtlex_uk",3,5268,"bigram","JN","token",161.999999999998
"subtlex_uk",3,5268,"bigram","JO","token",104153
"subtlex_uk",3,5268,"bigram","JP","token",122
"subtlex_uk",3,5268,"bigram","JQ","token",1.99999999999998
"subtlex_uk",3,5268,"bigram","JR","token",62.9999999999994
"subtlex_uk",3,5268,"bigram","JS","token",492.999999999997
"subtlex_uk",3,5268,"bigram","JT","token",1.99999999999998
"subtlex_uk",3,5268,"bigram","JU","token",3117.99999999999
"subtlex_uk",3,5268,"bigram","JV","token",12
"subtlex_uk",3,5268,"bigram","JW","token",4.99999999999995
"subtlex_uk",3,5268,"bigram","JX","token",4.00000000000001
"subtlex_uk",3,5268,"bigram","JY","token",0
"subtlex_uk",3,5268,"bigram","JZ","token",0
"subtlex_uk",3,5268,"bigram","KA","token",7358.00000000006
"subtlex_uk",3,5268,"bigram","KB","token",22.9999999999999
"subtlex_uk",3,5268,"bigram","KC","token",21.0000000000002
"subtlex_uk",3,5268,"bigram","KD","token",15.0000000000001
"subtlex_uk",3,5268,"bigram","KE","token",33116.0000000001
"subtlex_uk",3,5268,"bigram","KF","token",150.999999999999
"subtlex_uk",3,5268,"bigram","KG","token",336.999999999998
"subtlex_uk",3,5268,"bigram","KH","token",27.0000000000001
"subtlex_uk",3,5268,"bigram","KI","token",25473.0000000001
"subtlex_uk",3,5268,"bigram","KJ","token",0
"subtlex_uk",3,5268,"bigram","KK","token",72.0000000000001
"subtlex_uk",3,5268,"bigram","KL","token",113
"subtlex_uk",3,5268,"bigram","KM","token",16.9999999999998
"subtlex_uk",3,5268,"bigram","KN","token",24.9999999999998
"subtlex_uk",3,5268,"bigram","KO","token",471.000000000001
"subtlex_uk",3,5268,"bigram","KP","token",53.0000000000002
"subtlex_uk",3,5268,"bigram","KQ","token",0
"subtlex_uk",3,5268,"bigram","KR","token",45
"subtlex_uk",3,5268,"bigram","KS","token",78.9999999999999
"subtlex_uk",3,5268,"bigram","KT","token",27
"subtlex_uk",3,5268,"bigram","KU","token",212.000000000001
"subtlex_uk",3,5268,"bigram","KV","token",0
"subtlex_uk",3,5268,"bigram","KW","token",48.0000000000003
"subtlex_uk",3,5268,"bigram","KX","token",0
"subtlex_uk",3,5268,"bigram","KY","token",12923
"subtlex_uk",3,5268,"bigram","KZ","token",1.99999999999998
"subtlex_uk",3,5268,"bigram","LA","token",52380.9999999999
"subtlex_uk",3,5268,"bigram","LB","token",310.000000000001
"subtlex_uk",3,5268,"bigram","LC","token",822.999999999996
"subtlex_uk",3,5268,"bigram","LD","token",125749.999999999
"subtlex_uk",3,5268,"bigram","LE","token",341722.000000002
"subtlex_uk",3,5268,"bigram","LF","token",1402
"subtlex_uk",3,5268,"bigram","LG","token",281.999999999998
"subtlex_uk",3,5268,"bigram","LH","token",75.0000000000005
"subtlex_uk",3,5268,"bigram","LI","token",36925.9999999999
"subtlex_uk",3,5268,"bigram","LJ","token",0
"subtlex_uk",3,5268,"bigram","LK","token",394.999999999999
"subtlex_uk",3,5268,"bigram","LL","token",858959.000000007
"subtlex_uk",3,5268,"bigram","LM","token",626.000000000002
"subtlex_uk",3,5268,"bigram","LN","token",34.0000000000001
"subtlex_uk",3,5268,"bigram","LO","token",228760.000000001
"subtlex_uk",3,5268,"bigram","LP","token",321.000000000001
"subtlex_uk",3,5268,"bigram","LQ","token",0
"subtlex_uk",3,5268,"bigram","LR","token",111
"subtlex_uk",3,5268,"bigram","LS","token",1367
"subtlex_uk",3,5268,"bigram","LT","token",752.000000000003
"subtlex_uk",3,5268,"bigram","LU","token",2650.00000000001
"subtlex_uk",3,5268,"bigram","LV","token",18
"subtlex_uk",3,5268,"bigram","LW","token",20.9999999999999
"subtlex_uk",3,5268,"bigram","LX","token",1.99999999999998
"subtlex_uk",3,5268,"bigram","LY","token",17600.9999999999
"subtlex_uk",3,5268,"bigram","LZ","token",12
"subtlex_uk",3,5268,"bigram","MA","token",276854.000000002
"subtlex_uk",3,5268,"bigram","MB","token",528.999999999998
"subtlex_uk",3,5268,"bigram","MC","token",514
"subtlex_uk",3,5268,"bigram","MD","token",258.000000000001
"subtlex_uk",3,5268,"bigram","ME","token",81802.0000000004
"subtlex_uk",3,5268,"bigram","MF","token",2658.99999999998
"subtlex_uk",3,5268,"bigram","MG","token",468
"subtlex_uk",3,5268,"bigram","MH","token",55.9999999999998
"subtlex_uk",3,5268,"bigram","MI","token",24646.0000000001
"subtlex_uk",3,5268,"bigram","MJ","token",30.0000000000001
"subtlex_uk",3,5268,"bigram","MK","token",6.99999999999993
"subtlex_uk",3,5268,"bigram","ML","token",392.999999999998
"subtlex_uk",3,5268,"bigram","MM","token",40390.0000000004
"subtlex_uk",3,5268,"bigram","MN","token",51.9999999999997
"subtlex_uk",3,5268,"bigram","MO","token",12360
"subtlex_uk",3,5268,"bigram","MP","token",12657
"subtlex_uk",3,5268,"bigram","MQ","token",63.0000000000004
"subtlex_uk",3,5268,"bigram","MR","token",19857.9999999999
"subtlex_uk",3,5268,"bigram","MS","token",2331.00000000001
"subtlex_uk",3,5268,"bigram","MT","token",893.999999999999
"subtlex_uk",3,5268,"bigram","MU","token",65417.0000000001
"subtlex_uk",3,5268,"bigram","MV","token",112
"subtlex_uk",3,5268,"bigram","MW","token",802
"subtlex_uk",3,5268,"bigram","MX","token",255.999999999998
"subtlex_uk",3,5268,"bigram","MY","token",6748.00000000004
"subtlex_uk",3,5268,"bigram","MZ","token",6.99999999999999
"subtlex_uk",3,5268,"bigram","NA","token",17826
"subtlex_uk",3,5268,"bigram","NB","token",309.000000000001
"subtlex_uk",3,5268,"bigram","NC","token",667.000000000004
"subtlex_uk",3,5268,"bigram","ND","token",4374864.00000004
"subtlex_uk",3,5268,"bigram","NE","token",943166.000000003
"subtlex_uk",3,5268,"bigram","NF","token",191.000000000001
"subtlex_uk",3,5268,"bigram","NG","token",1965.00000000001
"subtlex_uk",3,5268,"bigram","NH","token",11201
"subtlex_uk",3,5268,"bigram","NI","token",4903.99999999999
"subtlex_uk",3,5268,"bigram","NJ","token",12.0000000000001
"subtlex_uk",3,5268,"bigram","NK","token",2136.00000000001
"subtlex_uk",3,5268,"bigram","NL","token",53.0000000000001
"subtlex_uk",3,5268,"bigram","NM","token",166.999999999998
"subtlex_uk",3,5268,"bigram","NN","token",5622.99999999997
"subtlex_uk",3,5268,"bigram","NO","token",1628842
"subtlex_uk",3,5268,"bigram","NP","token",7661.00000000002
"subtlex_uk",3,5268,"bigram","NQ","token",4.99999999999995
"subtlex_uk",3,5268,"bigram","NR","token",325.999999999999
"subtlex_uk",3,5268,"bigram","NS","token",1305.00000000001
"subtlex_uk",3,5268,"bigram","NT","token",2220.99999999998
"subtlex_uk",3,5268,"bigram","NU","token",3755.00000000001
"subtlex_uk",3,5268,"bigram","NV","token",132.000000000001
"subtlex_uk",3,5268,"bigram","NW","token",38.0000000000001
"subtlex_uk",3,5268,"bigram","NX","token",7.99999999999997
"subtlex_uk",3,5268,"bigram","NY","token",207662.999999998
"subtlex_uk",3,5268,"bigram","NZ","token",5.99999999999995
"subtlex_uk",3,5268,"bigram","OA","token",4620.99999999998
"subtlex_uk",3,5268,"bigram","OB","token",107894
"subtlex_uk",3,5268,"bigram","OC","token",3145.99999999999
"subtlex_uk",3,5268,"bigram","OD","token",71616.0000000004
"subtlex_uk",3,5268,"bigram","OE","token",20214
"subtlex_uk",3,5268,"bigram","OF","token",245479.000000002
"subtlex_uk",3,5268,"bigram","OG","token",38111.0000000002
"subtlex_uk",3,5268,"bigram","OH","token",45288.9999999998
"subtlex_uk",3,5268,"bigram","OI","token",20655.0000000002
"subtlex_uk",3,5268,"bigram","OJ","token",68.0000000000002
"subtlex_uk",3,5268,"bigram","OK","token",5645.00000000003
"subtlex_uk",3,5268,"bigram","OL","token",128921.999999999
"subtlex_uk",3,5268,"bigram","OM","token",31776.9999999999
"subtlex_uk",3,5268,"bigram","ON","token",842075.000000004
"subtlex_uk",3,5268,"bigram","OO","token",260689.000000001
"subtlex_uk",3,5268,"bigram","OP","token",117054.000000001
"subtlex_uk",3,5268,"bigram","OQ","token",89.9999999999992
"subtlex_uk",3,5268,"bigram","OR","token",1716002.99999999
"subtlex_uk",3,5268,"bigram","OS","token",59425.0000000005
"subtlex_uk",3,5268,"bigram","OT","token",1890979
"subtlex_uk",3,5268,"bigram","OU","token",5129298.00000006
"subtlex_uk",3,5268,"bigram","OV","token",395.000000000001
"subtlex_uk",3,5268,"bigram","OW","token",1184606.00000001
"subtlex_uk",3,5268,"bigram","OX","token",34639.0000000001
"subtlex_uk",3,5268,"bigram","OY","token",56922
"subtlex_uk",3,5268,"bigram","OZ","token",672.999999999999
"subtlex_uk",3,5268,"bigram","PA","token",83074.0000000006
"subtlex_uk",3,5268,"bigram","PB","token",85.0000000000001
"subtlex_uk",3,5268,"bigram","PC","token",1181
"subtlex_uk",3,5268,"bigram","PD","token",170
"subtlex_uk",3,5268,"bigram","PE","token",29448.0000000001
"subtlex_uk",3,5268,"bigram","PF","token",663.000000000001
"subtlex_uk",3,5268,"bigram","PG","token",328
"subtlex_uk",3,5268,"bigram","PH","token",1917
"subtlex_uk",3,5268,"bigram","PI","token",23670
"subtlex_uk",3,5268,"bigram","PJ","token",72.0000000000006
"subtlex_uk",3,5268,"bigram","PK","token",31.9999999999999
"subtlex_uk",3,5268,"bigram","PL","token",1364
"subtlex_uk",3,5268,"bigram","PM","token",262.000000000001
"subtlex_uk",3,5268,"bigram","PN","token",109.000000000001
"subtlex_uk",3,5268,"bigram","PO","token",41663.0000000002
"subtlex_uk",3,5268,"bigram","PP","token",1617
"subtlex_uk",3,5268,"bigram","PQ","token",0
"subtlex_uk",3,5268,"bigram","PR","token",11019
"subtlex_uk",3,5268,"bigram","PS","token",16930
"subtlex_uk",3,5268,"bigram","PT","token",1575.99999999999
"subtlex_uk",3,5268,"bigram","PU","token",209963.999999999
"subtlex_uk",3,5268,"bigram","PV","token",319
"subtlex_uk",3,5268,"bigram","PW","token",51.0000000000003
"subtlex_uk",3,5268,"bigram","PX","token",0
"subtlex_uk",3,5268,"bigram","PY","token",3135
"subtlex_uk",3,5268,"bigram","PZ","token",6.99999999999993
"subtlex_uk",3,5268,"bigram","QA","token",50.0000000000002
"subtlex_uk",3,5268,"bigram","QB","token",1.99999999999998
"subtlex_uk",3,5268,"bigram","QC","token",93.0000000000006
"subtlex_uk",3,5268,"bigram","QD","token",6.99999999999999
"subtlex_uk",3,5268,"bigram","QE","token",123
"subtlex_uk",3,5268,"bigram","QF","token",0
"subtlex_uk",3,5268,"bigram","QG","token",8.99999999999999
"subtlex_uk",3,5268,"bigram","QH","token",0
"subtlex_uk",3,5268,"bigram","QI","token",49.0000000000001
"subtlex_uk",3,5268,"bigram","QJ","token",0
"subtlex_uk",3,5268,"bigram","QK","token",0
"subtlex_uk",3,5268,"bigram","QL","token",0
"subtlex_uk",3,5268,"bigram","QM","token",82.0000000000002
"subtlex_uk",3,5268,"bigram","QN","token",1.99999999999998
"subtlex_uk",3,5268,"bigram","QO","token",26.0000000000001
"subtlex_uk",3,5268,"bigram","QP","token",833.000000000002
"subtlex_uk",3,5268,"bigram","QQ","token",0
"subtlex_uk",3,5268,"bigram","QR","token",2.99999999999998
"subtlex_uk",3,5268,"bigram","QS","token",15
"subtlex_uk",3,5268,"bigram","QT","token",6.99999999999993
"subtlex_uk",3,5268,"bigram","QU","token",2133
"subtlex_uk",3,5268,"bigram","QV","token",66.0000000000005
"subtlex_uk",3,5268,"bigram","QW","token",0
"subtlex_uk",3,5268,"bigram","QX","token",0
"subtlex_uk",3,5268,"bigram","QY","token",0
"subtlex_uk",3,5268,"bigram","QZ","token",0
"subtlex_uk",3,5268,"bigram","RA","token",45546.0000000002
"subtlex_uk",3,5268,"bigram","RB","token",1512.99999999999
"subtlex_uk",3,5268,"bigram","RC","token",955.999999999994
"subtlex_uk",3,5268,"bigram","RD","token",365.999999999999
"subtlex_uk",3,5268,"bigram","RE","token",1397669
"subtlex_uk",3,5268,"bigram","RF","token",292.000000000002
"subtlex_uk",3,5268,"bigram","RG","token",186.000000000001
"subtlex_uk",3,5268,"bigram","RH","token",523.999999999998
"subtlex_uk",3,5268,"bigram","RI","token",23122.0000000002
"subtlex_uk",3,5268,"bigram","RJ","token",6.00000000000005
"subtlex_uk",3,5268,"bigram","RK","token",755.999999999999
"subtlex_uk",3,5268,"bigram","RL","token",64.0000000000002
"subtlex_uk",3,5268,"bigram","RM","token",27989.9999999998
"subtlex_uk",3,5268,"bigram","RN","token",545.000000000003
"subtlex_uk",3,5268,"bigram","RO","token",37042.0000000001
"subtlex_uk",3,5268,"bigram","RP","token",494.999999999999
"subtlex_uk",3,5268,"bigram","RQ","token",8.0000000000001
"subtlex_uk",3,5268,"bigram","RR","token",2593.99999999999
"subtlex_uk",3,5268,"bigram","RS","token",19820.9999999999
"subtlex_uk",3,5268,"bigram","RT","token",28656
"subtlex_uk",3,5268,"bigram","RU","token",68179.9999999997
"subtlex_uk",3,5268,"bigram","RV","token",75.0000000000002
"subtlex_uk",3,5268,"bigram","RW","token",20.9999999999999
"subtlex_uk",3,5268,"bigram","RX","token",33.0000000000002
"subtlex_uk",3,5268,"bigram","RY","token",119724
"subtlex_uk",3,5268,"bigram","RZ","token",10.9999999999999
"subtlex_uk",3,5268,"bigram","SA","token",369713
"subtlex_uk",3,5268,"bigram","SB","token",323.999999999999
"subtlex_uk",3,5268,"bigram","SC","token",874.999999999999
"subtlex_uk",3,5268,"bigram","SD","token",418.000000000001
"subtlex_uk",3,5268,"bigram","SE","token",636012.000000004
"subtlex_uk",3,5268,"bigram","SF","token",361
"subtlex_uk",3,5268,"bigram","SG","token",327.000000000001
"subtlex_uk",3,5268,"bigram","SH","token",538481.000000001
"subtlex_uk",3,5268,"bigram","SI","token",132628.000000001
"subtlex_uk",3,5268,"bigram","SJ","token",68.9999999999999
"subtlex_uk",3,5268,"bigram","SK","token",66043.0000000006
"subtlex_uk",3,5268,"bigram","SL","token",670.000000000003
"subtlex_uk",3,5268,"bigram","SM","token",334.000000000001
"subtlex_uk",3,5268,"bigram","SN","token",7146.00000000001
"subtlex_uk",3,5268,"bigram","SO","token",33732.0000000004
"subtlex_uk",3,5268,"bigram","SP","token",5484
"subtlex_uk",3,5268,"bigram","SQ","token",38.0000000000003
"subtlex_uk",3,5268,"bigram","SR","token",1441.00000000001
"subtlex_uk",3,5268,"bigram","SS","token",4935
"subtlex_uk",3,5268,"bigram","ST","token",2140.99999999999
"subtlex_uk",3,5268,"bigram","SU","token",35101.9999999997
"subtlex_uk",3,5268,"bigram","SV","token",48.9999999999998
"subtlex_uk",3,5268,"bigram","SW","token",88.0000000000002
"subtlex_uk",3,5268,"bigram","SX","token",15
"subtlex_uk",3,5268,"bigram","SY","token",361.999999999998
"subtlex_uk",3,5268,"bigram","SZ","token",12
"subtlex_uk",3,5268,"bigram","TA","token",46328.0000000002
"subtlex_uk",3,5268,"bigram","TB","token",70.0000000000001
"subtlex_uk",3,5268,"bigram","TC","token",2229.99999999998
"subtlex_uk",3,5268,"bigram","TD","token",699.000000000002
"subtlex_uk",3,5268,"bigram","TE","token",79777.0000000004
"subtlex_uk",3,5268,"bigram","TF","token",110
"subtlex_uk",3,5268,"bigram","TG","token",40
"subtlex_uk",3,5268,"bigram","TH","token",9421068.00000009
"subtlex_uk",3,5268,"bigram","TI","token",34037.9999999999
"subtlex_uk",3,5268,"bigram","TJ","token",0
"subtlex_uk",3,5268,"bigram","TK","token",26.9999999999999
"subtlex_uk",3,5268,"bigram","TL","token",529.999999999997
"subtlex_uk",3,5268,"bigram","TM","token",582.999999999998
"subtlex_uk",3,5268,"bigram","TN","token",225.000000000001
"subtlex_uk",3,5268,"bigram","TO","token",295161.000000001
"subtlex_uk",3,5268,"bigram","TP","token",211.000000000001
"subtlex_uk",3,5268,"bigram","TQ","token",0
"subtlex_uk",3,5268,"bigram","TR","token",90524.9999999997
"subtlex_uk",3,5268,"bigram","TS","token",120394.999999999
"subtlex_uk",3,5268,"bigram","TT","token",288.000000000001
"subtlex_uk",3,5268,"bigram","TU","token",4274
"subtlex_uk",3,5268,"bigram","TV","token",1880.99999999999
"subtlex_uk",3,5268,"bigram","TW","token",301765.000000003
"subtlex_uk",3,5268,"bigram","TX","token",13.9999999999999
"subtlex_uk",3,5268,"bigram","TY","token",293.000000000001
"subtlex_uk",3,5268,"bigram","TZ","token",72.9999999999994
"subtlex_uk",3,5268,"bigram","UA","token",365.000000000001
"subtlex_uk",3,5268,"bigram","UB","token",19066.0000000001
"subtlex_uk",3,5268,"bigram","UC","token",1152
"subtlex_uk",3,5268,"bigram","UD","token",6959.99999999996
"subtlex_uk",3,5268,"bigram","UE","token",26633.9999999999
"subtlex_uk",3,5268,"bigram","UF","token",818.000000000005
"subtlex_uk",3,5268,"bigram","UG","token",15893.0000000001
"subtlex_uk",3,5268,"bigram","UH","token",17910.0000000002
"subtlex_uk",3,5268,"bigram","UI","token",2433
"subtlex_uk",3,5268,"bigram","UJ","token",31.0000000000002
"subtlex_uk",3,5268,"bigram","UK","token",472
"subtlex_uk",3,5268,"bigram","UL","token",848.999999999999
"subtlex_uk",3,5268,"bigram","UM","token",75534.0000000001
"subtlex_uk",3,5268,"bigram","UN","token",136995
"subtlex_uk",3,5268,"bigram","UO","token",2183.00000000001
"subtlex_uk",3,5268,"bigram","UP","token",34969
"subtlex_uk",3,5268,"bigram","UQ","token",42.0000000000003
"subtlex_uk",3,5268,"bigram","UR","token",339606.999999998
"subtlex_uk",3,5268,"bigram","US","token",90952.9999999994
"subtlex_uk",3,5268,"bigram","UT","token",2021514.00000002
"subtlex_uk",3,5268,"bigram","UU","token",593.000000000002
"subtlex_uk",3,5268,"bigram","UV","token",1315
"subtlex_uk",3,5268,"bigram","UW","token",666
"subtlex_uk",3,5268,"bigram","UX","token",318
"subtlex_uk",3,5268,"bigram","UY","token",75730.0000000004
"subtlex_uk",3,5268,"bigram","UZ","token",340.999999999999
"subtlex_uk",3,5268,"bigram","VA","token",16493.0000000001
"subtlex_uk",3,5268,"bigram","VB","token",18.0000000000001
"subtlex_uk",3,5268,"bigram","VC","token",254
"subtlex_uk",3,5268,"bigram","VD","token",1741
"subtlex_uk",3,5268,"bigram","VE","token",10632.9999999999
"subtlex_uk",3,5268,"bigram","VF","token",761.999999999996
"subtlex_uk",3,5268,"bigram","VG","token",11
"subtlex_uk",3,5268,"bigram","VH","token",114.000000000001
"subtlex_uk",3,5268,"bigram","VI","token",8054.99999999998
"subtlex_uk",3,5268,"bigram","VJ","token",0
"subtlex_uk",3,5268,"bigram","VK","token",0
"subtlex_uk",3,5268,"bigram","VL","token",15.9999999999998
"subtlex_uk",3,5268,"bigram","VM","token",33
"subtlex_uk",3,5268,"bigram","VN","token",3.99999999999996
"subtlex_uk",3,5268,"bigram","VO","token",2259.00000000001
"subtlex_uk",3,5268,"bigram","VP","token",48
"subtlex_uk",3,5268,"bigram","VQ","token",119.000000000001
"subtlex_uk",3,5268,"bigram","VR","token",88.9999999999998
"subtlex_uk",3,5268,"bigram","VS","token",580.000000000003
"subtlex_uk",3,5268,"bigram","VT","token",105
"subtlex_uk",3,5268,"bigram","VU","token",176.000000000001
"subtlex_uk",3,5268,"bigram","VV","token",26.9999999999997
"subtlex_uk",3,5268,"bigram","VW","token",8.99999999999999
"subtlex_uk",3,5268,"bigram","VX","token",13.9999999999999
"subtlex_uk",3,5268,"bigram","VY","token",881.000000000005
"subtlex_uk",3,5268,"bigram","VZ","token",0
"subtlex_uk",3,5268,"bigram","WA","token",1823318
"subtlex_uk",3,5268,"bigram","WB","token",169
"subtlex_uk",3,5268,"bigram","WC","token",36.0000000000001
"subtlex_uk",3,5268,"bigram","WD","token",25.9999999999999
"subtlex_uk",3,5268,"bigram","WE","token",31976.9999999999
"subtlex_uk",3,5268,"bigram","WF","token",67.0000000000006
"subtlex_uk",3,5268,"bigram","WG","token",1.99999999999998
"subtlex_uk",3,5268,"bigram","WH","token",636964.999999998
"subtlex_uk",3,5268,"bigram","WI","token",65888.0000000005
"subtlex_uk",3,5268,"bigram","WJ","token",0
"subtlex_uk",3,5268,"bigram","WK","token",41.9999999999999
"subtlex_uk",3,5268,"bigram","WL","token",2385
"subtlex_uk",3,5268,"bigram","WM","token",616.999999999997
"subtlex_uk",3,5268,"bigram","WN","token",105205
"subtlex_uk",3,5268,"bigram","WO","token",396324.000000003
"subtlex_uk",3,5268,"bigram","WP","token",325.000000000001
"subtlex_uk",3,5268,"bigram","WQ","token",0
"subtlex_uk",3,5268,"bigram","WR","token",328.000000000001
"subtlex_uk",3,5268,"bigram","WS","token",46.9999999999999
"subtlex_uk",3,5268,"bigram","WT","token",347.000000000001
"subtlex_uk",3,5268,"bigram","WU","token",316
"subtlex_uk",3,5268,"bigram","WV","token",23.0000000000001
"subtlex_uk",3,5268,"bigram","WW","token",2086.00000000001
"subtlex_uk",3,5268,"bigram","WX","token",0
"subtlex_uk",3,5268,"bigram","WY","token",1373
"subtlex_uk",3,5268,"bigram","WZ","token",0
"subtlex_uk",3,5268,"bigram","XA","token",96.9999999999996
"subtlex_uk",3,5268,"bigram","XB","token",13
"subtlex_uk",3,5268,"bigram","XC","token",2.99999999999998
"subtlex_uk",3,5268,"bigram","XD","token",0
"subtlex_uk",3,5268,"bigram","XE","token",1514.00000000001
"subtlex_uk",3,5268,"bigram","XF","token",12.0000000000001
"subtlex_uk",3,5268,"bigram","XG","token",0
"subtlex_uk",3,5268,"bigram","XH","token",0
"subtlex_uk",3,5268,"bigram","XI","token",284.999999999999
"subtlex_uk",3,5268,"bigram","XJ","token",20.9999999999999
"subtlex_uk",3,5268,"bigram","XK","token",8.99999999999999
"subtlex_uk",3,5268,"bigram","XL","token",93.0000000000005
"subtlex_uk",3,5268,"bigram","XM","token",0
"subtlex_uk",3,5268,"bigram","XN","token",0
"subtlex_uk",3,5268,"bigram","XO","token",107
"subtlex_uk",3,5268,"bigram","XP","token",6.99999999999993
"subtlex_uk",3,5268,"bigram","XQ","token",0
"subtlex_uk",3,5268,"bigram","XR","token",13.9999999999999
"subtlex_uk",3,5268,"bigram","XS","token",4.00000000000001
"subtlex_uk",3,5268,"bigram","XT","token",24
"subtlex_uk",3,5268,"bigram","XU","token",27.0000000000001
"subtlex_uk",3,5268,"bigram","XV","token",180.000000000002
"subtlex_uk",3,5268,"bigram","XW","token",0
"subtlex_uk",3,5268,"bigram","XX","token",60
"subtlex_uk",3,5268,"bigram","XY","token",39.0000000000002
"subtlex_uk",3,5268,"bigram","XZ","token",1.99999999999998
"subtlex_uk",3,5268,"bigram","YA","token",7665.99999999999
"subtlex_uk",3,5268,"bigram","YB","token",4.00000000000001
"subtlex_uk",3,5268,"bigram","YC","token",36.9999999999999
"subtlex_uk",3,5268,"bigram","YD","token",374.999999999998
"subtlex_uk",3,5268,"bigram","YE","token",480836
"subtlex_uk",3,5268,"bigram","YF","token",56
"subtlex_uk",3,5268,"bigram","YG","token",42.0000000000003
"subtlex_uk",3,5268,"bigram","YH","token",70.0000000000007
"subtlex_uk",3,5268,"bigram","YI","token",1469
"subtlex_uk",3,5268,"bigram","YJ","token",0
"subtlex_uk",3,5268,"bigram","YK","token",14.0000000000001
"subtlex_uk",3,5268,"bigram","YL","token",62.0000000000002
"subtlex_uk",3,5268,"bigram","YM","token",3495.00000000001
"subtlex_uk",3,5268,"bigram","YN","token",1253
"subtlex_uk",3,5268,"bigram","YO","token",4180037.00000006
"subtlex_uk",3,5268,"bigram","YP","token",56.0000000000001
"subtlex_uk",3,5268,"bigram","YQ","token",0
"subtlex_uk",3,5268,"bigram","YR","token",321.999999999999
"subtlex_uk",3,5268,"bigram","YS","token",99.9999999999992
"subtlex_uk",3,5268,"bigram","YT","token",47
"subtlex_uk",3,5268,"bigram","YU","token",4235
"subtlex_uk",3,5268,"bigram","YV","token",0
"subtlex_uk",3,5268,"bigram","YW","token",34
"subtlex_uk",3,5268,"bigram","YX","token",2.99999999999998
"subtlex_uk",3,5268,"bigram","YY","token",16.9999999999999
"subtlex_uk",3,5268,"bigram","YZ","token",69.0000000000004
"subtlex_uk",3,5268,"bigram","ZA","token",2877.99999999999
"subtlex_uk",3,5268,"bigram","ZB","token",17.0000000000001
"subtlex_uk",3,5268,"bigram","ZC","token",0
"subtlex_uk",3,5268,"bigram","ZD","token",0
"subtlex_uk",3,5268,"bigram","ZE","token",1323
"subtlex_uk",3,5268,"bigram","ZF","token",1.99999999999998
"subtlex_uk",3,5268,"bigram","ZG","token",0
"subtlex_uk",3,5268,"bigram","ZH","token",133
"subtlex_uk",3,5268,"bigram","ZI","token",1579.99999999999
"subtlex_uk",3,5268,"bigram","ZJ","token",1.99999999999998
"subtlex_uk",3,5268,"bigram","ZK","token",0
"subtlex_uk",3,5268,"bigram","ZL","token",0
"subtlex_uk",3,5268,"bigram","ZM","token",0
"subtlex_uk",3,5268,"bigram","ZN","token",0
"subtlex_uk",3,5268,"bigram","ZO","token",6533.99999999999
"subtlex_uk",3,5268,"bigram","ZP","token",4.00000000000001
"subtlex_uk",3,5268,"bigram","ZQ","token",0
"subtlex_uk",3,5268,"bigram","ZR","token",17
"subtlex_uk",3,5268,"bigram","ZS","token",434.000000000004
"subtlex_uk",3,5268,"bigram","ZT","token",9.00000000000002
"subtlex_uk",3,5268,"bigram","ZU","token",220
"subtlex_uk",3,5268,"bigram","ZV","token",0
"subtlex_uk",3,5268,"bigram","ZW","token",2.99999999999998
"subtlex_uk",3,5268,"bigram","ZX","token",0
"subtlex_uk",3,5268,"bigram","ZY","token",33
"subtlex_uk",3,5268,"bigram","ZZ","token",576.999999999999
"subtlex_uk",4,11790,"bigram","AA","token",7293.00000000001
"subtlex_uk",4,11790,"bigram","AB","token",124477
"subtlex_uk",4,11790,"bigram","AC","token",632446.999999999
"subtlex_uk",4,11790,"bigram","AD","token",454635.000000001
"subtlex_uk",4,11790,"bigram","AE","token",1122
"subtlex_uk",4,11790,"bigram","AF","token",42376.9999999998
"subtlex_uk",4,11790,"bigram","AG","token",48643.0000000001
"subtlex_uk",4,11790,"bigram","AH","token",390495.000000004
"subtlex_uk",4,11790,"bigram","AI","token",511150.000000001
"subtlex_uk",4,11790,"bigram","AJ","token",946.000000000001
"subtlex_uk",4,11790,"bigram","AK","token",583327.000000005
"subtlex_uk",4,11790,"bigram","AL","token",736486.999999999
"subtlex_uk",4,11790,"bigram","AM","token",505740.000000002
"subtlex_uk",4,11790,"bigram","AN","token",1196631
"subtlex_uk",4,11790,"bigram","AO","token",1094.00000000001
"subtlex_uk",4,11790,"bigram","AP","token",47941
"subtlex_uk",4,11790,"bigram","AQ","token",6000.00000000006
"subtlex_uk",4,11790,"bigram","AR","token",947938.000000002
"subtlex_uk",4,11790,"bigram","AS","token",518804.000000002
"subtlex_uk",4,11790,"bigram","AT","token",4618847.00000002
"subtlex_uk",4,11790,"bigram","AU","token",48688.0000000005
"subtlex_uk",4,11790,"bigram","AV","token",1681091.99999999
"subtlex_uk",4,11790,"bigram","AW","token",177635.999999999
"subtlex_uk",4,11790,"bigram","AX","token",6767
"subtlex_uk",4,11790,"bigram","AY","token",468435.999999998
"subtlex_uk",4,11790,"bigram","AZ","token",12348
"subtlex_uk",4,11790,"bigram","BA","token",572276.999999999
"subtlex_uk",4,11790,"bigram","BB","token",4652.99999999999
"subtlex_uk",4,11790,"bigram","BC","token",2206.99999999999
"subtlex_uk",4,11790,"bigram","BD","token",167.999999999999
"subtlex_uk",4,11790,"bigram","BE","token",755236.999999996
"subtlex_uk",4,11790,"bigram","BF","token",83
"subtlex_uk",4,11790,"bigram","BG","token",138
"subtlex_uk",4,11790,"bigram","BH","token",143
"subtlex_uk",4,11790,"bigram","BI","token",75359.0000000001
"subtlex_uk",4,11790,"bigram","BJ","token",4.99999999999995
"subtlex_uk",4,11790,"bigram","BK","token",0
"subtlex_uk",4,11790,"bigram","BL","token",107406
"subtlex_uk",4,11790,"bigram","BM","token",64.0000000000002
"subtlex_uk",4,11790,"bigram","BN","token",15
"subtlex_uk",4,11790,"bigram","BO","token",279040.000000001
"subtlex_uk",4,11790,"bigram","BP","token",19
"subtlex_uk",4,11790,"bigram","BQ","token",4.00000000000001
"subtlex_uk",4,11790,"bigram","BR","token",10672
"subtlex_uk",4,11790,"bigram","BS","token",39884.9999999999
"subtlex_uk",4,11790,"bigram","BT","token",12618
"subtlex_uk",4,11790,"bigram","BU","token",59430.9999999999
"subtlex_uk",4,11790,"bigram","BV","token",21.0000000000001
"subtlex_uk",4,11790,"bigram","BW","token",203.000000000001
"subtlex_uk",4,11790,"bigram","BX","token",0
"subtlex_uk",4,11790,"bigram","BY","token",45961
"subtlex_uk",4,11790,"bigram","BZ","token",319.999999999999
"subtlex_uk",4,11790,"bigram","CA","token",384651.000000001
"subtlex_uk",4,11790,"bigram","CB","token",1011.99999999999
"subtlex_uk",4,11790,"bigram","CC","token",3415.00000000002
"subtlex_uk",4,11790,"bigram","CD","token",373.000000000001
"subtlex_uk",4,11790,"bigram","CE","token",312072.999999999
"subtlex_uk",4,11790,"bigram","CF","token",93.9999999999999
"subtlex_uk",4,11790,"bigram","CG","token",27.0000000000001
"subtlex_uk",4,11790,"bigram","CH","token",464717.999999999
"subtlex_uk",4,11790,"bigram","CI","token",53845.0000000006
"subtlex_uk",4,11790,"bigram","CJ","token",6.00000000000005
"subtlex_uk",4,11790,"bigram","CK","token",602371
"subtlex_uk",4,11790,"bigram","CL","token",49054.0000000003
"subtlex_uk",4,11790,"bigram","CM","token",199
"subtlex_uk",4,11790,"bigram","CN","token",223.999999999998
"subtlex_uk",4,11790,"bigram","CO","token",532200.000000001
"subtlex_uk",4,11790,"bigram","CP","token",83.0000000000001
"subtlex_uk",4,11790,"bigram","CQ","token",1.99999999999998
"subtlex_uk",4,11790,"bigram","CR","token",23446
"subtlex_uk",4,11790,"bigram","CS","token",2444.00000000001
"subtlex_uk",4,11790,"bigram","CT","token",65503.0000000005
"subtlex_uk",4,11790,"bigram","CU","token",41155.0000000002
"subtlex_uk",4,11790,"bigram","CV","token",3.99999999999996
"subtlex_uk",4,11790,"bigram","CW","token",12.9999999999999
"subtlex_uk",4,11790,"bigram","CX","token",0
"subtlex_uk",4,11790,"bigram","CY","token",8404.00000000001
"subtlex_uk",4,11790,"bigram","CZ","token",23.0000000000001
"subtlex_uk",4,11790,"bigram","DA","token",170806
"subtlex_uk",4,11790,"bigram","DB","token",15.0000000000001
"subtlex_uk",4,11790,"bigram","DC","token",72.0000000000001
"subtlex_uk",4,11790,"bigram","DD","token",11040
"subtlex_uk",4,11790,"bigram","DE","token",529351.000000002
"subtlex_uk",4,11790,"bigram","DF","token",56.0000000000001
"subtlex_uk",4,11790,"bigram","DG","token",13080
"subtlex_uk",4,11790,"bigram","DH","token",291.000000000001
"subtlex_uk",4,11790,"bigram","DI","token",78785.0000000002
"subtlex_uk",4,11790,"bigram","DJ","token",6.99999999999993
"subtlex_uk",4,11790,"bigram","DK","token",10.0000000000001
"subtlex_uk",4,11790,"bigram","DL","token",1974.99999999999
"subtlex_uk",4,11790,"bigram","DM","token",134
"subtlex_uk",4,11790,"bigram","DN","token",578.000000000004
"subtlex_uk",4,11790,"bigram","DO","token",752796.999999997
"subtlex_uk",4,11790,"bigram","DP","token",7.99999999999993
"subtlex_uk",4,11790,"bigram","DQ","token",0
"subtlex_uk",4,11790,"bigram","DR","token",49511
"subtlex_uk",4,11790,"bigram","DS","token",79065.0000000003
"subtlex_uk",4,11790,"bigram","DT","token",34.0000000000001
"subtlex_uk",4,11790,"bigram","DU","token",39053.0000000001
"subtlex_uk",4,11790,"bigram","DV","token",949.000000000003
"subtlex_uk",4,11790,"bigram","DW","token",28.9999999999999
"subtlex_uk",4,11790,"bigram","DX","token",3.99999999999996
"subtlex_uk",4,11790,"bigram","DY","token",85737
"subtlex_uk",4,11790,"bigram","DZ","token",185.000000000001
"subtlex_uk",4,11790,"bigram","EA","token",1598138.00000001
"subtlex_uk",4,11790,"bigram","EB","token",15823
"subtlex_uk",4,11790,"bigram","EC","token",23662.9999999999
"subtlex_uk",4,11790,"bigram","ED","token",438460.999999998
"subtlex_uk",4,11790,"bigram","EE","token",1440601.99999999
"subtlex_uk",4,11790,"bigram","EF","token",113958.000000001
"subtlex_uk",4,11790,"bigram","EG","token",34496.0000000001
"subtlex_uk",4,11790,"bigram","EH","token",502.000000000001
"subtlex_uk",4,11790,"bigram","EI","token",21149.0000000001
"subtlex_uk",4,11790,"bigram","EJ","token",506.999999999997
"subtlex_uk",4,11790,"bigram","EK","token",102207
"subtlex_uk",4,11790,"bigram","EL","token",1126710
"subtlex_uk",4,11790,"bigram","EM","token",516119
"subtlex_uk",4,11790,"bigram","EN","token",1822652
"subtlex_uk",4,11790,"bigram","EO","token",5152
"subtlex_uk",4,11790,"bigram","EP","token",184880.999999999
"subtlex_uk",4,11790,"bigram","EQ","token",41
"subtlex_uk",4,11790,"bigram","ER","token",1987539.00000001
"subtlex_uk",4,11790,"bigram","ES","token",709314.000000001
"subtlex_uk",4,11790,"bigram","ET","token",154788
"subtlex_uk",4,11790,"bigram","EU","token",10899.0000000001
"subtlex_uk",4,11790,"bigram","EV","token",249813
"subtlex_uk",4,11790,"bigram","EW","token",165591.000000001
"subtlex_uk",4,11790,"bigram","EX","token",188439.999999998
"subtlex_uk",4,11790,"bigram","EY","token",1403508.00000001
"subtlex_uk",4,11790,"bigram","EZ","token",1661
"subtlex_uk",4,11790,"bigram","FA","token",247084
"subtlex_uk",4,11790,"bigram","FB","token",37
"subtlex_uk",4,11790,"bigram","FC","token",79.0000000000004
"subtlex_uk",4,11790,"bigram","FD","token",32.9999999999999
"subtlex_uk",4,11790,"bigram","FE","token",400103.000000001
"subtlex_uk",4,11790,"bigram","FF","token",14153.0000000001
"subtlex_uk",4,11790,"bigram","FG","token",19.9999999999999
"subtlex_uk",4,11790,"bigram","FH","token",2.99999999999998
"subtlex_uk",4,11790,"bigram","FI","token",430545.000000001
"subtlex_uk",4,11790,"bigram","FJ","token",0
"subtlex_uk",4,11790,"bigram","FK","token",0
"subtlex_uk",4,11790,"bigram","FL","token",44375.9999999999
"subtlex_uk",4,11790,"bigram","FM","token",17
"subtlex_uk",4,11790,"bigram","FN","token",71.0000000000007
"subtlex_uk",4,11790,"bigram","FO","token",219867
"subtlex_uk",4,11790,"bigram","FP","token",41.9999999999999
"subtlex_uk",4,11790,"bigram","FQ","token",0
"subtlex_uk",4,11790,"bigram","FR","token",675543.999999997
"subtlex_uk",4,11790,"bigram","FS","token",2480.00000000002
"subtlex_uk",4,11790,"bigram","FT","token",125788.000000001
"subtlex_uk",4,11790,"bigram","FU","token",81089.9999999999
"subtlex_uk",4,11790,"bigram","FV","token",0
"subtlex_uk",4,11790,"bigram","FW","token",1.99999999999998
"subtlex_uk",4,11790,"bigram","FX","token",1.99999999999998
"subtlex_uk",4,11790,"bigram","FY","token",856
"subtlex_uk",4,11790,"bigram","FZ","token",0
"subtlex_uk",4,11790,"bigram","GA","token",144403.000000001
"subtlex_uk",4,11790,"bigram","GB","token",49.9999999999999
"subtlex_uk",4,11790,"bigram","GC","token",996.999999999997
"subtlex_uk",4,11790,"bigram","GD","token",13
"subtlex_uk",4,11790,"bigram","GE","token",135581.000000001
"subtlex_uk",4,11790,"bigram","GF","token",0
"subtlex_uk",4,11790,"bigram","GG","token",13314.9999999999
"subtlex_uk",4,11790,"bigram","GH","token",83145.0000000001
"subtlex_uk",4,11790,"bigram","GI","token",198582.999999999
"subtlex_uk",4,11790,"bigram","GJ","token",0
"subtlex_uk",4,11790,"bigram","GK","token",0
"subtlex_uk",4,11790,"bigram","GL","token",25654.0000000001
"subtlex_uk",4,11790,"bigram","GM","token",132.000000000001
"subtlex_uk",4,11790,"bigram","GN","token",19235.9999999999
"subtlex_uk",4,11790,"bigram","GO","token",672825
"subtlex_uk",4,11790,"bigram","GP","token",15
"subtlex_uk",4,11790,"bigram","GQ","token",0
"subtlex_uk",4,11790,"bigram","GR","token",56623.0000000001
"subtlex_uk",4,11790,"bigram","GS","token",60554.0000000001
"subtlex_uk",4,11790,"bigram","GT","token",46.9999999999998
"subtlex_uk",4,11790,"bigram","GU","token",58396.0000000002
"subtlex_uk",4,11790,"bigram","GV","token",37.0000000000004
"subtlex_uk",4,11790,"bigram","GW","token",1507.00000000001
"subtlex_uk",4,11790,"bigram","GX","token",2.99999999999998
"subtlex_uk",4,11790,"bigram","GY","token",1644.00000000001
"subtlex_uk",4,11790,"bigram","GZ","token",9.99999999999995
"subtlex_uk",4,11790,"bigram","HA","token",6440492
"subtlex_uk",4,11790,"bigram","HB","token",191
"subtlex_uk",4,11790,"bigram","HC","token",11.0000000000001
"subtlex_uk",4,11790,"bigram","HD","token",189
"subtlex_uk",4,11790,"bigram","HE","token",3483415.00000001
"subtlex_uk",4,11790,"bigram","HF","token",23
"subtlex_uk",4,11790,"bigram","HG","token",35.0000000000003
"subtlex_uk",4,11790,"bigram","HH","token",8607.99999999998
"subtlex_uk",4,11790,"bigram","HI","token",1729636.00000002
"subtlex_uk",4,11790,"bigram","HJ","token",0
"subtlex_uk",4,11790,"bigram","HK","token",8.99999999999991
"subtlex_uk",4,11790,"bigram","HL","token",667
"subtlex_uk",4,11790,"bigram","HM","token",2350
"subtlex_uk",4,11790,"bigram","HN","token",59370.0000000001
"subtlex_uk",4,11790,"bigram","HO","token",551108
"subtlex_uk",4,11790,"bigram","HP","token",15.0000000000002
"subtlex_uk",4,11790,"bigram","HQ","token",91.9999999999992
"subtlex_uk",4,11790,"bigram","HR","token",700.000000000001
"subtlex_uk",4,11790,"bigram","HS","token",658.000000000001
"subtlex_uk",4,11790,"bigram","HT","token",296
"subtlex_uk",4,11790,"bigram","HU","token",100387.000000001
"subtlex_uk",4,11790,"bigram","HV","token",0
"subtlex_uk",4,11790,"bigram","HW","token",42.0000000000003
"subtlex_uk",4,11790,"bigram","HX","token",0
"subtlex_uk",4,11790,"bigram","HY","token",5737.99999999999
"subtlex_uk",4,11790,"bigram","HZ","token",0
"subtlex_uk",4,11790,"bigram","IA","token",20057.9999999999
"subtlex_uk",4,11790,"bigram","IB","token",4135.00000000001
"subtlex_uk",4,11790,"bigram","IC","token",267702
"subtlex_uk",4,11790,"bigram","ID","token",511845.000000002
"subtlex_uk",4,11790,"bigram","IE","token",89043.0000000002
"subtlex_uk",4,11790,"bigram","IF","token",181610
"subtlex_uk",4,11790,"bigram","IG","token",97205.9999999999
"subtlex_uk",4,11790,"bigram","IH","token",103
"subtlex_uk",4,11790,"bigram","II","token",2999.99999999998
"subtlex_uk",4,11790,"bigram","IJ","token",559.000000000002
"subtlex_uk",4,11790,"bigram","IK","token",708590.000000002
"subtlex_uk",4,11790,"bigram","IL","token",980255.000000006
"subtlex_uk",4,11790,"bigram","IM","token",472462.000000006
"subtlex_uk",4,11790,"bigram","IN","token",1112946
"subtlex_uk",4,11790,"bigram","IO","token",11319
"subtlex_uk",4,11790,"bigram","IP","token",65443
"subtlex_uk",4,11790,"bigram","IQ","token",20.9999999999999
"subtlex_uk",4,11790,"bigram","IR","token",199079
"subtlex_uk",4,11790,"bigram","IS","token",1765753.00000002
"subtlex_uk",4,11790,"bigram","IT","token",1349142.99999999
"subtlex_uk",4,11790,"bigram","IU","token",108.000000000001
"subtlex_uk",4,11790,"bigram","IV","token",308233
"subtlex_uk",4,11790,"bigram","IW","token",779.999999999999
"subtlex_uk",4,11790,"bigram","IX","token",1699.00000000001
"subtlex_uk",4,11790,"bigram","IY","token",5095.00000000002
"subtlex_uk",4,11790,"bigram","IZ","token",34510.9999999999
"subtlex_uk",4,11790,"bigram","JA","token",50884.0000000001
"subtlex_uk",4,11790,"bigram","JB","token",1.99999999999998
"subtlex_uk",4,11790,"bigram","JC","token",19.0000000000002
"subtlex_uk",4,11790,"bigram","JD","token",9.99999999999995
"subtlex_uk",4,11790,"bigram","JE","token",18923
"subtlex_uk",4,11790,"bigram","JF","token",0
"subtlex_uk",4,11790,"bigram","JG","token",0
"subtlex_uk",4,11790,"bigram","JH","token",6.99999999999999
"subtlex_uk",4,11790,"bigram","JI","token",5143
"subtlex_uk",4,11790,"bigram","JJ","token",93.0000000000009
"subtlex_uk",4,11790,"bigram","JK","token",27.9999999999999
"subtlex_uk",4,11790,"bigram","JL","token",0
"subtlex_uk",4,11790,"bigram","JM","token",2.99999999999998
"subtlex_uk",4,11790,"bigram","JN","token",4.99999999999995
"subtlex_uk",4,11790,"bigram","JO","token",136780
"subtlex_uk",4,11790,"bigram","JP","token",6.99999999999993
"subtlex_uk",4,11790,"bigram","JQ","token",0
"subtlex_uk",4,11790,"bigram","JR","token",1.99999999999998
"subtlex_uk",4,11790,"bigram","JS","token",33
"subtlex_uk",4,11790,"bigram","JT","token",6.00000000000005
"subtlex_uk",4,11790,"bigram","JU","token",759605.000000009
"subtlex_uk",4,11790,"bigram","JV","token",0
"subtlex_uk",4,11790,"bigram","JW","token",0
"subtlex_uk",4,11790,"bigram","JX","token",0
"subtlex_uk",4,11790,"bigram","JY","token",0
"subtlex_uk",4,11790,"bigram","JZ","token",0
"subtlex_uk",4,11790,"bigram","KA","token",19679.0000000001
"subtlex_uk",4,11790,"bigram","KB","token",24.0000000000001
"subtlex_uk",4,11790,"bigram","KC","token",17.9999999999998
"subtlex_uk",4,11790,"bigram","KD","token",0
"subtlex_uk",4,11790,"bigram","KE","token",1455042.00000001
"subtlex_uk",4,11790,"bigram","KF","token",14.9999999999999
"subtlex_uk",4,11790,"bigram","KG","token",0
"subtlex_uk",4,11790,"bigram","KH","token",2329.99999999999
"subtlex_uk",4,11790,"bigram","KI","token",203643
"subtlex_uk",4,11790,"bigram","KJ","token",0
"subtlex_uk",4,11790,"bigram","KK","token",300.000000000001
"subtlex_uk",4,11790,"bigram","KL","token",321.000000000002
"subtlex_uk",4,11790,"bigram","KM","token",1.99999999999998
"subtlex_uk",4,11790,"bigram","KN","token",589361.000000006
"subtlex_uk",4,11790,"bigram","KO","token",5591.00000000001
"subtlex_uk",4,11790,"bigram","KP","token",124
"subtlex_uk",4,11790,"bigram","KQ","token",0
"subtlex_uk",4,11790,"bigram","KR","token",948.000000000006
"subtlex_uk",4,11790,"bigram","KS","token",2937.99999999999
"subtlex_uk",4,11790,"bigram","KT","token",25.9999999999998
"subtlex_uk",4,11790,"bigram","KU","token",2528.00000000002
"subtlex_uk",4,11790,"bigram","KV","token",6.99999999999993
"subtlex_uk",4,11790,"bigram","KW","token",287.000000000001
"subtlex_uk",4,11790,"bigram","KX","token",4.00000000000001
"subtlex_uk",4,11790,"bigram","KY","token",2565.00000000001
"subtlex_uk",4,11790,"bigram","KZ","token",0
"subtlex_uk",4,11790,"bigram","LA","token",562208.000000002
"subtlex_uk",4,11790,"bigram","LB","token",1215
"subtlex_uk",4,11790,"bigram","LC","token",110
"subtlex_uk",4,11790,"bigram","LD","token",225619
"subtlex_uk",4,11790,"bigram","LE","token",404661.000000001
"subtlex_uk",4,11790,"bigram","LF","token",99890.9999999997
"subtlex_uk",4,11790,"bigram","LG","token",421.000000000002
"subtlex_uk",4,11790,"bigram","LH","token",16.0000000000001
"subtlex_uk",4,11790,"bigram","LI","token",1058463
"subtlex_uk",4,11790,"bigram","LJ","token",0
"subtlex_uk",4,11790,"bigram","LK","token",116620.999999999
"subtlex_uk",4,11790,"bigram","LL","token",1834105
"subtlex_uk",4,11790,"bigram","LM","token",50601.9999999999
"subtlex_uk",4,11790,"bigram","LN","token",469.000000000004
"subtlex_uk",4,11790,"bigram","LO","token",868279.999999998
"subtlex_uk",4,11790,"bigram","LP","token",115679.999999999
"subtlex_uk",4,11790,"bigram","LQ","token",0
"subtlex_uk",4,11790,"bigram","LR","token",49
"subtlex_uk",4,11790,"bigram","LS","token",198683
"subtlex_uk",4,11790,"bigram","LT","token",54193.0000000001
"subtlex_uk",4,11790,"bigram","LU","token",147455
"subtlex_uk",4,11790,"bigram","LV","token",192.999999999999
"subtlex_uk",4,11790,"bigram","LW","token",25.9999999999999
"subtlex_uk",4,11790,"bigram","LX","token",5.99999999999995
"subtlex_uk",4,11790,"bigram","LY","token",240925.999999998
"subtlex_uk",4,11790,"bigram","LZ","token",35.0000000000001
"subtlex_uk",4,11790,"bigram","MA","token",779659.000000004
"subtlex_uk",4,11790,"bigram","MB","token",19950
"subtlex_uk",4,11790,"bigram","MC","token",201.999999999998
"subtlex_uk",4,11790,"bigram","MD","token",142
"subtlex_uk",4,11790,"bigram","ME","token",1894929.00000001
"subtlex_uk",4,11790,"bigram","MF","token",57.9999999999999
"subtlex_uk",4,11790,"bigram","MG","token",95.0000000000005
"subtlex_uk",4,11790,"bigram","MH","token",115
"subtlex_uk",4,11790,"bigram","MI","token",189704
"subtlex_uk",4,11790,"bigram","MJ","token",0
"subtlex_uk",4,11790,"bigram","MK","token",0
"subtlex_uk",4,11790,"bigram","ML","token",705.000000000006
"subtlex_uk",4,11790,"bigram","MM","token",13415.9999999999
"subtlex_uk",4,11790,"bigram","MN","token",4966.99999999999
"subtlex_uk",4,11790,"bigram","MO","token",663586.999999995
"subtlex_uk",4,11790,"bigram","MP","token",42487.0000000002
"subtlex_uk",4,11790,"bigram","MQ","token",397.999999999998
"subtlex_uk",4,11790,"bigram","MR","token",711
"subtlex_uk",4,11790,"bigram","MS","token",27382.9999999999
"subtlex_uk",4,11790,"bigram","MT","token",143.000000000001
"subtlex_uk",4,11790,"bigram","MU","token",365661
"subtlex_uk",4,11790,"bigram","MV","token",0
"subtlex_uk",4,11790,"bigram","MW","token",1565.99999999999
"subtlex_uk",4,11790,"bigram","MX","token",6.99999999999993
"subtlex_uk",4,11790,"bigram","MY","token",18797
"subtlex_uk",4,11790,"bigram","MZ","token",15
"subtlex_uk",4,11790,"bigram","NA","token",122122.000000001
"subtlex_uk",4,11790,"bigram","NB","token",36
"subtlex_uk",4,11790,"bigram","NC","token",69604.0000000002
"subtlex_uk",4,11790,"bigram","ND","token",507914
"subtlex_uk",4,11790,"bigram","NE","token",1113364
"subtlex_uk",4,11790,"bigram","NF","token",262.999999999998
"subtlex_uk",4,11790,"bigram","NG","token",286494.999999999
"subtlex_uk",4,11790,"bigram","NH","token",326.000000000002
"subtlex_uk",4,11790,"bigram","NI","token",209197.999999999
"subtlex_uk",4,11790,"bigram","NJ","token",316
"subtlex_uk",4,11790,"bigram","NK","token",109590
"subtlex_uk",4,11790,"bigram","NL","token",210772.999999998
"subtlex_uk",4,11790,"bigram","NM","token",12.0000000000001
"subtlex_uk",4,11790,"bigram","NN","token",24325.0000000001
"subtlex_uk",4,11790,"bigram","NO","token",601509.000000007
"subtlex_uk",4,11790,"bigram","NP","token",127
"subtlex_uk",4,11790,"bigram","NQ","token",96.0000000000004
"subtlex_uk",4,11790,"bigram","NR","token",77.0000000000001
"subtlex_uk",4,11790,"bigram","NS","token",63323.0000000002
"subtlex_uk",4,11790,"bigram","NT","token",819551.000000005
"subtlex_uk",4,11790,"bigram","NU","token",13283
"subtlex_uk",4,11790,"bigram","NV","token",907
"subtlex_uk",4,11790,"bigram","NW","token",4.99999999999996
"subtlex_uk",4,11790,"bigram","NX","token",970.000000000007
"subtlex_uk",4,11790,"bigram","NY","token",188065.999999999
"subtlex_uk",4,11790,"bigram","NZ","token",484
"subtlex_uk",4,11790,"bigram","OA","token",135444
"subtlex_uk",4,11790,"bigram","OB","token",38727.9999999998
"subtlex_uk",4,11790,"bigram","OC","token",38801
"subtlex_uk",4,11790,"bigram","OD","token",582333.999999999
"subtlex_uk",4,11790,"bigram","OE","token",320820.999999999
"subtlex_uk",4,11790,"bigram","OF","token",34178
"subtlex_uk",4,11790,"bigram","OG","token",31160
"subtlex_uk",4,11790,"bigram","OH","token",68455.0000000002
"subtlex_uk",4,11790,"bigram","OI","token",44108
"subtlex_uk",4,11790,"bigram","OJ","token",782
"subtlex_uk",4,11790,"bigram","OK","token",471800.000000001
"subtlex_uk",4,11790,"bigram","OL","token",324322
"subtlex_uk",4,11790,"bigram","OM","token",1636915
"subtlex_uk",4,11790,"bigram","ON","token",919027.999999998
"subtlex_uk",4,11790,"bigram","OO","token",1302594
"subtlex_uk",4,11790,"bigram","OP","token",280817
"subtlex_uk",4,11790,"bigram","OQ","token",0
"subtlex_uk",4,11790,"bigram","OR","token",944787.999999998
"subtlex_uk",4,11790,"bigram","OS","token",353640
"subtlex_uk",4,11790,"bigram","OT","token",261368.000000001
"subtlex_uk",4,11790,"bigram","OU","token",818370.000000006
"subtlex_uk",4,11790,"bigram","OV","token",504155.999999998
"subtlex_uk",4,11790,"bigram","OW","token",1029964
"subtlex_uk",4,11790,"bigram","OX","token",4001.00000000001
"subtlex_uk",4,11790,"bigram","OY","token",40183.9999999998
"subtlex_uk",4,11790,"bigram","OZ","token",957.000000000003
"subtlex_uk",4,11790,"bigram","PA","token",335824.000000001
"subtlex_uk",4,11790,"bigram","PB","token",571.999999999996
"subtlex_uk",4,11790,"bigram","PC","token",665.000000000001
"subtlex_uk",4,11790,"bigram","PD","token",161
"subtlex_uk",4,11790,"bigram","PE","token",206993
"subtlex_uk",4,11790,"bigram","PF","token",298.000000000002
"subtlex_uk",4,11790,"bigram","PG","token",55.0000000000002
"subtlex_uk",4,11790,"bigram","PH","token",17749.0000000001
"subtlex_uk",4,11790,"bigram","PI","token",82858.0000000001
"subtlex_uk",4,11790,"bigram","PJ","token",0
"subtlex_uk",4,11790,"bigram","PK","token",1.99999999999998
"subtlex_uk",4,11790,"bigram","PL","token",152542
"subtlex_uk",4,11790,"bigram","PM","token",498.999999999998
"subtlex_uk",4,11790,"bigram","PN","token",72.9999999999996
"subtlex_uk",4,11790,"bigram","PO","token",132896
"subtlex_uk",4,11790,"bigram","PP","token",1721
"subtlex_uk",4,11790,"bigram","PQ","token",13.9999999999999
"subtlex_uk",4,11790,"bigram","PR","token",14574
"subtlex_uk",4,11790,"bigram","PS","token",36688.0000000001
"subtlex_uk",4,11790,"bigram","PT","token",22443.9999999998
"subtlex_uk",4,11790,"bigram","PU","token",62189.0000000001
"subtlex_uk",4,11790,"bigram","PV","token",112
"subtlex_uk",4,11790,"bigram","PW","token",81.0000000000002
"subtlex_uk",4,11790,"bigram","PX","token",0
"subtlex_uk",4,11790,"bigram","PY","token",5159.99999999998
"subtlex_uk",4,11790,"bigram","PZ","token",1.99999999999998
"subtlex_uk",4,11790,"bigram","QA","token",138
"subtlex_uk",4,11790,"bigram","QB","token",0
"subtlex_uk",4,11790,"bigram","QC","token",2.99999999999998
"subtlex_uk",4,11790,"bigram","QD","token",0
"subtlex_uk",4,11790,"bigram","QE","token",39.0000000000002
"subtlex_uk",4,11790,"bigram","QF","token",0
"subtlex_uk",4,11790,"bigram","QG","token",0
"subtlex_uk",4,11790,"bigram","QH","token",0
"subtlex_uk",4,11790,"bigram","QI","token",169.000000000001
"subtlex_uk",4,11790,"bigram","QJ","token",0
"subtlex_uk",4,11790,"bigram","QK","token",0
"subtlex_uk",4,11790,"bigram","QL","token",0
"subtlex_uk",4,11790,"bigram","QM","token",2.99999999999998
"subtlex_uk",4,11790,"bigram","QN","token",0
"subtlex_uk",4,11790,"bigram","QO","token",0
"subtlex_uk",4,11790,"bigram","QP","token",0
"subtlex_uk",4,11790,"bigram","QQ","token",0
"subtlex_uk",4,11790,"bigram","QR","token",32.9999999999999
"subtlex_uk",4,11790,"bigram","QS","token",447.999999999998
"subtlex_uk",4,11790,"bigram","QT","token",1.99999999999998
"subtlex_uk",4,11790,"bigram","QU","token",22024.9999999999
"subtlex_uk",4,11790,"bigram","QV","token",0
"subtlex_uk",4,11790,"bigram","QW","token",0
"subtlex_uk",4,11790,"bigram","QX","token",0
"subtlex_uk",4,11790,"bigram","QY","token",0
"subtlex_uk",4,11790,"bigram","QZ","token",0
"subtlex_uk",4,11790,"bigram","RA","token",184180
"subtlex_uk",4,11790,"bigram","RB","token",2856.99999999999
"subtlex_uk",4,11790,"bigram","RC","token",4007.00000000003
"subtlex_uk",4,11790,"bigram","RD","token",187363.999999999
"subtlex_uk",4,11790,"bigram","RE","token",2013357
"subtlex_uk",4,11790,"bigram","RF","token",2855.99999999999
"subtlex_uk",4,11790,"bigram","RG","token",10628
"subtlex_uk",4,11790,"bigram","RH","token",3223.00000000001
"subtlex_uk",4,11790,"bigram","RI","token",131851
"subtlex_uk",4,11790,"bigram","RJ","token",91.0000000000001
"subtlex_uk",4,11790,"bigram","RK","token",311758.000000002
"subtlex_uk",4,11790,"bigram","RL","token",48570.9999999997
"subtlex_uk",4,11790,"bigram","RM","token",118845
"subtlex_uk",4,11790,"bigram","RN","token",109394
"subtlex_uk",4,11790,"bigram","RO","token",932016.999999997
"subtlex_uk",4,11790,"bigram","RP","token",2201
"subtlex_uk",4,11790,"bigram","RQ","token",4.99999999999995
"subtlex_uk",4,11790,"bigram","RR","token",6658.00000000001
"subtlex_uk",4,11790,"bigram","RS","token",40757.0000000001
"subtlex_uk",4,11790,"bigram","RT","token",216589.000000001
"subtlex_uk",4,11790,"bigram","RU","token",103342
"subtlex_uk",4,11790,"bigram","RV","token",578.000000000003
"subtlex_uk",4,11790,"bigram","RW","token",26.9999999999999
"subtlex_uk",4,11790,"bigram","RX","token",482.000000000003
"subtlex_uk",4,11790,"bigram","RY","token",570343.000000002
"subtlex_uk",4,11790,"bigram","RZ","token",96.9999999999998
"subtlex_uk",4,11790,"bigram","SA","token",503552.000000001
"subtlex_uk",4,11790,"bigram","SB","token",840.000000000001
"subtlex_uk",4,11790,"bigram","SC","token",8595.00000000002
"subtlex_uk",4,11790,"bigram","SD","token",1888.99999999999
"subtlex_uk",4,11790,"bigram","SE","token",574141.000000001
"subtlex_uk",4,11790,"bigram","SF","token",138
"subtlex_uk",4,11790,"bigram","SG","token",15
"subtlex_uk",4,11790,"bigram","SH","token",377069.999999999
"subtlex_uk",4,11790,"bigram","SI","token",181864
"subtlex_uk",4,11790,"bigram","SJ","token",18.9999999999999
"subtlex_uk",4,11790,"bigram","SK","token",55197
"subtlex_uk",4,11790,"bigram","SL","token",32006.0000000001
"subtlex_uk",4,11790,"bigram","SM","token",1306
"subtlex_uk",4,11790,"bigram","SN","token",19447.0000000002
"subtlex_uk",4,11790,"bigram","SO","token",730730
"subtlex_uk",4,11790,"bigram","SP","token",34588.0000000001
"subtlex_uk",4,11790,"bigram","SQ","token",5.99999999999995
"subtlex_uk",4,11790,"bigram","SR","token",226
"subtlex_uk",4,11790,"bigram","SS","token",177498
"subtlex_uk",4,11790,"bigram","ST","token",1809511.00000001
"subtlex_uk",4,11790,"bigram","SU","token",209665
"subtlex_uk",4,11790,"bigram","SV","token",587.999999999994
"subtlex_uk",4,11790,"bigram","SW","token",12605
"subtlex_uk",4,11790,"bigram","SX","token",0
"subtlex_uk",4,11790,"bigram","SY","token",73330.0000000004
"subtlex_uk",4,11790,"bigram","SZ","token",7.99999999999997
"subtlex_uk",4,11790,"bigram","TA","token",442697.000000001
"subtlex_uk",4,11790,"bigram","TB","token",0
"subtlex_uk",4,11790,"bigram","TC","token",547.000000000002
"subtlex_uk",4,11790,"bigram","TD","token",86.9999999999998
"subtlex_uk",4,11790,"bigram","TE","token",537141.000000001
"subtlex_uk",4,11790,"bigram","TF","token",71.0000000000004
"subtlex_uk",4,11790,"bigram","TG","token",4.99999999999995
"subtlex_uk",4,11790,"bigram","TH","token",8279758.00000004
"subtlex_uk",4,11790,"bigram","TI","token",522014.000000005
"subtlex_uk",4,11790,"bigram","TJ","token",0
"subtlex_uk",4,11790,"bigram","TK","token",17.9999999999999
"subtlex_uk",4,11790,"bigram","TL","token",25.0000000000001
"subtlex_uk",4,11790,"bigram","TM","token",113
"subtlex_uk",4,11790,"bigram","TN","token",141
"subtlex_uk",4,11790,"bigram","TO","token",614553.000000002
"subtlex_uk",4,11790,"bigram","TP","token",135
"subtlex_uk",4,11790,"bigram","TQ","token",0
"subtlex_uk",4,11790,"bigram","TR","token",86215.0000000001
"subtlex_uk",4,11790,"bigram","TS","token",204452
"subtlex_uk",4,11790,"bigram","TT","token",16879.0000000001
"subtlex_uk",4,11790,"bigram","TU","token",74530.9999999995
"subtlex_uk",4,11790,"bigram","TV","token",2985.00000000001
"subtlex_uk",4,11790,"bigram","TW","token",4007.99999999999
"subtlex_uk",4,11790,"bigram","TX","token",0
"subtlex_uk",4,11790,"bigram","TY","token",83128.0000000007
"subtlex_uk",4,11790,"bigram","TZ","token",745.999999999998
"subtlex_uk",4,11790,"bigram","UA","token",3946
"subtlex_uk",4,11790,"bigram","UB","token",41108.0000000003
"subtlex_uk",4,11790,"bigram","UC","token",395005.999999999
"subtlex_uk",4,11790,"bigram","UD","token",23491
"subtlex_uk",4,11790,"bigram","UE","token",95863.9999999999
"subtlex_uk",4,11790,"bigram","UF","token",5467.00000000001
"subtlex_uk",4,11790,"bigram","UG","token",67857.0000000004
"subtlex_uk",4,11790,"bigram","UH","token",378
"subtlex_uk",4,11790,"bigram","UI","token",32865.9999999999
"subtlex_uk",4,11790,"bigram","UJ","token",311.000000000002
"subtlex_uk",4,11790,"bigram","UK","token",12879.0000000001
"subtlex_uk",4,11790,"bigram","UL","token",155349
"subtlex_uk",4,11790,"bigram","UM","token",41223.0000000002
"subtlex_uk",4,11790,"bigram","UN","token",86236.0000000002
"subtlex_uk",4,11790,"bigram","UO","token",783.999999999998
"subtlex_uk",4,11790,"bigram","UP","token",25822
"subtlex_uk",4,11790,"bigram","UQ","token",28.0000000000001
"subtlex_uk",4,11790,"bigram","UR","token",1022914.00000001
"subtlex_uk",4,11790,"bigram","US","token",996809.000000009
"subtlex_uk",4,11790,"bigram","UT","token",77797.0000000003
"subtlex_uk",4,11790,"bigram","UU","token",137
"subtlex_uk",4,11790,"bigram","UV","token",1103
"subtlex_uk",4,11790,"bigram","UW","token",76.0000000000001
"subtlex_uk",4,11790,"bigram","UX","token",1811.00000000001
"subtlex_uk",4,11790,"bigram","UY","token",48566.0000000002
"subtlex_uk",4,11790,"bigram","UZ","token",5722.00000000005
"subtlex_uk",4,11790,"bigram","VA","token",20171
"subtlex_uk",4,11790,"bigram","VB","token",0
"subtlex_uk",4,11790,"bigram","VC","token",147
"subtlex_uk",4,11790,"bigram","VD","token",673.000000000001
"subtlex_uk",4,11790,"bigram","VE","token",3247897.99999999
"subtlex_uk",4,11790,"bigram","VF","token",0
"subtlex_uk",4,11790,"bigram","VG","token",1.99999999999998
"subtlex_uk",4,11790,"bigram","VH","token",10.0000000000001
"subtlex_uk",4,11790,"bigram","VI","token",45696.0000000001
"subtlex_uk",4,11790,"bigram","VJ","token",0
"subtlex_uk",4,11790,"bigram","VK","token",0
"subtlex_uk",4,11790,"bigram","VL","token",1192.00000000001
"subtlex_uk",4,11790,"bigram","VM","token",8.99999999999999
"subtlex_uk",4,11790,"bigram","VN","token",24.0000000000001
"subtlex_uk",4,11790,"bigram","VO","token",33807.0000000003
"subtlex_uk",4,11790,"bigram","VP","token",21.9999999999999
"subtlex_uk",4,11790,"bigram","VQ","token",20.9999999999999
"subtlex_uk",4,11790,"bigram","VR","token",203.000000000001
"subtlex_uk",4,11790,"bigram","VS","token",411
"subtlex_uk",4,11790,"bigram","VT","token",27.0000000000001
"subtlex_uk",4,11790,"bigram","VU","token",44
"subtlex_uk",4,11790,"bigram","VV","token",3.99999999999996
"subtlex_uk",4,11790,"bigram","VW","token",0
"subtlex_uk",4,11790,"bigram","VX","token",4.99999999999995
"subtlex_uk",4,11790,"bigram","VY","token",7015.99999999998
"subtlex_uk",4,11790,"bigram","VZ","token",0
"subtlex_uk",4,11790,"bigram","WA","token",669188.000000001
"subtlex_uk",4,11790,"bigram","WB","token",57.0000000000001
"subtlex_uk",4,11790,"bigram","WC","token",17.9999999999999
"subtlex_uk",4,11790,"bigram","WD","token",259.999999999999
"subtlex_uk",4,11790,"bigram","WE","token",1251374
"subtlex_uk",4,11790,"bigram","WF","token",34.0000000000001
"subtlex_uk",4,11790,"bigram","WG","token",83.0000000000006
"subtlex_uk",4,11790,"bigram","WH","token",1682522.99999999
"subtlex_uk",4,11790,"bigram","WI","token",2011245.99999999
"subtlex_uk",4,11790,"bigram","WJ","token",46.0000000000003
"subtlex_uk",4,11790,"bigram","WK","token",966.999999999993
"subtlex_uk",4,11790,"bigram","WL","token",12337.9999999999
"subtlex_uk",4,11790,"bigram","WM","token",22.9999999999998
"subtlex_uk",4,11790,"bigram","WN","token",294091.999999999
"subtlex_uk",4,11790,"bigram","WO","token",272750.000000001
"subtlex_uk",4,11790,"bigram","WP","token",95.9999999999998
"subtlex_uk",4,11790,"bigram","WQ","token",0
"subtlex_uk",4,11790,"bigram","WR","token",4079.00000000002
"subtlex_uk",4,11790,"bigram","WS","token",69020.0000000005
"subtlex_uk",4,11790,"bigram","WT","token",933.999999999995
"subtlex_uk",4,11790,"bigram","WU","token",484.999999999998
"subtlex_uk",4,11790,"bigram","WV","token",0
"subtlex_uk",4,11790,"bigram","WW","token",1464.00000000001
"subtlex_uk",4,11790,"bigram","WX","token",1.99999999999998
"subtlex_uk",4,11790,"bigram","WY","token",717.000000000002
"subtlex_uk",4,11790,"bigram","WZ","token",2.99999999999998
"subtlex_uk",4,11790,"bigram","XA","token",2797
"subtlex_uk",4,11790,"bigram","XB","token",255.000000000001
"subtlex_uk",4,11790,"bigram","XC","token",16
"subtlex_uk",4,11790,"bigram","XD","token",0
"subtlex_uk",4,11790,"bigram","XE","token",1142
"subtlex_uk",4,11790,"bigram","XF","token",4.00000000000001
"subtlex_uk",4,11790,"bigram","XG","token",0
"subtlex_uk",4,11790,"bigram","XH","token",0
"subtlex_uk",4,11790,"bigram","XI","token",7774.99999999999
"subtlex_uk",4,11790,"bigram","XJ","token",0
"subtlex_uk",4,11790,"bigram","XK","token",1.99999999999998
"subtlex_uk",4,11790,"bigram","XL","token",177
"subtlex_uk",4,11790,"bigram","XM","token",36.0000000000003
"subtlex_uk",4,11790,"bigram","XN","token",0
"subtlex_uk",4,11790,"bigram","XO","token",160
"subtlex_uk",4,11790,"bigram","XP","token",129.999999999999
"subtlex_uk",4,11790,"bigram","XQ","token",0
"subtlex_uk",4,11790,"bigram","XR","token",19.0000000000001
"subtlex_uk",4,11790,"bigram","XS","token",119
"subtlex_uk",4,11790,"bigram","XT","token",161862.999999998
"subtlex_uk",4,11790,"bigram","XU","token",4.99999999999995
"subtlex_uk",4,11790,"bigram","XV","token",0
"subtlex_uk",4,11790,"bigram","XW","token",1.99999999999998
"subtlex_uk",4,11790,"bigram","XX","token",193
"subtlex_uk",4,11790,"bigram","XY","token",6706.99999999998
"subtlex_uk",4,11790,"bigram","XZ","token",0
"subtlex_uk",4,11790,"bigram","YA","token",22045.9999999999
"subtlex_uk",4,11790,"bigram","YB","token",40.0000000000003
"subtlex_uk",4,11790,"bigram","YC","token",331.000000000003
"subtlex_uk",4,11790,"bigram","YD","token",1557
"subtlex_uk",4,11790,"bigram","YE","token",580513.000000004
"subtlex_uk",4,11790,"bigram","YF","token",77
"subtlex_uk",4,11790,"bigram","YG","token",8.0000000000001
"subtlex_uk",4,11790,"bigram","YH","token",1.99999999999998
"subtlex_uk",4,11790,"bigram","YI","token",431.999999999999
"subtlex_uk",4,11790,"bigram","YJ","token",2.99999999999998
"subtlex_uk",4,11790,"bigram","YK","token",581.000000000003
"subtlex_uk",4,11790,"bigram","YL","token",2047.00000000001
"subtlex_uk",4,11790,"bigram","YM","token",1695.99999999999
"subtlex_uk",4,11790,"bigram","YN","token",5807
"subtlex_uk",4,11790,"bigram","YO","token",657808.000000006
"subtlex_uk",4,11790,"bigram","YP","token",17762.0000000001
"subtlex_uk",4,11790,"bigram","YQ","token",0
"subtlex_uk",4,11790,"bigram","YR","token",2386.00000000001
"subtlex_uk",4,11790,"bigram","YS","token",255704
"subtlex_uk",4,11790,"bigram","YT","token",2056.99999999999
"subtlex_uk",4,11790,"bigram","YU","token",1618
"subtlex_uk",4,11790,"bigram","YV","token",148.000000000001
"subtlex_uk",4,11790,"bigram","YW","token",18.0000000000001
"subtlex_uk",4,11790,"bigram","YX","token",257.999999999999
"subtlex_uk",4,11790,"bigram","YY","token",14
"subtlex_uk",4,11790,"bigram","YZ","token",93.0000000000001
"subtlex_uk",4,11790,"bigram","ZA","token",6210
"subtlex_uk",4,11790,"bigram","ZB","token",27.9999999999999
"subtlex_uk",4,11790,"bigram","ZC","token",0
"subtlex_uk",4,11790,"bigram","ZD","token",2.99999999999998
"subtlex_uk",4,11790,"bigram","ZE","token",33906
"subtlex_uk",4,11790,"bigram","ZF","token",0
"subtlex_uk",4,11790,"bigram","ZG","token",0
"subtlex_uk",4,11790,"bigram","ZH","token",78.0000000000004
"subtlex_uk",4,11790,"bigram","ZI","token",4759
"subtlex_uk",4,11790,"bigram","ZJ","token",0
"subtlex_uk",4,11790,"bigram","ZK","token",0
"subtlex_uk",4,11790,"bigram","ZL","token",12.0000000000001
"subtlex_uk",4,11790,"bigram","ZM","token",20.9999999999999
"subtlex_uk",4,11790,"bigram","ZN","token",0
"subtlex_uk",4,11790,"bigram","ZO","token",10047.9999999999
"subtlex_uk",4,11790,"bigram","ZP","token",0
"subtlex_uk",4,11790,"bigram","ZQ","token",0
"subtlex_uk",4,11790,"bigram","ZR","token",73.0000000000007
"subtlex_uk",4,11790,"bigram","ZS","token",10.9999999999999
"subtlex_uk",4,11790,"bigram","ZT","token",8.99999999999999
"subtlex_uk",4,11790,"bigram","ZU","token",827
"subtlex_uk",4,11790,"bigram","ZV","token",11.0000000000001
"subtlex_uk",4,11790,"bigram","ZW","token",78.0000000000005
"subtlex_uk",4,11790,"bigram","ZX","token",17
"subtlex_uk",4,11790,"bigram","ZY","token",4174
"subtlex_uk",4,11790,"bigram","ZZ","token",9590.00000000004
"subtlex_uk",5,19318,"bigram","AA","token",10070
"subtlex_uk",5,19318,"bigram","AB","token",739392.000000006
"subtlex_uk",5,19318,"bigram","AC","token",366917.999999999
"subtlex_uk",5,19318,"bigram","AD","token",275065.000000001
"subtlex_uk",5,19318,"bigram","AE","token",4803.00000000001
"subtlex_uk",5,19318,"bigram","AF","token",206391.999999999
"subtlex_uk",5,19318,"bigram","AG","token",252998
"subtlex_uk",5,19318,"bigram","AH","token",52872.9999999997
"subtlex_uk",5,19318,"bigram","AI","token",350213.000000001
"subtlex_uk",5,19318,"bigram","AJ","token",23221
"subtlex_uk",5,19318,"bigram","AK","token",264464.999999999
"subtlex_uk",5,19318,"bigram","AL","token",715075
"subtlex_uk",5,19318,"bigram","AM","token",268167
"subtlex_uk",5,19318,"bigram","AN","token",845454.000000001
"subtlex_uk",5,19318,"bigram","AO","token",9272.99999999995
"subtlex_uk",5,19318,"bigram","AP","token",183083.000000001
"subtlex_uk",5,19318,"bigram","AQ","token",832.999999999998
"subtlex_uk",5,19318,"bigram","AR","token",1090128
"subtlex_uk",5,19318,"bigram","AS","token",370561
"subtlex_uk",5,19318,"bigram","AT","token",629046.000000002
"subtlex_uk",5,19318,"bigram","AU","token",79555.0000000001
"subtlex_uk",5,19318,"bigram","AV","token",201485
"subtlex_uk",5,19318,"bigram","AW","token",55995
"subtlex_uk",5,19318,"bigram","AX","token",14348
"subtlex_uk",5,19318,"bigram","AY","token",312818.999999998
"subtlex_uk",5,19318,"bigram","AZ","token",22599
"subtlex_uk",5,19318,"bigram","BA","token",138184
"subtlex_uk",5,19318,"bigram","BB","token",17004
"subtlex_uk",5,19318,"bigram","BC","token",19.9999999999999
"subtlex_uk",5,19318,"bigram","BD","token",997.000000000005
"subtlex_uk",5,19318,"bigram","BE","token",366417.999999999
"subtlex_uk",5,19318,"bigram","BF","token",12
"subtlex_uk",5,19318,"bigram","BG","token",162.999999999999
"subtlex_uk",5,19318,"bigram","BH","token",275
"subtlex_uk",5,19318,"bigram","BI","token",69197.0000000001
"subtlex_uk",5,19318,"bigram","BJ","token",356.000000000001
"subtlex_uk",5,19318,"bigram","BK","token",4.00000000000001
"subtlex_uk",5,19318,"bigram","BL","token",170852
"subtlex_uk",5,19318,"bigram","BM","token",13
"subtlex_uk",5,19318,"bigram","BN","token",656.000000000003
"subtlex_uk",5,19318,"bigram","BO","token",803931.000000005
"subtlex_uk",5,19318,"bigram","BP","token",5.99999999999999
"subtlex_uk",5,19318,"bigram","BQ","token",0
"subtlex_uk",5,19318,"bigram","BR","token",220411
"subtlex_uk",5,19318,"bigram","BS","token",23381.9999999999
"subtlex_uk",5,19318,"bigram","BT","token",18222.0000000002
"subtlex_uk",5,19318,"bigram","BU","token",102966
"subtlex_uk",5,19318,"bigram","BV","token",0
"subtlex_uk",5,19318,"bigram","BW","token",159
"subtlex_uk",5,19318,"bigram","BX","token",0
"subtlex_uk",5,19318,"bigram","BY","token",36767
"subtlex_uk",5,19318,"bigram","BZ","token",30.0000000000001
"subtlex_uk",5,19318,"bigram","CA","token",233779.000000001
"subtlex_uk",5,19318,"bigram","CB","token",6.99999999999999
"subtlex_uk",5,19318,"bigram","CC","token",4333
"subtlex_uk",5,19318,"bigram","CD","token",4.99999999999995
"subtlex_uk",5,19318,"bigram","CE","token",498431
"subtlex_uk",5,19318,"bigram","CF","token",333.999999999997
"subtlex_uk",5,19318,"bigram","CG","token",156.999999999999
"subtlex_uk",5,19318,"bigram","CH","token",821371.000000003
"subtlex_uk",5,19318,"bigram","CI","token",19726
"subtlex_uk",5,19318,"bigram","CJ","token",0
"subtlex_uk",5,19318,"bigram","CK","token",321866
"subtlex_uk",5,19318,"bigram","CL","token",245975
"subtlex_uk",5,19318,"bigram","CM","token",2.99999999999998
"subtlex_uk",5,19318,"bigram","CN","token",39.9999999999998
"subtlex_uk",5,19318,"bigram","CO","token",620321
"subtlex_uk",5,19318,"bigram","CP","token",5.99999999999999
"subtlex_uk",5,19318,"bigram","CQ","token",19
"subtlex_uk",5,19318,"bigram","CR","token",152562
"subtlex_uk",5,19318,"bigram","CS","token",2326.00000000001
"subtlex_uk",5,19318,"bigram","CT","token",23062
"subtlex_uk",5,19318,"bigram","CU","token",30378.9999999999
"subtlex_uk",5,19318,"bigram","CV","token",52.9999999999999
"subtlex_uk",5,19318,"bigram","CW","token",37.9999999999998
"subtlex_uk",5,19318,"bigram","CX","token",0
"subtlex_uk",5,19318,"bigram","CY","token",32060.0000000002
"subtlex_uk",5,19318,"bigram","CZ","token",957.999999999993
"subtlex_uk",5,19318,"bigram","DA","token",370007.999999998
"subtlex_uk",5,19318,"bigram","DB","token",18.9999999999999
"subtlex_uk",5,19318,"bigram","DC","token",0
"subtlex_uk",5,19318,"bigram","DD","token",38615.0000000001
"subtlex_uk",5,19318,"bigram","DE","token",356431
"subtlex_uk",5,19318,"bigram","DF","token",4.99999999999996
"subtlex_uk",5,19318,"bigram","DG","token",27262
"subtlex_uk",5,19318,"bigram","DH","token",825
"subtlex_uk",5,19318,"bigram","DI","token",89745.0000000003
"subtlex_uk",5,19318,"bigram","DJ","token",214
"subtlex_uk",5,19318,"bigram","DK","token",1610
"subtlex_uk",5,19318,"bigram","DL","token",17454
"subtlex_uk",5,19318,"bigram","DM","token",6559.99999999995
"subtlex_uk",5,19318,"bigram","DN","token",433.000000000004
"subtlex_uk",5,19318,"bigram","DO","token",220289
"subtlex_uk",5,19318,"bigram","DP","token",20
"subtlex_uk",5,19318,"bigram","DQ","token",0
"subtlex_uk",5,19318,"bigram","DR","token",135890
"subtlex_uk",5,19318,"bigram","DS","token",258107.000000001
"subtlex_uk",5,19318,"bigram","DT","token",1003
"subtlex_uk",5,19318,"bigram","DU","token",23881
"subtlex_uk",5,19318,"bigram","DV","token",88.9999999999996
"subtlex_uk",5,19318,"bigram","DW","token",2404
"subtlex_uk",5,19318,"bigram","DX","token",0
"subtlex_uk",5,19318,"bigram","DY","token",133316
"subtlex_uk",5,19318,"bigram","DZ","token",141.000000000001
"subtlex_uk",5,19318,"bigram","EA","token",1335871.00000001
"subtlex_uk",5,19318,"bigram","EB","token",12527
"subtlex_uk",5,19318,"bigram","EC","token",80400.0000000001
"subtlex_uk",5,19318,"bigram","ED","token",469249.000000001
"subtlex_uk",5,19318,"bigram","EE","token",600749.000000002
"subtlex_uk",5,19318,"bigram","EF","token",32763.9999999999
"subtlex_uk",5,19318,"bigram","EG","token",66122.0000000003
"subtlex_uk",5,19318,"bigram","EH","token",1506
"subtlex_uk",5,19318,"bigram","EI","token",611557.999999999
"subtlex_uk",5,19318,"bigram","EJ","token",330.999999999999
"subtlex_uk",5,19318,"bigram","EK","token",57976.0000000001
"subtlex_uk",5,19318,"bigram","EL","token",383016
"subtlex_uk",5,19318,"bigram","EM","token",105119
"subtlex_uk",5,19318,"bigram","EN","token",585019
"subtlex_uk",5,19318,"bigram","EO","token",13553
"subtlex_uk",5,19318,"bigram","EP","token",67683.9999999999
"subtlex_uk",5,19318,"bigram","EQ","token",4279.99999999996
"subtlex_uk",5,19318,"bigram","ER","token",2644219
"subtlex_uk",5,19318,"bigram","ES","token",1190607
"subtlex_uk",5,19318,"bigram","ET","token",132927
"subtlex_uk",5,19318,"bigram","EU","token",9155.00000000003
"subtlex_uk",5,19318,"bigram","EV","token",390625.000000001
"subtlex_uk",5,19318,"bigram","EW","token",38357.9999999999
"subtlex_uk",5,19318,"bigram","EX","token",43174.0000000002
"subtlex_uk",5,19318,"bigram","EY","token",171901.999999999
"subtlex_uk",5,19318,"bigram","EZ","token",1970.00000000001
"subtlex_uk",5,19318,"bigram","FA","token",95071
"subtlex_uk",5,19318,"bigram","FB","token",0
"subtlex_uk",5,19318,"bigram","FC","token",509.999999999996
"subtlex_uk",5,19318,"bigram","FD","token",14.9999999999999
"subtlex_uk",5,19318,"bigram","FE","token",78420.0000000002
"subtlex_uk",5,19318,"bigram","FF","token",105743
"subtlex_uk",5,19318,"bigram","FG","token",277.000000000001
"subtlex_uk",5,19318,"bigram","FH","token",35.0000000000002
"subtlex_uk",5,19318,"bigram","FI","token",459393
"subtlex_uk",5,19318,"bigram","FJ","token",145.000000000001
"subtlex_uk",5,19318,"bigram","FK","token",64.0000000000006
"subtlex_uk",5,19318,"bigram","FL","token",73021.9999999998
"subtlex_uk",5,19318,"bigram","FM","token",3.99999999999996
"subtlex_uk",5,19318,"bigram","FN","token",4.00000000000001
"subtlex_uk",5,19318,"bigram","FO","token",130902
"subtlex_uk",5,19318,"bigram","FP","token",110
"subtlex_uk",5,19318,"bigram","FQ","token",0
"subtlex_uk",5,19318,"bigram","FR","token",121913
"subtlex_uk",5,19318,"bigram","FS","token",6809.99999999995
"subtlex_uk",5,19318,"bigram","FT","token",234536.999999999
"subtlex_uk",5,19318,"bigram","FU","token",54558.0000000002
"subtlex_uk",5,19318,"bigram","FV","token",0
"subtlex_uk",5,19318,"bigram","FW","token",42.9999999999997
"subtlex_uk",5,19318,"bigram","FX","token",0
"subtlex_uk",5,19318,"bigram","FY","token",4691.00000000001
"subtlex_uk",5,19318,"bigram","FZ","token",15.9999999999998
"subtlex_uk",5,19318,"bigram","GA","token",243137.000000001
"subtlex_uk",5,19318,"bigram","GB","token",9524.00000000009
"subtlex_uk",5,19318,"bigram","GC","token",813.000000000007
"subtlex_uk",5,19318,"bigram","GD","token",385.000000000001
"subtlex_uk",5,19318,"bigram","GE","token",176084
"subtlex_uk",5,19318,"bigram","GF","token",0
"subtlex_uk",5,19318,"bigram","GG","token",20590.0000000001
"subtlex_uk",5,19318,"bigram","GH","token",865124
"subtlex_uk",5,19318,"bigram","GI","token",157817
"subtlex_uk",5,19318,"bigram","GJ","token",0
"subtlex_uk",5,19318,"bigram","GK","token",0
"subtlex_uk",5,19318,"bigram","GL","token",43964.9999999999
"subtlex_uk",5,19318,"bigram","GM","token",714.000000000001
"subtlex_uk",5,19318,"bigram","GN","token",11380
"subtlex_uk",5,19318,"bigram","GO","token",671343.999999994
"subtlex_uk",5,19318,"bigram","GP","token",0
"subtlex_uk",5,19318,"bigram","GQ","token",0
"subtlex_uk",5,19318,"bigram","GR","token",391463.000000002
"subtlex_uk",5,19318,"bigram","GS","token",49027.0000000003
"subtlex_uk",5,19318,"bigram","GT","token",194.999999999999
"subtlex_uk",5,19318,"bigram","GU","token",72879.0000000001
"subtlex_uk",5,19318,"bigram","GV","token",0
"subtlex_uk",5,19318,"bigram","GW","token",895.999999999998
"subtlex_uk",5,19318,"bigram","GX","token",0
"subtlex_uk",5,19318,"bigram","GY","token",19312
"subtlex_uk",5,19318,"bigram","GZ","token",18
"subtlex_uk",5,19318,"bigram","HA","token",492727.000000001
"subtlex_uk",5,19318,"bigram","HB","token",134.000000000001
"subtlex_uk",5,19318,"bigram","HC","token",28.9999999999998
"subtlex_uk",5,19318,"bigram","HD","token",185.999999999999
"subtlex_uk",5,19318,"bigram","HE","token",2540303
"subtlex_uk",5,19318,"bigram","HF","token",4.99999999999996
"subtlex_uk",5,19318,"bigram","HG","token",18
"subtlex_uk",5,19318,"bigram","HH","token",3709.99999999999
"subtlex_uk",5,19318,"bigram","HI","token",1448427.00000001
"subtlex_uk",5,19318,"bigram","HJ","token",0
"subtlex_uk",5,19318,"bigram","HK","token",93.9999999999993
"subtlex_uk",5,19318,"bigram","HL","token",3215
"subtlex_uk",5,19318,"bigram","HM","token",1224.00000000001
"subtlex_uk",5,19318,"bigram","HN","token",2176
"subtlex_uk",5,19318,"bigram","HO","token",696400.000000001
"subtlex_uk",5,19318,"bigram","HP","token",10
"subtlex_uk",5,19318,"bigram","HQ","token",0
"subtlex_uk",5,19318,"bigram","HR","token",226284.000000002
"subtlex_uk",5,19318,"bigram","HS","token",11253
"subtlex_uk",5,19318,"bigram","HT","token",801868.999999999
"subtlex_uk",5,19318,"bigram","HU","token",47925.0000000003
"subtlex_uk",5,19318,"bigram","HV","token",40
"subtlex_uk",5,19318,"bigram","HW","token",166
"subtlex_uk",5,19318,"bigram","HX","token",0
"subtlex_uk",5,19318,"bigram","HY","token",12667
"subtlex_uk",5,19318,"bigram","HZ","token",0
"subtlex_uk",5,19318,"bigram","IA","token",90095.9999999999
"subtlex_uk",5,19318,"bigram","IB","token",15712
"subtlex_uk",5,19318,"bigram","IC","token",650229.000000003
"subtlex_uk",5,19318,"bigram","ID","token",188432
"subtlex_uk",5,19318,"bigram","IE","token",236084
"subtlex_uk",5,19318,"bigram","IF","token",34159.0000000001
"subtlex_uk",5,19318,"bigram","IG","token",841350.999999999
"subtlex_uk",5,19318,"bigram","IH","token",461.000000000002
"subtlex_uk",5,19318,"bigram","II","token",310.000000000001
"subtlex_uk",5,19318,"bigram","IJ","token",749.000000000001
"subtlex_uk",5,19318,"bigram","IK","token",37615.0000000003
"subtlex_uk",5,19318,"bigram","IL","token",553193
"subtlex_uk",5,19318,"bigram","IM","token",176002
"subtlex_uk",5,19318,"bigram","IN","token",2547298
"subtlex_uk",5,19318,"bigram","IO","token",55647.0000000001
"subtlex_uk",5,19318,"bigram","IP","token",30285.0000000001
"subtlex_uk",5,19318,"bigram","IQ","token",1059
"subtlex_uk",5,19318,"bigram","IR","token",887790.999999999
"subtlex_uk",5,19318,"bigram","IS","token",229665
"subtlex_uk",5,19318,"bigram","IT","token",414672.000000002
"subtlex_uk",5,19318,"bigram","IU","token",1214.00000000001
"subtlex_uk",5,19318,"bigram","IV","token",206320
"subtlex_uk",5,19318,"bigram","IW","token",212.000000000002
"subtlex_uk",5,19318,"bigram","IX","token",22356
"subtlex_uk",5,19318,"bigram","IY","token",312.000000000001
"subtlex_uk",5,19318,"bigram","IZ","token",30770.9999999999
"subtlex_uk",5,19318,"bigram","JA","token",70314.9999999997
"subtlex_uk",5,19318,"bigram","JB","token",0
"subtlex_uk",5,19318,"bigram","JC","token",0
"subtlex_uk",5,19318,"bigram","JD","token",5.99999999999999
"subtlex_uk",5,19318,"bigram","JE","token",24979.0000000001
"subtlex_uk",5,19318,"bigram","JF","token",0
"subtlex_uk",5,19318,"bigram","JG","token",0
"subtlex_uk",5,19318,"bigram","JH","token",3.99999999999996
"subtlex_uk",5,19318,"bigram","JI","token",9972.00000000004
"subtlex_uk",5,19318,"bigram","JJ","token",6.99999999999993
"subtlex_uk",5,19318,"bigram","JK","token",1.99999999999998
"subtlex_uk",5,19318,"bigram","JL","token",52.9999999999996
"subtlex_uk",5,19318,"bigram","JM","token",51.0000000000001
"subtlex_uk",5,19318,"bigram","JN","token",0
"subtlex_uk",5,19318,"bigram","JO","token",88934.0000000001
"subtlex_uk",5,19318,"bigram","JP","token",8.0000000000001
"subtlex_uk",5,19318,"bigram","JQ","token",0
"subtlex_uk",5,19318,"bigram","JR","token",6.99999999999994
"subtlex_uk",5,19318,"bigram","JS","token",0
"subtlex_uk",5,19318,"bigram","JT","token",0
"subtlex_uk",5,19318,"bigram","JU","token",30364
"subtlex_uk",5,19318,"bigram","JV","token",0
"subtlex_uk",5,19318,"bigram","JW","token",6.00000000000005
"subtlex_uk",5,19318,"bigram","JX","token",0
"subtlex_uk",5,19318,"bigram","JY","token",23.9999999999998
"subtlex_uk",5,19318,"bigram","JZ","token",0
"subtlex_uk",5,19318,"bigram","KA","token",30837.0000000001
"subtlex_uk",5,19318,"bigram","KB","token",174.000000000002
"subtlex_uk",5,19318,"bigram","KC","token",0
"subtlex_uk",5,19318,"bigram","KD","token",0
"subtlex_uk",5,19318,"bigram","KE","token",344957
"subtlex_uk",5,19318,"bigram","KF","token",48.0000000000001
"subtlex_uk",5,19318,"bigram","KG","token",0
"subtlex_uk",5,19318,"bigram","KH","token",797.000000000004
"subtlex_uk",5,19318,"bigram","KI","token",38843
"subtlex_uk",5,19318,"bigram","KJ","token",8.00000000000002
"subtlex_uk",5,19318,"bigram","KK","token",7730.00000000002
"subtlex_uk",5,19318,"bigram","KL","token",2899.99999999998
"subtlex_uk",5,19318,"bigram","KM","token",113
"subtlex_uk",5,19318,"bigram","KN","token",98848.0000000006
"subtlex_uk",5,19318,"bigram","KO","token",7051.99999999999
"subtlex_uk",5,19318,"bigram","KP","token",95.9999999999995
"subtlex_uk",5,19318,"bigram","KQ","token",0
"subtlex_uk",5,19318,"bigram","KR","token",1169
"subtlex_uk",5,19318,"bigram","KS","token",247338
"subtlex_uk",5,19318,"bigram","KT","token",400.000000000004
"subtlex_uk",5,19318,"bigram","KU","token",3833.99999999999
"subtlex_uk",5,19318,"bigram","KV","token",1.99999999999998
"subtlex_uk",5,19318,"bigram","KW","token",146
"subtlex_uk",5,19318,"bigram","KX","token",0
"subtlex_uk",5,19318,"bigram","KY","token",60431.0000000001
"subtlex_uk",5,19318,"bigram","KZ","token",0
"subtlex_uk",5,19318,"bigram","LA","token",531705.999999999
"subtlex_uk",5,19318,"bigram","LB","token",11891
"subtlex_uk",5,19318,"bigram","LC","token",1021
"subtlex_uk",5,19318,"bigram","LD","token",1190383
"subtlex_uk",5,19318,"bigram","LE","token",733261.000000001
"subtlex_uk",5,19318,"bigram","LF","token",8490.00000000003
"subtlex_uk",5,19318,"bigram","LG","token",2094
"subtlex_uk",5,19318,"bigram","LH","token",844.999999999997
"subtlex_uk",5,19318,"bigram","LI","token",293325
"subtlex_uk",5,19318,"bigram","LJ","token",0
"subtlex_uk",5,19318,"bigram","LK","token",18654.0000000001
"subtlex_uk",5,19318,"bigram","LL","token",593351
"subtlex_uk",5,19318,"bigram","LM","token",12796.0000000001
"subtlex_uk",5,19318,"bigram","LN","token",503.999999999999
"subtlex_uk",5,19318,"bigram","LO","token",612159.999999999
"subtlex_uk",5,19318,"bigram","LP","token",11468
"subtlex_uk",5,19318,"bigram","LQ","token",0
"subtlex_uk",5,19318,"bigram","LR","token",36.0000000000001
"subtlex_uk",5,19318,"bigram","LS","token",219817
"subtlex_uk",5,19318,"bigram","LT","token",66462.0000000002
"subtlex_uk",5,19318,"bigram","LU","token",98520
"subtlex_uk",5,19318,"bigram","LV","token",9867.00000000005
"subtlex_uk",5,19318,"bigram","LW","token",655
"subtlex_uk",5,19318,"bigram","LX","token",0
"subtlex_uk",5,19318,"bigram","LY","token",191328.000000001
"subtlex_uk",5,19318,"bigram","LZ","token",19.9999999999998
"subtlex_uk",5,19318,"bigram","MA","token",462522.999999999
"subtlex_uk",5,19318,"bigram","MB","token",22018.9999999999
"subtlex_uk",5,19318,"bigram","MC","token",1734
"subtlex_uk",5,19318,"bigram","MD","token",113
"subtlex_uk",5,19318,"bigram","ME","token",526481
"subtlex_uk",5,19318,"bigram","MF","token",1217.00000000001
"subtlex_uk",5,19318,"bigram","MG","token",0
"subtlex_uk",5,19318,"bigram","MH","token",504.999999999998
"subtlex_uk",5,19318,"bigram","MI","token",257414
"subtlex_uk",5,19318,"bigram","MJ","token",170.000000000001
"subtlex_uk",5,19318,"bigram","MK","token",13
"subtlex_uk",5,19318,"bigram","ML","token",269.000000000001
"subtlex_uk",5,19318,"bigram","MM","token",39367
"subtlex_uk",5,19318,"bigram","MN","token",760.999999999999
"subtlex_uk",5,19318,"bigram","MO","token",308687.999999999
"subtlex_uk",5,19318,"bigram","MP","token",35840.9999999999
"subtlex_uk",5,19318,"bigram","MQ","token",1.99999999999998
"subtlex_uk",5,19318,"bigram","MR","token",3206.00000000001
"subtlex_uk",5,19318,"bigram","MS","token",160569.000000001
"subtlex_uk",5,19318,"bigram","MT","token",255
"subtlex_uk",5,19318,"bigram","MU","token",63172.0000000006
"subtlex_uk",5,19318,"bigram","MV","token",4.99999999999995
"subtlex_uk",5,19318,"bigram","MW","token",51.0000000000003
"subtlex_uk",5,19318,"bigram","MX","token",1.99999999999998
"subtlex_uk",5,19318,"bigram","MY","token",37273
"subtlex_uk",5,19318,"bigram","MZ","token",347
"subtlex_uk",5,19318,"bigram","NA","token",205461
"subtlex_uk",5,19318,"bigram","NB","token",743
"subtlex_uk",5,19318,"bigram","NC","token",151806
"subtlex_uk",5,19318,"bigram","ND","token",534933
"subtlex_uk",5,19318,"bigram","NE","token",586481
"subtlex_uk",5,19318,"bigram","NF","token",805.000000000004
"subtlex_uk",5,19318,"bigram","NG","token",1484200.99999999
"subtlex_uk",5,19318,"bigram","NH","token",256.000000000001
"subtlex_uk",5,19318,"bigram","NI","token",176974
"subtlex_uk",5,19318,"bigram","NJ","token",24432.0000000003
"subtlex_uk",5,19318,"bigram","NK","token",890222
"subtlex_uk",5,19318,"bigram","NL","token",1218
"subtlex_uk",5,19318,"bigram","NM","token",105
"subtlex_uk",5,19318,"bigram","NN","token",137273.000000001
"subtlex_uk",5,19318,"bigram","NO","token",194986.000000001
"subtlex_uk",5,19318,"bigram","NP","token",928.000000000001
"subtlex_uk",5,19318,"bigram","NQ","token",0
"subtlex_uk",5,19318,"bigram","NR","token",11421.0000000001
"subtlex_uk",5,19318,"bigram","NS","token",192265
"subtlex_uk",5,19318,"bigram","NT","token",435205
"subtlex_uk",5,19318,"bigram","NU","token",32049
"subtlex_uk",5,19318,"bigram","NV","token",510.000000000001
"subtlex_uk",5,19318,"bigram","NW","token",476.999999999999
"subtlex_uk",5,19318,"bigram","NX","token",195
"subtlex_uk",5,19318,"bigram","NY","token",79593.0000000001
"subtlex_uk",5,19318,"bigram","NZ","token",1506
"subtlex_uk",5,19318,"bigram","OA","token",105761
"subtlex_uk",5,19318,"bigram","OB","token",38818.0000000001
"subtlex_uk",5,19318,"bigram","OC","token",149018
"subtlex_uk",5,19318,"bigram","OD","token",253764.999999998
"subtlex_uk",5,19318,"bigram","OE","token",17237.0000000001
"subtlex_uk",5,19318,"bigram","OF","token",61928.0000000001
"subtlex_uk",5,19318,"bigram","OG","token",21592.9999999999
"subtlex_uk",5,19318,"bigram","OH","token",8244
"subtlex_uk",5,19318,"bigram","OI","token",887179.999999994
"subtlex_uk",5,19318,"bigram","OJ","token",283.000000000001
"subtlex_uk",5,19318,"bigram","OK","token",142967.999999999
"subtlex_uk",5,19318,"bigram","OL","token",185120
"subtlex_uk",5,19318,"bigram","OM","token",202270
"subtlex_uk",5,19318,"bigram","ON","token",639517.999999999
"subtlex_uk",5,19318,"bigram","OO","token",273438.999999999
"subtlex_uk",5,19318,"bigram","OP","token",62086
"subtlex_uk",5,19318,"bigram","OQ","token",77.0000000000007
"subtlex_uk",5,19318,"bigram","OR","token",827352.000000002
"subtlex_uk",5,19318,"bigram","OS","token",344772.999999999
"subtlex_uk",5,19318,"bigram","OT","token",355314.000000001
"subtlex_uk",5,19318,"bigram","OU","token",2388849.00000001
"subtlex_uk",5,19318,"bigram","OV","token",138621
"subtlex_uk",5,19318,"bigram","OW","token",306141
"subtlex_uk",5,19318,"bigram","OX","token",13927.0000000001
"subtlex_uk",5,19318,"bigram","OY","token",62948.0000000002
"subtlex_uk",5,19318,"bigram","OZ","token",5761.99999999998
"subtlex_uk",5,19318,"bigram","PA","token",266860
"subtlex_uk",5,19318,"bigram","PB","token",202.999999999999
"subtlex_uk",5,19318,"bigram","PC","token",1756.99999999999
"subtlex_uk",5,19318,"bigram","PD","token",7.99999999999992
"subtlex_uk",5,19318,"bigram","PE","token",267442
"subtlex_uk",5,19318,"bigram","PF","token",182
"subtlex_uk",5,19318,"bigram","PG","token",26.9999999999998
"subtlex_uk",5,19318,"bigram","PH","token",46255.0000000002
"subtlex_uk",5,19318,"bigram","PI","token",98823
"subtlex_uk",5,19318,"bigram","PJ","token",2.99999999999998
"subtlex_uk",5,19318,"bigram","PK","token",2.99999999999998
"subtlex_uk",5,19318,"bigram","PL","token",222759
"subtlex_uk",5,19318,"bigram","PM","token",17.9999999999999
"subtlex_uk",5,19318,"bigram","PN","token",57.0000000000004
"subtlex_uk",5,19318,"bigram","PO","token",197344
"subtlex_uk",5,19318,"bigram","PP","token",100428.000000001
"subtlex_uk",5,19318,"bigram","PQ","token",0
"subtlex_uk",5,19318,"bigram","PR","token",172759
"subtlex_uk",5,19318,"bigram","PS","token",93240
"subtlex_uk",5,19318,"bigram","PT","token",28729
"subtlex_uk",5,19318,"bigram","PU","token",23272.0000000001
"subtlex_uk",5,19318,"bigram","PV","token",0
"subtlex_uk",5,19318,"bigram","PW","token",91.9999999999995
"subtlex_uk",5,19318,"bigram","PX","token",0
"subtlex_uk",5,19318,"bigram","PY","token",83830.0000000009
"subtlex_uk",5,19318,"bigram","PZ","token",8.99999999999991
"subtlex_uk",5,19318,"bigram","QA","token",3185.00000000001
"subtlex_uk",5,19318,"bigram","QB","token",71.0000000000002
"subtlex_uk",5,19318,"bigram","QC","token",0
"subtlex_uk",5,19318,"bigram","QD","token",0
"subtlex_uk",5,19318,"bigram","QE","token",0
"subtlex_uk",5,19318,"bigram","QF","token",0
"subtlex_uk",5,19318,"bigram","QG","token",0
"subtlex_uk",5,19318,"bigram","QH","token",0
"subtlex_uk",5,19318,"bigram","QI","token",770.999999999997
"subtlex_uk",5,19318,"bigram","QJ","token",0
"subtlex_uk",5,19318,"bigram","QK","token",0
"subtlex_uk",5,19318,"bigram","QL","token",0
"subtlex_uk",5,19318,"bigram","QM","token",0
"subtlex_uk",5,19318,"bigram","QN","token",0
"subtlex_uk",5,19318,"bigram","QO","token",2.99999999999998
"subtlex_uk",5,19318,"bigram","QP","token",0
"subtlex_uk",5,19318,"bigram","QQ","token",0
"subtlex_uk",5,19318,"bigram","QR","token",0
"subtlex_uk",5,19318,"bigram","QS","token",9.99999999999991
"subtlex_uk",5,19318,"bigram","QT","token",6.00000000000005
"subtlex_uk",5,19318,"bigram","QU","token",261677.000000001
"subtlex_uk",5,19318,"bigram","QV","token",0
"subtlex_uk",5,19318,"bigram","QW","token",17.0000000000001
"subtlex_uk",5,19318,"bigram","QX","token",0
"subtlex_uk",5,19318,"bigram","QY","token",0
"subtlex_uk",5,19318,"bigram","QZ","token",0
"subtlex_uk",5,19318,"bigram","RA","token",424857.000000001
"subtlex_uk",5,19318,"bigram","RB","token",13643
"subtlex_uk",5,19318,"bigram","RC","token",40502.0000000001
"subtlex_uk",5,19318,"bigram","RD","token",223402.000000001
"subtlex_uk",5,19318,"bigram","RE","token",2246091.00000001
"subtlex_uk",5,19318,"bigram","RF","token",2765
"subtlex_uk",5,19318,"bigram","RG","token",47875.0000000002
"subtlex_uk",5,19318,"bigram","RH","token",5103.00000000002
"subtlex_uk",5,19318,"bigram","RI","token",936767.999999998
"subtlex_uk",5,19318,"bigram","RJ","token",261.999999999999
"subtlex_uk",5,19318,"bigram","RK","token",48962.0000000003
"subtlex_uk",5,19318,"bigram","RL","token",239947.000000001
"subtlex_uk",5,19318,"bigram","RM","token",68000.0000000001
"subtlex_uk",5,19318,"bigram","RN","token",52259.0000000002
"subtlex_uk",5,19318,"bigram","RO","token",601230
"subtlex_uk",5,19318,"bigram","RP","token",9160.99999999995
"subtlex_uk",5,19318,"bigram","RQ","token",67.0000000000001
"subtlex_uk",5,19318,"bigram","RR","token",213757.000000001
"subtlex_uk",5,19318,"bigram","RS","token",697349.000000003
"subtlex_uk",5,19318,"bigram","RT","token",497973.000000001
"subtlex_uk",5,19318,"bigram","RU","token",154752
"subtlex_uk",5,19318,"bigram","RV","token",15454.9999999999
"subtlex_uk",5,19318,"bigram","RW","token",509.999999999999
"subtlex_uk",5,19318,"bigram","RX","token",0
"subtlex_uk",5,19318,"bigram","RY","token",423669.000000001
"subtlex_uk",5,19318,"bigram","RZ","token",107
"subtlex_uk",5,19318,"bigram","SA","token",110965
"subtlex_uk",5,19318,"bigram","SB","token",410.999999999999
"subtlex_uk",5,19318,"bigram","SC","token",103447
"subtlex_uk",5,19318,"bigram","SD","token",12
"subtlex_uk",5,19318,"bigram","SE","token",1054351
"subtlex_uk",5,19318,"bigram","SF","token",0
"subtlex_uk",5,19318,"bigram","SG","token",221.999999999999
"subtlex_uk",5,19318,"bigram","SH","token",363246.000000001
"subtlex_uk",5,19318,"bigram","SI","token",263463.000000001
"subtlex_uk",5,19318,"bigram","SJ","token",0
"subtlex_uk",5,19318,"bigram","SK","token",70269.0000000003
"subtlex_uk",5,19318,"bigram","SL","token",49035.9999999999
"subtlex_uk",5,19318,"bigram","SM","token",108566.999999999
"subtlex_uk",5,19318,"bigram","SN","token",16050.9999999999
"subtlex_uk",5,19318,"bigram","SO","token",225458.000000001
"subtlex_uk",5,19318,"bigram","SP","token",234906.000000001
"subtlex_uk",5,19318,"bigram","SQ","token",7180.99999999997
"subtlex_uk",5,19318,"bigram","SR","token",459.000000000002
"subtlex_uk",5,19318,"bigram","SS","token",188194
"subtlex_uk",5,19318,"bigram","ST","token",1282021
"subtlex_uk",5,19318,"bigram","SU","token",101555
"subtlex_uk",5,19318,"bigram","SV","token",16
"subtlex_uk",5,19318,"bigram","SW","token",49154.9999999999
"subtlex_uk",5,19318,"bigram","SX","token",0
"subtlex_uk",5,19318,"bigram","SY","token",29420
"subtlex_uk",5,19318,"bigram","SZ","token",282.999999999999
"subtlex_uk",5,19318,"bigram","TA","token",519389.000000001
"subtlex_uk",5,19318,"bigram","TB","token",23.9999999999998
"subtlex_uk",5,19318,"bigram","TC","token",120573
"subtlex_uk",5,19318,"bigram","TD","token",195.999999999999
"subtlex_uk",5,19318,"bigram","TE","token",989178.000000002
"subtlex_uk",5,19318,"bigram","TF","token",6.99999999999993
"subtlex_uk",5,19318,"bigram","TG","token",0
"subtlex_uk",5,19318,"bigram","TH","token",3611949
"subtlex_uk",5,19318,"bigram","TI","token",388748.999999999
"subtlex_uk",5,19318,"bigram","TJ","token",0
"subtlex_uk",5,19318,"bigram","TK","token",368.999999999999
"subtlex_uk",5,19318,"bigram","TL","token",12892.0000000001
"subtlex_uk",5,19318,"bigram","TM","token",100
"subtlex_uk",5,19318,"bigram","TN","token",39
"subtlex_uk",5,19318,"bigram","TO","token",444746.999999998
"subtlex_uk",5,19318,"bigram","TP","token",123
"subtlex_uk",5,19318,"bigram","TQ","token",0
"subtlex_uk",5,19318,"bigram","TR","token",247135
"subtlex_uk",5,19318,"bigram","TS","token",200524
"subtlex_uk",5,19318,"bigram","TT","token",46758
"subtlex_uk",5,19318,"bigram","TU","token",100571
"subtlex_uk",5,19318,"bigram","TV","token",4.99999999999996
"subtlex_uk",5,19318,"bigram","TW","token",24690
"subtlex_uk",5,19318,"bigram","TX","token",0
"subtlex_uk",5,19318,"bigram","TY","token",159853
"subtlex_uk",5,19318,"bigram","TZ","token",3831.00000000001
"subtlex_uk",5,19318,"bigram","UA","token",33266.9999999999
"subtlex_uk",5,19318,"bigram","UB","token",30234.0000000001
"subtlex_uk",5,19318,"bigram","UC","token",98089
"subtlex_uk",5,19318,"bigram","UD","token",70740
"subtlex_uk",5,19318,"bigram","UE","token",154406
"subtlex_uk",5,19318,"bigram","UF","token",55721.9999999999
"subtlex_uk",5,19318,"bigram","UG","token",90945.0000000005
"subtlex_uk",5,19318,"bigram","UH","token",2270
"subtlex_uk",5,19318,"bigram","UI","token",307250.000000001
"subtlex_uk",5,19318,"bigram","UJ","token",254
"subtlex_uk",5,19318,"bigram","UK","token",1808
"subtlex_uk",5,19318,"bigram","UL","token",1043339
"subtlex_uk",5,19318,"bigram","UM","token",69288.0000000002
"subtlex_uk",5,19318,"bigram","UN","token",563277.999999998
"subtlex_uk",5,19318,"bigram","UO","token",3845
"subtlex_uk",5,19318,"bigram","UP","token",65873.0000000001
"subtlex_uk",5,19318,"bigram","UQ","token",3.99999999999996
"subtlex_uk",5,19318,"bigram","UR","token",176402
"subtlex_uk",5,19318,"bigram","US","token",350428.000000002
"subtlex_uk",5,19318,"bigram","UT","token",781157.000000006
"subtlex_uk",5,19318,"bigram","UU","token",230
"subtlex_uk",5,19318,"bigram","UV","token",896.999999999998
"subtlex_uk",5,19318,"bigram","UW","token",19.0000000000001
"subtlex_uk",5,19318,"bigram","UX","token",710.999999999999
"subtlex_uk",5,19318,"bigram","UY","token",2888.00000000001
"subtlex_uk",5,19318,"bigram","UZ","token",1527
"subtlex_uk",5,19318,"bigram","VA","token",38149.0000000002
"subtlex_uk",5,19318,"bigram","VB","token",0
"subtlex_uk",5,19318,"bigram","VC","token",0
"subtlex_uk",5,19318,"bigram","VD","token",70.0000000000007
"subtlex_uk",5,19318,"bigram","VE","token",817144.000000001
"subtlex_uk",5,19318,"bigram","VF","token",6.99999999999993
"subtlex_uk",5,19318,"bigram","VG","token",0
"subtlex_uk",5,19318,"bigram","VH","token",0
"subtlex_uk",5,19318,"bigram","VI","token",168585.999999999
"subtlex_uk",5,19318,"bigram","VJ","token",0
"subtlex_uk",5,19318,"bigram","VK","token",1.99999999999998
"subtlex_uk",5,19318,"bigram","VL","token",1.99999999999998
"subtlex_uk",5,19318,"bigram","VM","token",4.00000000000001
"subtlex_uk",5,19318,"bigram","VN","token",0
"subtlex_uk",5,19318,"bigram","VO","token",58557.0000000001
"subtlex_uk",5,19318,"bigram","VP","token",6.99999999999999
"subtlex_uk",5,19318,"bigram","VQ","token",0
"subtlex_uk",5,19318,"bigram","VR","token",1539.99999999999
"subtlex_uk",5,19318,"bigram","VS","token",222.000000000001
"subtlex_uk",5,19318,"bigram","VT","token",31.0000000000003
"subtlex_uk",5,19318,"bigram","VU","token",197
"subtlex_uk",5,19318,"bigram","VV","token",1230
"subtlex_uk",5,19318,"bigram","VW","token",8.0000000000001
"subtlex_uk",5,19318,"bigram","VX","token",0
"subtlex_uk",5,19318,"bigram","VY","token",20407.0000000001
"subtlex_uk",5,19318,"bigram","VZ","token",0
"subtlex_uk",5,19318,"bigram","WA","token",289534
"subtlex_uk",5,19318,"bigram","WB","token",58.0000000000003
"subtlex_uk",5,19318,"bigram","WC","token",9.9999999999999
"subtlex_uk",5,19318,"bigram","WD","token",12510.9999999999
"subtlex_uk",5,19318,"bigram","WE","token",192040
"subtlex_uk",5,19318,"bigram","WF","token",12076.0000000001
"subtlex_uk",5,19318,"bigram","WG","token",0
"subtlex_uk",5,19318,"bigram","WH","token",839794.000000006
"subtlex_uk",5,19318,"bigram","WI","token",81908.0000000001
"subtlex_uk",5,19318,"bigram","WJ","token",0
"subtlex_uk",5,19318,"bigram","WK","token",510.000000000002
"subtlex_uk",5,19318,"bigram","WL","token",7395.00000000003
"subtlex_uk",5,19318,"bigram","WM","token",17.9999999999999
"subtlex_uk",5,19318,"bigram","WN","token",125000
"subtlex_uk",5,19318,"bigram","WO","token",965146.000000001
"subtlex_uk",5,19318,"bigram","WP","token",14.9999999999999
"subtlex_uk",5,19318,"bigram","WQ","token",0
"subtlex_uk",5,19318,"bigram","WR","token",111788
"subtlex_uk",5,19318,"bigram","WS","token",78942
"subtlex_uk",5,19318,"bigram","WT","token",215.999999999998
"subtlex_uk",5,19318,"bigram","WU","token",1132
"subtlex_uk",5,19318,"bigram","WV","token",0
"subtlex_uk",5,19318,"bigram","WW","token",371.000000000001
"subtlex_uk",5,19318,"bigram","WX","token",0
"subtlex_uk",5,19318,"bigram","WY","token",3776
"subtlex_uk",5,19318,"bigram","WZ","token",19
"subtlex_uk",5,19318,"bigram","XA","token",6740.99999999998
"subtlex_uk",5,19318,"bigram","XB","token",28.0000000000001
"subtlex_uk",5,19318,"bigram","XC","token",379
"subtlex_uk",5,19318,"bigram","XD","token",2.99999999999998
"subtlex_uk",5,19318,"bigram","XE","token",30647.0000000001
"subtlex_uk",5,19318,"bigram","XF","token",255.999999999997
"subtlex_uk",5,19318,"bigram","XG","token",0
"subtlex_uk",5,19318,"bigram","XH","token",91.0000000000008
"subtlex_uk",5,19318,"bigram","XI","token",10328.0000000001
"subtlex_uk",5,19318,"bigram","XJ","token",1.99999999999998
"subtlex_uk",5,19318,"bigram","XK","token",10.9999999999999
"subtlex_uk",5,19318,"bigram","XL","token",72.9999999999996
"subtlex_uk",5,19318,"bigram","XM","token",0
"subtlex_uk",5,19318,"bigram","XN","token",10.9999999999999
"subtlex_uk",5,19318,"bigram","XO","token",3499.99999999998
"subtlex_uk",5,19318,"bigram","XP","token",287.000000000001
"subtlex_uk",5,19318,"bigram","XQ","token",0
"subtlex_uk",5,19318,"bigram","XR","token",1.99999999999998
"subtlex_uk",5,19318,"bigram","XS","token",26
"subtlex_uk",5,19318,"bigram","XT","token",25072.0000000002
"subtlex_uk",5,19318,"bigram","XU","token",289
"subtlex_uk",5,19318,"bigram","XV","token",10.0000000000001
"subtlex_uk",5,19318,"bigram","XW","token",0
"subtlex_uk",5,19318,"bigram","XX","token",101
"subtlex_uk",5,19318,"bigram","XY","token",339.999999999998
"subtlex_uk",5,19318,"bigram","XZ","token",0
"subtlex_uk",5,19318,"bigram","YA","token",48115.9999999999
"subtlex_uk",5,19318,"bigram","YB","token",83925.9999999997
"subtlex_uk",5,19318,"bigram","YC","token",7697.99999999998
"subtlex_uk",5,19318,"bigram","YD","token",9542.00000000001
"subtlex_uk",5,19318,"bigram","YE","token",217203.000000003
"subtlex_uk",5,19318,"bigram","YF","token",190.000000000001
"subtlex_uk",5,19318,"bigram","YG","token",661.000000000004
"subtlex_uk",5,19318,"bigram","YH","token",4.99999999999995
"subtlex_uk",5,19318,"bigram","YI","token",19034
"subtlex_uk",5,19318,"bigram","YJ","token",0
"subtlex_uk",5,19318,"bigram","YK","token",584.999999999998
"subtlex_uk",5,19318,"bigram","YL","token",32820.0000000002
"subtlex_uk",5,19318,"bigram","YM","token",7307.00000000004
"subtlex_uk",5,19318,"bigram","YN","token",10477
"subtlex_uk",5,19318,"bigram","YO","token",104044
"subtlex_uk",5,19318,"bigram","YP","token",12286.0000000001
"subtlex_uk",5,19318,"bigram","YQ","token",2.99999999999998
"subtlex_uk",5,19318,"bigram","YR","token",11732
"subtlex_uk",5,19318,"bigram","YS","token",17573
"subtlex_uk",5,19318,"bigram","YT","token",1655
"subtlex_uk",5,19318,"bigram","YU","token",3354.00000000003
"subtlex_uk",5,19318,"bigram","YV","token",47.0000000000001
"subtlex_uk",5,19318,"bigram","YW","token",613.000000000001
"subtlex_uk",5,19318,"bigram","YX","token",22
"subtlex_uk",5,19318,"bigram","YY","token",73
"subtlex_uk",5,19318,"bigram","YZ","token",1.99999999999998
"subtlex_uk",5,19318,"bigram","ZA","token",6765.99999999999
"subtlex_uk",5,19318,"bigram","ZB","token",20.9999999999998
"subtlex_uk",5,19318,"bigram","ZC","token",22.0000000000001
"subtlex_uk",5,19318,"bigram","ZD","token",96.0000000000001
"subtlex_uk",5,19318,"bigram","ZE","token",35286.9999999999
"subtlex_uk",5,19318,"bigram","ZF","token",0
"subtlex_uk",5,19318,"bigram","ZG","token",0
"subtlex_uk",5,19318,"bigram","ZH","token",255.000000000001
"subtlex_uk",5,19318,"bigram","ZI","token",4656.99999999999
"subtlex_uk",5,19318,"bigram","ZJ","token",0
"subtlex_uk",5,19318,"bigram","ZK","token",1.99999999999998
"subtlex_uk",5,19318,"bigram","ZL","token",58.0000000000001
"subtlex_uk",5,19318,"bigram","ZM","token",205.999999999998
"subtlex_uk",5,19318,"bigram","ZN","token",21.9999999999999
"subtlex_uk",5,19318,"bigram","ZO","token",4847.00000000001
"subtlex_uk",5,19318,"bigram","ZP","token",1.99999999999998
"subtlex_uk",5,19318,"bigram","ZQ","token",0
"subtlex_uk",5,19318,"bigram","ZR","token",4.99999999999996
"subtlex_uk",5,19318,"bigram","ZS","token",12.9999999999999
"subtlex_uk",5,19318,"bigram","ZT","token",428.000000000001
"subtlex_uk",5,19318,"bigram","ZU","token",480.000000000001
"subtlex_uk",5,19318,"bigram","ZV","token",1.99999999999998
"subtlex_uk",5,19318,"bigram","ZW","token",6.99999999999994
"subtlex_uk",5,19318,"bigram","ZX","token",0
"subtlex_uk",5,19318,"bigram","ZY","token",16480
"subtlex_uk",5,19318,"bigram","ZZ","token",9462.99999999998
"subtlex_uk",6,24674,"bigram","AA","token",6225.00000000001
"subtlex_uk",6,24674,"bigram","AB","token",103752
"subtlex_uk",6,24674,"bigram","AC","token",324725.999999999
"subtlex_uk",6,24674,"bigram","AD","token",174051
"subtlex_uk",6,24674,"bigram","AE","token",15500
"subtlex_uk",6,24674,"bigram","AF","token",90734.0000000001
"subtlex_uk",6,24674,"bigram","AG","token",121357
"subtlex_uk",6,24674,"bigram","AH","token",18865.0000000001
"subtlex_uk",6,24674,"bigram","AI","token",205848
"subtlex_uk",6,24674,"bigram","AJ","token",1116
"subtlex_uk",6,24674,"bigram","AK","token",175138.000000001
"subtlex_uk",6,24674,"bigram","AL","token",1034264
"subtlex_uk",6,24674,"bigram","AM","token",300399.000000001
"subtlex_uk",6,24674,"bigram","AN","token",822370.000000002
"subtlex_uk",6,24674,"bigram","AO","token",911
"subtlex_uk",6,24674,"bigram","AP","token",117582
"subtlex_uk",6,24674,"bigram","AQ","token",2021.00000000001
"subtlex_uk",6,24674,"bigram","AR","token",774742
"subtlex_uk",6,24674,"bigram","AS","token",379961
"subtlex_uk",6,24674,"bigram","AT","token",435087.000000001
"subtlex_uk",6,24674,"bigram","AU","token",95423.0000000001
"subtlex_uk",6,24674,"bigram","AV","token",167408.000000001
"subtlex_uk",6,24674,"bigram","AW","token",23055
"subtlex_uk",6,24674,"bigram","AX","token",6062.00000000002
"subtlex_uk",6,24674,"bigram","AY","token",383288.999999998
"subtlex_uk",6,24674,"bigram","AZ","token",15623
"subtlex_uk",6,24674,"bigram","BA","token",133870
"subtlex_uk",6,24674,"bigram","BB","token",36252.0000000001
"subtlex_uk",6,24674,"bigram","BC","token",371.999999999999
"subtlex_uk",6,24674,"bigram","BD","token",358
"subtlex_uk",6,24674,"bigram","BE","token",597379
"subtlex_uk",6,24674,"bigram","BF","token",10.9999999999999
"subtlex_uk",6,24674,"bigram","BG","token",202.999999999999
"subtlex_uk",6,24674,"bigram","BH","token",796.000000000001
"subtlex_uk",6,24674,"bigram","BI","token",83507
"subtlex_uk",6,24674,"bigram","BJ","token",6206
"subtlex_uk",6,24674,"bigram","BK","token",1.99999999999998
"subtlex_uk",6,24674,"bigram","BL","token",163566
"subtlex_uk",6,24674,"bigram","BM","token",615.000000000004
"subtlex_uk",6,24674,"bigram","BN","token",128.000000000001
"subtlex_uk",6,24674,"bigram","BO","token",229479
"subtlex_uk",6,24674,"bigram","BP","token",0
"subtlex_uk",6,24674,"bigram","BQ","token",0
"subtlex_uk",6,24674,"bigram","BR","token",121694
"subtlex_uk",6,24674,"bigram","BS","token",10812
"subtlex_uk",6,24674,"bigram","BT","token",4389.99999999996
"subtlex_uk",6,24674,"bigram","BU","token",119165
"subtlex_uk",6,24674,"bigram","BV","token",0
"subtlex_uk",6,24674,"bigram","BW","token",475.000000000001
"subtlex_uk",6,24674,"bigram","BX","token",0
"subtlex_uk",6,24674,"bigram","BY","token",11506
"subtlex_uk",6,24674,"bigram","BZ","token",59.9999999999994
"subtlex_uk",6,24674,"bigram","CA","token",327603
"subtlex_uk",6,24674,"bigram","CB","token",63.0000000000002
"subtlex_uk",6,24674,"bigram","CC","token",34007
"subtlex_uk",6,24674,"bigram","CD","token",89.0000000000003
"subtlex_uk",6,24674,"bigram","CE","token",520788
"subtlex_uk",6,24674,"bigram","CF","token",91.9999999999994
"subtlex_uk",6,24674,"bigram","CG","token",407.999999999999
"subtlex_uk",6,24674,"bigram","CH","token",487499.000000003
"subtlex_uk",6,24674,"bigram","CI","token",95311.9999999998
"subtlex_uk",6,24674,"bigram","CJ","token",0
"subtlex_uk",6,24674,"bigram","CK","token",198976
"subtlex_uk",6,24674,"bigram","CL","token",90109.0000000001
"subtlex_uk",6,24674,"bigram","CM","token",380.000000000003
"subtlex_uk",6,24674,"bigram","CN","token",2366.00000000001
"subtlex_uk",6,24674,"bigram","CO","token",634830
"subtlex_uk",6,24674,"bigram","CP","token",134
"subtlex_uk",6,24674,"bigram","CQ","token",603.000000000004
"subtlex_uk",6,24674,"bigram","CR","token",185733
"subtlex_uk",6,24674,"bigram","CS","token",7639.00000000001
"subtlex_uk",6,24674,"bigram","CT","token",198634.000000001
"subtlex_uk",6,24674,"bigram","CU","token",54274.0000000002
"subtlex_uk",6,24674,"bigram","CV","token",0
"subtlex_uk",6,24674,"bigram","CW","token",34
"subtlex_uk",6,24674,"bigram","CX","token",0
"subtlex_uk",6,24674,"bigram","CY","token",35065.0000000002
"subtlex_uk",6,24674,"bigram","CZ","token",261.000000000002
"subtlex_uk",6,24674,"bigram","DA","token",152662
"subtlex_uk",6,24674,"bigram","DB","token",155.000000000001
"subtlex_uk",6,24674,"bigram","DC","token",434.000000000001
"subtlex_uk",6,24674,"bigram","DD","token",78837
"subtlex_uk",6,24674,"bigram","DE","token",587727
"subtlex_uk",6,24674,"bigram","DF","token",301.999999999999
"subtlex_uk",6,24674,"bigram","DG","token",70093.9999999999
"subtlex_uk",6,24674,"bigram","DH","token",2864.99999999999
"subtlex_uk",6,24674,"bigram","DI","token",173182
"subtlex_uk",6,24674,"bigram","DJ","token",1334
"subtlex_uk",6,24674,"bigram","DK","token",224
"subtlex_uk",6,24674,"bigram","DL","token",82941.9999999999
"subtlex_uk",6,24674,"bigram","DM","token",4589.99999999998
"subtlex_uk",6,24674,"bigram","DN","token",6462.99999999997
"subtlex_uk",6,24674,"bigram","DO","token",186906.000000001
"subtlex_uk",6,24674,"bigram","DP","token",27
"subtlex_uk",6,24674,"bigram","DQ","token",0
"subtlex_uk",6,24674,"bigram","DR","token",71586.0000000003
"subtlex_uk",6,24674,"bigram","DS","token",95378.0000000001
"subtlex_uk",6,24674,"bigram","DT","token",103
"subtlex_uk",6,24674,"bigram","DU","token",65019.0000000004
"subtlex_uk",6,24674,"bigram","DV","token",18336
"subtlex_uk",6,24674,"bigram","DW","token",7657.00000000005
"subtlex_uk",6,24674,"bigram","DX","token",0
"subtlex_uk",6,24674,"bigram","DY","token",61452.9999999999
"subtlex_uk",6,24674,"bigram","DZ","token",65.9999999999994
"subtlex_uk",6,24674,"bigram","EA","token",969570
"subtlex_uk",6,24674,"bigram","EB","token",33755
"subtlex_uk",6,24674,"bigram","EC","token",396520.000000001
"subtlex_uk",6,24674,"bigram","ED","token",1121049
"subtlex_uk",6,24674,"bigram","EE","token",313462
"subtlex_uk",6,24674,"bigram","EF","token",237006
"subtlex_uk",6,24674,"bigram","EG","token",54538.0000000001
"subtlex_uk",6,24674,"bigram","EH","token",62343.9999999996
"subtlex_uk",6,24674,"bigram","EI","token",100099.000000001
"subtlex_uk",6,24674,"bigram","EJ","token",2333.00000000001
"subtlex_uk",6,24674,"bigram","EK","token",11081
"subtlex_uk",6,24674,"bigram","EL","token",468834.999999999
"subtlex_uk",6,24674,"bigram","EM","token",174064
"subtlex_uk",6,24674,"bigram","EN","token",881598.000000001
"subtlex_uk",6,24674,"bigram","EO","token",488142.999999999
"subtlex_uk",6,24674,"bigram","EP","token",99050.9999999999
"subtlex_uk",6,24674,"bigram","EQ","token",5216.00000000001
"subtlex_uk",6,24674,"bigram","ER","token",1715557
"subtlex_uk",6,24674,"bigram","ES","token",754474
"subtlex_uk",6,24674,"bigram","ET","token",557438.999999999
"subtlex_uk",6,24674,"bigram","EU","token",38137.0000000001
"subtlex_uk",6,24674,"bigram","EV","token",85403.9999999999
"subtlex_uk",6,24674,"bigram","EW","token",51661.0000000002
"subtlex_uk",6,24674,"bigram","EX","token",100647
"subtlex_uk",6,24674,"bigram","EY","token",113458
"subtlex_uk",6,24674,"bigram","EZ","token",11359.0000000001
"subtlex_uk",6,24674,"bigram","FA","token",252752.000000001
"subtlex_uk",6,24674,"bigram","FB","token",5.99999999999994
"subtlex_uk",6,24674,"bigram","FC","token",18
"subtlex_uk",6,24674,"bigram","FD","token",4.00000000000001
"subtlex_uk",6,24674,"bigram","FE","token",116540
"subtlex_uk",6,24674,"bigram","FF","token",113350
"subtlex_uk",6,24674,"bigram","FG","token",3274.99999999999
"subtlex_uk",6,24674,"bigram","FH","token",6.00000000000005
"subtlex_uk",6,24674,"bigram","FI","token",161396
"subtlex_uk",6,24674,"bigram","FJ","token",77.9999999999996
"subtlex_uk",6,24674,"bigram","FK","token",15.9999999999998
"subtlex_uk",6,24674,"bigram","FL","token",51124
"subtlex_uk",6,24674,"bigram","FM","token",62.0000000000002
"subtlex_uk",6,24674,"bigram","FN","token",105
"subtlex_uk",6,24674,"bigram","FO","token",326436
"subtlex_uk",6,24674,"bigram","FP","token",136
"subtlex_uk",6,24674,"bigram","FQ","token",161
"subtlex_uk",6,24674,"bigram","FR","token",162682.999999999
"subtlex_uk",6,24674,"bigram","FS","token",4858
"subtlex_uk",6,24674,"bigram","FT","token",12647
"subtlex_uk",6,24674,"bigram","FU","token",64954.9999999997
"subtlex_uk",6,24674,"bigram","FV","token",0
"subtlex_uk",6,24674,"bigram","FW","token",5.99999999999999
"subtlex_uk",6,24674,"bigram","FX","token",0
"subtlex_uk",6,24674,"bigram","FY","token",5256.00000000001
"subtlex_uk",6,24674,"bigram","FZ","token",0
"subtlex_uk",6,24674,"bigram","GA","token",108791
"subtlex_uk",6,24674,"bigram","GB","token",542.000000000002
"subtlex_uk",6,24674,"bigram","GC","token",8.99999999999999
"subtlex_uk",6,24674,"bigram","GD","token",274
"subtlex_uk",6,24674,"bigram","GE","token",482750.000000001
"subtlex_uk",6,24674,"bigram","GF","token",31.0000000000001
"subtlex_uk",6,24674,"bigram","GG","token",48534.9999999999
"subtlex_uk",6,24674,"bigram","GH","token",336253.000000001
"subtlex_uk",6,24674,"bigram","GI","token",93199.0000000001
"subtlex_uk",6,24674,"bigram","GJ","token",13
"subtlex_uk",6,24674,"bigram","GK","token",51.9999999999995
"subtlex_uk",6,24674,"bigram","GL","token",70751.0000000002
"subtlex_uk",6,24674,"bigram","GM","token",1072
"subtlex_uk",6,24674,"bigram","GN","token",34870.0000000001
"subtlex_uk",6,24674,"bigram","GO","token",51110.0000000002
"subtlex_uk",6,24674,"bigram","GP","token",418.000000000002
"subtlex_uk",6,24674,"bigram","GQ","token",0
"subtlex_uk",6,24674,"bigram","GR","token",139018
"subtlex_uk",6,24674,"bigram","GS","token",188390.999999998
"subtlex_uk",6,24674,"bigram","GT","token",5841.00000000001
"subtlex_uk",6,24674,"bigram","GU","token",85708.0000000001
"subtlex_uk",6,24674,"bigram","GV","token",9.9999999999999
"subtlex_uk",6,24674,"bigram","GW","token",406.000000000001
"subtlex_uk",6,24674,"bigram","GX","token",23.0000000000002
"subtlex_uk",6,24674,"bigram","GY","token",24759.0000000003
"subtlex_uk",6,24674,"bigram","GZ","token",490.000000000003
"subtlex_uk",6,24674,"bigram","HA","token",502860.000000003
"subtlex_uk",6,24674,"bigram","HB","token",34.0000000000001
"subtlex_uk",6,24674,"bigram","HC","token",13.0000000000001
"subtlex_uk",6,24674,"bigram","HD","token",30.9999999999999
"subtlex_uk",6,24674,"bigram","HE","token",443711.000000002
"subtlex_uk",6,24674,"bigram","HF","token",29
"subtlex_uk",6,24674,"bigram","HG","token",6.99999999999994
"subtlex_uk",6,24674,"bigram","HH","token",1946
"subtlex_uk",6,24674,"bigram","HI","token",389598.999999998
"subtlex_uk",6,24674,"bigram","HJ","token",0
"subtlex_uk",6,24674,"bigram","HK","token",122
"subtlex_uk",6,24674,"bigram","HL","token",11210.0000000001
"subtlex_uk",6,24674,"bigram","HM","token",6691
"subtlex_uk",6,24674,"bigram","HN","token",11550
"subtlex_uk",6,24674,"bigram","HO","token",548879.000000001
"subtlex_uk",6,24674,"bigram","HP","token",16.0000000000001
"subtlex_uk",6,24674,"bigram","HQ","token",0
"subtlex_uk",6,24674,"bigram","HR","token",43688
"subtlex_uk",6,24674,"bigram","HS","token",60049.9999999997
"subtlex_uk",6,24674,"bigram","HT","token",150087
"subtlex_uk",6,24674,"bigram","HU","token",76035
"subtlex_uk",6,24674,"bigram","HV","token",5.99999999999999
"subtlex_uk",6,24674,"bigram","HW","token",595
"subtlex_uk",6,24674,"bigram","HX","token",0
"subtlex_uk",6,24674,"bigram","HY","token",24152.0000000001
"subtlex_uk",6,24674,"bigram","HZ","token",8.0000000000001
"subtlex_uk",6,24674,"bigram","IA","token",78825.9999999999
"subtlex_uk",6,24674,"bigram","IB","token",12697
"subtlex_uk",6,24674,"bigram","IC","token",417833.999999999
"subtlex_uk",6,24674,"bigram","ID","token",236017
"subtlex_uk",6,24674,"bigram","IE","token",323125
"subtlex_uk",6,24674,"bigram","IF","token",14643
"subtlex_uk",6,24674,"bigram","IG","token",202352
"subtlex_uk",6,24674,"bigram","IH","token",208.000000000001
"subtlex_uk",6,24674,"bigram","II","token",2987
"subtlex_uk",6,24674,"bigram","IJ","token",462.999999999999
"subtlex_uk",6,24674,"bigram","IK","token",42026.9999999999
"subtlex_uk",6,24674,"bigram","IL","token",355111.000000001
"subtlex_uk",6,24674,"bigram","IM","token",133867
"subtlex_uk",6,24674,"bigram","IN","token",1849100
"subtlex_uk",6,24674,"bigram","IO","token",139965
"subtlex_uk",6,24674,"bigram","IP","token",36123
"subtlex_uk",6,24674,"bigram","IQ","token",13714
"subtlex_uk",6,24674,"bigram","IR","token",137075
"subtlex_uk",6,24674,"bigram","IS","token",369108
"subtlex_uk",6,24674,"bigram","IT","token",491002.000000003
"subtlex_uk",6,24674,"bigram","IU","token",14956.9999999999
"subtlex_uk",6,24674,"bigram","IV","token",129343.000000001
"subtlex_uk",6,24674,"bigram","IW","token",653.000000000004
"subtlex_uk",6,24674,"bigram","IX","token",5021
"subtlex_uk",6,24674,"bigram","IY","token",588.999999999999
"subtlex_uk",6,24674,"bigram","IZ","token",12095
"subtlex_uk",6,24674,"bigram","JA","token",22644
"subtlex_uk",6,24674,"bigram","JB","token",2.99999999999998
"subtlex_uk",6,24674,"bigram","JC","token",1.99999999999998
"subtlex_uk",6,24674,"bigram","JD","token",0
"subtlex_uk",6,24674,"bigram","JE","token",28576
"subtlex_uk",6,24674,"bigram","JF","token",0
"subtlex_uk",6,24674,"bigram","JG","token",0
"subtlex_uk",6,24674,"bigram","JH","token",42
"subtlex_uk",6,24674,"bigram","JI","token",4268.99999999999
"subtlex_uk",6,24674,"bigram","JJ","token",48.0000000000002
"subtlex_uk",6,24674,"bigram","JK","token",7.99999999999992
"subtlex_uk",6,24674,"bigram","JL","token",6.99999999999993
"subtlex_uk",6,24674,"bigram","JM","token",4.99999999999995
"subtlex_uk",6,24674,"bigram","JN","token",6.99999999999993
"subtlex_uk",6,24674,"bigram","JO","token",50058
"subtlex_uk",6,24674,"bigram","JP","token",1.99999999999998
"subtlex_uk",6,24674,"bigram","JQ","token",0
"subtlex_uk",6,24674,"bigram","JR","token",62.9999999999998
"subtlex_uk",6,24674,"bigram","JS","token",0
"subtlex_uk",6,24674,"bigram","JT","token",75.0000000000004
"subtlex_uk",6,24674,"bigram","JU","token",54511.9999999999
"subtlex_uk",6,24674,"bigram","JV","token",0
"subtlex_uk",6,24674,"bigram","JW","token",4.00000000000001
"subtlex_uk",6,24674,"bigram","JX","token",0
"subtlex_uk",6,24674,"bigram","JY","token",0
"subtlex_uk",6,24674,"bigram","JZ","token",8.99999999999999
"subtlex_uk",6,24674,"bigram","KA","token",11845
"subtlex_uk",6,24674,"bigram","KB","token",165.999999999999
"subtlex_uk",6,24674,"bigram","KC","token",0
"subtlex_uk",6,24674,"bigram","KD","token",0
"subtlex_uk",6,24674,"bigram","KE","token",388476.999999999
"subtlex_uk",6,24674,"bigram","KF","token",0
"subtlex_uk",6,24674,"bigram","KG","token",13.9999999999999
"subtlex_uk",6,24674,"bigram","KH","token",2141.00000000001
"subtlex_uk",6,24674,"bigram","KI","token",244917.000000001
"subtlex_uk",6,24674,"bigram","KJ","token",19.0000000000002
"subtlex_uk",6,24674,"bigram","KK","token",698.999999999999
"subtlex_uk",6,24674,"bigram","KL","token",17627
"subtlex_uk",6,24674,"bigram","KM","token",15.9999999999999
"subtlex_uk",6,24674,"bigram","KN","token",6928.99999999996
"subtlex_uk",6,24674,"bigram","KO","token",18204
"subtlex_uk",6,24674,"bigram","KP","token",71
"subtlex_uk",6,24674,"bigram","KQ","token",0
"subtlex_uk",6,24674,"bigram","KR","token",1223
"subtlex_uk",6,24674,"bigram","KS","token",134514
"subtlex_uk",6,24674,"bigram","KT","token",432.999999999998
"subtlex_uk",6,24674,"bigram","KU","token",2519
"subtlex_uk",6,24674,"bigram","KV","token",20.0000000000002
"subtlex_uk",6,24674,"bigram","KW","token",704.000000000002
"subtlex_uk",6,24674,"bigram","KX","token",13
"subtlex_uk",6,24674,"bigram","KY","token",26776.0000000002
"subtlex_uk",6,24674,"bigram","KZ","token",0
"subtlex_uk",6,24674,"bigram","LA","token",377969.999999999
"subtlex_uk",6,24674,"bigram","LB","token",10228
"subtlex_uk",6,24674,"bigram","LC","token",1899.00000000001
"subtlex_uk",6,24674,"bigram","LD","token",251359
"subtlex_uk",6,24674,"bigram","LE","token",1618266
"subtlex_uk",6,24674,"bigram","LF","token",68831.9999999999
"subtlex_uk",6,24674,"bigram","LG","token",1113
"subtlex_uk",6,24674,"bigram","LH","token",1818
"subtlex_uk",6,24674,"bigram","LI","token",649478.000000002
"subtlex_uk",6,24674,"bigram","LJ","token",89
"subtlex_uk",6,24674,"bigram","LK","token",26434.0000000001
"subtlex_uk",6,24674,"bigram","LL","token",694309.000000001
"subtlex_uk",6,24674,"bigram","LM","token",66444.0000000002
"subtlex_uk",6,24674,"bigram","LN","token",1592
"subtlex_uk",6,24674,"bigram","LO","token",479359
"subtlex_uk",6,24674,"bigram","LP","token",15692
"subtlex_uk",6,24674,"bigram","LQ","token",0
"subtlex_uk",6,24674,"bigram","LR","token",1284.00000000001
"subtlex_uk",6,24674,"bigram","LS","token",116260
"subtlex_uk",6,24674,"bigram","LT","token",94084
"subtlex_uk",6,24674,"bigram","LU","token",33639
"subtlex_uk",6,24674,"bigram","LV","token",35313.0000000001
"subtlex_uk",6,24674,"bigram","LW","token",118123.999999999
"subtlex_uk",6,24674,"bigram","LX","token",5.99999999999999
"subtlex_uk",6,24674,"bigram","LY","token",830771.000000001
"subtlex_uk",6,24674,"bigram","LZ","token",98.0000000000006
"subtlex_uk",6,24674,"bigram","MA","token",431682
"subtlex_uk",6,24674,"bigram","MB","token",126017
"subtlex_uk",6,24674,"bigram","MC","token",4090.00000000001
"subtlex_uk",6,24674,"bigram","MD","token",491.999999999996
"subtlex_uk",6,24674,"bigram","ME","token",414025.000000001
"subtlex_uk",6,24674,"bigram","MF","token",41.0000000000002
"subtlex_uk",6,24674,"bigram","MG","token",107.999999999999
"subtlex_uk",6,24674,"bigram","MH","token",72.9999999999998
"subtlex_uk",6,24674,"bigram","MI","token",385665.000000001
"subtlex_uk",6,24674,"bigram","MJ","token",57.9999999999998
"subtlex_uk",6,24674,"bigram","MK","token",29
"subtlex_uk",6,24674,"bigram","ML","token",4914
"subtlex_uk",6,24674,"bigram","MM","token",60566.0000000005
"subtlex_uk",6,24674,"bigram","MN","token",10326
"subtlex_uk",6,24674,"bigram","MO","token",438979.000000001
"subtlex_uk",6,24674,"bigram","MP","token",94916.9999999997
"subtlex_uk",6,24674,"bigram","MQ","token",0
"subtlex_uk",6,24674,"bigram","MR","token",412.999999999999
"subtlex_uk",6,24674,"bigram","MS","token",25828.0000000001
"subtlex_uk",6,24674,"bigram","MT","token",2955.99999999999
"subtlex_uk",6,24674,"bigram","MU","token",52923.0000000001
"subtlex_uk",6,24674,"bigram","MV","token",15.0000000000002
"subtlex_uk",6,24674,"bigram","MW","token",1077
"subtlex_uk",6,24674,"bigram","MX","token",24.9999999999998
"subtlex_uk",6,24674,"bigram","MY","token",52034
"subtlex_uk",6,24674,"bigram","MZ","token",209
"subtlex_uk",6,24674,"bigram","NA","token",122567
"subtlex_uk",6,24674,"bigram","NB","token",1498
"subtlex_uk",6,24674,"bigram","NC","token",179393
"subtlex_uk",6,24674,"bigram","ND","token",729885
"subtlex_uk",6,24674,"bigram","NE","token",496519
"subtlex_uk",6,24674,"bigram","NF","token",9674.00000000004
"subtlex_uk",6,24674,"bigram","NG","token",1384721
"subtlex_uk",6,24674,"bigram","NH","token",1792
"subtlex_uk",6,24674,"bigram","NI","token",215801
"subtlex_uk",6,24674,"bigram","NJ","token",11842
"subtlex_uk",6,24674,"bigram","NK","token",107718
"subtlex_uk",6,24674,"bigram","NL","token",39353.0000000002
"subtlex_uk",6,24674,"bigram","NM","token",2211
"subtlex_uk",6,24674,"bigram","NN","token",118118
"subtlex_uk",6,24674,"bigram","NO","token",213128.000000001
"subtlex_uk",6,24674,"bigram","NP","token",1459
"subtlex_uk",6,24674,"bigram","NQ","token",121.999999999999
"subtlex_uk",6,24674,"bigram","NR","token",3875.00000000002
"subtlex_uk",6,24674,"bigram","NS","token",215233.999999999
"subtlex_uk",6,24674,"bigram","NT","token",514126.000000001
"subtlex_uk",6,24674,"bigram","NU","token",127555.000000001
"subtlex_uk",6,24674,"bigram","NV","token",13459
"subtlex_uk",6,24674,"bigram","NW","token",3671.00000000001
"subtlex_uk",6,24674,"bigram","NX","token",289.000000000001
"subtlex_uk",6,24674,"bigram","NY","token",86949.9999999997
"subtlex_uk",6,24674,"bigram","NZ","token",7623.99999999999
"subtlex_uk",6,24674,"bigram","OA","token",28386
"subtlex_uk",6,24674,"bigram","OB","token",78684
"subtlex_uk",6,24674,"bigram","OC","token",88248.9999999999
"subtlex_uk",6,24674,"bigram","OD","token",118299
"subtlex_uk",6,24674,"bigram","OE","token",12458
"subtlex_uk",6,24674,"bigram","OF","token",68193.9999999998
"subtlex_uk",6,24674,"bigram","OG","token",13026.0000000001
"subtlex_uk",6,24674,"bigram","OH","token",7667.00000000004
"subtlex_uk",6,24674,"bigram","OI","token",110535
"subtlex_uk",6,24674,"bigram","OJ","token",4965.99999999998
"subtlex_uk",6,24674,"bigram","OK","token",98947.9999999998
"subtlex_uk",6,24674,"bigram","OL","token",297326
"subtlex_uk",6,24674,"bigram","OM","token",334883
"subtlex_uk",6,24674,"bigram","ON","token",917548.000000001
"subtlex_uk",6,24674,"bigram","OO","token",232340.000000001
"subtlex_uk",6,24674,"bigram","OP","token",589867.999999999
"subtlex_uk",6,24674,"bigram","OQ","token",172
"subtlex_uk",6,24674,"bigram","OR","token",753703.000000001
"subtlex_uk",6,24674,"bigram","OS","token",240242
"subtlex_uk",6,24674,"bigram","OT","token",219044.000000001
"subtlex_uk",6,24674,"bigram","OU","token",1032283
"subtlex_uk",6,24674,"bigram","OV","token",167178
"subtlex_uk",6,24674,"bigram","OW","token",201275
"subtlex_uk",6,24674,"bigram","OX","token",14555.9999999999
"subtlex_uk",6,24674,"bigram","OY","token",15872
"subtlex_uk",6,24674,"bigram","OZ","token",8479.99999999996
"subtlex_uk",6,24674,"bigram","PA","token",134296
"subtlex_uk",6,24674,"bigram","PB","token",720.999999999998
"subtlex_uk",6,24674,"bigram","PC","token",21.0000000000001
"subtlex_uk",6,24674,"bigram","PD","token",2297.00000000001
"subtlex_uk",6,24674,"bigram","PE","token",840359.999999999
"subtlex_uk",6,24674,"bigram","PF","token",189.999999999999
"subtlex_uk",6,24674,"bigram","PG","token",9.99999999999996
"subtlex_uk",6,24674,"bigram","PH","token",52044
"subtlex_uk",6,24674,"bigram","PI","token",132937
"subtlex_uk",6,24674,"bigram","PJ","token",14.0000000000001
"subtlex_uk",6,24674,"bigram","PK","token",795.000000000004
"subtlex_uk",6,24674,"bigram","PL","token",819181.999999999
"subtlex_uk",6,24674,"bigram","PM","token",113.000000000001
"subtlex_uk",6,24674,"bigram","PN","token",122.000000000001
"subtlex_uk",6,24674,"bigram","PO","token",276071
"subtlex_uk",6,24674,"bigram","PP","token",104059
"subtlex_uk",6,24674,"bigram","PQ","token",0
"subtlex_uk",6,24674,"bigram","PR","token",194499.999999999
"subtlex_uk",6,24674,"bigram","PS","token",33905
"subtlex_uk",6,24674,"bigram","PT","token",39764.9999999999
"subtlex_uk",6,24674,"bigram","PU","token",105124
"subtlex_uk",6,24674,"bigram","PV","token",1.99999999999998
"subtlex_uk",6,24674,"bigram","PW","token",350.000000000001
"subtlex_uk",6,24674,"bigram","PX","token",0
"subtlex_uk",6,24674,"bigram","PY","token",15338
"subtlex_uk",6,24674,"bigram","PZ","token",4.99999999999995
"subtlex_uk",6,24674,"bigram","QA","token",817.000000000004
"subtlex_uk",6,24674,"bigram","QB","token",0
"subtlex_uk",6,24674,"bigram","QC","token",0
"subtlex_uk",6,24674,"bigram","QD","token",0
"subtlex_uk",6,24674,"bigram","QE","token",21.0000000000002
"subtlex_uk",6,24674,"bigram","QF","token",0
"subtlex_uk",6,24674,"bigram","QG","token",0
"subtlex_uk",6,24674,"bigram","QH","token",0
"subtlex_uk",6,24674,"bigram","QI","token",236.999999999998
"subtlex_uk",6,24674,"bigram","QJ","token",0
"subtlex_uk",6,24674,"bigram","QK","token",0
"subtlex_uk",6,24674,"bigram","QL","token",6.99999999999993
"subtlex_uk",6,24674,"bigram","QM","token",0
"subtlex_uk",6,24674,"bigram","QN","token",0
"subtlex_uk",6,24674,"bigram","QO","token",21.9999999999998
"subtlex_uk",6,24674,"bigram","QP","token",0
"subtlex_uk",6,24674,"bigram","QQ","token",0
"subtlex_uk",6,24674,"bigram","QR","token",0
"subtlex_uk",6,24674,"bigram","QS","token",2.99999999999998
"subtlex_uk",6,24674,"bigram","QT","token",0
"subtlex_uk",6,24674,"bigram","QU","token",54969.0000000001
"subtlex_uk",6,24674,"bigram","QV","token",0
"subtlex_uk",6,24674,"bigram","QW","token",55.0000000000002
"subtlex_uk",6,24674,"bigram","QX","token",0
"subtlex_uk",6,24674,"bigram","QY","token",0
"subtlex_uk",6,24674,"bigram","QZ","token",0
"subtlex_uk",6,24674,"bigram","RA","token",355189.000000001
"subtlex_uk",6,24674,"bigram","RB","token",25162.0000000001
"subtlex_uk",6,24674,"bigram","RC","token",87466.9999999998
"subtlex_uk",6,24674,"bigram","RD","token",195413
"subtlex_uk",6,24674,"bigram","RE","token",1588335
"subtlex_uk",6,24674,"bigram","RF","token",1969
"subtlex_uk",6,24674,"bigram","RG","token",139887.000000001
"subtlex_uk",6,24674,"bigram","RH","token",9085.99999999998
"subtlex_uk",6,24674,"bigram","RI","token",493598
"subtlex_uk",6,24674,"bigram","RJ","token",328.999999999998
"subtlex_uk",6,24674,"bigram","RK","token",98692.9999999999
"subtlex_uk",6,24674,"bigram","RL","token",63427.0000000002
"subtlex_uk",6,24674,"bigram","RM","token",101839
"subtlex_uk",6,24674,"bigram","RN","token",128537
"subtlex_uk",6,24674,"bigram","RO","token",588654.999999999
"subtlex_uk",6,24674,"bigram","RP","token",15066
"subtlex_uk",6,24674,"bigram","RQ","token",286
"subtlex_uk",6,24674,"bigram","RR","token",89069.0000000001
"subtlex_uk",6,24674,"bigram","RS","token",328496.000000001
"subtlex_uk",6,24674,"bigram","RT","token",212237
"subtlex_uk",6,24674,"bigram","RU","token",73215
"subtlex_uk",6,24674,"bigram","RV","token",27963.0000000001
"subtlex_uk",6,24674,"bigram","RW","token",6370.99999999997
"subtlex_uk",6,24674,"bigram","RX","token",10.0000000000001
"subtlex_uk",6,24674,"bigram","RY","token",151159.999999999
"subtlex_uk",6,24674,"bigram","RZ","token",1147
"subtlex_uk",6,24674,"bigram","SA","token",155690
"subtlex_uk",6,24674,"bigram","SB","token",1534
"subtlex_uk",6,24674,"bigram","SC","token",168824.000000001
"subtlex_uk",6,24674,"bigram","SD","token",1829.00000000001
"subtlex_uk",6,24674,"bigram","SE","token",832597.000000002
"subtlex_uk",6,24674,"bigram","SF","token",86.9999999999994
"subtlex_uk",6,24674,"bigram","SG","token",100
"subtlex_uk",6,24674,"bigram","SH","token",371556
"subtlex_uk",6,24674,"bigram","SI","token",309269
"subtlex_uk",6,24674,"bigram","SJ","token",23.9999999999999
"subtlex_uk",6,24674,"bigram","SK","token",49451.9999999999
"subtlex_uk",6,24674,"bigram","SL","token",64451.9999999999
"subtlex_uk",6,24674,"bigram","SM","token",26278.0000000001
"subtlex_uk",6,24674,"bigram","SN","token",11716
"subtlex_uk",6,24674,"bigram","SO","token",238574
"subtlex_uk",6,24674,"bigram","SP","token",112767
"subtlex_uk",6,24674,"bigram","SQ","token",20536
"subtlex_uk",6,24674,"bigram","SR","token",4324.99999999997
"subtlex_uk",6,24674,"bigram","SS","token",216984
"subtlex_uk",6,24674,"bigram","ST","token",698449.000000001
"subtlex_uk",6,24674,"bigram","SU","token",181552.000000001
"subtlex_uk",6,24674,"bigram","SV","token",84.0000000000002
"subtlex_uk",6,24674,"bigram","SW","token",88266.9999999994
"subtlex_uk",6,24674,"bigram","SX","token",0
"subtlex_uk",6,24674,"bigram","SY","token",55536.0000000002
"subtlex_uk",6,24674,"bigram","SZ","token",235.000000000001
"subtlex_uk",6,24674,"bigram","TA","token",306881
"subtlex_uk",6,24674,"bigram","TB","token",1324
"subtlex_uk",6,24674,"bigram","TC","token",16743
"subtlex_uk",6,24674,"bigram","TD","token",89.0000000000006
"subtlex_uk",6,24674,"bigram","TE","token",788398.000000002
"subtlex_uk",6,24674,"bigram","TF","token",2997.99999999997
"subtlex_uk",6,24674,"bigram","TG","token",28.0000000000001
"subtlex_uk",6,24674,"bigram","TH","token",775356.000000001
"subtlex_uk",6,24674,"bigram","TI","token",245536
"subtlex_uk",6,24674,"bigram","TJ","token",22.0000000000001
"subtlex_uk",6,24674,"bigram","TK","token",1276
"subtlex_uk",6,24674,"bigram","TL","token",302588.000000003
"subtlex_uk",6,24674,"bigram","TM","token",2654
"subtlex_uk",6,24674,"bigram","TN","token",990.000000000002
"subtlex_uk",6,24674,"bigram","TO","token",204765.000000001
"subtlex_uk",6,24674,"bigram","TP","token",1451
"subtlex_uk",6,24674,"bigram","TQ","token",0
"subtlex_uk",6,24674,"bigram","TR","token",340831.999999999
"subtlex_uk",6,24674,"bigram","TS","token",240513
"subtlex_uk",6,24674,"bigram","TT","token",598451.000000002
"subtlex_uk",6,24674,"bigram","TU","token",191016
"subtlex_uk",6,24674,"bigram","TV","token",218.000000000002
"subtlex_uk",6,24674,"bigram","TW","token",4997
"subtlex_uk",6,24674,"bigram","TX","token",0
"subtlex_uk",6,24674,"bigram","TY","token",170452
"subtlex_uk",6,24674,"bigram","TZ","token",933
"subtlex_uk",6,24674,"bigram","UA","token",55023
"subtlex_uk",6,24674,"bigram","UB","token",103875
"subtlex_uk",6,24674,"bigram","UC","token",33195.0000000001
"subtlex_uk",6,24674,"bigram","UD","token",92553.0000000002
"subtlex_uk",6,24674,"bigram","UE","token",113399
"subtlex_uk",6,24674,"bigram","UF","token",12991
"subtlex_uk",6,24674,"bigram","UG","token",234475.000000001
"subtlex_uk",6,24674,"bigram","UH","token",321
"subtlex_uk",6,24674,"bigram","UI","token",48405
"subtlex_uk",6,24674,"bigram","UJ","token",67
"subtlex_uk",6,24674,"bigram","UK","token",1087
"subtlex_uk",6,24674,"bigram","UL","token",280490
"subtlex_uk",6,24674,"bigram","UM","token",178403
"subtlex_uk",6,24674,"bigram","UN","token",435888
"subtlex_uk",6,24674,"bigram","UO","token",3175.00000000001
"subtlex_uk",6,24674,"bigram","UP","token",112689.000000001
"subtlex_uk",6,24674,"bigram","UQ","token",34
"subtlex_uk",6,24674,"bigram","UR","token",556179
"subtlex_uk",6,24674,"bigram","US","token",193297
"subtlex_uk",6,24674,"bigram","UT","token",158228
"subtlex_uk",6,24674,"bigram","UU","token",1593
"subtlex_uk",6,24674,"bigram","UV","token",689
"subtlex_uk",6,24674,"bigram","UW","token",378
"subtlex_uk",6,24674,"bigram","UX","token",4822.99999999997
"subtlex_uk",6,24674,"bigram","UY","token",17199.9999999999
"subtlex_uk",6,24674,"bigram","UZ","token",5101.99999999999
"subtlex_uk",6,24674,"bigram","VA","token",31175.9999999999
"subtlex_uk",6,24674,"bigram","VB","token",0
"subtlex_uk",6,24674,"bigram","VC","token",0
"subtlex_uk",6,24674,"bigram","VD","token",28.0000000000002
"subtlex_uk",6,24674,"bigram","VE","token",360284
"subtlex_uk",6,24674,"bigram","VF","token",0
"subtlex_uk",6,24674,"bigram","VG","token",13
"subtlex_uk",6,24674,"bigram","VH","token",2.99999999999998
"subtlex_uk",6,24674,"bigram","VI","token",302801.000000002
"subtlex_uk",6,24674,"bigram","VJ","token",0
"subtlex_uk",6,24674,"bigram","VK","token",10.0000000000001
"subtlex_uk",6,24674,"bigram","VL","token",634.000000000003
"subtlex_uk",6,24674,"bigram","VM","token",0
"subtlex_uk",6,24674,"bigram","VN","token",81.9999999999996
"subtlex_uk",6,24674,"bigram","VO","token",42311.0000000001
"subtlex_uk",6,24674,"bigram","VP","token",0
"subtlex_uk",6,24674,"bigram","VQ","token",0
"subtlex_uk",6,24674,"bigram","VR","token",884.000000000002
"subtlex_uk",6,24674,"bigram","VS","token",18.0000000000002
"subtlex_uk",6,24674,"bigram","VT","token",3.99999999999996
"subtlex_uk",6,24674,"bigram","VU","token",598.999999999996
"subtlex_uk",6,24674,"bigram","VV","token",515.000000000002
"subtlex_uk",6,24674,"bigram","VW","token",0
"subtlex_uk",6,24674,"bigram","VX","token",0
"subtlex_uk",6,24674,"bigram","VY","token",2404.99999999998
"subtlex_uk",6,24674,"bigram","VZ","token",0
"subtlex_uk",6,24674,"bigram","WA","token",316341.999999999
"subtlex_uk",6,24674,"bigram","WB","token",2394
"subtlex_uk",6,24674,"bigram","WC","token",21.0000000000002
"subtlex_uk",6,24674,"bigram","WD","token",7081.99999999999
"subtlex_uk",6,24674,"bigram","WE","token",178286
"subtlex_uk",6,24674,"bigram","WF","token",417.999999999997
"subtlex_uk",6,24674,"bigram","WG","token",748.000000000002
"subtlex_uk",6,24674,"bigram","WH","token",25640
"subtlex_uk",6,24674,"bigram","WI","token",133559
"subtlex_uk",6,24674,"bigram","WJ","token",0
"subtlex_uk",6,24674,"bigram","WK","token",1314.99999999999
"subtlex_uk",6,24674,"bigram","WL","token",12550
"subtlex_uk",6,24674,"bigram","WM","token",928.999999999999
"subtlex_uk",6,24674,"bigram","WN","token",19101.0000000001
"subtlex_uk",6,24674,"bigram","WO","token",77988.0000000002
"subtlex_uk",6,24674,"bigram","WP","token",128
"subtlex_uk",6,24674,"bigram","WQ","token",0
"subtlex_uk",6,24674,"bigram","WR","token",11136.9999999999
"subtlex_uk",6,24674,"bigram","WS","token",10487.0000000001
"subtlex_uk",6,24674,"bigram","WT","token",18580.0000000001
"subtlex_uk",6,24674,"bigram","WU","token",264
"subtlex_uk",6,24674,"bigram","WV","token",0
"subtlex_uk",6,24674,"bigram","WW","token",183
"subtlex_uk",6,24674,"bigram","WX","token",0
"subtlex_uk",6,24674,"bigram","WY","token",5722.99999999996
"subtlex_uk",6,24674,"bigram","WZ","token",150
"subtlex_uk",6,24674,"bigram","XA","token",728.000000000002
"subtlex_uk",6,24674,"bigram","XB","token",13.9999999999999
"subtlex_uk",6,24674,"bigram","XC","token",26500.0000000002
"subtlex_uk",6,24674,"bigram","XD","token",0
"subtlex_uk",6,24674,"bigram","XE","token",4555.00000000002
"subtlex_uk",6,24674,"bigram","XF","token",4778.99999999998
"subtlex_uk",6,24674,"bigram","XG","token",0
"subtlex_uk",6,24674,"bigram","XH","token",239.000000000001
"subtlex_uk",6,24674,"bigram","XI","token",15950.9999999999
"subtlex_uk",6,24674,"bigram","XJ","token",0
"subtlex_uk",6,24674,"bigram","XK","token",0
"subtlex_uk",6,24674,"bigram","XL","token",419.999999999998
"subtlex_uk",6,24674,"bigram","XM","token",1096
"subtlex_uk",6,24674,"bigram","XN","token",0
"subtlex_uk",6,24674,"bigram","XO","token",3865.99999999998
"subtlex_uk",6,24674,"bigram","XP","token",41232.9999999998
"subtlex_uk",6,24674,"bigram","XQ","token",0
"subtlex_uk",6,24674,"bigram","XR","token",0
"subtlex_uk",6,24674,"bigram","XS","token",13
"subtlex_uk",6,24674,"bigram","XT","token",11529
"subtlex_uk",6,24674,"bigram","XU","token",7986.99999999993
"subtlex_uk",6,24674,"bigram","XV","token",0
"subtlex_uk",6,24674,"bigram","XW","token",23
"subtlex_uk",6,24674,"bigram","XX","token",1.99999999999998
"subtlex_uk",6,24674,"bigram","XY","token",4836.99999999998
"subtlex_uk",6,24674,"bigram","XZ","token",0
"subtlex_uk",6,24674,"bigram","YA","token",8914.00000000001
"subtlex_uk",6,24674,"bigram","YB","token",1083
"subtlex_uk",6,24674,"bigram","YC","token",2580.00000000001
"subtlex_uk",6,24674,"bigram","YD","token",5953
"subtlex_uk",6,24674,"bigram","YE","token",97194.9999999999
"subtlex_uk",6,24674,"bigram","YF","token",604.000000000005
"subtlex_uk",6,24674,"bigram","YG","token",3920.99999999997
"subtlex_uk",6,24674,"bigram","YH","token",1354
"subtlex_uk",6,24674,"bigram","YI","token",199288.999999999
"subtlex_uk",6,24674,"bigram","YJ","token",173.000000000001
"subtlex_uk",6,24674,"bigram","YK","token",136
"subtlex_uk",6,24674,"bigram","YL","token",17361.0000000001
"subtlex_uk",6,24674,"bigram","YM","token",5380.00000000002
"subtlex_uk",6,24674,"bigram","YN","token",9515.99999999998
"subtlex_uk",6,24674,"bigram","YO","token",60792.9999999998
"subtlex_uk",6,24674,"bigram","YP","token",2321
"subtlex_uk",6,24674,"bigram","YQ","token",1.99999999999998
"subtlex_uk",6,24674,"bigram","YR","token",6698.00000000001
"subtlex_uk",6,24674,"bigram","YS","token",202660.999999999
"subtlex_uk",6,24674,"bigram","YT","token",6450.99999999999
"subtlex_uk",6,24674,"bigram","YU","token",364.000000000001
"subtlex_uk",6,24674,"bigram","YV","token",1638.00000000001
"subtlex_uk",6,24674,"bigram","YW","token",29487.9999999999
"subtlex_uk",6,24674,"bigram","YX","token",43.0000000000003
"subtlex_uk",6,24674,"bigram","YY","token",52
"subtlex_uk",6,24674,"bigram","YZ","token",137
"subtlex_uk",6,24674,"bigram","ZA","token",10563
"subtlex_uk",6,24674,"bigram","ZB","token",26.0000000000001
"subtlex_uk",6,24674,"bigram","ZC","token",25
"subtlex_uk",6,24674,"bigram","ZD","token",4.00000000000001
"subtlex_uk",6,24674,"bigram","ZE","token",36492
"subtlex_uk",6,24674,"bigram","ZF","token",0
"subtlex_uk",6,24674,"bigram","ZG","token",0
"subtlex_uk",6,24674,"bigram","ZH","token",63.0000000000002
"subtlex_uk",6,24674,"bigram","ZI","token",8877.99999999997
"subtlex_uk",6,24674,"bigram","ZJ","token",0
"subtlex_uk",6,24674,"bigram","ZK","token",9.99999999999996
"subtlex_uk",6,24674,"bigram","ZL","token",4392
"subtlex_uk",6,24674,"bigram","ZM","token",196.000000000002
"subtlex_uk",6,24674,"bigram","ZN","token",69.0000000000002
"subtlex_uk",6,24674,"bigram","ZO","token",3339.00000000002
"subtlex_uk",6,24674,"bigram","ZP","token",8.0000000000001
"subtlex_uk",6,24674,"bigram","ZQ","token",0
"subtlex_uk",6,24674,"bigram","ZR","token",16.9999999999998
"subtlex_uk",6,24674,"bigram","ZS","token",27
"subtlex_uk",6,24674,"bigram","ZT","token",136
"subtlex_uk",6,24674,"bigram","ZU","token",799.999999999997
"subtlex_uk",6,24674,"bigram","ZV","token",28.0000000000001
"subtlex_uk",6,24674,"bigram","ZW","token",49.0000000000002
"subtlex_uk",6,24674,"bigram","ZX","token",0
"subtlex_uk",6,24674,"bigram","ZY","token",2684.00000000001
"subtlex_uk",6,24674,"bigram","ZZ","token",10036
"subtlex_uk",7,26018,"bigram","AA","token",5040.00000000001
"subtlex_uk",7,26018,"bigram","AB","token",60535
"subtlex_uk",7,26018,"bigram","AC","token",261433
"subtlex_uk",7,26018,"bigram","AD","token",233111
"subtlex_uk",7,26018,"bigram","AE","token",34506.9999999999
"subtlex_uk",7,26018,"bigram","AF","token",33906
"subtlex_uk",7,26018,"bigram","AG","token",267533
"subtlex_uk",7,26018,"bigram","AH","token",9903
"subtlex_uk",7,26018,"bigram","AI","token",348768.000000001
"subtlex_uk",7,26018,"bigram","AJ","token",4647
"subtlex_uk",7,26018,"bigram","AK","token",60129.9999999999
"subtlex_uk",7,26018,"bigram","AL","token",758897.000000001
"subtlex_uk",7,26018,"bigram","AM","token",240780
"subtlex_uk",7,26018,"bigram","AN","token",881547.999999999
"subtlex_uk",7,26018,"bigram","AO","token",2261
"subtlex_uk",7,26018,"bigram","AP","token",171839
"subtlex_uk",7,26018,"bigram","AQ","token",1313
"subtlex_uk",7,26018,"bigram","AR","token",869245
"subtlex_uk",7,26018,"bigram","AS","token",272749
"subtlex_uk",7,26018,"bigram","AT","token",353343
"subtlex_uk",7,26018,"bigram","AU","token",405735.000000002
"subtlex_uk",7,26018,"bigram","AV","token",80891
"subtlex_uk",7,26018,"bigram","AW","token",34078.9999999999
"subtlex_uk",7,26018,"bigram","AX","token",14220
"subtlex_uk",7,26018,"bigram","AY","token",170293
"subtlex_uk",7,26018,"bigram","AZ","token",52023.0000000001
"subtlex_uk",7,26018,"bigram","BA","token",134676
"subtlex_uk",7,26018,"bigram","BB","token",34222.9999999999
"subtlex_uk",7,26018,"bigram","BC","token",249
"subtlex_uk",7,26018,"bigram","BD","token",930.000000000003
"subtlex_uk",7,26018,"bigram","BE","token",689947.000000001
"subtlex_uk",7,26018,"bigram","BF","token",1.99999999999998
"subtlex_uk",7,26018,"bigram","BG","token",73.9999999999994
"subtlex_uk",7,26018,"bigram","BH","token",1161.00000000001
"subtlex_uk",7,26018,"bigram","BI","token",125427
"subtlex_uk",7,26018,"bigram","BJ","token",15395
"subtlex_uk",7,26018,"bigram","BK","token",10
"subtlex_uk",7,26018,"bigram","BL","token",153134.000000001
"subtlex_uk",7,26018,"bigram","BM","token",51
"subtlex_uk",7,26018,"bigram","BN","token",262.000000000001
"subtlex_uk",7,26018,"bigram","BO","token",86671.9999999999
"subtlex_uk",7,26018,"bigram","BP","token",46.0000000000001
"subtlex_uk",7,26018,"bigram","BQ","token",0
"subtlex_uk",7,26018,"bigram","BR","token",242176.000000001
"subtlex_uk",7,26018,"bigram","BS","token",24853.9999999999
"subtlex_uk",7,26018,"bigram","BT","token",859.999999999996
"subtlex_uk",7,26018,"bigram","BU","token",62739.0000000001
"subtlex_uk",7,26018,"bigram","BV","token",8942.00000000007
"subtlex_uk",7,26018,"bigram","BW","token",351.000000000001
"subtlex_uk",7,26018,"bigram","BX","token",0
"subtlex_uk",7,26018,"bigram","BY","token",28563
"subtlex_uk",7,26018,"bigram","BZ","token",32.0000000000001
"subtlex_uk",7,26018,"bigram","CA","token",622831.000000002
"subtlex_uk",7,26018,"bigram","CB","token",1034.99999999999
"subtlex_uk",7,26018,"bigram","CC","token",46360
"subtlex_uk",7,26018,"bigram","CD","token",205
"subtlex_uk",7,26018,"bigram","CE","token",386245
"subtlex_uk",7,26018,"bigram","CF","token",0
"subtlex_uk",7,26018,"bigram","CG","token",1007
"subtlex_uk",7,26018,"bigram","CH","token",462391.000000001
"subtlex_uk",7,26018,"bigram","CI","token",239385
"subtlex_uk",7,26018,"bigram","CJ","token",0
"subtlex_uk",7,26018,"bigram","CK","token",226942
"subtlex_uk",7,26018,"bigram","CL","token",160100
"subtlex_uk",7,26018,"bigram","CM","token",373.999999999998
"subtlex_uk",7,26018,"bigram","CN","token",818.000000000003
"subtlex_uk",7,26018,"bigram","CO","token",644090.999999998
"subtlex_uk",7,26018,"bigram","CP","token",69.0000000000004
"subtlex_uk",7,26018,"bigram","CQ","token",2289
"subtlex_uk",7,26018,"bigram","CR","token",94207.0000000002
"subtlex_uk",7,26018,"bigram","CS","token",10487
"subtlex_uk",7,26018,"bigram","CT","token",398958
"subtlex_uk",7,26018,"bigram","CU","token",102058
"subtlex_uk",7,26018,"bigram","CV","token",109
"subtlex_uk",7,26018,"bigram","CW","token",130.000000000001
"subtlex_uk",7,26018,"bigram","CX","token",6.99999999999993
"subtlex_uk",7,26018,"bigram","CY","token",14538
"subtlex_uk",7,26018,"bigram","CZ","token",89.0000000000004
"subtlex_uk",7,26018,"bigram","DA","token",107213
"subtlex_uk",7,26018,"bigram","DB","token",14809.9999999999
"subtlex_uk",7,26018,"bigram","DC","token",331.000000000002
"subtlex_uk",7,26018,"bigram","DD","token",71708
"subtlex_uk",7,26018,"bigram","DE","token",444057.000000001
"subtlex_uk",7,26018,"bigram","DF","token",4334.99999999999
"subtlex_uk",7,26018,"bigram","DG","token",17456
"subtlex_uk",7,26018,"bigram","DH","token",1091
"subtlex_uk",7,26018,"bigram","DI","token",280332
"subtlex_uk",7,26018,"bigram","DJ","token",339
"subtlex_uk",7,26018,"bigram","DK","token",23.9999999999999
"subtlex_uk",7,26018,"bigram","DL","token",27378
"subtlex_uk",7,26018,"bigram","DM","token",6700.00000000003
"subtlex_uk",7,26018,"bigram","DN","token",4861.99999999998
"subtlex_uk",7,26018,"bigram","DO","token",100131
"subtlex_uk",7,26018,"bigram","DP","token",3653.99999999998
"subtlex_uk",7,26018,"bigram","DQ","token",0
"subtlex_uk",7,26018,"bigram","DR","token",110207
"subtlex_uk",7,26018,"bigram","DS","token",152936
"subtlex_uk",7,26018,"bigram","DT","token",2157
"subtlex_uk",7,26018,"bigram","DU","token",41476.9999999999
"subtlex_uk",7,26018,"bigram","DV","token",10975
"subtlex_uk",7,26018,"bigram","DW","token",6452
"subtlex_uk",7,26018,"bigram","DX","token",0
"subtlex_uk",7,26018,"bigram","DY","token",95295.9999999999
"subtlex_uk",7,26018,"bigram","DZ","token",454.000000000001
"subtlex_uk",7,26018,"bigram","EA","token",642207
"subtlex_uk",7,26018,"bigram","EB","token",33492.9999999998
"subtlex_uk",7,26018,"bigram","EC","token",738824.000000003
"subtlex_uk",7,26018,"bigram","ED","token",960104.000000001
"subtlex_uk",7,26018,"bigram","EE","token",286048.999999999
"subtlex_uk",7,26018,"bigram","EF","token",97216.0000000004
"subtlex_uk",7,26018,"bigram","EG","token",58310
"subtlex_uk",7,26018,"bigram","EH","token",17293
"subtlex_uk",7,26018,"bigram","EI","token",50271.0000000001
"subtlex_uk",7,26018,"bigram","EJ","token",1142
"subtlex_uk",7,26018,"bigram","EK","token",26342.9999999998
"subtlex_uk",7,26018,"bigram","EL","token",538920.999999999
"subtlex_uk",7,26018,"bigram","EM","token",192504.000000001
"subtlex_uk",7,26018,"bigram","EN","token",834851
"subtlex_uk",7,26018,"bigram","EO","token",81540.9999999998
"subtlex_uk",7,26018,"bigram","EP","token",87656.0000000001
"subtlex_uk",7,26018,"bigram","EQ","token",11860
"subtlex_uk",7,26018,"bigram","ER","token",1558450
"subtlex_uk",7,26018,"bigram","ES","token",898293.000000002
"subtlex_uk",7,26018,"bigram","ET","token",493482.999999999
"subtlex_uk",7,26018,"bigram","EU","token",11736
"subtlex_uk",7,26018,"bigram","EV","token",202931
"subtlex_uk",7,26018,"bigram","EW","token",32742
"subtlex_uk",7,26018,"bigram","EX","token",162067
"subtlex_uk",7,26018,"bigram","EY","token",79153.9999999998
"subtlex_uk",7,26018,"bigram","EZ","token",9012.00000000004
"subtlex_uk",7,26018,"bigram","FA","token",105481
"subtlex_uk",7,26018,"bigram","FB","token",59.0000000000005
"subtlex_uk",7,26018,"bigram","FC","token",33.0000000000002
"subtlex_uk",7,26018,"bigram","FD","token",91.0000000000007
"subtlex_uk",7,26018,"bigram","FE","token",160541
"subtlex_uk",7,26018,"bigram","FF","token",88265.0000000001
"subtlex_uk",7,26018,"bigram","FG","token",679.999999999994
"subtlex_uk",7,26018,"bigram","FH","token",45.9999999999998
"subtlex_uk",7,26018,"bigram","FI","token",193668.000000001
"subtlex_uk",7,26018,"bigram","FJ","token",0
"subtlex_uk",7,26018,"bigram","FK","token",64.0000000000001
"subtlex_uk",7,26018,"bigram","FL","token",53423.0000000002
"subtlex_uk",7,26018,"bigram","FM","token",459.999999999999
"subtlex_uk",7,26018,"bigram","FN","token",235
"subtlex_uk",7,26018,"bigram","FO","token",148463
"subtlex_uk",7,26018,"bigram","FP","token",72.9999999999996
"subtlex_uk",7,26018,"bigram","FQ","token",0
"subtlex_uk",7,26018,"bigram","FR","token",90362.0000000004
"subtlex_uk",7,26018,"bigram","FS","token",3327
"subtlex_uk",7,26018,"bigram","FT","token",8944.99999999999
"subtlex_uk",7,26018,"bigram","FU","token",103622
"subtlex_uk",7,26018,"bigram","FV","token",0
"subtlex_uk",7,26018,"bigram","FW","token",6123.99999999999
"subtlex_uk",7,26018,"bigram","FX","token",0
"subtlex_uk",7,26018,"bigram","FY","token",8265.99999999999
"subtlex_uk",7,26018,"bigram","FZ","token",1.99999999999998
"subtlex_uk",7,26018,"bigram","GA","token",138530
"subtlex_uk",7,26018,"bigram","GB","token",421
"subtlex_uk",7,26018,"bigram","GC","token",11.9999999999999
"subtlex_uk",7,26018,"bigram","GD","token",8233.00000000006
"subtlex_uk",7,26018,"bigram","GE","token",535594
"subtlex_uk",7,26018,"bigram","GF","token",299.000000000002
"subtlex_uk",7,26018,"bigram","GG","token",70647.0000000002
"subtlex_uk",7,26018,"bigram","GH","token",478312
"subtlex_uk",7,26018,"bigram","GI","token",110277
"subtlex_uk",7,26018,"bigram","GJ","token",0
"subtlex_uk",7,26018,"bigram","GK","token",529.000000000004
"subtlex_uk",7,26018,"bigram","GL","token",116456.000000001
"subtlex_uk",7,26018,"bigram","GM","token",1467
"subtlex_uk",7,26018,"bigram","GN","token",26616.0000000001
"subtlex_uk",7,26018,"bigram","GO","token",47514.9999999999
"subtlex_uk",7,26018,"bigram","GP","token",456.000000000002
"subtlex_uk",7,26018,"bigram","GQ","token",0
"subtlex_uk",7,26018,"bigram","GR","token",83766.9999999999
"subtlex_uk",7,26018,"bigram","GS","token",26452
"subtlex_uk",7,26018,"bigram","GT","token",2628.00000000002
"subtlex_uk",7,26018,"bigram","GU","token",46543.0000000001
"subtlex_uk",7,26018,"bigram","GV","token",10.0000000000001
"subtlex_uk",7,26018,"bigram","GW","token",1513
"subtlex_uk",7,26018,"bigram","GX","token",8.99999999999991
"subtlex_uk",7,26018,"bigram","GY","token",7970.99999999999
"subtlex_uk",7,26018,"bigram","GZ","token",51.0000000000001
"subtlex_uk",7,26018,"bigram","HA","token",382930.000000001
"subtlex_uk",7,26018,"bigram","HB","token",70.0000000000004
"subtlex_uk",7,26018,"bigram","HC","token",1.99999999999998
"subtlex_uk",7,26018,"bigram","HD","token",1243.99999999999
"subtlex_uk",7,26018,"bigram","HE","token",671987.999999999
"subtlex_uk",7,26018,"bigram","HF","token",570
"subtlex_uk",7,26018,"bigram","HG","token",48.9999999999998
"subtlex_uk",7,26018,"bigram","HH","token",1404
"subtlex_uk",7,26018,"bigram","HI","token",325570.999999999
"subtlex_uk",7,26018,"bigram","HJ","token",25.9999999999999
"subtlex_uk",7,26018,"bigram","HK","token",200
"subtlex_uk",7,26018,"bigram","HL","token",9305.00000000003
"subtlex_uk",7,26018,"bigram","HM","token",2271
"subtlex_uk",7,26018,"bigram","HN","token",7489.00000000001
"subtlex_uk",7,26018,"bigram","HO","token",393698.999999998
"subtlex_uk",7,26018,"bigram","HP","token",46.9999999999999
"subtlex_uk",7,26018,"bigram","HQ","token",15.0000000000002
"subtlex_uk",7,26018,"bigram","HR","token",187138.000000001
"subtlex_uk",7,26018,"bigram","HS","token",3266.00000000002
"subtlex_uk",7,26018,"bigram","HT","token",269655.999999999
"subtlex_uk",7,26018,"bigram","HU","token",57099.0000000002
"subtlex_uk",7,26018,"bigram","HV","token",59.0000000000002
"subtlex_uk",7,26018,"bigram","HW","token",2078.00000000001
"subtlex_uk",7,26018,"bigram","HX","token",0
"subtlex_uk",7,26018,"bigram","HY","token",23868
"subtlex_uk",7,26018,"bigram","HZ","token",79.9999999999997
"subtlex_uk",7,26018,"bigram","IA","token",132425
"subtlex_uk",7,26018,"bigram","IB","token",40436
"subtlex_uk",7,26018,"bigram","IC","token",478007.000000001
"subtlex_uk",7,26018,"bigram","ID","token",170430
"subtlex_uk",7,26018,"bigram","IE","token",459159
"subtlex_uk",7,26018,"bigram","IF","token",35427
"subtlex_uk",7,26018,"bigram","IG","token",193421.000000001
"subtlex_uk",7,26018,"bigram","IH","token",594.999999999998
"subtlex_uk",7,26018,"bigram","II","token",366.000000000002
"subtlex_uk",7,26018,"bigram","IJ","token",2646.00000000002
"subtlex_uk",7,26018,"bigram","IK","token",11328
"subtlex_uk",7,26018,"bigram","IL","token",317803
"subtlex_uk",7,26018,"bigram","IM","token",182860
"subtlex_uk",7,26018,"bigram","IN","token",2618188
"subtlex_uk",7,26018,"bigram","IO","token",300987
"subtlex_uk",7,26018,"bigram","IP","token",37952.0000000001
"subtlex_uk",7,26018,"bigram","IQ","token",5405.99999999998
"subtlex_uk",7,26018,"bigram","IR","token",126992
"subtlex_uk",7,26018,"bigram","IS","token",392456.000000001
"subtlex_uk",7,26018,"bigram","IT","token",565447.000000001
"subtlex_uk",7,26018,"bigram","IU","token",17201.9999999999
"subtlex_uk",7,26018,"bigram","IV","token",135463
"subtlex_uk",7,26018,"bigram","IW","token",105.000000000001
"subtlex_uk",7,26018,"bigram","IX","token",8635.99999999996
"subtlex_uk",7,26018,"bigram","IY","token",151
"subtlex_uk",7,26018,"bigram","IZ","token",15710
"subtlex_uk",7,26018,"bigram","JA","token",27188.9999999999
"subtlex_uk",7,26018,"bigram","JB","token",0
"subtlex_uk",7,26018,"bigram","JC","token",0
"subtlex_uk",7,26018,"bigram","JD","token",15.0000000000002
"subtlex_uk",7,26018,"bigram","JE","token",48730
"subtlex_uk",7,26018,"bigram","JF","token",0
"subtlex_uk",7,26018,"bigram","JG","token",0
"subtlex_uk",7,26018,"bigram","JH","token",42.0000000000003
"subtlex_uk",7,26018,"bigram","JI","token",4003.00000000002
"subtlex_uk",7,26018,"bigram","JJ","token",42.0000000000003
"subtlex_uk",7,26018,"bigram","JK","token",8.00000000000003
"subtlex_uk",7,26018,"bigram","JL","token",0
"subtlex_uk",7,26018,"bigram","JM","token",0
"subtlex_uk",7,26018,"bigram","JN","token",32.9999999999997
"subtlex_uk",7,26018,"bigram","JO","token",51277.9999999999
"subtlex_uk",7,26018,"bigram","JP","token",0
"subtlex_uk",7,26018,"bigram","JQ","token",0
"subtlex_uk",7,26018,"bigram","JR","token",0
"subtlex_uk",7,26018,"bigram","JS","token",1.99999999999998
"subtlex_uk",7,26018,"bigram","JT","token",4.99999999999995
"subtlex_uk",7,26018,"bigram","JU","token",35512.0000000001
"subtlex_uk",7,26018,"bigram","JV","token",15.9999999999998
"subtlex_uk",7,26018,"bigram","JW","token",0
"subtlex_uk",7,26018,"bigram","JX","token",0
"subtlex_uk",7,26018,"bigram","JY","token",4.00000000000001
"subtlex_uk",7,26018,"bigram","JZ","token",0
"subtlex_uk",7,26018,"bigram","KA","token",14531
"subtlex_uk",7,26018,"bigram","KB","token",84.0000000000002
"subtlex_uk",7,26018,"bigram","KC","token",4.99999999999996
"subtlex_uk",7,26018,"bigram","KD","token",303.999999999999
"subtlex_uk",7,26018,"bigram","KE","token",234664
"subtlex_uk",7,26018,"bigram","KF","token",52.0000000000002
"subtlex_uk",7,26018,"bigram","KG","token",2.99999999999998
"subtlex_uk",7,26018,"bigram","KH","token",3489.00000000001
"subtlex_uk",7,26018,"bigram","KI","token",473322.000000001
"subtlex_uk",7,26018,"bigram","KJ","token",13.9999999999999
"subtlex_uk",7,26018,"bigram","KK","token",336
"subtlex_uk",7,26018,"bigram","KL","token",45715.9999999999
"subtlex_uk",7,26018,"bigram","KM","token",1367
"subtlex_uk",7,26018,"bigram","KN","token",23949
"subtlex_uk",7,26018,"bigram","KO","token",6997.00000000002
"subtlex_uk",7,26018,"bigram","KP","token",7536.99999999997
"subtlex_uk",7,26018,"bigram","KQ","token",0
"subtlex_uk",7,26018,"bigram","KR","token",2582.00000000001
"subtlex_uk",7,26018,"bigram","KS","token",12766
"subtlex_uk",7,26018,"bigram","KT","token",589.000000000003
"subtlex_uk",7,26018,"bigram","KU","token",1214
"subtlex_uk",7,26018,"bigram","KV","token",106
"subtlex_uk",7,26018,"bigram","KW","token",4218.99999999998
"subtlex_uk",7,26018,"bigram","KX","token",0
"subtlex_uk",7,26018,"bigram","KY","token",6014.99999999997
"subtlex_uk",7,26018,"bigram","KZ","token",0
"subtlex_uk",7,26018,"bigram","LA","token",461778
"subtlex_uk",7,26018,"bigram","LB","token",4015.00000000001
"subtlex_uk",7,26018,"bigram","LC","token",67734.9999999995
"subtlex_uk",7,26018,"bigram","LD","token",42116
"subtlex_uk",7,26018,"bigram","LE","token",623755.000000001
"subtlex_uk",7,26018,"bigram","LF","token",69321.9999999995
"subtlex_uk",7,26018,"bigram","LG","token",5027.99999999999
"subtlex_uk",7,26018,"bigram","LH","token",381.999999999999
"subtlex_uk",7,26018,"bigram","LI","token",669696.000000001
"subtlex_uk",7,26018,"bigram","LJ","token",115.000000000001
"subtlex_uk",7,26018,"bigram","LK","token",87347.0000000005
"subtlex_uk",7,26018,"bigram","LL","token",434482
"subtlex_uk",7,26018,"bigram","LM","token",15404
"subtlex_uk",7,26018,"bigram","LN","token",5381.00000000005
"subtlex_uk",7,26018,"bigram","LO","token",337297
"subtlex_uk",7,26018,"bigram","LP","token",21724.9999999999
"subtlex_uk",7,26018,"bigram","LQ","token",33.0000000000003
"subtlex_uk",7,26018,"bigram","LR","token",61135.0000000002
"subtlex_uk",7,26018,"bigram","LS","token",92324.9999999999
"subtlex_uk",7,26018,"bigram","LT","token",70576.0000000001
"subtlex_uk",7,26018,"bigram","LU","token",41535
"subtlex_uk",7,26018,"bigram","LV","token",11814
"subtlex_uk",7,26018,"bigram","LW","token",9132.99999999997
"subtlex_uk",7,26018,"bigram","LX","token",0
"subtlex_uk",7,26018,"bigram","LY","token",262363
"subtlex_uk",7,26018,"bigram","LZ","token",176.000000000001
"subtlex_uk",7,26018,"bigram","MA","token",407780
"subtlex_uk",7,26018,"bigram","MB","token",75532
"subtlex_uk",7,26018,"bigram","MC","token",6088
"subtlex_uk",7,26018,"bigram","MD","token",237
"subtlex_uk",7,26018,"bigram","ME","token",402643
"subtlex_uk",7,26018,"bigram","MF","token",5482.00000000005
"subtlex_uk",7,26018,"bigram","MG","token",29.0000000000002
"subtlex_uk",7,26018,"bigram","MH","token",95.0000000000002
"subtlex_uk",7,26018,"bigram","MI","token",296718
"subtlex_uk",7,26018,"bigram","MJ","token",18
"subtlex_uk",7,26018,"bigram","MK","token",616.999999999996
"subtlex_uk",7,26018,"bigram","ML","token",2132
"subtlex_uk",7,26018,"bigram","MM","token",42558
"subtlex_uk",7,26018,"bigram","MN","token",6072
"subtlex_uk",7,26018,"bigram","MO","token",171071.000000001
"subtlex_uk",7,26018,"bigram","MP","token",155694
"subtlex_uk",7,26018,"bigram","MQ","token",56.9999999999999
"subtlex_uk",7,26018,"bigram","MR","token",332
"subtlex_uk",7,26018,"bigram","MS","token",60131.9999999998
"subtlex_uk",7,26018,"bigram","MT","token",378.999999999998
"subtlex_uk",7,26018,"bigram","MU","token",51289
"subtlex_uk",7,26018,"bigram","MV","token",11
"subtlex_uk",7,26018,"bigram","MW","token",152.999999999999
"subtlex_uk",7,26018,"bigram","MX","token",0
"subtlex_uk",7,26018,"bigram","MY","token",45244.0000000003
"subtlex_uk",7,26018,"bigram","MZ","token",0
"subtlex_uk",7,26018,"bigram","NA","token",178288
"subtlex_uk",7,26018,"bigram","NB","token",5260.99999999998
"subtlex_uk",7,26018,"bigram","NC","token",198370
"subtlex_uk",7,26018,"bigram","ND","token",405074.000000001
"subtlex_uk",7,26018,"bigram","NE","token",440799
"subtlex_uk",7,26018,"bigram","NF","token",17269.0000000001
"subtlex_uk",7,26018,"bigram","NG","token",2126359
"subtlex_uk",7,26018,"bigram","NH","token",7554.00000000003
"subtlex_uk",7,26018,"bigram","NI","token",395628.000000002
"subtlex_uk",7,26018,"bigram","NJ","token",21196
"subtlex_uk",7,26018,"bigram","NK","token",43397.0000000001
"subtlex_uk",7,26018,"bigram","NL","token",10606
"subtlex_uk",7,26018,"bigram","NM","token",2539
"subtlex_uk",7,26018,"bigram","NN","token",125213
"subtlex_uk",7,26018,"bigram","NO","token",318097.999999999
"subtlex_uk",7,26018,"bigram","NP","token",137
"subtlex_uk",7,26018,"bigram","NQ","token",13023
"subtlex_uk",7,26018,"bigram","NR","token",2613.00000000001
"subtlex_uk",7,26018,"bigram","NS","token",329301
"subtlex_uk",7,26018,"bigram","NT","token",475860.999999999
"subtlex_uk",7,26018,"bigram","NU","token",126085
"subtlex_uk",7,26018,"bigram","NV","token",14556
"subtlex_uk",7,26018,"bigram","NW","token",3015.99999999999
"subtlex_uk",7,26018,"bigram","NX","token",4504.00000000001
"subtlex_uk",7,26018,"bigram","NY","token",85852.9999999998
"subtlex_uk",7,26018,"bigram","NZ","token",2248
"subtlex_uk",7,26018,"bigram","OA","token",24391.9999999999
"subtlex_uk",7,26018,"bigram","OB","token",109052.000000001
"subtlex_uk",7,26018,"bigram","OC","token",124567
"subtlex_uk",7,26018,"bigram","OD","token",85467.9999999998
"subtlex_uk",7,26018,"bigram","OE","token",10584
"subtlex_uk",7,26018,"bigram","OF","token",41422
"subtlex_uk",7,26018,"bigram","OG","token",15725
"subtlex_uk",7,26018,"bigram","OH","token",17532.0000000001
"subtlex_uk",7,26018,"bigram","OI","token",35814.0000000002
"subtlex_uk",7,26018,"bigram","OJ","token",17860
"subtlex_uk",7,26018,"bigram","OK","token",181242
"subtlex_uk",7,26018,"bigram","OL","token",226341
"subtlex_uk",7,26018,"bigram","OM","token",339260
"subtlex_uk",7,26018,"bigram","ON","token",751800.000000001
"subtlex_uk",7,26018,"bigram","OO","token",284506
"subtlex_uk",7,26018,"bigram","OP","token",116803
"subtlex_uk",7,26018,"bigram","OQ","token",857.999999999998
"subtlex_uk",7,26018,"bigram","OR","token",643809
"subtlex_uk",7,26018,"bigram","OS","token",109949
"subtlex_uk",7,26018,"bigram","OT","token",373218.999999998
"subtlex_uk",7,26018,"bigram","OU","token",878715.999999997
"subtlex_uk",7,26018,"bigram","OV","token",71711.0000000002
"subtlex_uk",7,26018,"bigram","OW","token",208863
"subtlex_uk",7,26018,"bigram","OX","token",5098.00000000001
"subtlex_uk",7,26018,"bigram","OY","token",29309
"subtlex_uk",7,26018,"bigram","OZ","token",2294.99999999999
"subtlex_uk",7,26018,"bigram","PA","token",215918
"subtlex_uk",7,26018,"bigram","PB","token",457.999999999999
"subtlex_uk",7,26018,"bigram","PC","token",1455
"subtlex_uk",7,26018,"bigram","PD","token",1574.99999999999
"subtlex_uk",7,26018,"bigram","PE","token",374213
"subtlex_uk",7,26018,"bigram","PF","token",3972.99999999997
"subtlex_uk",7,26018,"bigram","PG","token",854.999999999995
"subtlex_uk",7,26018,"bigram","PH","token",30464.9999999999
"subtlex_uk",7,26018,"bigram","PI","token",204147
"subtlex_uk",7,26018,"bigram","PJ","token",0
"subtlex_uk",7,26018,"bigram","PK","token",2014.00000000001
"subtlex_uk",7,26018,"bigram","PL","token",209222
"subtlex_uk",7,26018,"bigram","PM","token",1046
"subtlex_uk",7,26018,"bigram","PN","token",121.999999999999
"subtlex_uk",7,26018,"bigram","PO","token",197606
"subtlex_uk",7,26018,"bigram","PP","token",186714
"subtlex_uk",7,26018,"bigram","PQ","token",0
"subtlex_uk",7,26018,"bigram","PR","token",313905.000000001
"subtlex_uk",7,26018,"bigram","PS","token",49297.0000000002
"subtlex_uk",7,26018,"bigram","PT","token",55336
"subtlex_uk",7,26018,"bigram","PU","token",90110.9999999999
"subtlex_uk",7,26018,"bigram","PV","token",0
"subtlex_uk",7,26018,"bigram","PW","token",1847
"subtlex_uk",7,26018,"bigram","PX","token",0
"subtlex_uk",7,26018,"bigram","PY","token",9111.00000000004
"subtlex_uk",7,26018,"bigram","PZ","token",125
"subtlex_uk",7,26018,"bigram","QA","token",135
"subtlex_uk",7,26018,"bigram","QB","token",42.0000000000003
"subtlex_uk",7,26018,"bigram","QC","token",0
"subtlex_uk",7,26018,"bigram","QD","token",0
"subtlex_uk",7,26018,"bigram","QE","token",8.00000000000003
"subtlex_uk",7,26018,"bigram","QF","token",0
"subtlex_uk",7,26018,"bigram","QG","token",0
"subtlex_uk",7,26018,"bigram","QH","token",0
"subtlex_uk",7,26018,"bigram","QI","token",105
"subtlex_uk",7,26018,"bigram","QJ","token",0
"subtlex_uk",7,26018,"bigram","QK","token",0
"subtlex_uk",7,26018,"bigram","QL","token",0
"subtlex_uk",7,26018,"bigram","QM","token",0
"subtlex_uk",7,26018,"bigram","QN","token",0
"subtlex_uk",7,26018,"bigram","QO","token",0
"subtlex_uk",7,26018,"bigram","QP","token",0
"subtlex_uk",7,26018,"bigram","QQ","token",37.0000000000002
"subtlex_uk",7,26018,"bigram","QR","token",0
"subtlex_uk",7,26018,"bigram","QS","token",11.0000000000001
"subtlex_uk",7,26018,"bigram","QT","token",22.0000000000001
"subtlex_uk",7,26018,"bigram","QU","token",119101
"subtlex_uk",7,26018,"bigram","QV","token",1.99999999999998
"subtlex_uk",7,26018,"bigram","QW","token",0
"subtlex_uk",7,26018,"bigram","QX","token",0
"subtlex_uk",7,26018,"bigram","QY","token",0
"subtlex_uk",7,26018,"bigram","QZ","token",0
"subtlex_uk",7,26018,"bigram","RA","token",411440
"subtlex_uk",7,26018,"bigram","RB","token",17909
"subtlex_uk",7,26018,"bigram","RC","token",27619.9999999999
"subtlex_uk",7,26018,"bigram","RD","token",201098
"subtlex_uk",7,26018,"bigram","RE","token",1012405
"subtlex_uk",7,26018,"bigram","RF","token",62667.0000000003
"subtlex_uk",7,26018,"bigram","RG","token",73478.0000000001
"subtlex_uk",7,26018,"bigram","RH","token",37910.0000000002
"subtlex_uk",7,26018,"bigram","RI","token",673569.000000002
"subtlex_uk",7,26018,"bigram","RJ","token",332.000000000002
"subtlex_uk",7,26018,"bigram","RK","token",113617
"subtlex_uk",7,26018,"bigram","RL","token",113054
"subtlex_uk",7,26018,"bigram","RM","token",68532
"subtlex_uk",7,26018,"bigram","RN","token",185180
"subtlex_uk",7,26018,"bigram","RO","token",678358.000000002
"subtlex_uk",7,26018,"bigram","RP","token",21030
"subtlex_uk",7,26018,"bigram","RQ","token",2139
"subtlex_uk",7,26018,"bigram","RR","token",191307.999999999
"subtlex_uk",7,26018,"bigram","RS","token",411600
"subtlex_uk",7,26018,"bigram","RT","token",314942
"subtlex_uk",7,26018,"bigram","RU","token",108838
"subtlex_uk",7,26018,"bigram","RV","token",87259.0000000001
"subtlex_uk",7,26018,"bigram","RW","token",51159.0000000001
"subtlex_uk",7,26018,"bigram","RX","token",219.999999999998
"subtlex_uk",7,26018,"bigram","RY","token",270977.999999999
"subtlex_uk",7,26018,"bigram","RZ","token",368
"subtlex_uk",7,26018,"bigram","SA","token",79560.0000000003
"subtlex_uk",7,26018,"bigram","SB","token",25089.0000000001
"subtlex_uk",7,26018,"bigram","SC","token",96807.9999999999
"subtlex_uk",7,26018,"bigram","SD","token",6381.00000000004
"subtlex_uk",7,26018,"bigram","SE","token",882526.000000002
"subtlex_uk",7,26018,"bigram","SF","token",1326.99999999999
"subtlex_uk",7,26018,"bigram","SG","token",9388.99999999999
"subtlex_uk",7,26018,"bigram","SH","token",274696
"subtlex_uk",7,26018,"bigram","SI","token",338425
"subtlex_uk",7,26018,"bigram","SJ","token",10.0000000000001
"subtlex_uk",7,26018,"bigram","SK","token",15730
"subtlex_uk",7,26018,"bigram","SL","token",32772
"subtlex_uk",7,26018,"bigram","SM","token",32075.9999999999
"subtlex_uk",7,26018,"bigram","SN","token",11595
"subtlex_uk",7,26018,"bigram","SO","token",184808
"subtlex_uk",7,26018,"bigram","SP","token",159301
"subtlex_uk",7,26018,"bigram","SQ","token",9283.00000000002
"subtlex_uk",7,26018,"bigram","SR","token",2990.99999999999
"subtlex_uk",7,26018,"bigram","SS","token",290320
"subtlex_uk",7,26018,"bigram","ST","token",758429.000000001
"subtlex_uk",7,26018,"bigram","SU","token",229020
"subtlex_uk",7,26018,"bigram","SV","token",143
"subtlex_uk",7,26018,"bigram","SW","token",39185.0000000002
"subtlex_uk",7,26018,"bigram","SX","token",0
"subtlex_uk",7,26018,"bigram","SY","token",13852.0000000001
"subtlex_uk",7,26018,"bigram","SZ","token",60
"subtlex_uk",7,26018,"bigram","TA","token",434716.000000001
"subtlex_uk",7,26018,"bigram","TB","token",2644
"subtlex_uk",7,26018,"bigram","TC","token",77812
"subtlex_uk",7,26018,"bigram","TD","token",2131.99999999999
"subtlex_uk",7,26018,"bigram","TE","token",722415.000000001
"subtlex_uk",7,26018,"bigram","TF","token",3050.99999999998
"subtlex_uk",7,26018,"bigram","TG","token",751.000000000003
"subtlex_uk",7,26018,"bigram","TH","token",846484.999999997
"subtlex_uk",7,26018,"bigram","TI","token",639378.000000001
"subtlex_uk",7,26018,"bigram","TJ","token",137.999999999999
"subtlex_uk",7,26018,"bigram","TK","token",620.999999999999
"subtlex_uk",7,26018,"bigram","TL","token",102610
"subtlex_uk",7,26018,"bigram","TM","token",3783.99999999999
"subtlex_uk",7,26018,"bigram","TN","token",19950.0000000001
"subtlex_uk",7,26018,"bigram","TO","token",307965.000000001
"subtlex_uk",7,26018,"bigram","TP","token",567.000000000004
"subtlex_uk",7,26018,"bigram","TQ","token",13.9999999999999
"subtlex_uk",7,26018,"bigram","TR","token",336625.999999999
"subtlex_uk",7,26018,"bigram","TS","token",259349.999999999
"subtlex_uk",7,26018,"bigram","TT","token",335114.000000001
"subtlex_uk",7,26018,"bigram","TU","token",189753
"subtlex_uk",7,26018,"bigram","TV","token",168
"subtlex_uk",7,26018,"bigram","TW","token",91533.9999999995
"subtlex_uk",7,26018,"bigram","TX","token",19.0000000000002
"subtlex_uk",7,26018,"bigram","TY","token",135910
"subtlex_uk",7,26018,"bigram","TZ","token",1564
"subtlex_uk",7,26018,"bigram","UA","token",82392.0000000003
"subtlex_uk",7,26018,"bigram","UB","token",68530.9999999999
"subtlex_uk",7,26018,"bigram","UC","token",132810
"subtlex_uk",7,26018,"bigram","UD","token",42510.0000000001
"subtlex_uk",7,26018,"bigram","UE","token",49113
"subtlex_uk",7,26018,"bigram","UF","token",14502
"subtlex_uk",7,26018,"bigram","UG","token",393498
"subtlex_uk",7,26018,"bigram","UH","token",206.000000000001
"subtlex_uk",7,26018,"bigram","UI","token",91505.9999999999
"subtlex_uk",7,26018,"bigram","UJ","token",287
"subtlex_uk",7,26018,"bigram","UK","token",2111
"subtlex_uk",7,26018,"bigram","UL","token",118643
"subtlex_uk",7,26018,"bigram","UM","token",89677.9999999998
"subtlex_uk",7,26018,"bigram","UN","token",314710.999999999
"subtlex_uk",7,26018,"bigram","UO","token",1646
"subtlex_uk",7,26018,"bigram","UP","token",90848.9999999999
"subtlex_uk",7,26018,"bigram","UQ","token",437
"subtlex_uk",7,26018,"bigram","UR","token",411251
"subtlex_uk",7,26018,"bigram","US","token",620404.000000002
"subtlex_uk",7,26018,"bigram","UT","token",259483
"subtlex_uk",7,26018,"bigram","UU","token",88.9999999999996
"subtlex_uk",7,26018,"bigram","UV","token",2005.00000000001
"subtlex_uk",7,26018,"bigram","UW","token",86.0000000000005
"subtlex_uk",7,26018,"bigram","UX","token",606.000000000001
"subtlex_uk",7,26018,"bigram","UY","token",223
"subtlex_uk",7,26018,"bigram","UZ","token",5375.00000000003
"subtlex_uk",7,26018,"bigram","VA","token",76943
"subtlex_uk",7,26018,"bigram","VB","token",1.99999999999998
"subtlex_uk",7,26018,"bigram","VC","token",1.99999999999998
"subtlex_uk",7,26018,"bigram","VD","token",52.0000000000001
"subtlex_uk",7,26018,"bigram","VE","token",405485
"subtlex_uk",7,26018,"bigram","VF","token",0
"subtlex_uk",7,26018,"bigram","VG","token",48.0000000000002
"subtlex_uk",7,26018,"bigram","VH","token",0
"subtlex_uk",7,26018,"bigram","VI","token",229224
"subtlex_uk",7,26018,"bigram","VJ","token",0
"subtlex_uk",7,26018,"bigram","VK","token",4.00000000000001
"subtlex_uk",7,26018,"bigram","VL","token",330.000000000002
"subtlex_uk",7,26018,"bigram","VM","token",0
"subtlex_uk",7,26018,"bigram","VN","token",6.99999999999993
"subtlex_uk",7,26018,"bigram","VO","token",43751
"subtlex_uk",7,26018,"bigram","VP","token",1.99999999999998
"subtlex_uk",7,26018,"bigram","VQ","token",0
"subtlex_uk",7,26018,"bigram","VR","token",209
"subtlex_uk",7,26018,"bigram","VS","token",79.0000000000003
"subtlex_uk",7,26018,"bigram","VT","token",0
"subtlex_uk",7,26018,"bigram","VU","token",612.999999999997
"subtlex_uk",7,26018,"bigram","VV","token",438.000000000001
"subtlex_uk",7,26018,"bigram","VW","token",0
"subtlex_uk",7,26018,"bigram","VX","token",0
"subtlex_uk",7,26018,"bigram","VY","token",333.999999999999
"subtlex_uk",7,26018,"bigram","VZ","token",0
"subtlex_uk",7,26018,"bigram","WA","token",225249
"subtlex_uk",7,26018,"bigram","WB","token",3439.99999999999
"subtlex_uk",7,26018,"bigram","WC","token",148
"subtlex_uk",7,26018,"bigram","WD","token",2336.00000000001
"subtlex_uk",7,26018,"bigram","WE","token",374026.999999999
"subtlex_uk",7,26018,"bigram","WF","token",983.000000000009
"subtlex_uk",7,26018,"bigram","WG","token",192.000000000002
"subtlex_uk",7,26018,"bigram","WH","token",83956.9999999999
"subtlex_uk",7,26018,"bigram","WI","token",214522.999999999
"subtlex_uk",7,26018,"bigram","WJ","token",32.0000000000002
"subtlex_uk",7,26018,"bigram","WK","token",4473.99999999998
"subtlex_uk",7,26018,"bigram","WL","token",6878
"subtlex_uk",7,26018,"bigram","WM","token",1522
"subtlex_uk",7,26018,"bigram","WN","token",11907
"subtlex_uk",7,26018,"bigram","WO","token",125378
"subtlex_uk",7,26018,"bigram","WP","token",1579.99999999999
"subtlex_uk",7,26018,"bigram","WQ","token",278.999999999998
"subtlex_uk",7,26018,"bigram","WR","token",37110.0000000001
"subtlex_uk",7,26018,"bigram","WS","token",23085.9999999999
"subtlex_uk",7,26018,"bigram","WT","token",622
"subtlex_uk",7,26018,"bigram","WU","token",295.000000000001
"subtlex_uk",7,26018,"bigram","WV","token",0
"subtlex_uk",7,26018,"bigram","WW","token",57.9999999999997
"subtlex_uk",7,26018,"bigram","WX","token",0
"subtlex_uk",7,26018,"bigram","WY","token",4864.00000000001
"subtlex_uk",7,26018,"bigram","WZ","token",53.0000000000001
"subtlex_uk",7,26018,"bigram","XA","token",70440.9999999998
"subtlex_uk",7,26018,"bigram","XB","token",33.9999999999998
"subtlex_uk",7,26018,"bigram","XC","token",19957.0000000001
"subtlex_uk",7,26018,"bigram","XD","token",0
"subtlex_uk",7,26018,"bigram","XE","token",5381.99999999996
"subtlex_uk",7,26018,"bigram","XF","token",193.000000000001
"subtlex_uk",7,26018,"bigram","XG","token",0
"subtlex_uk",7,26018,"bigram","XH","token",2537.00000000001
"subtlex_uk",7,26018,"bigram","XI","token",15969
"subtlex_uk",7,26018,"bigram","XJ","token",0
"subtlex_uk",7,26018,"bigram","XK","token",4.00000000000001
"subtlex_uk",7,26018,"bigram","XL","token",127.999999999999
"subtlex_uk",7,26018,"bigram","XM","token",209.000000000002
"subtlex_uk",7,26018,"bigram","XN","token",4.99999999999995
"subtlex_uk",7,26018,"bigram","XO","token",239.000000000001
"subtlex_uk",7,26018,"bigram","XP","token",42897.9999999999
"subtlex_uk",7,26018,"bigram","XQ","token",0
"subtlex_uk",7,26018,"bigram","XR","token",72.0000000000001
"subtlex_uk",7,26018,"bigram","XS","token",67.9999999999997
"subtlex_uk",7,26018,"bigram","XT","token",23896
"subtlex_uk",7,26018,"bigram","XU","token",91.0000000000005
"subtlex_uk",7,26018,"bigram","XV","token",0
"subtlex_uk",7,26018,"bigram","XW","token",904.999999999995
"subtlex_uk",7,26018,"bigram","XX","token",8.0000000000001
"subtlex_uk",7,26018,"bigram","XY","token",8.99999999999997
"subtlex_uk",7,26018,"bigram","XZ","token",2.99999999999998
"subtlex_uk",7,26018,"bigram","YA","token",7564.00000000003
"subtlex_uk",7,26018,"bigram","YB","token",23650.9999999998
"subtlex_uk",7,26018,"bigram","YC","token",9174.99999999998
"subtlex_uk",7,26018,"bigram","YD","token",2189
"subtlex_uk",7,26018,"bigram","YE","token",81412.9999999999
"subtlex_uk",7,26018,"bigram","YF","token",1210
"subtlex_uk",7,26018,"bigram","YG","token",1128
"subtlex_uk",7,26018,"bigram","YH","token",405.999999999998
"subtlex_uk",7,26018,"bigram","YI","token",64428.0000000002
"subtlex_uk",7,26018,"bigram","YJ","token",1231
"subtlex_uk",7,26018,"bigram","YK","token",182.000000000001
"subtlex_uk",7,26018,"bigram","YL","token",6128.00000000002
"subtlex_uk",7,26018,"bigram","YM","token",27907.9999999999
"subtlex_uk",7,26018,"bigram","YN","token",11210
"subtlex_uk",7,26018,"bigram","YO","token",13644
"subtlex_uk",7,26018,"bigram","YP","token",8088.00000000001
"subtlex_uk",7,26018,"bigram","YQ","token",2.99999999999998
"subtlex_uk",7,26018,"bigram","YR","token",4334.00000000001
"subtlex_uk",7,26018,"bigram","YS","token",39986.0000000001
"subtlex_uk",7,26018,"bigram","YT","token",3671.99999999999
"subtlex_uk",7,26018,"bigram","YU","token",674.999999999999
"subtlex_uk",7,26018,"bigram","YV","token",84.0000000000006
"subtlex_uk",7,26018,"bigram","YW","token",1276
"subtlex_uk",7,26018,"bigram","YX","token",8.0000000000001
"subtlex_uk",7,26018,"bigram","YY","token",45.0000000000001
"subtlex_uk",7,26018,"bigram","YZ","token",137
"subtlex_uk",7,26018,"bigram","ZA","token",8939.00000000005
"subtlex_uk",7,26018,"bigram","ZB","token",17
"subtlex_uk",7,26018,"bigram","ZC","token",33
"subtlex_uk",7,26018,"bigram","ZD","token",29.9999999999998
"subtlex_uk",7,26018,"bigram","ZE","token",20756
"subtlex_uk",7,26018,"bigram","ZF","token",0
"subtlex_uk",7,26018,"bigram","ZG","token",4.00000000000001
"subtlex_uk",7,26018,"bigram","ZH","token",116
"subtlex_uk",7,26018,"bigram","ZI","token",52911.0000000001
"subtlex_uk",7,26018,"bigram","ZJ","token",0
"subtlex_uk",7,26018,"bigram","ZK","token",51.9999999999996
"subtlex_uk",7,26018,"bigram","ZL","token",4134
"subtlex_uk",7,26018,"bigram","ZM","token",210
"subtlex_uk",7,26018,"bigram","ZN","token",61
"subtlex_uk",7,26018,"bigram","ZO","token",5419.99999999998
"subtlex_uk",7,26018,"bigram","ZP","token",30
"subtlex_uk",7,26018,"bigram","ZQ","token",4.00000000000001
"subtlex_uk",7,26018,"bigram","ZR","token",82.9999999999996
"subtlex_uk",7,26018,"bigram","ZS","token",48.0000000000001
"subtlex_uk",7,26018,"bigram","ZT","token",3.99999999999996
"subtlex_uk",7,26018,"bigram","ZU","token",527.999999999998
"subtlex_uk",7,26018,"bigram","ZV","token",98.000000000001
"subtlex_uk",7,26018,"bigram","ZW","token",32.0000000000001
"subtlex_uk",7,26018,"bigram","ZX","token",0
"subtlex_uk",7,26018,"bigram","ZY","token",1864.99999999999
"subtlex_uk",7,26018,"bigram","ZZ","token",8519.00000000002
"subtlex_uk",8,22770,"bigram","AA","token",2021
"subtlex_uk",8,22770,"bigram","AB","token",149719.999999999
"subtlex_uk",8,22770,"bigram","AC","token",335162.000000002
"subtlex_uk",8,22770,"bigram","AD","token",103886
"subtlex_uk",8,22770,"bigram","AE","token",5743.00000000001
"subtlex_uk",8,22770,"bigram","AF","token",22924.9999999999
"subtlex_uk",8,22770,"bigram","AG","token",101759
"subtlex_uk",8,22770,"bigram","AH","token",7658.99999999999
"subtlex_uk",8,22770,"bigram","AI","token",206403
"subtlex_uk",8,22770,"bigram","AJ","token",12056
"subtlex_uk",8,22770,"bigram","AK","token",53322.0000000003
"subtlex_uk",8,22770,"bigram","AL","token",550910.000000002
"subtlex_uk",8,22770,"bigram","AM","token",167124.000000001
"subtlex_uk",8,22770,"bigram","AN","token",664996.000000001
"subtlex_uk",8,22770,"bigram","AO","token",442.999999999999
"subtlex_uk",8,22770,"bigram","AP","token",129272
"subtlex_uk",8,22770,"bigram","AQ","token",1210
"subtlex_uk",8,22770,"bigram","AR","token",418072
"subtlex_uk",8,22770,"bigram","AS","token",168267.000000001
"subtlex_uk",8,22770,"bigram","AT","token",473252
"subtlex_uk",8,22770,"bigram","AU","token",75245.9999999999
"subtlex_uk",8,22770,"bigram","AV","token",26028
"subtlex_uk",8,22770,"bigram","AW","token",18637
"subtlex_uk",8,22770,"bigram","AX","token",7222.00000000001
"subtlex_uk",8,22770,"bigram","AY","token",80368.0000000001
"subtlex_uk",8,22770,"bigram","AZ","token",7602.99999999995
"subtlex_uk",8,22770,"bigram","BA","token",191669
"subtlex_uk",8,22770,"bigram","BB","token",8444.00000000002
"subtlex_uk",8,22770,"bigram","BC","token",95.0000000000006
"subtlex_uk",8,22770,"bigram","BD","token",778.000000000001
"subtlex_uk",8,22770,"bigram","BE","token",181397
"subtlex_uk",8,22770,"bigram","BF","token",17.9999999999999
"subtlex_uk",8,22770,"bigram","BG","token",49.9999999999997
"subtlex_uk",8,22770,"bigram","BH","token",156
"subtlex_uk",8,22770,"bigram","BI","token",56042.0000000001
"subtlex_uk",8,22770,"bigram","BJ","token",2457.00000000001
"subtlex_uk",8,22770,"bigram","BK","token",15.9999999999999
"subtlex_uk",8,22770,"bigram","BL","token",272569.999999999
"subtlex_uk",8,22770,"bigram","BM","token",82.0000000000002
"subtlex_uk",8,22770,"bigram","BN","token",418.000000000001
"subtlex_uk",8,22770,"bigram","BO","token",85237.9999999998
"subtlex_uk",8,22770,"bigram","BP","token",77.9999999999994
"subtlex_uk",8,22770,"bigram","BQ","token",0
"subtlex_uk",8,22770,"bigram","BR","token",88845
"subtlex_uk",8,22770,"bigram","BS","token",18789
"subtlex_uk",8,22770,"bigram","BT","token",2572.00000000001
"subtlex_uk",8,22770,"bigram","BU","token",136237
"subtlex_uk",8,22770,"bigram","BV","token",6.99999999999993
"subtlex_uk",8,22770,"bigram","BW","token",1252.00000000001
"subtlex_uk",8,22770,"bigram","BX","token",0
"subtlex_uk",8,22770,"bigram","BY","token",2164
"subtlex_uk",8,22770,"bigram","BZ","token",4.00000000000001
"subtlex_uk",8,22770,"bigram","CA","token",205373.000000001
"subtlex_uk",8,22770,"bigram","CB","token",462.999999999998
"subtlex_uk",8,22770,"bigram","CC","token",37666.0000000002
"subtlex_uk",8,22770,"bigram","CD","token",1787
"subtlex_uk",8,22770,"bigram","CE","token",282723
"subtlex_uk",8,22770,"bigram","CF","token",261
"subtlex_uk",8,22770,"bigram","CG","token",1129
"subtlex_uk",8,22770,"bigram","CH","token",343583.000000001
"subtlex_uk",8,22770,"bigram","CI","token",162783
"subtlex_uk",8,22770,"bigram","CJ","token",0
"subtlex_uk",8,22770,"bigram","CK","token",99867.0000000001
"subtlex_uk",8,22770,"bigram","CL","token",68559.0000000001
"subtlex_uk",8,22770,"bigram","CM","token",406.999999999999
"subtlex_uk",8,22770,"bigram","CN","token",340.000000000001
"subtlex_uk",8,22770,"bigram","CO","token",388998.999999999
"subtlex_uk",8,22770,"bigram","CP","token",3.99999999999996
"subtlex_uk",8,22770,"bigram","CQ","token",1459.00000000001
"subtlex_uk",8,22770,"bigram","CR","token",110069
"subtlex_uk",8,22770,"bigram","CS","token",34384.9999999999
"subtlex_uk",8,22770,"bigram","CT","token",336132.000000001
"subtlex_uk",8,22770,"bigram","CU","token",76073.9999999998
"subtlex_uk",8,22770,"bigram","CV","token",11
"subtlex_uk",8,22770,"bigram","CW","token",8.99999999999999
"subtlex_uk",8,22770,"bigram","CX","token",0
"subtlex_uk",8,22770,"bigram","CY","token",12207
"subtlex_uk",8,22770,"bigram","CZ","token",96.0000000000001
"subtlex_uk",8,22770,"bigram","DA","token",118224
"subtlex_uk",8,22770,"bigram","DB","token",4435.00000000001
"subtlex_uk",8,22770,"bigram","DC","token",1659
"subtlex_uk",8,22770,"bigram","DD","token",29948.0000000001
"subtlex_uk",8,22770,"bigram","DE","token",364588
"subtlex_uk",8,22770,"bigram","DF","token",9562.00000000002
"subtlex_uk",8,22770,"bigram","DG","token",11744
"subtlex_uk",8,22770,"bigram","DH","token",1654
"subtlex_uk",8,22770,"bigram","DI","token",276040.000000001
"subtlex_uk",8,22770,"bigram","DJ","token",1886.99999999999
"subtlex_uk",8,22770,"bigram","DK","token",625.999999999996
"subtlex_uk",8,22770,"bigram","DL","token",43053.0000000001
"subtlex_uk",8,22770,"bigram","DM","token",7724.99999999999
"subtlex_uk",8,22770,"bigram","DN","token",15943
"subtlex_uk",8,22770,"bigram","DO","token",57964
"subtlex_uk",8,22770,"bigram","DP","token",786.000000000002
"subtlex_uk",8,22770,"bigram","DQ","token",1.99999999999998
"subtlex_uk",8,22770,"bigram","DR","token",147833.000000001
"subtlex_uk",8,22770,"bigram","DS","token",66489.0000000002
"subtlex_uk",8,22770,"bigram","DT","token",1340
"subtlex_uk",8,22770,"bigram","DU","token",52795.0000000002
"subtlex_uk",8,22770,"bigram","DV","token",6593.00000000003
"subtlex_uk",8,22770,"bigram","DW","token",11053
"subtlex_uk",8,22770,"bigram","DX","token",0
"subtlex_uk",8,22770,"bigram","DY","token",49869.9999999997
"subtlex_uk",8,22770,"bigram","DZ","token",200.999999999999
"subtlex_uk",8,22770,"bigram","EA","token",354044
"subtlex_uk",8,22770,"bigram","EB","token",62821.9999999998
"subtlex_uk",8,22770,"bigram","EC","token",280805
"subtlex_uk",8,22770,"bigram","ED","token",751816
"subtlex_uk",8,22770,"bigram","EE","token",83026.0000000001
"subtlex_uk",8,22770,"bigram","EF","token",48806
"subtlex_uk",8,22770,"bigram","EG","token",61586.9999999999
"subtlex_uk",8,22770,"bigram","EH","token",10543
"subtlex_uk",8,22770,"bigram","EI","token",30247
"subtlex_uk",8,22770,"bigram","EJ","token",3110.00000000001
"subtlex_uk",8,22770,"bigram","EK","token",3694.99999999999
"subtlex_uk",8,22770,"bigram","EL","token",269769
"subtlex_uk",8,22770,"bigram","EM","token",281039
"subtlex_uk",8,22770,"bigram","EN","token",621654.000000001
"subtlex_uk",8,22770,"bigram","EO","token",27717.9999999999
"subtlex_uk",8,22770,"bigram","EP","token",82192.0000000001
"subtlex_uk",8,22770,"bigram","EQ","token",17454
"subtlex_uk",8,22770,"bigram","ER","token",1155275
"subtlex_uk",8,22770,"bigram","ES","token",797589.000000001
"subtlex_uk",8,22770,"bigram","ET","token",229709
"subtlex_uk",8,22770,"bigram","EU","token",38107.9999999999
"subtlex_uk",8,22770,"bigram","EV","token",199957
"subtlex_uk",8,22770,"bigram","EW","token",20962
"subtlex_uk",8,22770,"bigram","EX","token",82430.0000000001
"subtlex_uk",8,22770,"bigram","EY","token",23629
"subtlex_uk",8,22770,"bigram","EZ","token",7084.00000000001
"subtlex_uk",8,22770,"bigram","FA","token",68401.0000000001
"subtlex_uk",8,22770,"bigram","FB","token",215.999999999999
"subtlex_uk",8,22770,"bigram","FC","token",46
"subtlex_uk",8,22770,"bigram","FD","token",23.0000000000001
"subtlex_uk",8,22770,"bigram","FE","token",96788
"subtlex_uk",8,22770,"bigram","FF","token",64016
"subtlex_uk",8,22770,"bigram","FG","token",256.999999999999
"subtlex_uk",8,22770,"bigram","FH","token",35.0000000000002
"subtlex_uk",8,22770,"bigram","FI","token",126438
"subtlex_uk",8,22770,"bigram","FJ","token",0
"subtlex_uk",8,22770,"bigram","FK","token",13
"subtlex_uk",8,22770,"bigram","FL","token",39998
"subtlex_uk",8,22770,"bigram","FM","token",104
"subtlex_uk",8,22770,"bigram","FN","token",119.999999999999
"subtlex_uk",8,22770,"bigram","FO","token",87333.0000000003
"subtlex_uk",8,22770,"bigram","FP","token",49.9999999999999
"subtlex_uk",8,22770,"bigram","FQ","token",0
"subtlex_uk",8,22770,"bigram","FR","token",31118.9999999999
"subtlex_uk",8,22770,"bigram","FS","token",2440.00000000002
"subtlex_uk",8,22770,"bigram","FT","token",14143
"subtlex_uk",8,22770,"bigram","FU","token",45773
"subtlex_uk",8,22770,"bigram","FV","token",0
"subtlex_uk",8,22770,"bigram","FW","token",12.0000000000001
"subtlex_uk",8,22770,"bigram","FX","token",0
"subtlex_uk",8,22770,"bigram","FY","token",5292.99999999996
"subtlex_uk",8,22770,"bigram","FZ","token",2.99999999999998
"subtlex_uk",8,22770,"bigram","GA","token",57994.9999999999
"subtlex_uk",8,22770,"bigram","GB","token",351.999999999999
"subtlex_uk",8,22770,"bigram","GC","token",61.0000000000001
"subtlex_uk",8,22770,"bigram","GD","token",623.999999999998
"subtlex_uk",8,22770,"bigram","GE","token",229042
"subtlex_uk",8,22770,"bigram","GF","token",476.999999999998
"subtlex_uk",8,22770,"bigram","GG","token",36829.9999999999
"subtlex_uk",8,22770,"bigram","GH","token",190572
"subtlex_uk",8,22770,"bigram","GI","token",101706
"subtlex_uk",8,22770,"bigram","GJ","token",2.99999999999998
"subtlex_uk",8,22770,"bigram","GK","token",75.0000000000003
"subtlex_uk",8,22770,"bigram","GL","token",34146
"subtlex_uk",8,22770,"bigram","GM","token",4590.99999999999
"subtlex_uk",8,22770,"bigram","GN","token",44549.0000000002
"subtlex_uk",8,22770,"bigram","GO","token",43916.9999999998
"subtlex_uk",8,22770,"bigram","GP","token",467.000000000001
"subtlex_uk",8,22770,"bigram","GQ","token",0
"subtlex_uk",8,22770,"bigram","GR","token",68636.0000000001
"subtlex_uk",8,22770,"bigram","GS","token",44541
"subtlex_uk",8,22770,"bigram","GT","token",9524.99999999996
"subtlex_uk",8,22770,"bigram","GU","token",47129.0000000001
"subtlex_uk",8,22770,"bigram","GV","token",5.99999999999994
"subtlex_uk",8,22770,"bigram","GW","token",1811
"subtlex_uk",8,22770,"bigram","GX","token",0
"subtlex_uk",8,22770,"bigram","GY","token",11843
"subtlex_uk",8,22770,"bigram","GZ","token",20
"subtlex_uk",8,22770,"bigram","HA","token",235647.000000001
"subtlex_uk",8,22770,"bigram","HB","token",1895
"subtlex_uk",8,22770,"bigram","HC","token",850.000000000005
"subtlex_uk",8,22770,"bigram","HD","token",15895.0000000001
"subtlex_uk",8,22770,"bigram","HE","token",353377
"subtlex_uk",8,22770,"bigram","HF","token",3364.00000000001
"subtlex_uk",8,22770,"bigram","HG","token",180
"subtlex_uk",8,22770,"bigram","HH","token",1183
"subtlex_uk",8,22770,"bigram","HI","token",369690.000000001
"subtlex_uk",8,22770,"bigram","HJ","token",0
"subtlex_uk",8,22770,"bigram","HK","token",199.000000000001
"subtlex_uk",8,22770,"bigram","HL","token",13036
"subtlex_uk",8,22770,"bigram","HM","token",3462.99999999999
"subtlex_uk",8,22770,"bigram","HN","token",3414.99999999999
"subtlex_uk",8,22770,"bigram","HO","token",185798
"subtlex_uk",8,22770,"bigram","HP","token",144
"subtlex_uk",8,22770,"bigram","HQ","token",1.99999999999998
"subtlex_uk",8,22770,"bigram","HR","token",34670
"subtlex_uk",8,22770,"bigram","HS","token",2676
"subtlex_uk",8,22770,"bigram","HT","token",128784
"subtlex_uk",8,22770,"bigram","HU","token",37679.0000000002
"subtlex_uk",8,22770,"bigram","HV","token",51.0000000000001
"subtlex_uk",8,22770,"bigram","HW","token",1605
"subtlex_uk",8,22770,"bigram","HX","token",0
"subtlex_uk",8,22770,"bigram","HY","token",14160
"subtlex_uk",8,22770,"bigram","HZ","token",0
"subtlex_uk",8,22770,"bigram","IA","token",127830
"subtlex_uk",8,22770,"bigram","IB","token",113177
"subtlex_uk",8,22770,"bigram","IC","token",360845
"subtlex_uk",8,22770,"bigram","ID","token",125988
"subtlex_uk",8,22770,"bigram","IE","token",183443
"subtlex_uk",8,22770,"bigram","IF","token",49367
"subtlex_uk",8,22770,"bigram","IG","token",181519
"subtlex_uk",8,22770,"bigram","IH","token",498.999999999999
"subtlex_uk",8,22770,"bigram","II","token",518.000000000003
"subtlex_uk",8,22770,"bigram","IJ","token",531.999999999997
"subtlex_uk",8,22770,"bigram","IK","token",10740.9999999999
"subtlex_uk",8,22770,"bigram","IL","token",268810.000000001
"subtlex_uk",8,22770,"bigram","IM","token",91221.9999999998
"subtlex_uk",8,22770,"bigram","IN","token",1697225
"subtlex_uk",8,22770,"bigram","IO","token",389443.000000001
"subtlex_uk",8,22770,"bigram","IP","token",32938
"subtlex_uk",8,22770,"bigram","IQ","token",10144
"subtlex_uk",8,22770,"bigram","IR","token",126063
"subtlex_uk",8,22770,"bigram","IS","token",406802.000000001
"subtlex_uk",8,22770,"bigram","IT","token",336241
"subtlex_uk",8,22770,"bigram","IU","token",4212.00000000001
"subtlex_uk",8,22770,"bigram","IV","token",99335.9999999999
"subtlex_uk",8,22770,"bigram","IW","token",102
"subtlex_uk",8,22770,"bigram","IX","token",2212
"subtlex_uk",8,22770,"bigram","IY","token",285
"subtlex_uk",8,22770,"bigram","IZ","token",8830.99999999997
"subtlex_uk",8,22770,"bigram","JA","token",11001
"subtlex_uk",8,22770,"bigram","JB","token",0
"subtlex_uk",8,22770,"bigram","JC","token",35.0000000000001
"subtlex_uk",8,22770,"bigram","JD","token",148
"subtlex_uk",8,22770,"bigram","JE","token",17769
"subtlex_uk",8,22770,"bigram","JF","token",0
"subtlex_uk",8,22770,"bigram","JG","token",0
"subtlex_uk",8,22770,"bigram","JH","token",0
"subtlex_uk",8,22770,"bigram","JI","token",663.000000000001
"subtlex_uk",8,22770,"bigram","JJ","token",18.9999999999999
"subtlex_uk",8,22770,"bigram","JK","token",24.0000000000001
"subtlex_uk",8,22770,"bigram","JL","token",18.9999999999999
"subtlex_uk",8,22770,"bigram","JM","token",12.0000000000001
"subtlex_uk",8,22770,"bigram","JN","token",1.99999999999998
"subtlex_uk",8,22770,"bigram","JO","token",31207
"subtlex_uk",8,22770,"bigram","JP","token",34
"subtlex_uk",8,22770,"bigram","JQ","token",0
"subtlex_uk",8,22770,"bigram","JR","token",0
"subtlex_uk",8,22770,"bigram","JS","token",69.0000000000004
"subtlex_uk",8,22770,"bigram","JT","token",0
"subtlex_uk",8,22770,"bigram","JU","token",15784
"subtlex_uk",8,22770,"bigram","JV","token",0
"subtlex_uk",8,22770,"bigram","JW","token",1.99999999999998
"subtlex_uk",8,22770,"bigram","JX","token",0
"subtlex_uk",8,22770,"bigram","JY","token",11.9999999999999
"subtlex_uk",8,22770,"bigram","JZ","token",0
"subtlex_uk",8,22770,"bigram","KA","token",10127
"subtlex_uk",8,22770,"bigram","KB","token",1234
"subtlex_uk",8,22770,"bigram","KC","token",281.999999999999
"subtlex_uk",8,22770,"bigram","KD","token",1527.00000000001
"subtlex_uk",8,22770,"bigram","KE","token",62494.0000000001
"subtlex_uk",8,22770,"bigram","KF","token",1978.00000000001
"subtlex_uk",8,22770,"bigram","KG","token",32.0000000000001
"subtlex_uk",8,22770,"bigram","KH","token",1991
"subtlex_uk",8,22770,"bigram","KI","token",138401
"subtlex_uk",8,22770,"bigram","KJ","token",28.0000000000001
"subtlex_uk",8,22770,"bigram","KK","token",377.000000000001
"subtlex_uk",8,22770,"bigram","KL","token",16691
"subtlex_uk",8,22770,"bigram","KM","token",447.000000000001
"subtlex_uk",8,22770,"bigram","KN","token",17648
"subtlex_uk",8,22770,"bigram","KO","token",4737.00000000001
"subtlex_uk",8,22770,"bigram","KP","token",569
"subtlex_uk",8,22770,"bigram","KQ","token",0
"subtlex_uk",8,22770,"bigram","KR","token",2623.00000000001
"subtlex_uk",8,22770,"bigram","KS","token",11162
"subtlex_uk",8,22770,"bigram","KT","token",3406.99999999998
"subtlex_uk",8,22770,"bigram","KU","token",485
"subtlex_uk",8,22770,"bigram","KV","token",3.99999999999996
"subtlex_uk",8,22770,"bigram","KW","token",1480
"subtlex_uk",8,22770,"bigram","KX","token",0
"subtlex_uk",8,22770,"bigram","KY","token",2315.99999999999
"subtlex_uk",8,22770,"bigram","KZ","token",0
"subtlex_uk",8,22770,"bigram","LA","token",258528
"subtlex_uk",8,22770,"bigram","LB","token",2059
"subtlex_uk",8,22770,"bigram","LC","token",5976.99999999998
"subtlex_uk",8,22770,"bigram","LD","token",151973.000000001
"subtlex_uk",8,22770,"bigram","LE","token",445058.999999999
"subtlex_uk",8,22770,"bigram","LF","token",44261.9999999998
"subtlex_uk",8,22770,"bigram","LG","token",2544
"subtlex_uk",8,22770,"bigram","LH","token",491.000000000002
"subtlex_uk",8,22770,"bigram","LI","token",398771
"subtlex_uk",8,22770,"bigram","LJ","token",43.0000000000003
"subtlex_uk",8,22770,"bigram","LK","token",4317.00000000001
"subtlex_uk",8,22770,"bigram","LL","token",338981.000000002
"subtlex_uk",8,22770,"bigram","LM","token",4523.00000000002
"subtlex_uk",8,22770,"bigram","LN","token",639.999999999998
"subtlex_uk",8,22770,"bigram","LO","token",132622
"subtlex_uk",8,22770,"bigram","LP","token",6803.00000000002
"subtlex_uk",8,22770,"bigram","LQ","token",6.99999999999993
"subtlex_uk",8,22770,"bigram","LR","token",2450.00000000001
"subtlex_uk",8,22770,"bigram","LS","token",33106
"subtlex_uk",8,22770,"bigram","LT","token",51699.0000000001
"subtlex_uk",8,22770,"bigram","LU","token",50223.0000000002
"subtlex_uk",8,22770,"bigram","LV","token",33992.9999999999
"subtlex_uk",8,22770,"bigram","LW","token",4056.00000000003
"subtlex_uk",8,22770,"bigram","LX","token",54.0000000000004
"subtlex_uk",8,22770,"bigram","LY","token",417387.000000001
"subtlex_uk",8,22770,"bigram","LZ","token",318
"subtlex_uk",8,22770,"bigram","MA","token",203778
"subtlex_uk",8,22770,"bigram","MB","token",122520
"subtlex_uk",8,22770,"bigram","MC","token",7497
"subtlex_uk",8,22770,"bigram","MD","token",66.9999999999997
"subtlex_uk",8,22770,"bigram","ME","token",329404
"subtlex_uk",8,22770,"bigram","MF","token",1350
"subtlex_uk",8,22770,"bigram","MG","token",65
"subtlex_uk",8,22770,"bigram","MH","token",232
"subtlex_uk",8,22770,"bigram","MI","token",284531
"subtlex_uk",8,22770,"bigram","MJ","token",11.0000000000001
"subtlex_uk",8,22770,"bigram","MK","token",53.9999999999999
"subtlex_uk",8,22770,"bigram","ML","token",2933
"subtlex_uk",8,22770,"bigram","MM","token",31636
"subtlex_uk",8,22770,"bigram","MN","token",2000
"subtlex_uk",8,22770,"bigram","MO","token",159329.000000001
"subtlex_uk",8,22770,"bigram","MP","token",136046
"subtlex_uk",8,22770,"bigram","MQ","token",26.0000000000001
"subtlex_uk",8,22770,"bigram","MR","token",938.000000000001
"subtlex_uk",8,22770,"bigram","MS","token",59715.9999999999
"subtlex_uk",8,22770,"bigram","MT","token",142.000000000001
"subtlex_uk",8,22770,"bigram","MU","token",22225.9999999999
"subtlex_uk",8,22770,"bigram","MV","token",1.99999999999998
"subtlex_uk",8,22770,"bigram","MW","token",2638
"subtlex_uk",8,22770,"bigram","MX","token",0
"subtlex_uk",8,22770,"bigram","MY","token",2387.99999999999
"subtlex_uk",8,22770,"bigram","MZ","token",180.000000000001
"subtlex_uk",8,22770,"bigram","NA","token",213750
"subtlex_uk",8,22770,"bigram","NB","token",3780.00000000001
"subtlex_uk",8,22770,"bigram","NC","token",209878
"subtlex_uk",8,22770,"bigram","ND","token",294356.000000001
"subtlex_uk",8,22770,"bigram","NE","token",441574.000000001
"subtlex_uk",8,22770,"bigram","NF","token",27264.9999999999
"subtlex_uk",8,22770,"bigram","NG","token",1087137
"subtlex_uk",8,22770,"bigram","NH","token",4969
"subtlex_uk",8,22770,"bigram","NI","token",236853
"subtlex_uk",8,22770,"bigram","NJ","token",17068.9999999999
"subtlex_uk",8,22770,"bigram","NK","token",68661
"subtlex_uk",8,22770,"bigram","NL","token",28493
"subtlex_uk",8,22770,"bigram","NM","token",1859
"subtlex_uk",8,22770,"bigram","NN","token",62868.9999999999
"subtlex_uk",8,22770,"bigram","NO","token",130062
"subtlex_uk",8,22770,"bigram","NP","token",1831
"subtlex_uk",8,22770,"bigram","NQ","token",1576
"subtlex_uk",8,22770,"bigram","NR","token",1375
"subtlex_uk",8,22770,"bigram","NS","token",206341
"subtlex_uk",8,22770,"bigram","NT","token",397130
"subtlex_uk",8,22770,"bigram","NU","token",30322.9999999999
"subtlex_uk",8,22770,"bigram","NV","token",51117.9999999998
"subtlex_uk",8,22770,"bigram","NW","token",7874.99999999997
"subtlex_uk",8,22770,"bigram","NX","token",21
"subtlex_uk",8,22770,"bigram","NY","token",130700.000000001
"subtlex_uk",8,22770,"bigram","NZ","token",2178
"subtlex_uk",8,22770,"bigram","OA","token",35370
"subtlex_uk",8,22770,"bigram","OB","token",132077.999999999
"subtlex_uk",8,22770,"bigram","OC","token",68109.0000000001
"subtlex_uk",8,22770,"bigram","OD","token",96255.9999999998
"subtlex_uk",8,22770,"bigram","OE","token",11092.0000000001
"subtlex_uk",8,22770,"bigram","OF","token",42471.0000000001
"subtlex_uk",8,22770,"bigram","OG","token",105607
"subtlex_uk",8,22770,"bigram","OH","token",6832
"subtlex_uk",8,22770,"bigram","OI","token",17494
"subtlex_uk",8,22770,"bigram","OJ","token",5110.00000000001
"subtlex_uk",8,22770,"bigram","OK","token",12999
"subtlex_uk",8,22770,"bigram","OL","token",196056
"subtlex_uk",8,22770,"bigram","OM","token",283117
"subtlex_uk",8,22770,"bigram","ON","token",714283.000000001
"subtlex_uk",8,22770,"bigram","OO","token",132372
"subtlex_uk",8,22770,"bigram","OP","token",159603.000000001
"subtlex_uk",8,22770,"bigram","OQ","token",275
"subtlex_uk",8,22770,"bigram","OR","token",425563
"subtlex_uk",8,22770,"bigram","OS","token",197331
"subtlex_uk",8,22770,"bigram","OT","token",176677
"subtlex_uk",8,22770,"bigram","OU","token",289605
"subtlex_uk",8,22770,"bigram","OV","token",90722
"subtlex_uk",8,22770,"bigram","OW","token",111652.000000001
"subtlex_uk",8,22770,"bigram","OX","token",2906.00000000001
"subtlex_uk",8,22770,"bigram","OY","token",21400
"subtlex_uk",8,22770,"bigram","OZ","token",7094.00000000003
"subtlex_uk",8,22770,"bigram","PA","token",148170
"subtlex_uk",8,22770,"bigram","PB","token",7371.99999999997
"subtlex_uk",8,22770,"bigram","PC","token",1096
"subtlex_uk",8,22770,"bigram","PD","token",1010.00000000001
"subtlex_uk",8,22770,"bigram","PE","token",309049.000000001
"subtlex_uk",8,22770,"bigram","PF","token",484.000000000002
"subtlex_uk",8,22770,"bigram","PG","token",377.000000000002
"subtlex_uk",8,22770,"bigram","PH","token",32960
"subtlex_uk",8,22770,"bigram","PI","token",148832
"subtlex_uk",8,22770,"bigram","PJ","token",87.0000000000009
"subtlex_uk",8,22770,"bigram","PK","token",506.999999999999
"subtlex_uk",8,22770,"bigram","PL","token",115681
"subtlex_uk",8,22770,"bigram","PM","token",796.999999999997
"subtlex_uk",8,22770,"bigram","PN","token",825
"subtlex_uk",8,22770,"bigram","PO","token",252048
"subtlex_uk",8,22770,"bigram","PP","token",172587
"subtlex_uk",8,22770,"bigram","PQ","token",0
"subtlex_uk",8,22770,"bigram","PR","token",412694
"subtlex_uk",8,22770,"bigram","PS","token",29558.0000000001
"subtlex_uk",8,22770,"bigram","PT","token",31144
"subtlex_uk",8,22770,"bigram","PU","token",31370.9999999999
"subtlex_uk",8,22770,"bigram","PV","token",12.0000000000001
"subtlex_uk",8,22770,"bigram","PW","token",694.000000000002
"subtlex_uk",8,22770,"bigram","PX","token",0
"subtlex_uk",8,22770,"bigram","PY","token",3538.00000000001
"subtlex_uk",8,22770,"bigram","PZ","token",0
"subtlex_uk",8,22770,"bigram","QA","token",2118.00000000001
"subtlex_uk",8,22770,"bigram","QB","token",0
"subtlex_uk",8,22770,"bigram","QC","token",0
"subtlex_uk",8,22770,"bigram","QD","token",0
"subtlex_uk",8,22770,"bigram","QE","token",1.99999999999998
"subtlex_uk",8,22770,"bigram","QF","token",0
"subtlex_uk",8,22770,"bigram","QG","token",0
"subtlex_uk",8,22770,"bigram","QH","token",8.0000000000001
"subtlex_uk",8,22770,"bigram","QI","token",35.0000000000003
"subtlex_uk",8,22770,"bigram","QJ","token",0
"subtlex_uk",8,22770,"bigram","QK","token",0
"subtlex_uk",8,22770,"bigram","QL","token",0
"subtlex_uk",8,22770,"bigram","QM","token",0
"subtlex_uk",8,22770,"bigram","QN","token",0
"subtlex_uk",8,22770,"bigram","QO","token",0
"subtlex_uk",8,22770,"bigram","QP","token",0
"subtlex_uk",8,22770,"bigram","QQ","token",0
"subtlex_uk",8,22770,"bigram","QR","token",0
"subtlex_uk",8,22770,"bigram","QS","token",0
"subtlex_uk",8,22770,"bigram","QT","token",0
"subtlex_uk",8,22770,"bigram","QU","token",131554.000000001
"subtlex_uk",8,22770,"bigram","QV","token",0
"subtlex_uk",8,22770,"bigram","QW","token",0
"subtlex_uk",8,22770,"bigram","QX","token",0
"subtlex_uk",8,22770,"bigram","QY","token",0
"subtlex_uk",8,22770,"bigram","QZ","token",0
"subtlex_uk",8,22770,"bigram","RA","token",299429
"subtlex_uk",8,22770,"bigram","RB","token",10211
"subtlex_uk",8,22770,"bigram","RC","token",56992.0000000001
"subtlex_uk",8,22770,"bigram","RD","token",111177
"subtlex_uk",8,22770,"bigram","RE","token",1008362
"subtlex_uk",8,22770,"bigram","RF","token",15107
"subtlex_uk",8,22770,"bigram","RG","token",61226.9999999998
"subtlex_uk",8,22770,"bigram","RH","token",4416.00000000001
"subtlex_uk",8,22770,"bigram","RI","token",444820
"subtlex_uk",8,22770,"bigram","RJ","token",752.999999999997
"subtlex_uk",8,22770,"bigram","RK","token",23764
"subtlex_uk",8,22770,"bigram","RL","token",37688.0000000001
"subtlex_uk",8,22770,"bigram","RM","token",63063.0000000001
"subtlex_uk",8,22770,"bigram","RN","token",108998
"subtlex_uk",8,22770,"bigram","RO","token",500788.000000001
"subtlex_uk",8,22770,"bigram","RP","token",27762.0000000002
"subtlex_uk",8,22770,"bigram","RQ","token",810.000000000006
"subtlex_uk",8,22770,"bigram","RR","token",154984.000000001
"subtlex_uk",8,22770,"bigram","RS","token",246766
"subtlex_uk",8,22770,"bigram","RT","token",193268
"subtlex_uk",8,22770,"bigram","RU","token",44676
"subtlex_uk",8,22770,"bigram","RV","token",52846.9999999998
"subtlex_uk",8,22770,"bigram","RW","token",9085.00000000002
"subtlex_uk",8,22770,"bigram","RX","token",26.0000000000001
"subtlex_uk",8,22770,"bigram","RY","token",180233
"subtlex_uk",8,22770,"bigram","RZ","token",374.999999999998
"subtlex_uk",8,22770,"bigram","SA","token",88413
"subtlex_uk",8,22770,"bigram","SB","token",3763.99999999999
"subtlex_uk",8,22770,"bigram","SC","token",137536
"subtlex_uk",8,22770,"bigram","SD","token",7905.00000000007
"subtlex_uk",8,22770,"bigram","SE","token",405732
"subtlex_uk",8,22770,"bigram","SF","token",4094.99999999999
"subtlex_uk",8,22770,"bigram","SG","token",2896.00000000001
"subtlex_uk",8,22770,"bigram","SH","token",170971
"subtlex_uk",8,22770,"bigram","SI","token",348059
"subtlex_uk",8,22770,"bigram","SJ","token",44.0000000000003
"subtlex_uk",8,22770,"bigram","SK","token",8946.00000000001
"subtlex_uk",8,22770,"bigram","SL","token",43024.0000000002
"subtlex_uk",8,22770,"bigram","SM","token",22257
"subtlex_uk",8,22770,"bigram","SN","token",8486.00000000001
"subtlex_uk",8,22770,"bigram","SO","token",153384
"subtlex_uk",8,22770,"bigram","SP","token",134386
"subtlex_uk",8,22770,"bigram","SQ","token",8648.00000000002
"subtlex_uk",8,22770,"bigram","SR","token",1672.99999999999
"subtlex_uk",8,22770,"bigram","SS","token",279370
"subtlex_uk",8,22770,"bigram","ST","token",681243.000000001
"subtlex_uk",8,22770,"bigram","SU","token",198429
"subtlex_uk",8,22770,"bigram","SV","token",241.999999999999
"subtlex_uk",8,22770,"bigram","SW","token",27040
"subtlex_uk",8,22770,"bigram","SX","token",0
"subtlex_uk",8,22770,"bigram","SY","token",11990
"subtlex_uk",8,22770,"bigram","SZ","token",156
"subtlex_uk",8,22770,"bigram","TA","token",273010
"subtlex_uk",8,22770,"bigram","TB","token",30231.0000000003
"subtlex_uk",8,22770,"bigram","TC","token",63902.0000000004
"subtlex_uk",8,22770,"bigram","TD","token",2440.99999999999
"subtlex_uk",8,22770,"bigram","TE","token",617406
"subtlex_uk",8,22770,"bigram","TF","token",7050.99999999997
"subtlex_uk",8,22770,"bigram","TG","token",4497.99999999997
"subtlex_uk",8,22770,"bigram","TH","token",454659
"subtlex_uk",8,22770,"bigram","TI","token",711579
"subtlex_uk",8,22770,"bigram","TJ","token",454
"subtlex_uk",8,22770,"bigram","TK","token",574.999999999999
"subtlex_uk",8,22770,"bigram","TL","token",135187
"subtlex_uk",8,22770,"bigram","TM","token",1831
"subtlex_uk",8,22770,"bigram","TN","token",5619.00000000003
"subtlex_uk",8,22770,"bigram","TO","token",244589
"subtlex_uk",8,22770,"bigram","TP","token",841.000000000004
"subtlex_uk",8,22770,"bigram","TQ","token",1.99999999999998
"subtlex_uk",8,22770,"bigram","TR","token",249267
"subtlex_uk",8,22770,"bigram","TS","token",150860
"subtlex_uk",8,22770,"bigram","TT","token",94243.9999999998
"subtlex_uk",8,22770,"bigram","TU","token",242538.000000001
"subtlex_uk",8,22770,"bigram","TV","token",49.0000000000002
"subtlex_uk",8,22770,"bigram","TW","token",11797
"subtlex_uk",8,22770,"bigram","TX","token",0
"subtlex_uk",8,22770,"bigram","TY","token",121730
"subtlex_uk",8,22770,"bigram","TZ","token",1134
"subtlex_uk",8,22770,"bigram","UA","token",176915.000000001
"subtlex_uk",8,22770,"bigram","UB","token",18023
"subtlex_uk",8,22770,"bigram","UC","token",40161.0000000001
"subtlex_uk",8,22770,"bigram","UD","token",72691.0000000002
"subtlex_uk",8,22770,"bigram","UE","token",133635.000000001
"subtlex_uk",8,22770,"bigram","UF","token",9786.99999999999
"subtlex_uk",8,22770,"bigram","UG","token",85006
"subtlex_uk",8,22770,"bigram","UH","token",1755.00000000001
"subtlex_uk",8,22770,"bigram","UI","token",81138.0000000004
"subtlex_uk",8,22770,"bigram","UJ","token",179.000000000001
"subtlex_uk",8,22770,"bigram","UK","token",922.000000000004
"subtlex_uk",8,22770,"bigram","UL","token",94292.9999999999
"subtlex_uk",8,22770,"bigram","UM","token",53874.9999999999
"subtlex_uk",8,22770,"bigram","UN","token",144258
"subtlex_uk",8,22770,"bigram","UO","token",1276
"subtlex_uk",8,22770,"bigram","UP","token",60429.9999999998
"subtlex_uk",8,22770,"bigram","UQ","token",128
"subtlex_uk",8,22770,"bigram","UR","token",351975
"subtlex_uk",8,22770,"bigram","US","token",218136
"subtlex_uk",8,22770,"bigram","UT","token",84700.0000000001
"subtlex_uk",8,22770,"bigram","UU","token",69
"subtlex_uk",8,22770,"bigram","UV","token",1767.99999999999
"subtlex_uk",8,22770,"bigram","UW","token",39
"subtlex_uk",8,22770,"bigram","UX","token",1651
"subtlex_uk",8,22770,"bigram","UY","token",56.9999999999999
"subtlex_uk",8,22770,"bigram","UZ","token",901.000000000006
"subtlex_uk",8,22770,"bigram","VA","token",53018
"subtlex_uk",8,22770,"bigram","VB","token",0
"subtlex_uk",8,22770,"bigram","VC","token",0
"subtlex_uk",8,22770,"bigram","VD","token",0
"subtlex_uk",8,22770,"bigram","VE","token",365737
"subtlex_uk",8,22770,"bigram","VF","token",0
"subtlex_uk",8,22770,"bigram","VG","token",6.00000000000005
"subtlex_uk",8,22770,"bigram","VH","token",0
"subtlex_uk",8,22770,"bigram","VI","token",159067
"subtlex_uk",8,22770,"bigram","VJ","token",0
"subtlex_uk",8,22770,"bigram","VK","token",1.99999999999998
"subtlex_uk",8,22770,"bigram","VL","token",878.999999999993
"subtlex_uk",8,22770,"bigram","VM","token",0
"subtlex_uk",8,22770,"bigram","VN","token",32.0000000000001
"subtlex_uk",8,22770,"bigram","VO","token",47288.9999999999
"subtlex_uk",8,22770,"bigram","VP","token",0
"subtlex_uk",8,22770,"bigram","VQ","token",0
"subtlex_uk",8,22770,"bigram","VR","token",140
"subtlex_uk",8,22770,"bigram","VS","token",23
"subtlex_uk",8,22770,"bigram","VT","token",0
"subtlex_uk",8,22770,"bigram","VU","token",768.000000000001
"subtlex_uk",8,22770,"bigram","VV","token",99.0000000000001
"subtlex_uk",8,22770,"bigram","VW","token",0
"subtlex_uk",8,22770,"bigram","VX","token",0
"subtlex_uk",8,22770,"bigram","VY","token",65.0000000000003
"subtlex_uk",8,22770,"bigram","VZ","token",0
"subtlex_uk",8,22770,"bigram","WA","token",85435.0000000004
"subtlex_uk",8,22770,"bigram","WB","token",1140
"subtlex_uk",8,22770,"bigram","WC","token",1216.00000000001
"subtlex_uk",8,22770,"bigram","WD","token",1869.00000000001
"subtlex_uk",8,22770,"bigram","WE","token",64146
"subtlex_uk",8,22770,"bigram","WF","token",1455
"subtlex_uk",8,22770,"bigram","WG","token",112
"subtlex_uk",8,22770,"bigram","WH","token",70356.0000000002
"subtlex_uk",8,22770,"bigram","WI","token",62085.0000000001
"subtlex_uk",8,22770,"bigram","WJ","token",13
"subtlex_uk",8,22770,"bigram","WK","token",245.999999999999
"subtlex_uk",8,22770,"bigram","WL","token",3784
"subtlex_uk",8,22770,"bigram","WM","token",96
"subtlex_uk",8,22770,"bigram","WN","token",18529
"subtlex_uk",8,22770,"bigram","WO","token",38383.0000000001
"subtlex_uk",8,22770,"bigram","WP","token",65.0000000000001
"subtlex_uk",8,22770,"bigram","WQ","token",0
"subtlex_uk",8,22770,"bigram","WR","token",8097.00000000003
"subtlex_uk",8,22770,"bigram","WS","token",5263.00000000001
"subtlex_uk",8,22770,"bigram","WT","token",644.000000000001
"subtlex_uk",8,22770,"bigram","WU","token",88.0000000000004
"subtlex_uk",8,22770,"bigram","WV","token",0
"subtlex_uk",8,22770,"bigram","WW","token",59.0000000000001
"subtlex_uk",8,22770,"bigram","WX","token",0
"subtlex_uk",8,22770,"bigram","WY","token",241
"subtlex_uk",8,22770,"bigram","WZ","token",0
"subtlex_uk",8,22770,"bigram","XA","token",6350
"subtlex_uk",8,22770,"bigram","XB","token",364.000000000002
"subtlex_uk",8,22770,"bigram","XC","token",24313.0000000001
"subtlex_uk",8,22770,"bigram","XD","token",0
"subtlex_uk",8,22770,"bigram","XE","token",7806.00000000004
"subtlex_uk",8,22770,"bigram","XF","token",33.0000000000002
"subtlex_uk",8,22770,"bigram","XG","token",75.0000000000006
"subtlex_uk",8,22770,"bigram","XH","token",971.999999999997
"subtlex_uk",8,22770,"bigram","XI","token",10767
"subtlex_uk",8,22770,"bigram","XJ","token",0
"subtlex_uk",8,22770,"bigram","XK","token",0
"subtlex_uk",8,22770,"bigram","XL","token",0
"subtlex_uk",8,22770,"bigram","XM","token",0
"subtlex_uk",8,22770,"bigram","XN","token",0
"subtlex_uk",8,22770,"bigram","XO","token",304.000000000001
"subtlex_uk",8,22770,"bigram","XP","token",31112.9999999999
"subtlex_uk",8,22770,"bigram","XQ","token",0
"subtlex_uk",8,22770,"bigram","XR","token",6.00000000000005
"subtlex_uk",8,22770,"bigram","XS","token",125
"subtlex_uk",8,22770,"bigram","XT","token",8800
"subtlex_uk",8,22770,"bigram","XU","token",1489.00000000001
"subtlex_uk",8,22770,"bigram","XV","token",1.99999999999998
"subtlex_uk",8,22770,"bigram","XW","token",81.0000000000003
"subtlex_uk",8,22770,"bigram","XX","token",0
"subtlex_uk",8,22770,"bigram","XY","token",128.000000000001
"subtlex_uk",8,22770,"bigram","XZ","token",0
"subtlex_uk",8,22770,"bigram","YA","token",5955.99999999998
"subtlex_uk",8,22770,"bigram","YB","token",2631.99999999999
"subtlex_uk",8,22770,"bigram","YC","token",6021.00000000002
"subtlex_uk",8,22770,"bigram","YD","token",4490.00000000002
"subtlex_uk",8,22770,"bigram","YE","token",18465
"subtlex_uk",8,22770,"bigram","YF","token",886.000000000001
"subtlex_uk",8,22770,"bigram","YG","token",411
"subtlex_uk",8,22770,"bigram","YH","token",251.000000000001
"subtlex_uk",8,22770,"bigram","YI","token",36721.0000000001
"subtlex_uk",8,22770,"bigram","YJ","token",1.99999999999998
"subtlex_uk",8,22770,"bigram","YK","token",23
"subtlex_uk",8,22770,"bigram","YL","token",4747
"subtlex_uk",8,22770,"bigram","YM","token",25247
"subtlex_uk",8,22770,"bigram","YN","token",5114
"subtlex_uk",8,22770,"bigram","YO","token",111057
"subtlex_uk",8,22770,"bigram","YP","token",3826.99999999998
"subtlex_uk",8,22770,"bigram","YQ","token",0
"subtlex_uk",8,22770,"bigram","YR","token",4321.99999999999
"subtlex_uk",8,22770,"bigram","YS","token",34353
"subtlex_uk",8,22770,"bigram","YT","token",102255
"subtlex_uk",8,22770,"bigram","YU","token",212.000000000001
"subtlex_uk",8,22770,"bigram","YV","token",6.99999999999993
"subtlex_uk",8,22770,"bigram","YW","token",19873.0000000001
"subtlex_uk",8,22770,"bigram","YX","token",34.9999999999999
"subtlex_uk",8,22770,"bigram","YY","token",6.00000000000005
"subtlex_uk",8,22770,"bigram","YZ","token",26.0000000000002
"subtlex_uk",8,22770,"bigram","ZA","token",2698
"subtlex_uk",8,22770,"bigram","ZB","token",235.000000000001
"subtlex_uk",8,22770,"bigram","ZC","token",92.0000000000002
"subtlex_uk",8,22770,"bigram","ZD","token",2.99999999999998
"subtlex_uk",8,22770,"bigram","ZE","token",9424.99999999996
"subtlex_uk",8,22770,"bigram","ZF","token",0
"subtlex_uk",8,22770,"bigram","ZG","token",0
"subtlex_uk",8,22770,"bigram","ZH","token",123
"subtlex_uk",8,22770,"bigram","ZI","token",13498
"subtlex_uk",8,22770,"bigram","ZJ","token",18.9999999999999
"subtlex_uk",8,22770,"bigram","ZK","token",34.9999999999999
"subtlex_uk",8,22770,"bigram","ZL","token",2001
"subtlex_uk",8,22770,"bigram","ZM","token",18
"subtlex_uk",8,22770,"bigram","ZN","token",27.0000000000001
"subtlex_uk",8,22770,"bigram","ZO","token",7423.00000000003
"subtlex_uk",8,22770,"bigram","ZP","token",72.0000000000002
"subtlex_uk",8,22770,"bigram","ZQ","token",0
"subtlex_uk",8,22770,"bigram","ZR","token",0
"subtlex_uk",8,22770,"bigram","ZS","token",0
"subtlex_uk",8,22770,"bigram","ZT","token",0
"subtlex_uk",8,22770,"bigram","ZU","token",457.000000000001
"subtlex_uk",8,22770,"bigram","ZV","token",25.0000000000001
"subtlex_uk",8,22770,"bigram","ZW","token",73.0000000000002
"subtlex_uk",8,22770,"bigram","ZX","token",0
"subtlex_uk",8,22770,"bigram","ZY","token",279.000000000001
"subtlex_uk",8,22770,"bigram","ZZ","token",4508.00000000001
"subtlex_uk",9,17911,"bigram","AA","token",1229
"subtlex_uk",9,17911,"bigram","AB","token",64631
"subtlex_uk",9,17911,"bigram","AC","token",132273
"subtlex_uk",9,17911,"bigram","AD","token",77829.0000000001
"subtlex_uk",9,17911,"bigram","AE","token",4508.99999999999
"subtlex_uk",9,17911,"bigram","AF","token",33533
"subtlex_uk",9,17911,"bigram","AG","token",68024.0000000001
"subtlex_uk",9,17911,"bigram","AH","token",1730.99999999999
"subtlex_uk",9,17911,"bigram","AI","token",118772
"subtlex_uk",9,17911,"bigram","AJ","token",320.000000000001
"subtlex_uk",9,17911,"bigram","AK","token",25236.0000000001
"subtlex_uk",9,17911,"bigram","AL","token",387783.000000001
"subtlex_uk",9,17911,"bigram","AM","token",111435
"subtlex_uk",9,17911,"bigram","AN","token",582490.000000001
"subtlex_uk",9,17911,"bigram","AO","token",193.000000000001
"subtlex_uk",9,17911,"bigram","AP","token",92770.9999999997
"subtlex_uk",9,17911,"bigram","AQ","token",200
"subtlex_uk",9,17911,"bigram","AR","token",280593
"subtlex_uk",9,17911,"bigram","AS","token",212221
"subtlex_uk",9,17911,"bigram","AT","token",372676
"subtlex_uk",9,17911,"bigram","AU","token",105606
"subtlex_uk",9,17911,"bigram","AV","token",67618.0000000005
"subtlex_uk",9,17911,"bigram","AW","token",7224.99999999999
"subtlex_uk",9,17911,"bigram","AX","token",3112.00000000001
"subtlex_uk",9,17911,"bigram","AY","token",43558.0000000002
"subtlex_uk",9,17911,"bigram","AZ","token",6515.00000000003
"subtlex_uk",9,17911,"bigram","BA","token",63613.0000000001
"subtlex_uk",9,17911,"bigram","BB","token",4083
"subtlex_uk",9,17911,"bigram","BC","token",447
"subtlex_uk",9,17911,"bigram","BD","token",834
"subtlex_uk",9,17911,"bigram","BE","token",145088
"subtlex_uk",9,17911,"bigram","BF","token",4.99999999999996
"subtlex_uk",9,17911,"bigram","BG","token",31.9999999999999
"subtlex_uk",9,17911,"bigram","BH","token",450.000000000002
"subtlex_uk",9,17911,"bigram","BI","token",24740.0000000001
"subtlex_uk",9,17911,"bigram","BJ","token",2786.00000000002
"subtlex_uk",9,17911,"bigram","BK","token",8.0000000000001
"subtlex_uk",9,17911,"bigram","BL","token",77787
"subtlex_uk",9,17911,"bigram","BM","token",2115.99999999999
"subtlex_uk",9,17911,"bigram","BN","token",262.999999999998
"subtlex_uk",9,17911,"bigram","BO","token",88426.9999999996
"subtlex_uk",9,17911,"bigram","BP","token",18.0000000000001
"subtlex_uk",9,17911,"bigram","BQ","token",0
"subtlex_uk",9,17911,"bigram","BR","token",101838
"subtlex_uk",9,17911,"bigram","BS","token",10269
"subtlex_uk",9,17911,"bigram","BT","token",871.999999999998
"subtlex_uk",9,17911,"bigram","BU","token",38517.9999999999
"subtlex_uk",9,17911,"bigram","BV","token",43654.9999999999
"subtlex_uk",9,17911,"bigram","BW","token",57.9999999999997
"subtlex_uk",9,17911,"bigram","BX","token",0
"subtlex_uk",9,17911,"bigram","BY","token",1574
"subtlex_uk",9,17911,"bigram","BZ","token",9.99999999999996
"subtlex_uk",9,17911,"bigram","CA","token",211083
"subtlex_uk",9,17911,"bigram","CB","token",8.99999999999996
"subtlex_uk",9,17911,"bigram","CC","token",30844.0000000001
"subtlex_uk",9,17911,"bigram","CD","token",1906
"subtlex_uk",9,17911,"bigram","CE","token",281194
"subtlex_uk",9,17911,"bigram","CF","token",99.0000000000005
"subtlex_uk",9,17911,"bigram","CG","token",421.999999999999
"subtlex_uk",9,17911,"bigram","CH","token",220773
"subtlex_uk",9,17911,"bigram","CI","token",115727
"subtlex_uk",9,17911,"bigram","CJ","token",0
"subtlex_uk",9,17911,"bigram","CK","token",51487.9999999999
"subtlex_uk",9,17911,"bigram","CL","token",55008.9999999998
"subtlex_uk",9,17911,"bigram","CM","token",698.999999999998
"subtlex_uk",9,17911,"bigram","CN","token",26
"subtlex_uk",9,17911,"bigram","CO","token",382155
"subtlex_uk",9,17911,"bigram","CP","token",114.999999999999
"subtlex_uk",9,17911,"bigram","CQ","token",928
"subtlex_uk",9,17911,"bigram","CR","token",102727
"subtlex_uk",9,17911,"bigram","CS","token",9931.99999999999
"subtlex_uk",9,17911,"bigram","CT","token",203699
"subtlex_uk",9,17911,"bigram","CU","token",104826
"subtlex_uk",9,17911,"bigram","CV","token",0
"subtlex_uk",9,17911,"bigram","CW","token",104
"subtlex_uk",9,17911,"bigram","CX","token",4.00000000000001
"subtlex_uk",9,17911,"bigram","CY","token",21345.0000000001
"subtlex_uk",9,17911,"bigram","CZ","token",37.0000000000001
"subtlex_uk",9,17911,"bigram","DA","token",84189.0000000001
"subtlex_uk",9,17911,"bigram","DB","token",4603
"subtlex_uk",9,17911,"bigram","DC","token",4600.00000000002
"subtlex_uk",9,17911,"bigram","DD","token",9065.99999999998
"subtlex_uk",9,17911,"bigram","DE","token",330217
"subtlex_uk",9,17911,"bigram","DF","token",1991
"subtlex_uk",9,17911,"bigram","DG","token",22512.0000000001
"subtlex_uk",9,17911,"bigram","DH","token",5282.99999999999
"subtlex_uk",9,17911,"bigram","DI","token",349634
"subtlex_uk",9,17911,"bigram","DJ","token",1062.00000000001
"subtlex_uk",9,17911,"bigram","DK","token",196.000000000002
"subtlex_uk",9,17911,"bigram","DL","token",15244
"subtlex_uk",9,17911,"bigram","DM","token",5790.00000000001
"subtlex_uk",9,17911,"bigram","DN","token",10740
"subtlex_uk",9,17911,"bigram","DO","token",39168
"subtlex_uk",9,17911,"bigram","DP","token",291.000000000001
"subtlex_uk",9,17911,"bigram","DQ","token",0
"subtlex_uk",9,17911,"bigram","DR","token",22814
"subtlex_uk",9,17911,"bigram","DS","token",65284.0000000001
"subtlex_uk",9,17911,"bigram","DT","token",686.000000000004
"subtlex_uk",9,17911,"bigram","DU","token",52173.0000000002
"subtlex_uk",9,17911,"bigram","DV","token",17059.0000000001
"subtlex_uk",9,17911,"bigram","DW","token",6486
"subtlex_uk",9,17911,"bigram","DX","token",0
"subtlex_uk",9,17911,"bigram","DY","token",49376.9999999997
"subtlex_uk",9,17911,"bigram","DZ","token",88.0000000000007
"subtlex_uk",9,17911,"bigram","EA","token",193772
"subtlex_uk",9,17911,"bigram","EB","token",23459
"subtlex_uk",9,17911,"bigram","EC","token",250845
"subtlex_uk",9,17911,"bigram","ED","token",511241
"subtlex_uk",9,17911,"bigram","EE","token",60199.0000000001
"subtlex_uk",9,17911,"bigram","EF","token",83191.0000000002
"subtlex_uk",9,17911,"bigram","EG","token",59010.9999999999
"subtlex_uk",9,17911,"bigram","EH","token",21902.0000000001
"subtlex_uk",9,17911,"bigram","EI","token",21677.0000000001
"subtlex_uk",9,17911,"bigram","EJ","token",2238.99999999999
"subtlex_uk",9,17911,"bigram","EK","token",1320
"subtlex_uk",9,17911,"bigram","EL","token",240807
"subtlex_uk",9,17911,"bigram","EM","token",155892
"subtlex_uk",9,17911,"bigram","EN","token",675566
"subtlex_uk",9,17911,"bigram","EO","token",8693.99999999998
"subtlex_uk",9,17911,"bigram","EP","token",69013
"subtlex_uk",9,17911,"bigram","EQ","token",12726
"subtlex_uk",9,17911,"bigram","ER","token",926695.999999999
"subtlex_uk",9,17911,"bigram","ES","token",589667
"subtlex_uk",9,17911,"bigram","ET","token",357602
"subtlex_uk",9,17911,"bigram","EU","token",6342.99999999999
"subtlex_uk",9,17911,"bigram","EV","token",81140.9999999997
"subtlex_uk",9,17911,"bigram","EW","token",73159.0000000002
"subtlex_uk",9,17911,"bigram","EX","token",115884
"subtlex_uk",9,17911,"bigram","EY","token",11318
"subtlex_uk",9,17911,"bigram","EZ","token",2465.00000000001
"subtlex_uk",9,17911,"bigram","FA","token",110301
"subtlex_uk",9,17911,"bigram","FB","token",236
"subtlex_uk",9,17911,"bigram","FC","token",287.000000000001
"subtlex_uk",9,17911,"bigram","FD","token",10.0000000000001
"subtlex_uk",9,17911,"bigram","FE","token",168934
"subtlex_uk",9,17911,"bigram","FF","token",184795
"subtlex_uk",9,17911,"bigram","FG","token",0
"subtlex_uk",9,17911,"bigram","FH","token",32
"subtlex_uk",9,17911,"bigram","FI","token",152905
"subtlex_uk",9,17911,"bigram","FJ","token",1.99999999999998
"subtlex_uk",9,17911,"bigram","FK","token",0
"subtlex_uk",9,17911,"bigram","FL","token",26051
"subtlex_uk",9,17911,"bigram","FM","token",8.0000000000001
"subtlex_uk",9,17911,"bigram","FN","token",125.999999999999
"subtlex_uk",9,17911,"bigram","FO","token",66747.9999999999
"subtlex_uk",9,17911,"bigram","FP","token",479.999999999995
"subtlex_uk",9,17911,"bigram","FQ","token",0
"subtlex_uk",9,17911,"bigram","FR","token",25135.9999999999
"subtlex_uk",9,17911,"bigram","FS","token",2540.99999999999
"subtlex_uk",9,17911,"bigram","FT","token",32672.9999999999
"subtlex_uk",9,17911,"bigram","FU","token",154303
"subtlex_uk",9,17911,"bigram","FV","token",0
"subtlex_uk",9,17911,"bigram","FW","token",0
"subtlex_uk",9,17911,"bigram","FX","token",0
"subtlex_uk",9,17911,"bigram","FY","token",847.000000000001
"subtlex_uk",9,17911,"bigram","FZ","token",28.0000000000002
"subtlex_uk",9,17911,"bigram","GA","token",40634
"subtlex_uk",9,17911,"bigram","GB","token",535.000000000001
"subtlex_uk",9,17911,"bigram","GC","token",38.0000000000001
"subtlex_uk",9,17911,"bigram","GD","token",212
"subtlex_uk",9,17911,"bigram","GE","token",202459
"subtlex_uk",9,17911,"bigram","GF","token",885.000000000003
"subtlex_uk",9,17911,"bigram","GG","token",13738
"subtlex_uk",9,17911,"bigram","GH","token",71262
"subtlex_uk",9,17911,"bigram","GI","token",55880.9999999998
"subtlex_uk",9,17911,"bigram","GJ","token",0
"subtlex_uk",9,17911,"bigram","GK","token",0
"subtlex_uk",9,17911,"bigram","GL","token",19559
"subtlex_uk",9,17911,"bigram","GM","token",2412.00000000001
"subtlex_uk",9,17911,"bigram","GN","token",32388
"subtlex_uk",9,17911,"bigram","GO","token",21394.0000000001
"subtlex_uk",9,17911,"bigram","GP","token",50.0000000000003
"subtlex_uk",9,17911,"bigram","GQ","token",58
"subtlex_uk",9,17911,"bigram","GR","token",76464.9999999998
"subtlex_uk",9,17911,"bigram","GS","token",29571
"subtlex_uk",9,17911,"bigram","GT","token",3138
"subtlex_uk",9,17911,"bigram","GU","token",34303.0000000001
"subtlex_uk",9,17911,"bigram","GV","token",4.99999999999996
"subtlex_uk",9,17911,"bigram","GW","token",525.999999999998
"subtlex_uk",9,17911,"bigram","GX","token",0
"subtlex_uk",9,17911,"bigram","GY","token",3549.99999999999
"subtlex_uk",9,17911,"bigram","GZ","token",659.000000000004
"subtlex_uk",9,17911,"bigram","HA","token",159796
"subtlex_uk",9,17911,"bigram","HB","token",4563.99999999998
"subtlex_uk",9,17911,"bigram","HC","token",1010
"subtlex_uk",9,17911,"bigram","HD","token",2035
"subtlex_uk",9,17911,"bigram","HE","token",158054
"subtlex_uk",9,17911,"bigram","HF","token",584.000000000002
"subtlex_uk",9,17911,"bigram","HG","token",275
"subtlex_uk",9,17911,"bigram","HH","token",666.999999999999
"subtlex_uk",9,17911,"bigram","HI","token",308913
"subtlex_uk",9,17911,"bigram","HJ","token",8.00000000000003
"subtlex_uk",9,17911,"bigram","HK","token",253.000000000001
"subtlex_uk",9,17911,"bigram","HL","token",9583.00000000002
"subtlex_uk",9,17911,"bigram","HM","token",2478.00000000001
"subtlex_uk",9,17911,"bigram","HN","token",12370
"subtlex_uk",9,17911,"bigram","HO","token",138576
"subtlex_uk",9,17911,"bigram","HP","token",700
"subtlex_uk",9,17911,"bigram","HQ","token",0
"subtlex_uk",9,17911,"bigram","HR","token",55982.0000000003
"subtlex_uk",9,17911,"bigram","HS","token",3631.99999999999
"subtlex_uk",9,17911,"bigram","HT","token",49970.0000000001
"subtlex_uk",9,17911,"bigram","HU","token",12531
"subtlex_uk",9,17911,"bigram","HV","token",265.000000000002
"subtlex_uk",9,17911,"bigram","HW","token",3781
"subtlex_uk",9,17911,"bigram","HX","token",0
"subtlex_uk",9,17911,"bigram","HY","token",8421.99999999999
"subtlex_uk",9,17911,"bigram","HZ","token",4.99999999999995
"subtlex_uk",9,17911,"bigram","IA","token",190723
"subtlex_uk",9,17911,"bigram","IB","token",27589.0000000001
"subtlex_uk",9,17911,"bigram","IC","token",329089.999999999
"subtlex_uk",9,17911,"bigram","ID","token",94851.0000000002
"subtlex_uk",9,17911,"bigram","IE","token",149969
"subtlex_uk",9,17911,"bigram","IF","token",228499
"subtlex_uk",9,17911,"bigram","IG","token",86165.0000000001
"subtlex_uk",9,17911,"bigram","IH","token",320.999999999998
"subtlex_uk",9,17911,"bigram","II","token",147.000000000001
"subtlex_uk",9,17911,"bigram","IJ","token",519.000000000002
"subtlex_uk",9,17911,"bigram","IK","token",3202.99999999999
"subtlex_uk",9,17911,"bigram","IL","token",138856
"subtlex_uk",9,17911,"bigram","IM","token",181499.000000001
"subtlex_uk",9,17911,"bigram","IN","token",1095594
"subtlex_uk",9,17911,"bigram","IO","token",429848
"subtlex_uk",9,17911,"bigram","IP","token",24113
"subtlex_uk",9,17911,"bigram","IQ","token",7613.00000000003
"subtlex_uk",9,17911,"bigram","IR","token",70999
"subtlex_uk",9,17911,"bigram","IS","token",307451
"subtlex_uk",9,17911,"bigram","IT","token",323647
"subtlex_uk",9,17911,"bigram","IU","token",4277.99999999999
"subtlex_uk",9,17911,"bigram","IV","token",113803
"subtlex_uk",9,17911,"bigram","IW","token",585.999999999998
"subtlex_uk",9,17911,"bigram","IX","token",650.000000000001
"subtlex_uk",9,17911,"bigram","IY","token",218
"subtlex_uk",9,17911,"bigram","IZ","token",9056.99999999998
"subtlex_uk",9,17911,"bigram","JA","token",1994
"subtlex_uk",9,17911,"bigram","JB","token",0
"subtlex_uk",9,17911,"bigram","JC","token",1.99999999999998
"subtlex_uk",9,17911,"bigram","JD","token",1.99999999999998
"subtlex_uk",9,17911,"bigram","JE","token",14450
"subtlex_uk",9,17911,"bigram","JF","token",0
"subtlex_uk",9,17911,"bigram","JG","token",0
"subtlex_uk",9,17911,"bigram","JH","token",2.99999999999998
"subtlex_uk",9,17911,"bigram","JI","token",230
"subtlex_uk",9,17911,"bigram","JJ","token",4.99999999999995
"subtlex_uk",9,17911,"bigram","JK","token",0
"subtlex_uk",9,17911,"bigram","JL","token",0
"subtlex_uk",9,17911,"bigram","JM","token",0
"subtlex_uk",9,17911,"bigram","JN","token",0
"subtlex_uk",9,17911,"bigram","JO","token",5745
"subtlex_uk",9,17911,"bigram","JP","token",4.00000000000001
"subtlex_uk",9,17911,"bigram","JQ","token",0
"subtlex_uk",9,17911,"bigram","JR","token",0
"subtlex_uk",9,17911,"bigram","JS","token",97.0000000000009
"subtlex_uk",9,17911,"bigram","JT","token",0
"subtlex_uk",9,17911,"bigram","JU","token",7153.00000000002
"subtlex_uk",9,17911,"bigram","JV","token",0
"subtlex_uk",9,17911,"bigram","JW","token",0
"subtlex_uk",9,17911,"bigram","JX","token",0
"subtlex_uk",9,17911,"bigram","JY","token",0
"subtlex_uk",9,17911,"bigram","JZ","token",0
"subtlex_uk",9,17911,"bigram","KA","token",6727.99999999998
"subtlex_uk",9,17911,"bigram","KB","token",2902.00000000001
"subtlex_uk",9,17911,"bigram","KC","token",302.000000000001
"subtlex_uk",9,17911,"bigram","KD","token",2307.00000000002
"subtlex_uk",9,17911,"bigram","KE","token",27067
"subtlex_uk",9,17911,"bigram","KF","token",11451.0000000001
"subtlex_uk",9,17911,"bigram","KG","token",8.00000000000003
"subtlex_uk",9,17911,"bigram","KH","token",1899
"subtlex_uk",9,17911,"bigram","KI","token",21976
"subtlex_uk",9,17911,"bigram","KJ","token",224
"subtlex_uk",9,17911,"bigram","KK","token",39.0000000000001
"subtlex_uk",9,17911,"bigram","KL","token",5201.99999999999
"subtlex_uk",9,17911,"bigram","KM","token",976.999999999998
"subtlex_uk",9,17911,"bigram","KN","token",15536.0000000001
"subtlex_uk",9,17911,"bigram","KO","token",1918.00000000001
"subtlex_uk",9,17911,"bigram","KP","token",5739.99999999998
"subtlex_uk",9,17911,"bigram","KQ","token",0
"subtlex_uk",9,17911,"bigram","KR","token",1116.99999999999
"subtlex_uk",9,17911,"bigram","KS","token",24411.9999999999
"subtlex_uk",9,17911,"bigram","KT","token",1063
"subtlex_uk",9,17911,"bigram","KU","token",667.999999999997
"subtlex_uk",9,17911,"bigram","KV","token",49.0000000000004
"subtlex_uk",9,17911,"bigram","KW","token",6303.99999999998
"subtlex_uk",9,17911,"bigram","KX","token",0
"subtlex_uk",9,17911,"bigram","KY","token",945.000000000001
"subtlex_uk",9,17911,"bigram","KZ","token",0
"subtlex_uk",9,17911,"bigram","LA","token",164273
"subtlex_uk",9,17911,"bigram","LB","token",4271.00000000001
"subtlex_uk",9,17911,"bigram","LC","token",5189.00000000001
"subtlex_uk",9,17911,"bigram","LD","token",42348
"subtlex_uk",9,17911,"bigram","LE","token",353850
"subtlex_uk",9,17911,"bigram","LF","token",6639.00000000004
"subtlex_uk",9,17911,"bigram","LG","token",3013.99999999999
"subtlex_uk",9,17911,"bigram","LH","token",340.000000000001
"subtlex_uk",9,17911,"bigram","LI","token",340333
"subtlex_uk",9,17911,"bigram","LJ","token",43.0000000000001
"subtlex_uk",9,17911,"bigram","LK","token",3666.99999999999
"subtlex_uk",9,17911,"bigram","LL","token",322423.000000001
"subtlex_uk",9,17911,"bigram","LM","token",3153.00000000001
"subtlex_uk",9,17911,"bigram","LN","token",1022
"subtlex_uk",9,17911,"bigram","LO","token",113317
"subtlex_uk",9,17911,"bigram","LP","token",5646.00000000004
"subtlex_uk",9,17911,"bigram","LQ","token",24.0000000000001
"subtlex_uk",9,17911,"bigram","LR","token",433.000000000003
"subtlex_uk",9,17911,"bigram","LS","token",41956.0000000001
"subtlex_uk",9,17911,"bigram","LT","token",67121
"subtlex_uk",9,17911,"bigram","LU","token",60952.9999999998
"subtlex_uk",9,17911,"bigram","LV","token",17092.0000000002
"subtlex_uk",9,17911,"bigram","LW","token",1282.00000000001
"subtlex_uk",9,17911,"bigram","LX","token",0
"subtlex_uk",9,17911,"bigram","LY","token",281078
"subtlex_uk",9,17911,"bigram","LZ","token",782.999999999999
"subtlex_uk",9,17911,"bigram","MA","token",153891
"subtlex_uk",9,17911,"bigram","MB","token",47054.0000000001
"subtlex_uk",9,17911,"bigram","MC","token",4213.99999999998
"subtlex_uk",9,17911,"bigram","MD","token",97.0000000000003
"subtlex_uk",9,17911,"bigram","ME","token",552094
"subtlex_uk",9,17911,"bigram","MF","token",283
"subtlex_uk",9,17911,"bigram","MG","token",8.00000000000002
"subtlex_uk",9,17911,"bigram","MH","token",1537.00000000001
"subtlex_uk",9,17911,"bigram","MI","token",108757
"subtlex_uk",9,17911,"bigram","MJ","token",15.0000000000002
"subtlex_uk",9,17911,"bigram","MK","token",48
"subtlex_uk",9,17911,"bigram","ML","token",788
"subtlex_uk",9,17911,"bigram","MM","token",97817.9999999999
"subtlex_uk",9,17911,"bigram","MN","token",2175.99999999999
"subtlex_uk",9,17911,"bigram","MO","token",73517
"subtlex_uk",9,17911,"bigram","MP","token",160225.000000001
"subtlex_uk",9,17911,"bigram","MQ","token",1.99999999999998
"subtlex_uk",9,17911,"bigram","MR","token",144
"subtlex_uk",9,17911,"bigram","MS","token",10901
"subtlex_uk",9,17911,"bigram","MT","token",250
"subtlex_uk",9,17911,"bigram","MU","token",41293
"subtlex_uk",9,17911,"bigram","MV","token",8.0000000000001
"subtlex_uk",9,17911,"bigram","MW","token",149.000000000001
"subtlex_uk",9,17911,"bigram","MX","token",0
"subtlex_uk",9,17911,"bigram","MY","token",3594.00000000001
"subtlex_uk",9,17911,"bigram","MZ","token",0
"subtlex_uk",9,17911,"bigram","NA","token",98078.0000000002
"subtlex_uk",9,17911,"bigram","NB","token",11046
"subtlex_uk",9,17911,"bigram","NC","token",206648
"subtlex_uk",9,17911,"bigram","ND","token",233605
"subtlex_uk",9,17911,"bigram","NE","token",246698
"subtlex_uk",9,17911,"bigram","NF","token",44349.9999999999
"subtlex_uk",9,17911,"bigram","NG","token",738607
"subtlex_uk",9,17911,"bigram","NH","token",8561.99999999998
"subtlex_uk",9,17911,"bigram","NI","token",243829
"subtlex_uk",9,17911,"bigram","NJ","token",4155.99999999999
"subtlex_uk",9,17911,"bigram","NK","token",6282.00000000001
"subtlex_uk",9,17911,"bigram","NL","token",46867.9999999997
"subtlex_uk",9,17911,"bigram","NM","token",1110
"subtlex_uk",9,17911,"bigram","NN","token",46877.9999999999
"subtlex_uk",9,17911,"bigram","NO","token",82968.0000000001
"subtlex_uk",9,17911,"bigram","NP","token",2965
"subtlex_uk",9,17911,"bigram","NQ","token",3657.00000000001
"subtlex_uk",9,17911,"bigram","NR","token",1146
"subtlex_uk",9,17911,"bigram","NS","token",226899.999999999
"subtlex_uk",9,17911,"bigram","NT","token",732402
"subtlex_uk",9,17911,"bigram","NU","token",24550
"subtlex_uk",9,17911,"bigram","NV","token",29349
"subtlex_uk",9,17911,"bigram","NW","token",9509.99999999995
"subtlex_uk",9,17911,"bigram","NX","token",509.000000000001
"subtlex_uk",9,17911,"bigram","NY","token",4761.00000000001
"subtlex_uk",9,17911,"bigram","NZ","token",991.999999999996
"subtlex_uk",9,17911,"bigram","OA","token",32915
"subtlex_uk",9,17911,"bigram","OB","token",58637
"subtlex_uk",9,17911,"bigram","OC","token",67485
"subtlex_uk",9,17911,"bigram","OD","token",90305.9999999998
"subtlex_uk",9,17911,"bigram","OE","token",4833.00000000002
"subtlex_uk",9,17911,"bigram","OF","token",23238.0000000001
"subtlex_uk",9,17911,"bigram","OG","token",63705.9999999997
"subtlex_uk",9,17911,"bigram","OH","token",2487
"subtlex_uk",9,17911,"bigram","OI","token",26235.9999999999
"subtlex_uk",9,17911,"bigram","OJ","token",776.999999999995
"subtlex_uk",9,17911,"bigram","OK","token",6787
"subtlex_uk",9,17911,"bigram","OL","token",159152
"subtlex_uk",9,17911,"bigram","OM","token",429124
"subtlex_uk",9,17911,"bigram","ON","token",662320
"subtlex_uk",9,17911,"bigram","OO","token",90577.0000000001
"subtlex_uk",9,17911,"bigram","OP","token",78939.0000000001
"subtlex_uk",9,17911,"bigram","OQ","token",258
"subtlex_uk",9,17911,"bigram","OR","token",362088.000000001
"subtlex_uk",9,17911,"bigram","OS","token",51974.0000000001
"subtlex_uk",9,17911,"bigram","OT","token",88954.9999999999
"subtlex_uk",9,17911,"bigram","OU","token",292805.000000001
"subtlex_uk",9,17911,"bigram","OV","token",44773
"subtlex_uk",9,17911,"bigram","OW","token",59963
"subtlex_uk",9,17911,"bigram","OX","token",1975
"subtlex_uk",9,17911,"bigram","OY","token",19595
"subtlex_uk",9,17911,"bigram","OZ","token",400.000000000001
"subtlex_uk",9,17911,"bigram","PA","token",102982
"subtlex_uk",9,17911,"bigram","PB","token",2959
"subtlex_uk",9,17911,"bigram","PC","token",48.0000000000002
"subtlex_uk",9,17911,"bigram","PD","token",259.999999999999
"subtlex_uk",9,17911,"bigram","PE","token",217987
"subtlex_uk",9,17911,"bigram","PF","token",411.999999999998
"subtlex_uk",9,17911,"bigram","PG","token",247
"subtlex_uk",9,17911,"bigram","PH","token",25993.9999999999
"subtlex_uk",9,17911,"bigram","PI","token",38407.0000000001
"subtlex_uk",9,17911,"bigram","PJ","token",112.999999999999
"subtlex_uk",9,17911,"bigram","PK","token",54
"subtlex_uk",9,17911,"bigram","PL","token",62923.9999999999
"subtlex_uk",9,17911,"bigram","PM","token",7265.00000000001
"subtlex_uk",9,17911,"bigram","PN","token",1318
"subtlex_uk",9,17911,"bigram","PO","token",237055
"subtlex_uk",9,17911,"bigram","PP","token",57265.9999999998
"subtlex_uk",9,17911,"bigram","PQ","token",0
"subtlex_uk",9,17911,"bigram","PR","token",219331
"subtlex_uk",9,17911,"bigram","PS","token",13823
"subtlex_uk",9,17911,"bigram","PT","token",28934
"subtlex_uk",9,17911,"bigram","PU","token",20482
"subtlex_uk",9,17911,"bigram","PV","token",0
"subtlex_uk",9,17911,"bigram","PW","token",569.000000000003
"subtlex_uk",9,17911,"bigram","PX","token",0
"subtlex_uk",9,17911,"bigram","PY","token",1446
"subtlex_uk",9,17911,"bigram","PZ","token",2.99999999999998
"subtlex_uk",9,17911,"bigram","QA","token",1.99999999999998
"subtlex_uk",9,17911,"bigram","QB","token",0
"subtlex_uk",9,17911,"bigram","QC","token",0
"subtlex_uk",9,17911,"bigram","QD","token",0
"subtlex_uk",9,17911,"bigram","QE","token",0
"subtlex_uk",9,17911,"bigram","QF","token",0
"subtlex_uk",9,17911,"bigram","QG","token",0
"subtlex_uk",9,17911,"bigram","QH","token",0
"subtlex_uk",9,17911,"bigram","QI","token",58
"subtlex_uk",9,17911,"bigram","QJ","token",0
"subtlex_uk",9,17911,"bigram","QK","token",0
"subtlex_uk",9,17911,"bigram","QL","token",0
"subtlex_uk",9,17911,"bigram","QM","token",0
"subtlex_uk",9,17911,"bigram","QN","token",0
"subtlex_uk",9,17911,"bigram","QO","token",1.99999999999998
"subtlex_uk",9,17911,"bigram","QP","token",0
"subtlex_uk",9,17911,"bigram","QQ","token",0
"subtlex_uk",9,17911,"bigram","QR","token",0
"subtlex_uk",9,17911,"bigram","QS","token",0
"subtlex_uk",9,17911,"bigram","QT","token",0
"subtlex_uk",9,17911,"bigram","QU","token",76851.9999999998
"subtlex_uk",9,17911,"bigram","QV","token",6.99999999999993
"subtlex_uk",9,17911,"bigram","QW","token",0
"subtlex_uk",9,17911,"bigram","QX","token",0
"subtlex_uk",9,17911,"bigram","QY","token",0
"subtlex_uk",9,17911,"bigram","QZ","token",0
"subtlex_uk",9,17911,"bigram","RA","token",330130
"subtlex_uk",9,17911,"bigram","RB","token",10873
"subtlex_uk",9,17911,"bigram","RC","token",42835
"subtlex_uk",9,17911,"bigram","RD","token",92644.0000000004
"subtlex_uk",9,17911,"bigram","RE","token",696241
"subtlex_uk",9,17911,"bigram","RF","token",66961
"subtlex_uk",9,17911,"bigram","RG","token",49220
"subtlex_uk",9,17911,"bigram","RH","token",4007.00000000001
"subtlex_uk",9,17911,"bigram","RI","token",444179.000000001
"subtlex_uk",9,17911,"bigram","RJ","token",393.999999999999
"subtlex_uk",9,17911,"bigram","RK","token",33006.9999999999
"subtlex_uk",9,17911,"bigram","RL","token",18314
"subtlex_uk",9,17911,"bigram","RM","token",45225.9999999999
"subtlex_uk",9,17911,"bigram","RN","token",74707.9999999999
"subtlex_uk",9,17911,"bigram","RO","token",210951
"subtlex_uk",9,17911,"bigram","RP","token",34096
"subtlex_uk",9,17911,"bigram","RQ","token",524.999999999998
"subtlex_uk",9,17911,"bigram","RR","token",63371
"subtlex_uk",9,17911,"bigram","RS","token",144125
"subtlex_uk",9,17911,"bigram","RT","token",209941
"subtlex_uk",9,17911,"bigram","RU","token",28308.0000000001
"subtlex_uk",9,17911,"bigram","RV","token",20369
"subtlex_uk",9,17911,"bigram","RW","token",16778.9999999999
"subtlex_uk",9,17911,"bigram","RX","token",0
"subtlex_uk",9,17911,"bigram","RY","token",121137.999999999
"subtlex_uk",9,17911,"bigram","RZ","token",171
"subtlex_uk",9,17911,"bigram","SA","token",75839
"subtlex_uk",9,17911,"bigram","SB","token",2724
"subtlex_uk",9,17911,"bigram","SC","token",68269.0000000001
"subtlex_uk",9,17911,"bigram","SD","token",7753.99999999996
"subtlex_uk",9,17911,"bigram","SE","token",285963
"subtlex_uk",9,17911,"bigram","SF","token",8156.99999999997
"subtlex_uk",9,17911,"bigram","SG","token",1748.00000000001
"subtlex_uk",9,17911,"bigram","SH","token",91087.9999999999
"subtlex_uk",9,17911,"bigram","SI","token",236588
"subtlex_uk",9,17911,"bigram","SJ","token",276.000000000003
"subtlex_uk",9,17911,"bigram","SK","token",5391.00000000001
"subtlex_uk",9,17911,"bigram","SL","token",68635.0000000001
"subtlex_uk",9,17911,"bigram","SM","token",23222
"subtlex_uk",9,17911,"bigram","SN","token",5194.00000000003
"subtlex_uk",9,17911,"bigram","SO","token",332052
"subtlex_uk",9,17911,"bigram","SP","token",82252
"subtlex_uk",9,17911,"bigram","SQ","token",5184.99999999999
"subtlex_uk",9,17911,"bigram","SR","token",4114.99999999999
"subtlex_uk",9,17911,"bigram","SS","token",142798
"subtlex_uk",9,17911,"bigram","ST","token",507180
"subtlex_uk",9,17911,"bigram","SU","token",100661
"subtlex_uk",9,17911,"bigram","SV","token",296.000000000001
"subtlex_uk",9,17911,"bigram","SW","token",10485
"subtlex_uk",9,17911,"bigram","SX","token",0
"subtlex_uk",9,17911,"bigram","SY","token",3938
"subtlex_uk",9,17911,"bigram","SZ","token",59
"subtlex_uk",9,17911,"bigram","TA","token",345436
"subtlex_uk",9,17911,"bigram","TB","token",4375
"subtlex_uk",9,17911,"bigram","TC","token",14701
"subtlex_uk",9,17911,"bigram","TD","token",1044.00000000001
"subtlex_uk",9,17911,"bigram","TE","token",634098.000000001
"subtlex_uk",9,17911,"bigram","TF","token",4958
"subtlex_uk",9,17911,"bigram","TG","token",1285.00000000001
"subtlex_uk",9,17911,"bigram","TH","token",334738
"subtlex_uk",9,17911,"bigram","TI","token",712492
"subtlex_uk",9,17911,"bigram","TJ","token",47.0000000000002
"subtlex_uk",9,17911,"bigram","TK","token",136
"subtlex_uk",9,17911,"bigram","TL","token",85401.9999999999
"subtlex_uk",9,17911,"bigram","TM","token",46968.0000000002
"subtlex_uk",9,17911,"bigram","TN","token",11393
"subtlex_uk",9,17911,"bigram","TO","token",123127
"subtlex_uk",9,17911,"bigram","TP","token",1804
"subtlex_uk",9,17911,"bigram","TQ","token",0
"subtlex_uk",9,17911,"bigram","TR","token",183944
"subtlex_uk",9,17911,"bigram","TS","token",80096.9999999999
"subtlex_uk",9,17911,"bigram","TT","token",90949.0000000002
"subtlex_uk",9,17911,"bigram","TU","token",100114
"subtlex_uk",9,17911,"bigram","TV","token",30
"subtlex_uk",9,17911,"bigram","TW","token",4591
"subtlex_uk",9,17911,"bigram","TX","token",0
"subtlex_uk",9,17911,"bigram","TY","token",79795.9999999998
"subtlex_uk",9,17911,"bigram","TZ","token",853
"subtlex_uk",9,17911,"bigram","UA","token",66251.0000000002
"subtlex_uk",9,17911,"bigram","UB","token",19742
"subtlex_uk",9,17911,"bigram","UC","token",57427.0000000002
"subtlex_uk",9,17911,"bigram","UD","token",35605.9999999998
"subtlex_uk",9,17911,"bigram","UE","token",81512.9999999998
"subtlex_uk",9,17911,"bigram","UF","token",9203.99999999996
"subtlex_uk",9,17911,"bigram","UG","token",18449
"subtlex_uk",9,17911,"bigram","UH","token",71.0000000000003
"subtlex_uk",9,17911,"bigram","UI","token",34438
"subtlex_uk",9,17911,"bigram","UJ","token",43.0000000000002
"subtlex_uk",9,17911,"bigram","UK","token",1371
"subtlex_uk",9,17911,"bigram","UL","token",229935
"subtlex_uk",9,17911,"bigram","UM","token",27969
"subtlex_uk",9,17911,"bigram","UN","token",124883
"subtlex_uk",9,17911,"bigram","UO","token",2299
"subtlex_uk",9,17911,"bigram","UP","token",24114
"subtlex_uk",9,17911,"bigram","UQ","token",0
"subtlex_uk",9,17911,"bigram","UR","token",229287
"subtlex_uk",9,17911,"bigram","US","token",226019
"subtlex_uk",9,17911,"bigram","UT","token",111352
"subtlex_uk",9,17911,"bigram","UU","token",219
"subtlex_uk",9,17911,"bigram","UV","token",2142
"subtlex_uk",9,17911,"bigram","UW","token",1.99999999999998
"subtlex_uk",9,17911,"bigram","UX","token",1084.00000000001
"subtlex_uk",9,17911,"bigram","UY","token",94
"subtlex_uk",9,17911,"bigram","UZ","token",395.000000000003
"subtlex_uk",9,17911,"bigram","VA","token",49943.0000000001
"subtlex_uk",9,17911,"bigram","VB","token",0
"subtlex_uk",9,17911,"bigram","VC","token",0
"subtlex_uk",9,17911,"bigram","VD","token",0
"subtlex_uk",9,17911,"bigram","VE","token",246296
"subtlex_uk",9,17911,"bigram","VF","token",0
"subtlex_uk",9,17911,"bigram","VG","token",0
"subtlex_uk",9,17911,"bigram","VH","token",71.0000000000002
"subtlex_uk",9,17911,"bigram","VI","token",137624
"subtlex_uk",9,17911,"bigram","VJ","token",0
"subtlex_uk",9,17911,"bigram","VK","token",0
"subtlex_uk",9,17911,"bigram","VL","token",15.9999999999998
"subtlex_uk",9,17911,"bigram","VM","token",0
"subtlex_uk",9,17911,"bigram","VN","token",70.0000000000001
"subtlex_uk",9,17911,"bigram","VO","token",46757.0000000004
"subtlex_uk",9,17911,"bigram","VP","token",0
"subtlex_uk",9,17911,"bigram","VQ","token",0
"subtlex_uk",9,17911,"bigram","VR","token",1132
"subtlex_uk",9,17911,"bigram","VS","token",72
"subtlex_uk",9,17911,"bigram","VT","token",1.99999999999998
"subtlex_uk",9,17911,"bigram","VU","token",421.000000000001
"subtlex_uk",9,17911,"bigram","VV","token",14.9999999999999
"subtlex_uk",9,17911,"bigram","VW","token",0
"subtlex_uk",9,17911,"bigram","VX","token",0
"subtlex_uk",9,17911,"bigram","VY","token",45.9999999999999
"subtlex_uk",9,17911,"bigram","VZ","token",0
"subtlex_uk",9,17911,"bigram","WA","token",38046
"subtlex_uk",9,17911,"bigram","WB","token",840
"subtlex_uk",9,17911,"bigram","WC","token",5342.99999999999
"subtlex_uk",9,17911,"bigram","WD","token",1463.00000000001
"subtlex_uk",9,17911,"bigram","WE","token",34514
"subtlex_uk",9,17911,"bigram","WF","token",355.000000000001
"subtlex_uk",9,17911,"bigram","WG","token",68.0000000000004
"subtlex_uk",9,17911,"bigram","WH","token",45336.0000000002
"subtlex_uk",9,17911,"bigram","WI","token",55836.9999999998
"subtlex_uk",9,17911,"bigram","WJ","token",1.99999999999998
"subtlex_uk",9,17911,"bigram","WK","token",460.000000000001
"subtlex_uk",9,17911,"bigram","WL","token",11875.0000000001
"subtlex_uk",9,17911,"bigram","WM","token",904.000000000005
"subtlex_uk",9,17911,"bigram","WN","token",12189
"subtlex_uk",9,17911,"bigram","WO","token",81667.9999999998
"subtlex_uk",9,17911,"bigram","WP","token",442.999999999999
"subtlex_uk",9,17911,"bigram","WQ","token",0
"subtlex_uk",9,17911,"bigram","WR","token",3854.99999999999
"subtlex_uk",9,17911,"bigram","WS","token",11404
"subtlex_uk",9,17911,"bigram","WT","token",414.000000000002
"subtlex_uk",9,17911,"bigram","WU","token",310.999999999999
"subtlex_uk",9,17911,"bigram","WV","token",0
"subtlex_uk",9,17911,"bigram","WW","token",59.0000000000003
"subtlex_uk",9,17911,"bigram","WX","token",0
"subtlex_uk",9,17911,"bigram","WY","token",149.000000000001
"subtlex_uk",9,17911,"bigram","WZ","token",0
"subtlex_uk",9,17911,"bigram","XA","token",6113.00000000003
"subtlex_uk",9,17911,"bigram","XB","token",13.0000000000001
"subtlex_uk",9,17911,"bigram","XC","token",27076.9999999998
"subtlex_uk",9,17911,"bigram","XD","token",0
"subtlex_uk",9,17911,"bigram","XE","token",11372.0000000001
"subtlex_uk",9,17911,"bigram","XF","token",65.0000000000003
"subtlex_uk",9,17911,"bigram","XG","token",53.9999999999994
"subtlex_uk",9,17911,"bigram","XH","token",2737.99999999999
"subtlex_uk",9,17911,"bigram","XI","token",4635.99999999999
"subtlex_uk",9,17911,"bigram","XJ","token",0
"subtlex_uk",9,17911,"bigram","XK","token",0
"subtlex_uk",9,17911,"bigram","XL","token",0
"subtlex_uk",9,17911,"bigram","XM","token",41.9999999999997
"subtlex_uk",9,17911,"bigram","XN","token",0
"subtlex_uk",9,17911,"bigram","XO","token",491.000000000002
"subtlex_uk",9,17911,"bigram","XP","token",44862.0000000001
"subtlex_uk",9,17911,"bigram","XQ","token",1187.00000000001
"subtlex_uk",9,17911,"bigram","XR","token",0
"subtlex_uk",9,17911,"bigram","XS","token",11.0000000000001
"subtlex_uk",9,17911,"bigram","XT","token",21393.9999999999
"subtlex_uk",9,17911,"bigram","XU","token",1732
"subtlex_uk",9,17911,"bigram","XV","token",21.0000000000002
"subtlex_uk",9,17911,"bigram","XW","token",1.99999999999998
"subtlex_uk",9,17911,"bigram","XX","token",0
"subtlex_uk",9,17911,"bigram","XY","token",309.999999999998
"subtlex_uk",9,17911,"bigram","XZ","token",0
"subtlex_uk",9,17911,"bigram","YA","token",6924
"subtlex_uk",9,17911,"bigram","YB","token",48861.9999999997
"subtlex_uk",9,17911,"bigram","YC","token",3352.00000000002
"subtlex_uk",9,17911,"bigram","YD","token",1462.00000000001
"subtlex_uk",9,17911,"bigram","YE","token",38642.0000000003
"subtlex_uk",9,17911,"bigram","YF","token",5701.99999999996
"subtlex_uk",9,17911,"bigram","YG","token",736.999999999996
"subtlex_uk",9,17911,"bigram","YH","token",678.000000000002
"subtlex_uk",9,17911,"bigram","YI","token",3838.00000000001
"subtlex_uk",9,17911,"bigram","YJ","token",3.99999999999996
"subtlex_uk",9,17911,"bigram","YK","token",132
"subtlex_uk",9,17911,"bigram","YL","token",7985.99999999997
"subtlex_uk",9,17911,"bigram","YM","token",7797.00000000003
"subtlex_uk",9,17911,"bigram","YN","token",2372.99999999999
"subtlex_uk",9,17911,"bigram","YO","token",12152.9999999999
"subtlex_uk",9,17911,"bigram","YP","token",4782.99999999999
"subtlex_uk",9,17911,"bigram","YQ","token",0
"subtlex_uk",9,17911,"bigram","YR","token",1279
"subtlex_uk",9,17911,"bigram","YS","token",9360.00000000001
"subtlex_uk",9,17911,"bigram","YT","token",2252
"subtlex_uk",9,17911,"bigram","YU","token",32.0000000000001
"subtlex_uk",9,17911,"bigram","YV","token",17.9999999999999
"subtlex_uk",9,17911,"bigram","YW","token",5806.00000000001
"subtlex_uk",9,17911,"bigram","YX","token",0
"subtlex_uk",9,17911,"bigram","YY","token",12.9999999999999
"subtlex_uk",9,17911,"bigram","YZ","token",333.999999999998
"subtlex_uk",9,17911,"bigram","ZA","token",8123.99999999997
"subtlex_uk",9,17911,"bigram","ZB","token",185.999999999999
"subtlex_uk",9,17911,"bigram","ZC","token",261.000000000002
"subtlex_uk",9,17911,"bigram","ZD","token",0
"subtlex_uk",9,17911,"bigram","ZE","token",2946.00000000001
"subtlex_uk",9,17911,"bigram","ZF","token",0
"subtlex_uk",9,17911,"bigram","ZG","token",2.99999999999998
"subtlex_uk",9,17911,"bigram","ZH","token",763.999999999998
"subtlex_uk",9,17911,"bigram","ZI","token",8106.00000000004
"subtlex_uk",9,17911,"bigram","ZJ","token",0
"subtlex_uk",9,17911,"bigram","ZK","token",17
"subtlex_uk",9,17911,"bigram","ZL","token",315.000000000001
"subtlex_uk",9,17911,"bigram","ZM","token",84.0000000000003
"subtlex_uk",9,17911,"bigram","ZN","token",39.9999999999999
"subtlex_uk",9,17911,"bigram","ZO","token",833.999999999999
"subtlex_uk",9,17911,"bigram","ZP","token",6.99999999999993
"subtlex_uk",9,17911,"bigram","ZQ","token",74.9999999999997
"subtlex_uk",9,17911,"bigram","ZR","token",11
"subtlex_uk",9,17911,"bigram","ZS","token",64.0000000000006
"subtlex_uk",9,17911,"bigram","ZT","token",27.9999999999998
"subtlex_uk",9,17911,"bigram","ZU","token",613.000000000003
"subtlex_uk",9,17911,"bigram","ZV","token",94.9999999999993
"subtlex_uk",9,17911,"bigram","ZW","token",26.0000000000001
"subtlex_uk",9,17911,"bigram","ZX","token",0
"subtlex_uk",9,17911,"bigram","ZY","token",152
"subtlex_uk",9,17911,"bigram","ZZ","token",1488
"subtlex_uk",10,13135,"bigram","AA","token",843.999999999999
"subtlex_uk",10,13135,"bigram","AB","token",161920
"subtlex_uk",10,13135,"bigram","AC","token",78566.0000000001
"subtlex_uk",10,13135,"bigram","AD","token",44589.0000000001
"subtlex_uk",10,13135,"bigram","AE","token",3199.00000000001
"subtlex_uk",10,13135,"bigram","AF","token",11806
"subtlex_uk",10,13135,"bigram","AG","token",44245
"subtlex_uk",10,13135,"bigram","AH","token",3137
"subtlex_uk",10,13135,"bigram","AI","token",39102
"subtlex_uk",10,13135,"bigram","AJ","token",647
"subtlex_uk",10,13135,"bigram","AK","token",10135
"subtlex_uk",10,13135,"bigram","AL","token",205967
"subtlex_uk",10,13135,"bigram","AM","token",72948
"subtlex_uk",10,13135,"bigram","AN","token",236298
"subtlex_uk",10,13135,"bigram","AO","token",12.0000000000001
"subtlex_uk",10,13135,"bigram","AP","token",56685
"subtlex_uk",10,13135,"bigram","AQ","token",129.000000000001
"subtlex_uk",10,13135,"bigram","AR","token",211125
"subtlex_uk",10,13135,"bigram","AS","token",100334
"subtlex_uk",10,13135,"bigram","AT","token",281333
"subtlex_uk",10,13135,"bigram","AU","token",28430.9999999999
"subtlex_uk",10,13135,"bigram","AV","token",21247
"subtlex_uk",10,13135,"bigram","AW","token",4125.00000000002
"subtlex_uk",10,13135,"bigram","AX","token",1111
"subtlex_uk",10,13135,"bigram","AY","token",9628.99999999999
"subtlex_uk",10,13135,"bigram","AZ","token",1508
"subtlex_uk",10,13135,"bigram","BA","token",28709
"subtlex_uk",10,13135,"bigram","BB","token",1395
"subtlex_uk",10,13135,"bigram","BC","token",123
"subtlex_uk",10,13135,"bigram","BD","token",379
"subtlex_uk",10,13135,"bigram","BE","token",31270.0000000001
"subtlex_uk",10,13135,"bigram","BF","token",0
"subtlex_uk",10,13135,"bigram","BG","token",5.99999999999994
"subtlex_uk",10,13135,"bigram","BH","token",34.0000000000002
"subtlex_uk",10,13135,"bigram","BI","token",31473.0000000001
"subtlex_uk",10,13135,"bigram","BJ","token",1470
"subtlex_uk",10,13135,"bigram","BK","token",0
"subtlex_uk",10,13135,"bigram","BL","token",126660
"subtlex_uk",10,13135,"bigram","BM","token",1042
"subtlex_uk",10,13135,"bigram","BN","token",108.000000000001
"subtlex_uk",10,13135,"bigram","BO","token",25461
"subtlex_uk",10,13135,"bigram","BP","token",43
"subtlex_uk",10,13135,"bigram","BQ","token",0
"subtlex_uk",10,13135,"bigram","BR","token",16734
"subtlex_uk",10,13135,"bigram","BS","token",81326.9999999995
"subtlex_uk",10,13135,"bigram","BT","token",225
"subtlex_uk",10,13135,"bigram","BU","token",26602
"subtlex_uk",10,13135,"bigram","BV","token",232
"subtlex_uk",10,13135,"bigram","BW","token",79.0000000000006
"subtlex_uk",10,13135,"bigram","BX","token",0
"subtlex_uk",10,13135,"bigram","BY","token",2679.99999999998
"subtlex_uk",10,13135,"bigram","BZ","token",4.00000000000001
"subtlex_uk",10,13135,"bigram","CA","token",80966.9999999999
"subtlex_uk",10,13135,"bigram","CB","token",0
"subtlex_uk",10,13135,"bigram","CC","token",33350.0000000001
"subtlex_uk",10,13135,"bigram","CD","token",136
"subtlex_uk",10,13135,"bigram","CE","token",188315
"subtlex_uk",10,13135,"bigram","CF","token",124
"subtlex_uk",10,13135,"bigram","CG","token",1409.00000000001
"subtlex_uk",10,13135,"bigram","CH","token",107615
"subtlex_uk",10,13135,"bigram","CI","token",112244
"subtlex_uk",10,13135,"bigram","CJ","token",0
"subtlex_uk",10,13135,"bigram","CK","token",26003
"subtlex_uk",10,13135,"bigram","CL","token",12179
"subtlex_uk",10,13135,"bigram","CM","token",169
"subtlex_uk",10,13135,"bigram","CN","token",130
"subtlex_uk",10,13135,"bigram","CO","token",291904
"subtlex_uk",10,13135,"bigram","CP","token",248
"subtlex_uk",10,13135,"bigram","CQ","token",963.999999999992
"subtlex_uk",10,13135,"bigram","CR","token",64640.0000000001
"subtlex_uk",10,13135,"bigram","CS","token",7012.00000000004
"subtlex_uk",10,13135,"bigram","CT","token",135451
"subtlex_uk",10,13135,"bigram","CU","token",64922.0000000002
"subtlex_uk",10,13135,"bigram","CV","token",0
"subtlex_uk",10,13135,"bigram","CW","token",86.9999999999994
"subtlex_uk",10,13135,"bigram","CX","token",0
"subtlex_uk",10,13135,"bigram","CY","token",9626
"subtlex_uk",10,13135,"bigram","CZ","token",118
"subtlex_uk",10,13135,"bigram","DA","token",30385
"subtlex_uk",10,13135,"bigram","DB","token",853.000000000003
"subtlex_uk",10,13135,"bigram","DC","token",1475.00000000001
"subtlex_uk",10,13135,"bigram","DD","token",9337.00000000003
"subtlex_uk",10,13135,"bigram","DE","token",259836
"subtlex_uk",10,13135,"bigram","DF","token",1657
"subtlex_uk",10,13135,"bigram","DG","token",2642
"subtlex_uk",10,13135,"bigram","DH","token",721.999999999999
"subtlex_uk",10,13135,"bigram","DI","token",197044.000000001
"subtlex_uk",10,13135,"bigram","DJ","token",724.999999999997
"subtlex_uk",10,13135,"bigram","DK","token",60
"subtlex_uk",10,13135,"bigram","DL","token",8904.00000000002
"subtlex_uk",10,13135,"bigram","DM","token",3915.99999999999
"subtlex_uk",10,13135,"bigram","DN","token",998.999999999999
"subtlex_uk",10,13135,"bigram","DO","token",26864
"subtlex_uk",10,13135,"bigram","DP","token",1492
"subtlex_uk",10,13135,"bigram","DQ","token",0
"subtlex_uk",10,13135,"bigram","DR","token",8251
"subtlex_uk",10,13135,"bigram","DS","token",22013
"subtlex_uk",10,13135,"bigram","DT","token",654.999999999998
"subtlex_uk",10,13135,"bigram","DU","token",51353.0000000002
"subtlex_uk",10,13135,"bigram","DV","token",4123.00000000001
"subtlex_uk",10,13135,"bigram","DW","token",2765.99999999999
"subtlex_uk",10,13135,"bigram","DX","token",0
"subtlex_uk",10,13135,"bigram","DY","token",1129
"subtlex_uk",10,13135,"bigram","DZ","token",8.99999999999991
"subtlex_uk",10,13135,"bigram","EA","token",101082
"subtlex_uk",10,13135,"bigram","EB","token",9206.99999999997
"subtlex_uk",10,13135,"bigram","EC","token",154473
"subtlex_uk",10,13135,"bigram","ED","token",252521
"subtlex_uk",10,13135,"bigram","EE","token",41889.0000000001
"subtlex_uk",10,13135,"bigram","EF","token",71587.9999999999
"subtlex_uk",10,13135,"bigram","EG","token",36123.0000000001
"subtlex_uk",10,13135,"bigram","EH","token",8386.99999999998
"subtlex_uk",10,13135,"bigram","EI","token",13748
"subtlex_uk",10,13135,"bigram","EJ","token",704.000000000001
"subtlex_uk",10,13135,"bigram","EK","token",1012
"subtlex_uk",10,13135,"bigram","EL","token",312636.999999999
"subtlex_uk",10,13135,"bigram","EM","token",107967
"subtlex_uk",10,13135,"bigram","EN","token",557064.000000002
"subtlex_uk",10,13135,"bigram","EO","token",7074.99999999999
"subtlex_uk",10,13135,"bigram","EP","token",52708.0000000001
"subtlex_uk",10,13135,"bigram","EQ","token",8549.99999999999
"subtlex_uk",10,13135,"bigram","ER","token",789855.000000001
"subtlex_uk",10,13135,"bigram","ES","token",434670
"subtlex_uk",10,13135,"bigram","ET","token",95485.0000000001
"subtlex_uk",10,13135,"bigram","EU","token",4409.00000000003
"subtlex_uk",10,13135,"bigram","EV","token",168163.999999999
"subtlex_uk",10,13135,"bigram","EW","token",12745
"subtlex_uk",10,13135,"bigram","EX","token",67448.0000000002
"subtlex_uk",10,13135,"bigram","EY","token",5370.00000000001
"subtlex_uk",10,13135,"bigram","EZ","token",667.000000000002
"subtlex_uk",10,13135,"bigram","FA","token",15523.0000000001
"subtlex_uk",10,13135,"bigram","FB","token",117
"subtlex_uk",10,13135,"bigram","FC","token",68.0000000000004
"subtlex_uk",10,13135,"bigram","FD","token",0
"subtlex_uk",10,13135,"bigram","FE","token",62360.0000000002
"subtlex_uk",10,13135,"bigram","FF","token",41721.0000000002
"subtlex_uk",10,13135,"bigram","FG","token",58.9999999999999
"subtlex_uk",10,13135,"bigram","FH","token",8.99999999999999
"subtlex_uk",10,13135,"bigram","FI","token",99772.9999999999
"subtlex_uk",10,13135,"bigram","FJ","token",0
"subtlex_uk",10,13135,"bigram","FK","token",8.0000000000001
"subtlex_uk",10,13135,"bigram","FL","token",15002
"subtlex_uk",10,13135,"bigram","FM","token",18.9999999999999
"subtlex_uk",10,13135,"bigram","FN","token",6.99999999999993
"subtlex_uk",10,13135,"bigram","FO","token",33745.9999999999
"subtlex_uk",10,13135,"bigram","FP","token",16.0000000000001
"subtlex_uk",10,13135,"bigram","FQ","token",0
"subtlex_uk",10,13135,"bigram","FR","token",24565
"subtlex_uk",10,13135,"bigram","FS","token",311.000000000001
"subtlex_uk",10,13135,"bigram","FT","token",7671.00000000002
"subtlex_uk",10,13135,"bigram","FU","token",27508
"subtlex_uk",10,13135,"bigram","FV","token",0
"subtlex_uk",10,13135,"bigram","FW","token",27
"subtlex_uk",10,13135,"bigram","FX","token",0
"subtlex_uk",10,13135,"bigram","FY","token",6674.00000000003
"subtlex_uk",10,13135,"bigram","FZ","token",0
"subtlex_uk",10,13135,"bigram","GA","token",22047
"subtlex_uk",10,13135,"bigram","GB","token",371.000000000002
"subtlex_uk",10,13135,"bigram","GC","token",58.9999999999995
"subtlex_uk",10,13135,"bigram","GD","token",807.999999999999
"subtlex_uk",10,13135,"bigram","GE","token",86455.0000000001
"subtlex_uk",10,13135,"bigram","GF","token",1399.00000000001
"subtlex_uk",10,13135,"bigram","GG","token",24336
"subtlex_uk",10,13135,"bigram","GH","token",67089.0000000001
"subtlex_uk",10,13135,"bigram","GI","token",34503
"subtlex_uk",10,13135,"bigram","GJ","token",0
"subtlex_uk",10,13135,"bigram","GK","token",27.0000000000001
"subtlex_uk",10,13135,"bigram","GL","token",20702.0000000001
"subtlex_uk",10,13135,"bigram","GM","token",757.000000000003
"subtlex_uk",10,13135,"bigram","GN","token",11250
"subtlex_uk",10,13135,"bigram","GO","token",131657.000000001
"subtlex_uk",10,13135,"bigram","GP","token",16
"subtlex_uk",10,13135,"bigram","GQ","token",11.0000000000001
"subtlex_uk",10,13135,"bigram","GR","token",46044.9999999999
"subtlex_uk",10,13135,"bigram","GS","token",6942.99999999997
"subtlex_uk",10,13135,"bigram","GT","token",14224
"subtlex_uk",10,13135,"bigram","GU","token",31089
"subtlex_uk",10,13135,"bigram","GV","token",2.99999999999998
"subtlex_uk",10,13135,"bigram","GW","token",926.000000000005
"subtlex_uk",10,13135,"bigram","GX","token",0
"subtlex_uk",10,13135,"bigram","GY","token",12438.0000000001
"subtlex_uk",10,13135,"bigram","GZ","token",1986.00000000001
"subtlex_uk",10,13135,"bigram","HA","token",81906.0000000001
"subtlex_uk",10,13135,"bigram","HB","token",9148.00000000001
"subtlex_uk",10,13135,"bigram","HC","token",1996.00000000001
"subtlex_uk",10,13135,"bigram","HD","token",1009
"subtlex_uk",10,13135,"bigram","HE","token",132247
"subtlex_uk",10,13135,"bigram","HF","token",1106
"subtlex_uk",10,13135,"bigram","HG","token",243.999999999999
"subtlex_uk",10,13135,"bigram","HH","token",409
"subtlex_uk",10,13135,"bigram","HI","token",153422.999999999
"subtlex_uk",10,13135,"bigram","HJ","token",0
"subtlex_uk",10,13135,"bigram","HK","token",50.0000000000003
"subtlex_uk",10,13135,"bigram","HL","token",7800.00000000002
"subtlex_uk",10,13135,"bigram","HM","token",5868.99999999998
"subtlex_uk",10,13135,"bigram","HN","token",13476.0000000001
"subtlex_uk",10,13135,"bigram","HO","token",75002.0000000002
"subtlex_uk",10,13135,"bigram","HP","token",1577
"subtlex_uk",10,13135,"bigram","HQ","token",2607.99999999998
"subtlex_uk",10,13135,"bigram","HR","token",24767
"subtlex_uk",10,13135,"bigram","HS","token",2181
"subtlex_uk",10,13135,"bigram","HT","token",23448
"subtlex_uk",10,13135,"bigram","HU","token",9318.00000000005
"subtlex_uk",10,13135,"bigram","HV","token",5.99999999999995
"subtlex_uk",10,13135,"bigram","HW","token",3712.99999999999
"subtlex_uk",10,13135,"bigram","HX","token",0
"subtlex_uk",10,13135,"bigram","HY","token",8377.00000000003
"subtlex_uk",10,13135,"bigram","HZ","token",0
"subtlex_uk",10,13135,"bigram","IA","token",119138
"subtlex_uk",10,13135,"bigram","IB","token",54704.0000000002
"subtlex_uk",10,13135,"bigram","IC","token",154269
"subtlex_uk",10,13135,"bigram","ID","token",69742.0000000001
"subtlex_uk",10,13135,"bigram","IE","token",113350
"subtlex_uk",10,13135,"bigram","IF","token",51892.0000000003
"subtlex_uk",10,13135,"bigram","IG","token",59636.0000000001
"subtlex_uk",10,13135,"bigram","IH","token",1297
"subtlex_uk",10,13135,"bigram","II","token",14.9999999999999
"subtlex_uk",10,13135,"bigram","IJ","token",336.999999999999
"subtlex_uk",10,13135,"bigram","IK","token",1853.00000000001
"subtlex_uk",10,13135,"bigram","IL","token",49978
"subtlex_uk",10,13135,"bigram","IM","token",66997.0000000002
"subtlex_uk",10,13135,"bigram","IN","token",640442
"subtlex_uk",10,13135,"bigram","IO","token",330473.000000001
"subtlex_uk",10,13135,"bigram","IP","token",26669
"subtlex_uk",10,13135,"bigram","IQ","token",3764.99999999999
"subtlex_uk",10,13135,"bigram","IR","token",54541
"subtlex_uk",10,13135,"bigram","IS","token",217261
"subtlex_uk",10,13135,"bigram","IT","token",207883
"subtlex_uk",10,13135,"bigram","IU","token",3436
"subtlex_uk",10,13135,"bigram","IV","token",98765.0000000002
"subtlex_uk",10,13135,"bigram","IW","token",162
"subtlex_uk",10,13135,"bigram","IX","token",413.999999999998
"subtlex_uk",10,13135,"bigram","IY","token",24.9999999999999
"subtlex_uk",10,13135,"bigram","IZ","token",3033.00000000001
"subtlex_uk",10,13135,"bigram","JA","token",3820
"subtlex_uk",10,13135,"bigram","JB","token",0
"subtlex_uk",10,13135,"bigram","JC","token",0
"subtlex_uk",10,13135,"bigram","JD","token",0
"subtlex_uk",10,13135,"bigram","JE","token",3841
"subtlex_uk",10,13135,"bigram","JF","token",0
"subtlex_uk",10,13135,"bigram","JG","token",0
"subtlex_uk",10,13135,"bigram","JH","token",0
"subtlex_uk",10,13135,"bigram","JI","token",197.999999999999
"subtlex_uk",10,13135,"bigram","JJ","token",0
"subtlex_uk",10,13135,"bigram","JK","token",0
"subtlex_uk",10,13135,"bigram","JL","token",0
"subtlex_uk",10,13135,"bigram","JM","token",0
"subtlex_uk",10,13135,"bigram","JN","token",4.00000000000001
"subtlex_uk",10,13135,"bigram","JO","token",5545.00000000003
"subtlex_uk",10,13135,"bigram","JP","token",0
"subtlex_uk",10,13135,"bigram","JQ","token",0
"subtlex_uk",10,13135,"bigram","JR","token",0
"subtlex_uk",10,13135,"bigram","JS","token",0
"subtlex_uk",10,13135,"bigram","JT","token",0
"subtlex_uk",10,13135,"bigram","JU","token",2650.99999999999
"subtlex_uk",10,13135,"bigram","JV","token",0
"subtlex_uk",10,13135,"bigram","JW","token",0
"subtlex_uk",10,13135,"bigram","JX","token",0
"subtlex_uk",10,13135,"bigram","JY","token",0
"subtlex_uk",10,13135,"bigram","JZ","token",0
"subtlex_uk",10,13135,"bigram","KA","token",10768
"subtlex_uk",10,13135,"bigram","KB","token",1377
"subtlex_uk",10,13135,"bigram","KC","token",104
"subtlex_uk",10,13135,"bigram","KD","token",186.000000000001
"subtlex_uk",10,13135,"bigram","KE","token",24814
"subtlex_uk",10,13135,"bigram","KF","token",2619.99999999999
"subtlex_uk",10,13135,"bigram","KG","token",7350.99999999999
"subtlex_uk",10,13135,"bigram","KH","token",884.999999999998
"subtlex_uk",10,13135,"bigram","KI","token",11879
"subtlex_uk",10,13135,"bigram","KJ","token",6.99999999999993
"subtlex_uk",10,13135,"bigram","KK","token",174
"subtlex_uk",10,13135,"bigram","KL","token",1805.99999999999
"subtlex_uk",10,13135,"bigram","KM","token",641.999999999999
"subtlex_uk",10,13135,"bigram","KN","token",4632.99999999999
"subtlex_uk",10,13135,"bigram","KO","token",897.000000000001
"subtlex_uk",10,13135,"bigram","KP","token",711.999999999997
"subtlex_uk",10,13135,"bigram","KQ","token",6.00000000000005
"subtlex_uk",10,13135,"bigram","KR","token",1184
"subtlex_uk",10,13135,"bigram","KS","token",4413
"subtlex_uk",10,13135,"bigram","KT","token",60.9999999999995
"subtlex_uk",10,13135,"bigram","KU","token",283
"subtlex_uk",10,13135,"bigram","KV","token",0
"subtlex_uk",10,13135,"bigram","KW","token",374.000000000001
"subtlex_uk",10,13135,"bigram","KX","token",0
"subtlex_uk",10,13135,"bigram","KY","token",871.000000000004
"subtlex_uk",10,13135,"bigram","KZ","token",0
"subtlex_uk",10,13135,"bigram","LA","token",112781
"subtlex_uk",10,13135,"bigram","LB","token",1112
"subtlex_uk",10,13135,"bigram","LC","token",5093.00000000002
"subtlex_uk",10,13135,"bigram","LD","token",12371
"subtlex_uk",10,13135,"bigram","LE","token",267910
"subtlex_uk",10,13135,"bigram","LF","token",7524.99999999999
"subtlex_uk",10,13135,"bigram","LG","token",1785.00000000001
"subtlex_uk",10,13135,"bigram","LH","token",713.999999999999
"subtlex_uk",10,13135,"bigram","LI","token",168331
"subtlex_uk",10,13135,"bigram","LJ","token",0
"subtlex_uk",10,13135,"bigram","LK","token",4078.00000000001
"subtlex_uk",10,13135,"bigram","LL","token",182407
"subtlex_uk",10,13135,"bigram","LM","token",4125.99999999999
"subtlex_uk",10,13135,"bigram","LN","token",6232.99999999994
"subtlex_uk",10,13135,"bigram","LO","token",86834.0000000001
"subtlex_uk",10,13135,"bigram","LP","token",1357.00000000001
"subtlex_uk",10,13135,"bigram","LQ","token",4.99999999999996
"subtlex_uk",10,13135,"bigram","LR","token",208.000000000001
"subtlex_uk",10,13135,"bigram","LS","token",7540.99999999999
"subtlex_uk",10,13135,"bigram","LT","token",23412
"subtlex_uk",10,13135,"bigram","LU","token",107524
"subtlex_uk",10,13135,"bigram","LV","token",35353
"subtlex_uk",10,13135,"bigram","LW","token",818.000000000001
"subtlex_uk",10,13135,"bigram","LX","token",0
"subtlex_uk",10,13135,"bigram","LY","token",285300
"subtlex_uk",10,13135,"bigram","LZ","token",32.0000000000003
"subtlex_uk",10,13135,"bigram","MA","token",88162.9999999999
"subtlex_uk",10,13135,"bigram","MB","token",18046
"subtlex_uk",10,13135,"bigram","MC","token",2773.00000000001
"subtlex_uk",10,13135,"bigram","MD","token",30.0000000000001
"subtlex_uk",10,13135,"bigram","ME","token",290987.000000001
"subtlex_uk",10,13135,"bigram","MF","token",1143
"subtlex_uk",10,13135,"bigram","MG","token",22
"subtlex_uk",10,13135,"bigram","MH","token",120
"subtlex_uk",10,13135,"bigram","MI","token",95326.0000000002
"subtlex_uk",10,13135,"bigram","MJ","token",0
"subtlex_uk",10,13135,"bigram","MK","token",8.0000000000001
"subtlex_uk",10,13135,"bigram","ML","token",553.000000000003
"subtlex_uk",10,13135,"bigram","MM","token",41344.0000000001
"subtlex_uk",10,13135,"bigram","MN","token",1279.00000000001
"subtlex_uk",10,13135,"bigram","MO","token",41924
"subtlex_uk",10,13135,"bigram","MP","token",107139
"subtlex_uk",10,13135,"bigram","MQ","token",0
"subtlex_uk",10,13135,"bigram","MR","token",12.9999999999999
"subtlex_uk",10,13135,"bigram","MS","token",33850
"subtlex_uk",10,13135,"bigram","MT","token",54.0000000000003
"subtlex_uk",10,13135,"bigram","MU","token",4944.00000000001
"subtlex_uk",10,13135,"bigram","MV","token",53.0000000000002
"subtlex_uk",10,13135,"bigram","MW","token",109.000000000001
"subtlex_uk",10,13135,"bigram","MX","token",0
"subtlex_uk",10,13135,"bigram","MY","token",2701.99999999998
"subtlex_uk",10,13135,"bigram","MZ","token",0
"subtlex_uk",10,13135,"bigram","NA","token",95075.0000000001
"subtlex_uk",10,13135,"bigram","NB","token",3270
"subtlex_uk",10,13135,"bigram","NC","token",208150
"subtlex_uk",10,13135,"bigram","ND","token",252091
"subtlex_uk",10,13135,"bigram","NE","token",160077
"subtlex_uk",10,13135,"bigram","NF","token",38252
"subtlex_uk",10,13135,"bigram","NG","token",372050.999999999
"subtlex_uk",10,13135,"bigram","NH","token",6870.00000000001
"subtlex_uk",10,13135,"bigram","NI","token",121682
"subtlex_uk",10,13135,"bigram","NJ","token",1366.99999999999
"subtlex_uk",10,13135,"bigram","NK","token",5878.99999999999
"subtlex_uk",10,13135,"bigram","NL","token",1904
"subtlex_uk",10,13135,"bigram","NM","token",118033.000000001
"subtlex_uk",10,13135,"bigram","NN","token",21831
"subtlex_uk",10,13135,"bigram","NO","token",63997.0000000001
"subtlex_uk",10,13135,"bigram","NP","token",2587.99999999999
"subtlex_uk",10,13135,"bigram","NQ","token",795.000000000003
"subtlex_uk",10,13135,"bigram","NR","token",1461
"subtlex_uk",10,13135,"bigram","NS","token",112195
"subtlex_uk",10,13135,"bigram","NT","token",443458.000000002
"subtlex_uk",10,13135,"bigram","NU","token",9465.99999999998
"subtlex_uk",10,13135,"bigram","NV","token",28316.0000000001
"subtlex_uk",10,13135,"bigram","NW","token",2434
"subtlex_uk",10,13135,"bigram","NX","token",0
"subtlex_uk",10,13135,"bigram","NY","token",1151
"subtlex_uk",10,13135,"bigram","NZ","token",504
"subtlex_uk",10,13135,"bigram","OA","token",12373
"subtlex_uk",10,13135,"bigram","OB","token",6153
"subtlex_uk",10,13135,"bigram","OC","token",27213
"subtlex_uk",10,13135,"bigram","OD","token",31529
"subtlex_uk",10,13135,"bigram","OE","token",5036.00000000005
"subtlex_uk",10,13135,"bigram","OF","token",9269
"subtlex_uk",10,13135,"bigram","OG","token",37841
"subtlex_uk",10,13135,"bigram","OH","token",842.000000000006
"subtlex_uk",10,13135,"bigram","OI","token",6342.99999999999
"subtlex_uk",10,13135,"bigram","OJ","token",788.000000000003
"subtlex_uk",10,13135,"bigram","OK","token",4300
"subtlex_uk",10,13135,"bigram","OL","token",166273
"subtlex_uk",10,13135,"bigram","OM","token",114094
"subtlex_uk",10,13135,"bigram","ON","token",522192.000000001
"subtlex_uk",10,13135,"bigram","OO","token",26810
"subtlex_uk",10,13135,"bigram","OP","token",70920.9999999998
"subtlex_uk",10,13135,"bigram","OQ","token",336.999999999999
"subtlex_uk",10,13135,"bigram","OR","token",170167
"subtlex_uk",10,13135,"bigram","OS","token",54511.0000000001
"subtlex_uk",10,13135,"bigram","OT","token",43901.9999999999
"subtlex_uk",10,13135,"bigram","OU","token",183908
"subtlex_uk",10,13135,"bigram","OV","token",151103.000000002
"subtlex_uk",10,13135,"bigram","OW","token",22166.9999999999
"subtlex_uk",10,13135,"bigram","OX","token",1068
"subtlex_uk",10,13135,"bigram","OY","token",11577
"subtlex_uk",10,13135,"bigram","OZ","token",938.000000000005
"subtlex_uk",10,13135,"bigram","PA","token",107157
"subtlex_uk",10,13135,"bigram","PB","token",695.999999999995
"subtlex_uk",10,13135,"bigram","PC","token",57.0000000000002
"subtlex_uk",10,13135,"bigram","PD","token",35.9999999999998
"subtlex_uk",10,13135,"bigram","PE","token",171378
"subtlex_uk",10,13135,"bigram","PF","token",298.000000000001
"subtlex_uk",10,13135,"bigram","PG","token",0
"subtlex_uk",10,13135,"bigram","PH","token",40982
"subtlex_uk",10,13135,"bigram","PI","token",23102
"subtlex_uk",10,13135,"bigram","PJ","token",0
"subtlex_uk",10,13135,"bigram","PK","token",404.000000000004
"subtlex_uk",10,13135,"bigram","PL","token",75499.0000000001
"subtlex_uk",10,13135,"bigram","PM","token",444.000000000001
"subtlex_uk",10,13135,"bigram","PN","token",285
"subtlex_uk",10,13135,"bigram","PO","token",85032.9999999999
"subtlex_uk",10,13135,"bigram","PP","token",59321.0000000001
"subtlex_uk",10,13135,"bigram","PQ","token",0
"subtlex_uk",10,13135,"bigram","PR","token",157572
"subtlex_uk",10,13135,"bigram","PS","token",5660.99999999999
"subtlex_uk",10,13135,"bigram","PT","token",27691.0000000001
"subtlex_uk",10,13135,"bigram","PU","token",28645.9999999999
"subtlex_uk",10,13135,"bigram","PV","token",0
"subtlex_uk",10,13135,"bigram","PW","token",150
"subtlex_uk",10,13135,"bigram","PX","token",0
"subtlex_uk",10,13135,"bigram","PY","token",326.000000000001
"subtlex_uk",10,13135,"bigram","PZ","token",0
"subtlex_uk",10,13135,"bigram","QA","token",2.99999999999998
"subtlex_uk",10,13135,"bigram","QB","token",0
"subtlex_uk",10,13135,"bigram","QC","token",0
"subtlex_uk",10,13135,"bigram","QD","token",0
"subtlex_uk",10,13135,"bigram","QE","token",0
"subtlex_uk",10,13135,"bigram","QF","token",0
"subtlex_uk",10,13135,"bigram","QG","token",0
"subtlex_uk",10,13135,"bigram","QH","token",0
"subtlex_uk",10,13135,"bigram","QI","token",0
"subtlex_uk",10,13135,"bigram","QJ","token",0
"subtlex_uk",10,13135,"bigram","QK","token",0
"subtlex_uk",10,13135,"bigram","QL","token",0
"subtlex_uk",10,13135,"bigram","QM","token",0
"subtlex_uk",10,13135,"bigram","QN","token",0
"subtlex_uk",10,13135,"bigram","QO","token",0
"subtlex_uk",10,13135,"bigram","QP","token",0
"subtlex_uk",10,13135,"bigram","QQ","token",0
"subtlex_uk",10,13135,"bigram","QR","token",0
"subtlex_uk",10,13135,"bigram","QS","token",0
"subtlex_uk",10,13135,"bigram","QT","token",0
"subtlex_uk",10,13135,"bigram","QU","token",25085
"subtlex_uk",10,13135,"bigram","QV","token",0
"subtlex_uk",10,13135,"bigram","QW","token",0
"subtlex_uk",10,13135,"bigram","QX","token",0
"subtlex_uk",10,13135,"bigram","QY","token",0
"subtlex_uk",10,13135,"bigram","QZ","token",0
"subtlex_uk",10,13135,"bigram","RA","token",208187
"subtlex_uk",10,13135,"bigram","RB","token",9825.99999999998
"subtlex_uk",10,13135,"bigram","RC","token",26606
"subtlex_uk",10,13135,"bigram","RD","token",24304
"subtlex_uk",10,13135,"bigram","RE","token",452491.000000001
"subtlex_uk",10,13135,"bigram","RF","token",13622
"subtlex_uk",10,13135,"bigram","RG","token",14686
"subtlex_uk",10,13135,"bigram","RH","token",3037.99999999999
"subtlex_uk",10,13135,"bigram","RI","token",208694
"subtlex_uk",10,13135,"bigram","RJ","token",615
"subtlex_uk",10,13135,"bigram","RK","token",12958
"subtlex_uk",10,13135,"bigram","RL","token",37109
"subtlex_uk",10,13135,"bigram","RM","token",45144.0000000001
"subtlex_uk",10,13135,"bigram","RN","token",152617.000000001
"subtlex_uk",10,13135,"bigram","RO","token",151303
"subtlex_uk",10,13135,"bigram","RP","token",12949
"subtlex_uk",10,13135,"bigram","RQ","token",41.0000000000001
"subtlex_uk",10,13135,"bigram","RR","token",29589.0000000001
"subtlex_uk",10,13135,"bigram","RS","token",185762
"subtlex_uk",10,13135,"bigram","RT","token",106226
"subtlex_uk",10,13135,"bigram","RU","token",34173.0000000001
"subtlex_uk",10,13135,"bigram","RV","token",14230.9999999999
"subtlex_uk",10,13135,"bigram","RW","token",11122
"subtlex_uk",10,13135,"bigram","RX","token",0
"subtlex_uk",10,13135,"bigram","RY","token",123812.999999999
"subtlex_uk",10,13135,"bigram","RZ","token",82.0000000000001
"subtlex_uk",10,13135,"bigram","SA","token",24305
"subtlex_uk",10,13135,"bigram","SB","token",3436
"subtlex_uk",10,13135,"bigram","SC","token",61950.0000000002
"subtlex_uk",10,13135,"bigram","SD","token",347
"subtlex_uk",10,13135,"bigram","SE","token",142746
"subtlex_uk",10,13135,"bigram","SF","token",16464
"subtlex_uk",10,13135,"bigram","SG","token",4356.00000000003
"subtlex_uk",10,13135,"bigram","SH","token",54948.9999999999
"subtlex_uk",10,13135,"bigram","SI","token",225809
"subtlex_uk",10,13135,"bigram","SJ","token",107
"subtlex_uk",10,13135,"bigram","SK","token",3740
"subtlex_uk",10,13135,"bigram","SL","token",13646.0000000001
"subtlex_uk",10,13135,"bigram","SM","token",19308.0000000001
"subtlex_uk",10,13135,"bigram","SN","token",1068
"subtlex_uk",10,13135,"bigram","SO","token",125618.999999999
"subtlex_uk",10,13135,"bigram","SP","token",71500.0000000003
"subtlex_uk",10,13135,"bigram","SQ","token",1654
"subtlex_uk",10,13135,"bigram","SR","token",4174
"subtlex_uk",10,13135,"bigram","SS","token",168875
"subtlex_uk",10,13135,"bigram","ST","token",328543
"subtlex_uk",10,13135,"bigram","SU","token",85420.0000000001
"subtlex_uk",10,13135,"bigram","SV","token",159
"subtlex_uk",10,13135,"bigram","SW","token",8040.00000000004
"subtlex_uk",10,13135,"bigram","SX","token",0
"subtlex_uk",10,13135,"bigram","SY","token",4240
"subtlex_uk",10,13135,"bigram","SZ","token",52.0000000000001
"subtlex_uk",10,13135,"bigram","TA","token",161209
"subtlex_uk",10,13135,"bigram","TB","token",6017.99999999998
"subtlex_uk",10,13135,"bigram","TC","token",8476.99999999999
"subtlex_uk",10,13135,"bigram","TD","token",35.0000000000001
"subtlex_uk",10,13135,"bigram","TE","token",498928.999999999
"subtlex_uk",10,13135,"bigram","TF","token",3925.00000000002
"subtlex_uk",10,13135,"bigram","TG","token",1932
"subtlex_uk",10,13135,"bigram","TH","token",213041.999999999
"subtlex_uk",10,13135,"bigram","TI","token",486131.000000001
"subtlex_uk",10,13135,"bigram","TJ","token",0
"subtlex_uk",10,13135,"bigram","TK","token",58.9999999999998
"subtlex_uk",10,13135,"bigram","TL","token",28601.0000000001
"subtlex_uk",10,13135,"bigram","TM","token",42373.0000000001
"subtlex_uk",10,13135,"bigram","TN","token",2399.99999999999
"subtlex_uk",10,13135,"bigram","TO","token",81480.9999999999
"subtlex_uk",10,13135,"bigram","TP","token",1560.00000000001
"subtlex_uk",10,13135,"bigram","TQ","token",0
"subtlex_uk",10,13135,"bigram","TR","token",134016
"subtlex_uk",10,13135,"bigram","TS","token",50656.0000000001
"subtlex_uk",10,13135,"bigram","TT","token",37983.0000000001
"subtlex_uk",10,13135,"bigram","TU","token",37460.0000000001
"subtlex_uk",10,13135,"bigram","TV","token",62.0000000000001
"subtlex_uk",10,13135,"bigram","TW","token",4580.99999999999
"subtlex_uk",10,13135,"bigram","TX","token",0
"subtlex_uk",10,13135,"bigram","TY","token",39344.0000000001
"subtlex_uk",10,13135,"bigram","TZ","token",791.999999999998
"subtlex_uk",10,13135,"bigram","UA","token",46743.0000000001
"subtlex_uk",10,13135,"bigram","UB","token",11560
"subtlex_uk",10,13135,"bigram","UC","token",51516
"subtlex_uk",10,13135,"bigram","UD","token",3919
"subtlex_uk",10,13135,"bigram","UE","token",23890
"subtlex_uk",10,13135,"bigram","UF","token",3687.00000000002
"subtlex_uk",10,13135,"bigram","UG","token",36001.0000000001
"subtlex_uk",10,13135,"bigram","UH","token",68.0000000000003
"subtlex_uk",10,13135,"bigram","UI","token",18888
"subtlex_uk",10,13135,"bigram","UJ","token",1451
"subtlex_uk",10,13135,"bigram","UK","token",296
"subtlex_uk",10,13135,"bigram","UL","token",108937
"subtlex_uk",10,13135,"bigram","UM","token",31965.0000000001
"subtlex_uk",10,13135,"bigram","UN","token",154713
"subtlex_uk",10,13135,"bigram","UO","token",1646
"subtlex_uk",10,13135,"bigram","UP","token",28127
"subtlex_uk",10,13135,"bigram","UQ","token",12.0000000000001
"subtlex_uk",10,13135,"bigram","UR","token",101373
"subtlex_uk",10,13135,"bigram","US","token",115115
"subtlex_uk",10,13135,"bigram","UT","token",140168
"subtlex_uk",10,13135,"bigram","UU","token",0
"subtlex_uk",10,13135,"bigram","UV","token",500.000000000003
"subtlex_uk",10,13135,"bigram","UW","token",0
"subtlex_uk",10,13135,"bigram","UX","token",480.999999999996
"subtlex_uk",10,13135,"bigram","UY","token",339.000000000003
"subtlex_uk",10,13135,"bigram","UZ","token",172.999999999999
"subtlex_uk",10,13135,"bigram","VA","token",27806
"subtlex_uk",10,13135,"bigram","VB","token",0
"subtlex_uk",10,13135,"bigram","VC","token",52
"subtlex_uk",10,13135,"bigram","VD","token",0
"subtlex_uk",10,13135,"bigram","VE","token",432315.000000001
"subtlex_uk",10,13135,"bigram","VF","token",0
"subtlex_uk",10,13135,"bigram","VG","token",0
"subtlex_uk",10,13135,"bigram","VH","token",0
"subtlex_uk",10,13135,"bigram","VI","token",64299.0000000001
"subtlex_uk",10,13135,"bigram","VJ","token",0
"subtlex_uk",10,13135,"bigram","VK","token",0
"subtlex_uk",10,13135,"bigram","VL","token",8.99999999999999
"subtlex_uk",10,13135,"bigram","VM","token",0
"subtlex_uk",10,13135,"bigram","VN","token",13
"subtlex_uk",10,13135,"bigram","VO","token",21439.0000000001
"subtlex_uk",10,13135,"bigram","VP","token",0
"subtlex_uk",10,13135,"bigram","VQ","token",0
"subtlex_uk",10,13135,"bigram","VR","token",387.000000000002
"subtlex_uk",10,13135,"bigram","VS","token",138
"subtlex_uk",10,13135,"bigram","VT","token",0
"subtlex_uk",10,13135,"bigram","VU","token",6186.99999999994
"subtlex_uk",10,13135,"bigram","VV","token",8.99999999999991
"subtlex_uk",10,13135,"bigram","VW","token",0
"subtlex_uk",10,13135,"bigram","VX","token",0
"subtlex_uk",10,13135,"bigram","VY","token",34.9999999999998
"subtlex_uk",10,13135,"bigram","VZ","token",0
"subtlex_uk",10,13135,"bigram","WA","token",27307
"subtlex_uk",10,13135,"bigram","WB","token",2372.00000000002
"subtlex_uk",10,13135,"bigram","WC","token",271.999999999998
"subtlex_uk",10,13135,"bigram","WD","token",92.0000000000003
"subtlex_uk",10,13135,"bigram","WE","token",24724
"subtlex_uk",10,13135,"bigram","WF","token",496.000000000001
"subtlex_uk",10,13135,"bigram","WG","token",261.999999999998
"subtlex_uk",10,13135,"bigram","WH","token",21912
"subtlex_uk",10,13135,"bigram","WI","token",17303
"subtlex_uk",10,13135,"bigram","WJ","token",15.9999999999998
"subtlex_uk",10,13135,"bigram","WK","token",180.000000000001
"subtlex_uk",10,13135,"bigram","WL","token",234
"subtlex_uk",10,13135,"bigram","WM","token",170.999999999999
"subtlex_uk",10,13135,"bigram","WN","token",14094.9999999999
"subtlex_uk",10,13135,"bigram","WO","token",12874
"subtlex_uk",10,13135,"bigram","WP","token",137
"subtlex_uk",10,13135,"bigram","WQ","token",0
"subtlex_uk",10,13135,"bigram","WR","token",3149.00000000001
"subtlex_uk",10,13135,"bigram","WS","token",8449
"subtlex_uk",10,13135,"bigram","WT","token",274.999999999998
"subtlex_uk",10,13135,"bigram","WU","token",36.0000000000002
"subtlex_uk",10,13135,"bigram","WV","token",0
"subtlex_uk",10,13135,"bigram","WW","token",17.9999999999998
"subtlex_uk",10,13135,"bigram","WX","token",0
"subtlex_uk",10,13135,"bigram","WY","token",51.9999999999999
"subtlex_uk",10,13135,"bigram","WZ","token",1.99999999999998
"subtlex_uk",10,13135,"bigram","XA","token",1187
"subtlex_uk",10,13135,"bigram","XB","token",31.0000000000001
"subtlex_uk",10,13135,"bigram","XC","token",6821.99999999997
"subtlex_uk",10,13135,"bigram","XD","token",0
"subtlex_uk",10,13135,"bigram","XE","token",2990.99999999999
"subtlex_uk",10,13135,"bigram","XF","token",12.9999999999999
"subtlex_uk",10,13135,"bigram","XG","token",0
"subtlex_uk",10,13135,"bigram","XH","token",5268.00000000002
"subtlex_uk",10,13135,"bigram","XI","token",1778
"subtlex_uk",10,13135,"bigram","XJ","token",0
"subtlex_uk",10,13135,"bigram","XK","token",0
"subtlex_uk",10,13135,"bigram","XL","token",4.99999999999995
"subtlex_uk",10,13135,"bigram","XM","token",6.00000000000005
"subtlex_uk",10,13135,"bigram","XN","token",0
"subtlex_uk",10,13135,"bigram","XO","token",387
"subtlex_uk",10,13135,"bigram","XP","token",46722.0000000002
"subtlex_uk",10,13135,"bigram","XQ","token",0
"subtlex_uk",10,13135,"bigram","XR","token",0
"subtlex_uk",10,13135,"bigram","XS","token",179.999999999998
"subtlex_uk",10,13135,"bigram","XT","token",3269.00000000002
"subtlex_uk",10,13135,"bigram","XU","token",740.999999999999
"subtlex_uk",10,13135,"bigram","XV","token",0
"subtlex_uk",10,13135,"bigram","XW","token",0
"subtlex_uk",10,13135,"bigram","XX","token",4.00000000000001
"subtlex_uk",10,13135,"bigram","XY","token",86.0000000000007
"subtlex_uk",10,13135,"bigram","XZ","token",0
"subtlex_uk",10,13135,"bigram","YA","token",1617
"subtlex_uk",10,13135,"bigram","YB","token",862.000000000002
"subtlex_uk",10,13135,"bigram","YC","token",2743.99999999999
"subtlex_uk",10,13135,"bigram","YD","token",946.000000000003
"subtlex_uk",10,13135,"bigram","YE","token",5486.00000000003
"subtlex_uk",10,13135,"bigram","YF","token",709.000000000006
"subtlex_uk",10,13135,"bigram","YG","token",1973.99999999999
"subtlex_uk",10,13135,"bigram","YH","token",325.000000000001
"subtlex_uk",10,13135,"bigram","YI","token",10306
"subtlex_uk",10,13135,"bigram","YJ","token",0
"subtlex_uk",10,13135,"bigram","YK","token",55.9999999999996
"subtlex_uk",10,13135,"bigram","YL","token",1350
"subtlex_uk",10,13135,"bigram","YM","token",10543
"subtlex_uk",10,13135,"bigram","YN","token",1023
"subtlex_uk",10,13135,"bigram","YO","token",8474.99999999995
"subtlex_uk",10,13135,"bigram","YP","token",3127
"subtlex_uk",10,13135,"bigram","YQ","token",0
"subtlex_uk",10,13135,"bigram","YR","token",320.000000000001
"subtlex_uk",10,13135,"bigram","YS","token",11728
"subtlex_uk",10,13135,"bigram","YT","token",92360.9999999993
"subtlex_uk",10,13135,"bigram","YU","token",283.000000000002
"subtlex_uk",10,13135,"bigram","YV","token",116
"subtlex_uk",10,13135,"bigram","YW","token",13033
"subtlex_uk",10,13135,"bigram","YX","token",15.0000000000002
"subtlex_uk",10,13135,"bigram","YY","token",0
"subtlex_uk",10,13135,"bigram","YZ","token",137
"subtlex_uk",10,13135,"bigram","ZA","token",1253
"subtlex_uk",10,13135,"bigram","ZB","token",101.999999999999
"subtlex_uk",10,13135,"bigram","ZC","token",4.99999999999996
"subtlex_uk",10,13135,"bigram","ZD","token",0
"subtlex_uk",10,13135,"bigram","ZE","token",3178.00000000001
"subtlex_uk",10,13135,"bigram","ZF","token",0
"subtlex_uk",10,13135,"bigram","ZG","token",485.999999999998
"subtlex_uk",10,13135,"bigram","ZH","token",58.0000000000002
"subtlex_uk",10,13135,"bigram","ZI","token",4950.00000000003
"subtlex_uk",10,13135,"bigram","ZJ","token",0
"subtlex_uk",10,13135,"bigram","ZK","token",54.0000000000003
"subtlex_uk",10,13135,"bigram","ZL","token",206.000000000001
"subtlex_uk",10,13135,"bigram","ZM","token",176
"subtlex_uk",10,13135,"bigram","ZN","token",8.00000000000002
"subtlex_uk",10,13135,"bigram","ZO","token",1096
"subtlex_uk",10,13135,"bigram","ZP","token",0
"subtlex_uk",10,13135,"bigram","ZQ","token",0
"subtlex_uk",10,13135,"bigram","ZR","token",0
"subtlex_uk",10,13135,"bigram","ZS","token",143
"subtlex_uk",10,13135,"bigram","ZT","token",2.99999999999998
"subtlex_uk",10,13135,"bigram","ZU","token",287.999999999999
"subtlex_uk",10,13135,"bigram","ZV","token",276.000000000001
"subtlex_uk",10,13135,"bigram","ZW","token",9.9999999999999
"subtlex_uk",10,13135,"bigram","ZX","token",0
"subtlex_uk",10,13135,"bigram","ZY","token",61
"subtlex_uk",10,13135,"bigram","ZZ","token",876.000000000004
