"corpus","sequence_length","n_sequences","ngram","biphone","method","freq"
"CMU",2,1000,"biphone","AA-AA","type",0
"CMU",2,1000,"biphone","AE-AA","type",0
"CMU",2,1000,"biphone","AH-AA","type",0
"CMU",2,1000,"biphone","AO-AA","type",0
"CMU",2,1000,"biphone","AW-AA","type",0
"CMU",2,1000,"biphone","AY-AA","type",0
"CMU",2,1000,"biphone","EH-AA","type",0
"CMU",2,1000,"biphone","ER-AA","type",0
"CMU",2,1000,"biphone","EY-AA","type",0
"CMU",2,1000,"biphone","IH-AA","type",0
"CMU",2,1000,"biphone","IY-AA","type",0
"CMU",2,1000,"biphone","OW-AA","type",0
"CMU",2,1000,"biphone","OY-AA","type",0
"CMU",2,1000,"biphone","UH-AA","type",0
"CMU",2,1000,"biphone","UW-AA","type",0
"CMU",2,1000,"biphone","AX-AA","type",0
"CMU",2,1000,"biphone","AXR-AA","type",0
"CMU",2,1000,"biphone","IX-AA","type",0
"CMU",2,1000,"biphone","UX-AA","type",0
"CMU",2,1000,"biphone","B-AA","type",2
"CMU",2,1000,"biphone","CH-AA","type",1
"CMU",2,1000,"biphone","D-AA","type",1
"CMU",2,1000,"biphone","DH-AA","type",0
"CMU",2,1000,"biphone","F-AA","type",0
"CMU",2,1000,"biphone","G-AA","type",1
"CMU",2,1000,"biphone","HH-AA","type",2
"CMU",2,1000,"biphone","JH-AA","type",1
"CMU",2,1000,"biphone","K-AA","type",3
"CMU",2,1000,"biphone","L-AA","type",2
"CMU",2,1000,"biphone","M-AA","type",2
"CMU",2,1000,"biphone","N-AA","type",3
"CMU",2,1000,"biphone","NG-AA","type",0
"CMU",2,1000,"biphone","P-AA","type",1
"CMU",2,1000,"biphone","R-AA","type",4
"CMU",2,1000,"biphone","S-AA","type",1
"CMU",2,1000,"biphone","SH-AA","type",3
"CMU",2,1000,"biphone","T-AA","type",1
"CMU",2,1000,"biphone","TH-AA","type",0
"CMU",2,1000,"biphone","V-AA","type",0
"CMU",2,1000,"biphone","W-AA","type",3
"CMU",2,1000,"biphone","Y-AA","type",3
"CMU",2,1000,"biphone","Z-AA","type",0
"CMU",2,1000,"biphone","ZH-AA","type",1
"CMU",2,1000,"biphone","Q-AA","type",0
"CMU",2,1000,"biphone","AA-AE","type",0
"CMU",2,1000,"biphone","AE-AE","type",0
"CMU",2,1000,"biphone","AH-AE","type",0
"CMU",2,1000,"biphone","AO-AE","type",0
"CMU",2,1000,"biphone","AW-AE","type",0
"CMU",2,1000,"biphone","AY-AE","type",0
"CMU",2,1000,"biphone","EH-AE","type",0
"CMU",2,1000,"biphone","ER-AE","type",0
"CMU",2,1000,"biphone","EY-AE","type",0
"CMU",2,1000,"biphone","IH-AE","type",0
"CMU",2,1000,"biphone","IY-AE","type",0
"CMU",2,1000,"biphone","OW-AE","type",0
"CMU",2,1000,"biphone","OY-AE","type",0
"CMU",2,1000,"biphone","UH-AE","type",0
"CMU",2,1000,"biphone","UW-AE","type",0
"CMU",2,1000,"biphone","AX-AE","type",0
"CMU",2,1000,"biphone","AXR-AE","type",0
"CMU",2,1000,"biphone","IX-AE","type",0
"CMU",2,1000,"biphone","UX-AE","type",0
"CMU",2,1000,"biphone","B-AE","type",0
"CMU",2,1000,"biphone","CH-AE","type",0
"CMU",2,1000,"biphone","D-AE","type",0
"CMU",2,1000,"biphone","DH-AE","type",0
"CMU",2,1000,"biphone","F-AE","type",0
"CMU",2,1000,"biphone","G-AE","type",0
"CMU",2,1000,"biphone","HH-AE","type",0
"CMU",2,1000,"biphone","JH-AE","type",0
"CMU",2,1000,"biphone","K-AE","type",0
"CMU",2,1000,"biphone","L-AE","type",0
"CMU",2,1000,"biphone","M-AE","type",0
"CMU",2,1000,"biphone","N-AE","type",0
"CMU",2,1000,"biphone","NG-AE","type",0
"CMU",2,1000,"biphone","P-AE","type",1
"CMU",2,1000,"biphone","R-AE","type",0
"CMU",2,1000,"biphone","S-AE","type",0
"CMU",2,1000,"biphone","SH-AE","type",0
"CMU",2,1000,"biphone","T-AE","type",0
"CMU",2,1000,"biphone","TH-AE","type",0
"CMU",2,1000,"biphone","V-AE","type",0
"CMU",2,1000,"biphone","W-AE","type",0
"CMU",2,1000,"biphone","Y-AE","type",1
"CMU",2,1000,"biphone","Z-AE","type",0
"CMU",2,1000,"biphone","ZH-AE","type",0
"CMU",2,1000,"biphone","Q-AE","type",0
"CMU",2,1000,"biphone","AA-AH","type",0
"CMU",2,1000,"biphone","AE-AH","type",0
"CMU",2,1000,"biphone","AH-AH","type",0
"CMU",2,1000,"biphone","AO-AH","type",0
"CMU",2,1000,"biphone","AW-AH","type",0
"CMU",2,1000,"biphone","AY-AH","type",1
"CMU",2,1000,"biphone","EH-AH","type",0
"CMU",2,1000,"biphone","ER-AH","type",0
"CMU",2,1000,"biphone","EY-AH","type",0
"CMU",2,1000,"biphone","IH-AH","type",0
"CMU",2,1000,"biphone","IY-AH","type",1
"CMU",2,1000,"biphone","OW-AH","type",0
"CMU",2,1000,"biphone","OY-AH","type",0
"CMU",2,1000,"biphone","UH-AH","type",0
"CMU",2,1000,"biphone","UW-AH","type",0
"CMU",2,1000,"biphone","AX-AH","type",0
"CMU",2,1000,"biphone","AXR-AH","type",0
"CMU",2,1000,"biphone","IX-AH","type",0
"CMU",2,1000,"biphone","UX-AH","type",0
"CMU",2,1000,"biphone","B-AH","type",0
"CMU",2,1000,"biphone","CH-AH","type",0
"CMU",2,1000,"biphone","D-AH","type",4
"CMU",2,1000,"biphone","DH-AH","type",2
"CMU",2,1000,"biphone","F-AH","type",0
"CMU",2,1000,"biphone","G-AH","type",0
"CMU",2,1000,"biphone","HH-AH","type",1
"CMU",2,1000,"biphone","JH-AH","type",0
"CMU",2,1000,"biphone","K-AH","type",1
"CMU",2,1000,"biphone","L-AH","type",1
"CMU",2,1000,"biphone","M-AH","type",0
"CMU",2,1000,"biphone","N-AH","type",0
"CMU",2,1000,"biphone","NG-AH","type",0
"CMU",2,1000,"biphone","P-AH","type",0
"CMU",2,1000,"biphone","R-AH","type",2
"CMU",2,1000,"biphone","S-AH","type",1
"CMU",2,1000,"biphone","SH-AH","type",0
"CMU",2,1000,"biphone","T-AH","type",1
"CMU",2,1000,"biphone","TH-AH","type",0
"CMU",2,1000,"biphone","V-AH","type",0
"CMU",2,1000,"biphone","W-AH","type",0
"CMU",2,1000,"biphone","Y-AH","type",0
"CMU",2,1000,"biphone","Z-AH","type",0
"CMU",2,1000,"biphone","ZH-AH","type",0
"CMU",2,1000,"biphone","Q-AH","type",0
"CMU",2,1000,"biphone","AA-AO","type",0
"CMU",2,1000,"biphone","AE-AO","type",0
"CMU",2,1000,"biphone","AH-AO","type",0
"CMU",2,1000,"biphone","AO-AO","type",0
"CMU",2,1000,"biphone","AW-AO","type",0
"CMU",2,1000,"biphone","AY-AO","type",0
"CMU",2,1000,"biphone","EH-AO","type",0
"CMU",2,1000,"biphone","ER-AO","type",0
"CMU",2,1000,"biphone","EY-AO","type",0
"CMU",2,1000,"biphone","IH-AO","type",0
"CMU",2,1000,"biphone","IY-AO","type",0
"CMU",2,1000,"biphone","OW-AO","type",0
"CMU",2,1000,"biphone","OY-AO","type",0
"CMU",2,1000,"biphone","UH-AO","type",0
"CMU",2,1000,"biphone","UW-AO","type",0
"CMU",2,1000,"biphone","AX-AO","type",0
"CMU",2,1000,"biphone","AXR-AO","type",0
"CMU",2,1000,"biphone","IX-AO","type",0
"CMU",2,1000,"biphone","UX-AO","type",0
"CMU",2,1000,"biphone","B-AO","type",1
"CMU",2,1000,"biphone","CH-AO","type",1
"CMU",2,1000,"biphone","D-AO","type",2
"CMU",2,1000,"biphone","DH-AO","type",0
"CMU",2,1000,"biphone","F-AO","type",1
"CMU",2,1000,"biphone","G-AO","type",2
"CMU",2,1000,"biphone","HH-AO","type",3
"CMU",2,1000,"biphone","JH-AO","type",1
"CMU",2,1000,"biphone","K-AO","type",1
"CMU",2,1000,"biphone","L-AO","type",1
"CMU",2,1000,"biphone","M-AO","type",1
"CMU",2,1000,"biphone","N-AO","type",1
"CMU",2,1000,"biphone","NG-AO","type",0
"CMU",2,1000,"biphone","P-AO","type",2
"CMU",2,1000,"biphone","R-AO","type",2
"CMU",2,1000,"biphone","S-AO","type",1
"CMU",2,1000,"biphone","SH-AO","type",1
"CMU",2,1000,"biphone","T-AO","type",0
"CMU",2,1000,"biphone","TH-AO","type",1
"CMU",2,1000,"biphone","V-AO","type",1
"CMU",2,1000,"biphone","W-AO","type",1
"CMU",2,1000,"biphone","Y-AO","type",1
"CMU",2,1000,"biphone","Z-AO","type",0
"CMU",2,1000,"biphone","ZH-AO","type",1
"CMU",2,1000,"biphone","Q-AO","type",0
"CMU",2,1000,"biphone","AA-AW","type",0
"CMU",2,1000,"biphone","AE-AW","type",0
"CMU",2,1000,"biphone","AH-AW","type",0
"CMU",2,1000,"biphone","AO-AW","type",0
"CMU",2,1000,"biphone","AW-AW","type",0
"CMU",2,1000,"biphone","AY-AW","type",0
"CMU",2,1000,"biphone","EH-AW","type",0
"CMU",2,1000,"biphone","ER-AW","type",0
"CMU",2,1000,"biphone","EY-AW","type",0
"CMU",2,1000,"biphone","IH-AW","type",0
"CMU",2,1000,"biphone","IY-AW","type",0
"CMU",2,1000,"biphone","OW-AW","type",0
"CMU",2,1000,"biphone","OY-AW","type",0
"CMU",2,1000,"biphone","UH-AW","type",0
"CMU",2,1000,"biphone","UW-AW","type",0
"CMU",2,1000,"biphone","AX-AW","type",0
"CMU",2,1000,"biphone","AXR-AW","type",0
"CMU",2,1000,"biphone","IX-AW","type",0
"CMU",2,1000,"biphone","UX-AW","type",0
"CMU",2,1000,"biphone","B-AW","type",3
"CMU",2,1000,"biphone","CH-AW","type",3
"CMU",2,1000,"biphone","D-AW","type",4
"CMU",2,1000,"biphone","DH-AW","type",3
"CMU",2,1000,"biphone","F-AW","type",2
"CMU",2,1000,"biphone","G-AW","type",1
"CMU",2,1000,"biphone","HH-AW","type",4
"CMU",2,1000,"biphone","JH-AW","type",1
"CMU",2,1000,"biphone","K-AW","type",6
"CMU",2,1000,"biphone","L-AW","type",3
"CMU",2,1000,"biphone","M-AW","type",2
"CMU",2,1000,"biphone","N-AW","type",2
"CMU",2,1000,"biphone","NG-AW","type",0
"CMU",2,1000,"biphone","P-AW","type",4
"CMU",2,1000,"biphone","R-AW","type",2
"CMU",2,1000,"biphone","S-AW","type",3
"CMU",2,1000,"biphone","SH-AW","type",4
"CMU",2,1000,"biphone","T-AW","type",1
"CMU",2,1000,"biphone","TH-AW","type",0
"CMU",2,1000,"biphone","V-AW","type",1
"CMU",2,1000,"biphone","W-AW","type",1
"CMU",2,1000,"biphone","Y-AW","type",2
"CMU",2,1000,"biphone","Z-AW","type",0
"CMU",2,1000,"biphone","ZH-AW","type",3
"CMU",2,1000,"biphone","Q-AW","type",0
"CMU",2,1000,"biphone","AA-AY","type",0
"CMU",2,1000,"biphone","AE-AY","type",0
"CMU",2,1000,"biphone","AH-AY","type",0
"CMU",2,1000,"biphone","AO-AY","type",0
"CMU",2,1000,"biphone","AW-AY","type",0
"CMU",2,1000,"biphone","AY-AY","type",0
"CMU",2,1000,"biphone","EH-AY","type",0
"CMU",2,1000,"biphone","ER-AY","type",1
"CMU",2,1000,"biphone","EY-AY","type",1
"CMU",2,1000,"biphone","IH-AY","type",0
"CMU",2,1000,"biphone","IY-AY","type",0
"CMU",2,1000,"biphone","OW-AY","type",0
"CMU",2,1000,"biphone","OY-AY","type",0
"CMU",2,1000,"biphone","UH-AY","type",0
"CMU",2,1000,"biphone","UW-AY","type",0
"CMU",2,1000,"biphone","AX-AY","type",0
"CMU",2,1000,"biphone","AXR-AY","type",0
"CMU",2,1000,"biphone","IX-AY","type",0
"CMU",2,1000,"biphone","UX-AY","type",0
"CMU",2,1000,"biphone","B-AY","type",5
"CMU",2,1000,"biphone","CH-AY","type",2
"CMU",2,1000,"biphone","D-AY","type",4
"CMU",2,1000,"biphone","DH-AY","type",1
"CMU",2,1000,"biphone","F-AY","type",5
"CMU",2,1000,"biphone","G-AY","type",3
"CMU",2,1000,"biphone","HH-AY","type",6
"CMU",2,1000,"biphone","JH-AY","type",1
"CMU",2,1000,"biphone","K-AY","type",4
"CMU",2,1000,"biphone","L-AY","type",4
"CMU",2,1000,"biphone","M-AY","type",2
"CMU",2,1000,"biphone","N-AY","type",3
"CMU",2,1000,"biphone","NG-AY","type",0
"CMU",2,1000,"biphone","P-AY","type",4
"CMU",2,1000,"biphone","R-AY","type",3
"CMU",2,1000,"biphone","S-AY","type",7
"CMU",2,1000,"biphone","SH-AY","type",2
"CMU",2,1000,"biphone","T-AY","type",7
"CMU",2,1000,"biphone","TH-AY","type",1
"CMU",2,1000,"biphone","V-AY","type",3
"CMU",2,1000,"biphone","W-AY","type",5
"CMU",2,1000,"biphone","Y-AY","type",1
"CMU",2,1000,"biphone","Z-AY","type",0
"CMU",2,1000,"biphone","ZH-AY","type",0
"CMU",2,1000,"biphone","Q-AY","type",0
"CMU",2,1000,"biphone","AA-EH","type",0
"CMU",2,1000,"biphone","AE-EH","type",0
"CMU",2,1000,"biphone","AH-EH","type",0
"CMU",2,1000,"biphone","AO-EH","type",0
"CMU",2,1000,"biphone","AW-EH","type",0
"CMU",2,1000,"biphone","AY-EH","type",0
"CMU",2,1000,"biphone","EH-EH","type",0
"CMU",2,1000,"biphone","ER-EH","type",0
"CMU",2,1000,"biphone","EY-EH","type",0
"CMU",2,1000,"biphone","IH-EH","type",0
"CMU",2,1000,"biphone","IY-EH","type",0
"CMU",2,1000,"biphone","OW-EH","type",0
"CMU",2,1000,"biphone","OY-EH","type",0
"CMU",2,1000,"biphone","UH-EH","type",0
"CMU",2,1000,"biphone","UW-EH","type",0
"CMU",2,1000,"biphone","AX-EH","type",0
"CMU",2,1000,"biphone","AXR-EH","type",0
"CMU",2,1000,"biphone","IX-EH","type",0
"CMU",2,1000,"biphone","UX-EH","type",0
"CMU",2,1000,"biphone","B-EH","type",0
"CMU",2,1000,"biphone","CH-EH","type",0
"CMU",2,1000,"biphone","D-EH","type",0
"CMU",2,1000,"biphone","DH-EH","type",0
"CMU",2,1000,"biphone","F-EH","type",0
"CMU",2,1000,"biphone","G-EH","type",0
"CMU",2,1000,"biphone","HH-EH","type",1
"CMU",2,1000,"biphone","JH-EH","type",0
"CMU",2,1000,"biphone","K-EH","type",1
"CMU",2,1000,"biphone","L-EH","type",1
"CMU",2,1000,"biphone","M-EH","type",0
"CMU",2,1000,"biphone","N-EH","type",0
"CMU",2,1000,"biphone","NG-EH","type",0
"CMU",2,1000,"biphone","P-EH","type",0
"CMU",2,1000,"biphone","R-EH","type",1
"CMU",2,1000,"biphone","S-EH","type",0
"CMU",2,1000,"biphone","SH-EH","type",0
"CMU",2,1000,"biphone","T-EH","type",0
"CMU",2,1000,"biphone","TH-EH","type",0
"CMU",2,1000,"biphone","V-EH","type",0
"CMU",2,1000,"biphone","W-EH","type",0
"CMU",2,1000,"biphone","Y-EH","type",2
"CMU",2,1000,"biphone","Z-EH","type",1
"CMU",2,1000,"biphone","ZH-EH","type",0
"CMU",2,1000,"biphone","Q-EH","type",0
"CMU",2,1000,"biphone","AA-ER","type",0
"CMU",2,1000,"biphone","AE-ER","type",0
"CMU",2,1000,"biphone","AH-ER","type",0
"CMU",2,1000,"biphone","AO-ER","type",0
"CMU",2,1000,"biphone","AW-ER","type",3
"CMU",2,1000,"biphone","AY-ER","type",3
"CMU",2,1000,"biphone","EH-ER","type",0
"CMU",2,1000,"biphone","ER-ER","type",0
"CMU",2,1000,"biphone","EY-ER","type",1
"CMU",2,1000,"biphone","IH-ER","type",0
"CMU",2,1000,"biphone","IY-ER","type",0
"CMU",2,1000,"biphone","OW-ER","type",0
"CMU",2,1000,"biphone","OY-ER","type",1
"CMU",2,1000,"biphone","UH-ER","type",0
"CMU",2,1000,"biphone","UW-ER","type",1
"CMU",2,1000,"biphone","AX-ER","type",0
"CMU",2,1000,"biphone","AXR-ER","type",0
"CMU",2,1000,"biphone","IX-ER","type",0
"CMU",2,1000,"biphone","UX-ER","type",0
"CMU",2,1000,"biphone","B-ER","type",4
"CMU",2,1000,"biphone","CH-ER","type",0
"CMU",2,1000,"biphone","D-ER","type",4
"CMU",2,1000,"biphone","DH-ER","type",1
"CMU",2,1000,"biphone","F-ER","type",7
"CMU",2,1000,"biphone","G-ER","type",1
"CMU",2,1000,"biphone","HH-ER","type",2
"CMU",2,1000,"biphone","JH-ER","type",1
"CMU",2,1000,"biphone","K-ER","type",4
"CMU",2,1000,"biphone","L-ER","type",1
"CMU",2,1000,"biphone","M-ER","type",3
"CMU",2,1000,"biphone","N-ER","type",2
"CMU",2,1000,"biphone","NG-ER","type",0
"CMU",2,1000,"biphone","P-ER","type",4
"CMU",2,1000,"biphone","R-ER","type",0
"CMU",2,1000,"biphone","S-ER","type",2
"CMU",2,1000,"biphone","SH-ER","type",8
"CMU",2,1000,"biphone","T-ER","type",1
"CMU",2,1000,"biphone","TH-ER","type",0
"CMU",2,1000,"biphone","V-ER","type",1
"CMU",2,1000,"biphone","W-ER","type",2
"CMU",2,1000,"biphone","Y-ER","type",1
"CMU",2,1000,"biphone","Z-ER","type",0
"CMU",2,1000,"biphone","ZH-ER","type",0
"CMU",2,1000,"biphone","Q-ER","type",0
"CMU",2,1000,"biphone","AA-EY","type",0
"CMU",2,1000,"biphone","AE-EY","type",0
"CMU",2,1000,"biphone","AH-EY","type",0
"CMU",2,1000,"biphone","AO-EY","type",0
"CMU",2,1000,"biphone","AW-EY","type",0
"CMU",2,1000,"biphone","AY-EY","type",0
"CMU",2,1000,"biphone","EH-EY","type",0
"CMU",2,1000,"biphone","ER-EY","type",1
"CMU",2,1000,"biphone","EY-EY","type",1
"CMU",2,1000,"biphone","IH-EY","type",0
"CMU",2,1000,"biphone","IY-EY","type",0
"CMU",2,1000,"biphone","OW-EY","type",0
"CMU",2,1000,"biphone","OY-EY","type",0
"CMU",2,1000,"biphone","UH-EY","type",0
"CMU",2,1000,"biphone","UW-EY","type",0
"CMU",2,1000,"biphone","AX-EY","type",0
"CMU",2,1000,"biphone","AXR-EY","type",0
"CMU",2,1000,"biphone","IX-EY","type",0
"CMU",2,1000,"biphone","UX-EY","type",0
"CMU",2,1000,"biphone","B-EY","type",4
"CMU",2,1000,"biphone","CH-EY","type",1
"CMU",2,1000,"biphone","D-EY","type",5
"CMU",2,1000,"biphone","DH-EY","type",1
"CMU",2,1000,"biphone","F-EY","type",4
"CMU",2,1000,"biphone","G-EY","type",4
"CMU",2,1000,"biphone","HH-EY","type",4
"CMU",2,1000,"biphone","JH-EY","type",5
"CMU",2,1000,"biphone","K-EY","type",10
"CMU",2,1000,"biphone","L-EY","type",7
"CMU",2,1000,"biphone","M-EY","type",5
"CMU",2,1000,"biphone","N-EY","type",4
"CMU",2,1000,"biphone","NG-EY","type",0
"CMU",2,1000,"biphone","P-EY","type",3
"CMU",2,1000,"biphone","R-EY","type",8
"CMU",2,1000,"biphone","S-EY","type",5
"CMU",2,1000,"biphone","SH-EY","type",5
"CMU",2,1000,"biphone","T-EY","type",2
"CMU",2,1000,"biphone","TH-EY","type",0
"CMU",2,1000,"biphone","V-EY","type",1
"CMU",2,1000,"biphone","W-EY","type",7
"CMU",2,1000,"biphone","Y-EY","type",2
"CMU",2,1000,"biphone","Z-EY","type",1
"CMU",2,1000,"biphone","ZH-EY","type",0
"CMU",2,1000,"biphone","Q-EY","type",0
"CMU",2,1000,"biphone","AA-IH","type",0
"CMU",2,1000,"biphone","AE-IH","type",0
"CMU",2,1000,"biphone","AH-IH","type",0
"CMU",2,1000,"biphone","AO-IH","type",0
"CMU",2,1000,"biphone","AW-IH","type",0
"CMU",2,1000,"biphone","AY-IH","type",0
"CMU",2,1000,"biphone","EH-IH","type",0
"CMU",2,1000,"biphone","ER-IH","type",0
"CMU",2,1000,"biphone","EY-IH","type",0
"CMU",2,1000,"biphone","IH-IH","type",0
"CMU",2,1000,"biphone","IY-IH","type",0
"CMU",2,1000,"biphone","OW-IH","type",0
"CMU",2,1000,"biphone","OY-IH","type",0
"CMU",2,1000,"biphone","UH-IH","type",0
"CMU",2,1000,"biphone","UW-IH","type",0
"CMU",2,1000,"biphone","AX-IH","type",0
"CMU",2,1000,"biphone","AXR-IH","type",0
"CMU",2,1000,"biphone","IX-IH","type",0
"CMU",2,1000,"biphone","UX-IH","type",0
"CMU",2,1000,"biphone","B-IH","type",1
"CMU",2,1000,"biphone","CH-IH","type",0
"CMU",2,1000,"biphone","D-IH","type",1
"CMU",2,1000,"biphone","DH-IH","type",0
"CMU",2,1000,"biphone","F-IH","type",0
"CMU",2,1000,"biphone","G-IH","type",0
"CMU",2,1000,"biphone","HH-IH","type",0
"CMU",2,1000,"biphone","JH-IH","type",0
"CMU",2,1000,"biphone","K-IH","type",0
"CMU",2,1000,"biphone","L-IH","type",0
"CMU",2,1000,"biphone","M-IH","type",0
"CMU",2,1000,"biphone","N-IH","type",0
"CMU",2,1000,"biphone","NG-IH","type",0
"CMU",2,1000,"biphone","P-IH","type",1
"CMU",2,1000,"biphone","R-IH","type",0
"CMU",2,1000,"biphone","S-IH","type",0
"CMU",2,1000,"biphone","SH-IH","type",0
"CMU",2,1000,"biphone","T-IH","type",1
"CMU",2,1000,"biphone","TH-IH","type",0
"CMU",2,1000,"biphone","V-IH","type",0
"CMU",2,1000,"biphone","W-IH","type",0
"CMU",2,1000,"biphone","Y-IH","type",0
"CMU",2,1000,"biphone","Z-IH","type",0
"CMU",2,1000,"biphone","ZH-IH","type",0
"CMU",2,1000,"biphone","Q-IH","type",0
"CMU",2,1000,"biphone","AA-IY","type",0
"CMU",2,1000,"biphone","AE-IY","type",0
"CMU",2,1000,"biphone","AH-IY","type",0
"CMU",2,1000,"biphone","AO-IY","type",0
"CMU",2,1000,"biphone","AW-IY","type",1
"CMU",2,1000,"biphone","AY-IY","type",0
"CMU",2,1000,"biphone","EH-IY","type",0
"CMU",2,1000,"biphone","ER-IY","type",0
"CMU",2,1000,"biphone","EY-IY","type",0
"CMU",2,1000,"biphone","IH-IY","type",0
"CMU",2,1000,"biphone","IY-IY","type",1
"CMU",2,1000,"biphone","OW-IY","type",0
"CMU",2,1000,"biphone","OY-IY","type",0
"CMU",2,1000,"biphone","UH-IY","type",0
"CMU",2,1000,"biphone","UW-IY","type",1
"CMU",2,1000,"biphone","AX-IY","type",0
"CMU",2,1000,"biphone","AXR-IY","type",0
"CMU",2,1000,"biphone","IX-IY","type",0
"CMU",2,1000,"biphone","UX-IY","type",0
"CMU",2,1000,"biphone","B-IY","type",6
"CMU",2,1000,"biphone","CH-IY","type",2
"CMU",2,1000,"biphone","D-IY","type",6
"CMU",2,1000,"biphone","DH-IY","type",2
"CMU",2,1000,"biphone","F-IY","type",2
"CMU",2,1000,"biphone","G-IY","type",3
"CMU",2,1000,"biphone","HH-IY","type",2
"CMU",2,1000,"biphone","JH-IY","type",7
"CMU",2,1000,"biphone","K-IY","type",8
"CMU",2,1000,"biphone","L-IY","type",4
"CMU",2,1000,"biphone","M-IY","type",4
"CMU",2,1000,"biphone","N-IY","type",5
"CMU",2,1000,"biphone","NG-IY","type",0
"CMU",2,1000,"biphone","P-IY","type",5
"CMU",2,1000,"biphone","R-IY","type",4
"CMU",2,1000,"biphone","S-IY","type",10
"CMU",2,1000,"biphone","SH-IY","type",6
"CMU",2,1000,"biphone","T-IY","type",6
"CMU",2,1000,"biphone","TH-IY","type",1
"CMU",2,1000,"biphone","V-IY","type",5
"CMU",2,1000,"biphone","W-IY","type",5
"CMU",2,1000,"biphone","Y-IY","type",4
"CMU",2,1000,"biphone","Z-IY","type",5
"CMU",2,1000,"biphone","ZH-IY","type",0
"CMU",2,1000,"biphone","Q-IY","type",0
"CMU",2,1000,"biphone","AA-OW","type",0
"CMU",2,1000,"biphone","AE-OW","type",0
"CMU",2,1000,"biphone","AH-OW","type",1
"CMU",2,1000,"biphone","AO-OW","type",0
"CMU",2,1000,"biphone","AW-OW","type",0
"CMU",2,1000,"biphone","AY-OW","type",1
"CMU",2,1000,"biphone","EH-OW","type",0
"CMU",2,1000,"biphone","ER-OW","type",0
"CMU",2,1000,"biphone","EY-OW","type",1
"CMU",2,1000,"biphone","IH-OW","type",0
"CMU",2,1000,"biphone","IY-OW","type",0
"CMU",2,1000,"biphone","OW-OW","type",0
"CMU",2,1000,"biphone","OY-OW","type",0
"CMU",2,1000,"biphone","UH-OW","type",0
"CMU",2,1000,"biphone","UW-OW","type",0
"CMU",2,1000,"biphone","AX-OW","type",0
"CMU",2,1000,"biphone","AXR-OW","type",0
"CMU",2,1000,"biphone","IX-OW","type",0
"CMU",2,1000,"biphone","UX-OW","type",0
"CMU",2,1000,"biphone","B-OW","type",7
"CMU",2,1000,"biphone","CH-OW","type",2
"CMU",2,1000,"biphone","D-OW","type",4
"CMU",2,1000,"biphone","DH-OW","type",2
"CMU",2,1000,"biphone","F-OW","type",2
"CMU",2,1000,"biphone","G-OW","type",5
"CMU",2,1000,"biphone","HH-OW","type",4
"CMU",2,1000,"biphone","JH-OW","type",3
"CMU",2,1000,"biphone","K-OW","type",6
"CMU",2,1000,"biphone","L-OW","type",7
"CMU",2,1000,"biphone","M-OW","type",5
"CMU",2,1000,"biphone","N-OW","type",6
"CMU",2,1000,"biphone","NG-OW","type",0
"CMU",2,1000,"biphone","P-OW","type",3
"CMU",2,1000,"biphone","R-OW","type",10
"CMU",2,1000,"biphone","S-OW","type",4
"CMU",2,1000,"biphone","SH-OW","type",3
"CMU",2,1000,"biphone","T-OW","type",3
"CMU",2,1000,"biphone","TH-OW","type",0
"CMU",2,1000,"biphone","V-OW","type",1
"CMU",2,1000,"biphone","W-OW","type",3
"CMU",2,1000,"biphone","Y-OW","type",4
"CMU",2,1000,"biphone","Z-OW","type",1
"CMU",2,1000,"biphone","ZH-OW","type",0
"CMU",2,1000,"biphone","Q-OW","type",0
"CMU",2,1000,"biphone","AA-OY","type",0
"CMU",2,1000,"biphone","AE-OY","type",0
"CMU",2,1000,"biphone","AH-OY","type",0
"CMU",2,1000,"biphone","AO-OY","type",0
"CMU",2,1000,"biphone","AW-OY","type",0
"CMU",2,1000,"biphone","AY-OY","type",0
"CMU",2,1000,"biphone","EH-OY","type",0
"CMU",2,1000,"biphone","ER-OY","type",0
"CMU",2,1000,"biphone","EY-OY","type",0
"CMU",2,1000,"biphone","IH-OY","type",0
"CMU",2,1000,"biphone","IY-OY","type",0
"CMU",2,1000,"biphone","OW-OY","type",0
"CMU",2,1000,"biphone","OY-OY","type",0
"CMU",2,1000,"biphone","UH-OY","type",0
"CMU",2,1000,"biphone","UW-OY","type",0
"CMU",2,1000,"biphone","AX-OY","type",0
"CMU",2,1000,"biphone","AXR-OY","type",0
"CMU",2,1000,"biphone","IX-OY","type",0
"CMU",2,1000,"biphone","UX-OY","type",0
"CMU",2,1000,"biphone","B-OY","type",2
"CMU",2,1000,"biphone","CH-OY","type",2
"CMU",2,1000,"biphone","D-OY","type",1
"CMU",2,1000,"biphone","DH-OY","type",0
"CMU",2,1000,"biphone","F-OY","type",3
"CMU",2,1000,"biphone","G-OY","type",1
"CMU",2,1000,"biphone","HH-OY","type",3
"CMU",2,1000,"biphone","JH-OY","type",2
"CMU",2,1000,"biphone","K-OY","type",2
"CMU",2,1000,"biphone","L-OY","type",2
"CMU",2,1000,"biphone","M-OY","type",2
"CMU",2,1000,"biphone","N-OY","type",2
"CMU",2,1000,"biphone","NG-OY","type",0
"CMU",2,1000,"biphone","P-OY","type",0
"CMU",2,1000,"biphone","R-OY","type",3
"CMU",2,1000,"biphone","S-OY","type",1
"CMU",2,1000,"biphone","SH-OY","type",1
"CMU",2,1000,"biphone","T-OY","type",2
"CMU",2,1000,"biphone","TH-OY","type",0
"CMU",2,1000,"biphone","V-OY","type",0
"CMU",2,1000,"biphone","W-OY","type",1
"CMU",2,1000,"biphone","Y-OY","type",1
"CMU",2,1000,"biphone","Z-OY","type",0
"CMU",2,1000,"biphone","ZH-OY","type",0
"CMU",2,1000,"biphone","Q-OY","type",0
"CMU",2,1000,"biphone","AA-UH","type",0
"CMU",2,1000,"biphone","AE-UH","type",0
"CMU",2,1000,"biphone","AH-UH","type",0
"CMU",2,1000,"biphone","AO-UH","type",0
"CMU",2,1000,"biphone","AW-UH","type",0
"CMU",2,1000,"biphone","AY-UH","type",0
"CMU",2,1000,"biphone","EH-UH","type",0
"CMU",2,1000,"biphone","ER-UH","type",0
"CMU",2,1000,"biphone","EY-UH","type",0
"CMU",2,1000,"biphone","IH-UH","type",0
"CMU",2,1000,"biphone","IY-UH","type",0
"CMU",2,1000,"biphone","OW-UH","type",0
"CMU",2,1000,"biphone","OY-UH","type",0
"CMU",2,1000,"biphone","UH-UH","type",0
"CMU",2,1000,"biphone","UW-UH","type",0
"CMU",2,1000,"biphone","AX-UH","type",0
"CMU",2,1000,"biphone","AXR-UH","type",0
"CMU",2,1000,"biphone","IX-UH","type",0
"CMU",2,1000,"biphone","UX-UH","type",0
"CMU",2,1000,"biphone","B-UH","type",0
"CMU",2,1000,"biphone","CH-UH","type",0
"CMU",2,1000,"biphone","D-UH","type",0
"CMU",2,1000,"biphone","DH-UH","type",0
"CMU",2,1000,"biphone","F-UH","type",0
"CMU",2,1000,"biphone","G-UH","type",0
"CMU",2,1000,"biphone","HH-UH","type",0
"CMU",2,1000,"biphone","JH-UH","type",0
"CMU",2,1000,"biphone","K-UH","type",0
"CMU",2,1000,"biphone","L-UH","type",0
"CMU",2,1000,"biphone","M-UH","type",0
"CMU",2,1000,"biphone","N-UH","type",0
"CMU",2,1000,"biphone","NG-UH","type",0
"CMU",2,1000,"biphone","P-UH","type",0
"CMU",2,1000,"biphone","R-UH","type",0
"CMU",2,1000,"biphone","S-UH","type",0
"CMU",2,1000,"biphone","SH-UH","type",0
"CMU",2,1000,"biphone","T-UH","type",0
"CMU",2,1000,"biphone","TH-UH","type",0
"CMU",2,1000,"biphone","V-UH","type",0
"CMU",2,1000,"biphone","W-UH","type",0
"CMU",2,1000,"biphone","Y-UH","type",0
"CMU",2,1000,"biphone","Z-UH","type",0
"CMU",2,1000,"biphone","ZH-UH","type",0
"CMU",2,1000,"biphone","Q-UH","type",0
"CMU",2,1000,"biphone","AA-UW","type",0
"CMU",2,1000,"biphone","AE-UW","type",0
"CMU",2,1000,"biphone","AH-UW","type",0
"CMU",2,1000,"biphone","AO-UW","type",0
"CMU",2,1000,"biphone","AW-UW","type",0
"CMU",2,1000,"biphone","AY-UW","type",0
"CMU",2,1000,"biphone","EH-UW","type",0
"CMU",2,1000,"biphone","ER-UW","type",0
"CMU",2,1000,"biphone","EY-UW","type",0
"CMU",2,1000,"biphone","IH-UW","type",0
"CMU",2,1000,"biphone","IY-UW","type",0
"CMU",2,1000,"biphone","OW-UW","type",0
"CMU",2,1000,"biphone","OY-UW","type",0
"CMU",2,1000,"biphone","UH-UW","type",0
"CMU",2,1000,"biphone","UW-UW","type",0
"CMU",2,1000,"biphone","AX-UW","type",0
"CMU",2,1000,"biphone","AXR-UW","type",0
"CMU",2,1000,"biphone","IX-UW","type",0
"CMU",2,1000,"biphone","UX-UW","type",0
"CMU",2,1000,"biphone","B-UW","type",2
"CMU",2,1000,"biphone","CH-UW","type",5
"CMU",2,1000,"biphone","D-UW","type",7
"CMU",2,1000,"biphone","DH-UW","type",0
"CMU",2,1000,"biphone","F-UW","type",3
"CMU",2,1000,"biphone","G-UW","type",2
"CMU",2,1000,"biphone","HH-UW","type",5
"CMU",2,1000,"biphone","JH-UW","type",5
"CMU",2,1000,"biphone","K-UW","type",8
"CMU",2,1000,"biphone","L-UW","type",9
"CMU",2,1000,"biphone","M-UW","type",2
"CMU",2,1000,"biphone","N-UW","type",4
"CMU",2,1000,"biphone","NG-UW","type",0
"CMU",2,1000,"biphone","P-UW","type",4
"CMU",2,1000,"biphone","R-UW","type",7
"CMU",2,1000,"biphone","S-UW","type",6
"CMU",2,1000,"biphone","SH-UW","type",11
"CMU",2,1000,"biphone","T-UW","type",7
"CMU",2,1000,"biphone","TH-UW","type",1
"CMU",2,1000,"biphone","V-UW","type",2
"CMU",2,1000,"biphone","W-UW","type",4
"CMU",2,1000,"biphone","Y-UW","type",10
"CMU",2,1000,"biphone","Z-UW","type",4
"CMU",2,1000,"biphone","ZH-UW","type",2
"CMU",2,1000,"biphone","Q-UW","type",0
"CMU",2,1000,"biphone","AA-AX","type",0
"CMU",2,1000,"biphone","AE-AX","type",0
"CMU",2,1000,"biphone","AH-AX","type",0
"CMU",2,1000,"biphone","AO-AX","type",0
"CMU",2,1000,"biphone","AW-AX","type",0
"CMU",2,1000,"biphone","AY-AX","type",0
"CMU",2,1000,"biphone","EH-AX","type",0
"CMU",2,1000,"biphone","ER-AX","type",0
"CMU",2,1000,"biphone","EY-AX","type",0
"CMU",2,1000,"biphone","IH-AX","type",0
"CMU",2,1000,"biphone","IY-AX","type",0
"CMU",2,1000,"biphone","OW-AX","type",0
"CMU",2,1000,"biphone","OY-AX","type",0
"CMU",2,1000,"biphone","UH-AX","type",0
"CMU",2,1000,"biphone","UW-AX","type",0
"CMU",2,1000,"biphone","AX-AX","type",0
"CMU",2,1000,"biphone","AXR-AX","type",0
"CMU",2,1000,"biphone","IX-AX","type",0
"CMU",2,1000,"biphone","UX-AX","type",0
"CMU",2,1000,"biphone","B-AX","type",0
"CMU",2,1000,"biphone","CH-AX","type",0
"CMU",2,1000,"biphone","D-AX","type",0
"CMU",2,1000,"biphone","DH-AX","type",0
"CMU",2,1000,"biphone","F-AX","type",0
"CMU",2,1000,"biphone","G-AX","type",0
"CMU",2,1000,"biphone","HH-AX","type",0
"CMU",2,1000,"biphone","JH-AX","type",0
"CMU",2,1000,"biphone","K-AX","type",0
"CMU",2,1000,"biphone","L-AX","type",0
"CMU",2,1000,"biphone","M-AX","type",0
"CMU",2,1000,"biphone","N-AX","type",0
"CMU",2,1000,"biphone","NG-AX","type",0
"CMU",2,1000,"biphone","P-AX","type",0
"CMU",2,1000,"biphone","R-AX","type",0
"CMU",2,1000,"biphone","S-AX","type",0
"CMU",2,1000,"biphone","SH-AX","type",0
"CMU",2,1000,"biphone","T-AX","type",0
"CMU",2,1000,"biphone","TH-AX","type",0
"CMU",2,1000,"biphone","V-AX","type",0
"CMU",2,1000,"biphone","W-AX","type",0
"CMU",2,1000,"biphone","Y-AX","type",0
"CMU",2,1000,"biphone","Z-AX","type",0
"CMU",2,1000,"biphone","ZH-AX","type",0
"CMU",2,1000,"biphone","Q-AX","type",0
"CMU",2,1000,"biphone","AA-AXR","type",0
"CMU",2,1000,"biphone","AE-AXR","type",0
"CMU",2,1000,"biphone","AH-AXR","type",0
"CMU",2,1000,"biphone","AO-AXR","type",0
"CMU",2,1000,"biphone","AW-AXR","type",0
"CMU",2,1000,"biphone","AY-AXR","type",0
"CMU",2,1000,"biphone","EH-AXR","type",0
"CMU",2,1000,"biphone","ER-AXR","type",0
"CMU",2,1000,"biphone","EY-AXR","type",0
"CMU",2,1000,"biphone","IH-AXR","type",0
"CMU",2,1000,"biphone","IY-AXR","type",0
"CMU",2,1000,"biphone","OW-AXR","type",0
"CMU",2,1000,"biphone","OY-AXR","type",0
"CMU",2,1000,"biphone","UH-AXR","type",0
"CMU",2,1000,"biphone","UW-AXR","type",0
"CMU",2,1000,"biphone","AX-AXR","type",0
"CMU",2,1000,"biphone","AXR-AXR","type",0
"CMU",2,1000,"biphone","IX-AXR","type",0
"CMU",2,1000,"biphone","UX-AXR","type",0
"CMU",2,1000,"biphone","B-AXR","type",0
"CMU",2,1000,"biphone","CH-AXR","type",0
"CMU",2,1000,"biphone","D-AXR","type",0
"CMU",2,1000,"biphone","DH-AXR","type",0
"CMU",2,1000,"biphone","F-AXR","type",0
"CMU",2,1000,"biphone","G-AXR","type",0
"CMU",2,1000,"biphone","HH-AXR","type",0
"CMU",2,1000,"biphone","JH-AXR","type",0
"CMU",2,1000,"biphone","K-AXR","type",0
"CMU",2,1000,"biphone","L-AXR","type",0
"CMU",2,1000,"biphone","M-AXR","type",0
"CMU",2,1000,"biphone","N-AXR","type",0
"CMU",2,1000,"biphone","NG-AXR","type",0
"CMU",2,1000,"biphone","P-AXR","type",0
"CMU",2,1000,"biphone","R-AXR","type",0
"CMU",2,1000,"biphone","S-AXR","type",0
"CMU",2,1000,"biphone","SH-AXR","type",0
"CMU",2,1000,"biphone","T-AXR","type",0
"CMU",2,1000,"biphone","TH-AXR","type",0
"CMU",2,1000,"biphone","V-AXR","type",0
"CMU",2,1000,"biphone","W-AXR","type",0
"CMU",2,1000,"biphone","Y-AXR","type",0
"CMU",2,1000,"biphone","Z-AXR","type",0
"CMU",2,1000,"biphone","ZH-AXR","type",0
"CMU",2,1000,"biphone","Q-AXR","type",0
"CMU",2,1000,"biphone","AA-IX","type",0
"CMU",2,1000,"biphone","AE-IX","type",0
"CMU",2,1000,"biphone","AH-IX","type",0
"CMU",2,1000,"biphone","AO-IX","type",0
"CMU",2,1000,"biphone","AW-IX","type",0
"CMU",2,1000,"biphone","AY-IX","type",0
"CMU",2,1000,"biphone","EH-IX","type",0
"CMU",2,1000,"biphone","ER-IX","type",0
"CMU",2,1000,"biphone","EY-IX","type",0
"CMU",2,1000,"biphone","IH-IX","type",0
"CMU",2,1000,"biphone","IY-IX","type",0
"CMU",2,1000,"biphone","OW-IX","type",0
"CMU",2,1000,"biphone","OY-IX","type",0
"CMU",2,1000,"biphone","UH-IX","type",0
"CMU",2,1000,"biphone","UW-IX","type",0
"CMU",2,1000,"biphone","AX-IX","type",0
"CMU",2,1000,"biphone","AXR-IX","type",0
"CMU",2,1000,"biphone","IX-IX","type",0
"CMU",2,1000,"biphone","UX-IX","type",0
"CMU",2,1000,"biphone","B-IX","type",0
"CMU",2,1000,"biphone","CH-IX","type",0
"CMU",2,1000,"biphone","D-IX","type",0
"CMU",2,1000,"biphone","DH-IX","type",0
"CMU",2,1000,"biphone","F-IX","type",0
"CMU",2,1000,"biphone","G-IX","type",0
"CMU",2,1000,"biphone","HH-IX","type",0
"CMU",2,1000,"biphone","JH-IX","type",0
"CMU",2,1000,"biphone","K-IX","type",0
"CMU",2,1000,"biphone","L-IX","type",0
"CMU",2,1000,"biphone","M-IX","type",0
"CMU",2,1000,"biphone","N-IX","type",0
"CMU",2,1000,"biphone","NG-IX","type",0
"CMU",2,1000,"biphone","P-IX","type",0
"CMU",2,1000,"biphone","R-IX","type",0
"CMU",2,1000,"biphone","S-IX","type",0
"CMU",2,1000,"biphone","SH-IX","type",0
"CMU",2,1000,"biphone","T-IX","type",0
"CMU",2,1000,"biphone","TH-IX","type",0
"CMU",2,1000,"biphone","V-IX","type",0
"CMU",2,1000,"biphone","W-IX","type",0
"CMU",2,1000,"biphone","Y-IX","type",0
"CMU",2,1000,"biphone","Z-IX","type",0
"CMU",2,1000,"biphone","ZH-IX","type",0
"CMU",2,1000,"biphone","Q-IX","type",0
"CMU",2,1000,"biphone","AA-UX","type",0
"CMU",2,1000,"biphone","AE-UX","type",0
"CMU",2,1000,"biphone","AH-UX","type",0
"CMU",2,1000,"biphone","AO-UX","type",0
"CMU",2,1000,"biphone","AW-UX","type",0
"CMU",2,1000,"biphone","AY-UX","type",0
"CMU",2,1000,"biphone","EH-UX","type",0
"CMU",2,1000,"biphone","ER-UX","type",0
"CMU",2,1000,"biphone","EY-UX","type",0
"CMU",2,1000,"biphone","IH-UX","type",0
"CMU",2,1000,"biphone","IY-UX","type",0
"CMU",2,1000,"biphone","OW-UX","type",0
"CMU",2,1000,"biphone","OY-UX","type",0
"CMU",2,1000,"biphone","UH-UX","type",0
"CMU",2,1000,"biphone","UW-UX","type",0
"CMU",2,1000,"biphone","AX-UX","type",0
"CMU",2,1000,"biphone","AXR-UX","type",0
"CMU",2,1000,"biphone","IX-UX","type",0
"CMU",2,1000,"biphone","UX-UX","type",0
"CMU",2,1000,"biphone","B-UX","type",0
"CMU",2,1000,"biphone","CH-UX","type",0
"CMU",2,1000,"biphone","D-UX","type",0
"CMU",2,1000,"biphone","DH-UX","type",0
"CMU",2,1000,"biphone","F-UX","type",0
"CMU",2,1000,"biphone","G-UX","type",0
"CMU",2,1000,"biphone","HH-UX","type",0
"CMU",2,1000,"biphone","JH-UX","type",0
"CMU",2,1000,"biphone","K-UX","type",0
"CMU",2,1000,"biphone","L-UX","type",0
"CMU",2,1000,"biphone","M-UX","type",0
"CMU",2,1000,"biphone","N-UX","type",0
"CMU",2,1000,"biphone","NG-UX","type",0
"CMU",2,1000,"biphone","P-UX","type",0
"CMU",2,1000,"biphone","R-UX","type",0
"CMU",2,1000,"biphone","S-UX","type",0
"CMU",2,1000,"biphone","SH-UX","type",0
"CMU",2,1000,"biphone","T-UX","type",0
"CMU",2,1000,"biphone","TH-UX","type",0
"CMU",2,1000,"biphone","V-UX","type",0
"CMU",2,1000,"biphone","W-UX","type",0
"CMU",2,1000,"biphone","Y-UX","type",0
"CMU",2,1000,"biphone","Z-UX","type",0
"CMU",2,1000,"biphone","ZH-UX","type",0
"CMU",2,1000,"biphone","Q-UX","type",0
"CMU",2,1000,"biphone","AA-B","type",0
"CMU",2,1000,"biphone","AE-B","type",1
"CMU",2,1000,"biphone","AH-B","type",0
"CMU",2,1000,"biphone","AO-B","type",1
"CMU",2,1000,"biphone","AW-B","type",1
"CMU",2,1000,"biphone","AY-B","type",0
"CMU",2,1000,"biphone","EH-B","type",2
"CMU",2,1000,"biphone","ER-B","type",3
"CMU",2,1000,"biphone","EY-B","type",1
"CMU",2,1000,"biphone","IH-B","type",1
"CMU",2,1000,"biphone","IY-B","type",0
"CMU",2,1000,"biphone","OW-B","type",0
"CMU",2,1000,"biphone","OY-B","type",0
"CMU",2,1000,"biphone","UH-B","type",0
"CMU",2,1000,"biphone","UW-B","type",0
"CMU",2,1000,"biphone","AX-B","type",0
"CMU",2,1000,"biphone","AXR-B","type",0
"CMU",2,1000,"biphone","IX-B","type",0
"CMU",2,1000,"biphone","UX-B","type",0
"CMU",2,1000,"biphone","B-B","type",0
"CMU",2,1000,"biphone","CH-B","type",0
"CMU",2,1000,"biphone","D-B","type",0
"CMU",2,1000,"biphone","DH-B","type",0
"CMU",2,1000,"biphone","F-B","type",0
"CMU",2,1000,"biphone","G-B","type",0
"CMU",2,1000,"biphone","HH-B","type",0
"CMU",2,1000,"biphone","JH-B","type",0
"CMU",2,1000,"biphone","K-B","type",0
"CMU",2,1000,"biphone","L-B","type",0
"CMU",2,1000,"biphone","M-B","type",0
"CMU",2,1000,"biphone","N-B","type",0
"CMU",2,1000,"biphone","NG-B","type",0
"CMU",2,1000,"biphone","P-B","type",0
"CMU",2,1000,"biphone","R-B","type",0
"CMU",2,1000,"biphone","S-B","type",0
"CMU",2,1000,"biphone","SH-B","type",0
"CMU",2,1000,"biphone","T-B","type",0
"CMU",2,1000,"biphone","TH-B","type",0
"CMU",2,1000,"biphone","V-B","type",0
"CMU",2,1000,"biphone","W-B","type",0
"CMU",2,1000,"biphone","Y-B","type",0
"CMU",2,1000,"biphone","Z-B","type",0
"CMU",2,1000,"biphone","ZH-B","type",0
"CMU",2,1000,"biphone","Q-B","type",0
"CMU",2,1000,"biphone","AA-CH","type",0
"CMU",2,1000,"biphone","AE-CH","type",0
"CMU",2,1000,"biphone","AH-CH","type",0
"CMU",2,1000,"biphone","AO-CH","type",1
"CMU",2,1000,"biphone","AW-CH","type",1
"CMU",2,1000,"biphone","AY-CH","type",0
"CMU",2,1000,"biphone","EH-CH","type",1
"CMU",2,1000,"biphone","ER-CH","type",0
"CMU",2,1000,"biphone","EY-CH","type",2
"CMU",2,1000,"biphone","IH-CH","type",2
"CMU",2,1000,"biphone","IY-CH","type",1
"CMU",2,1000,"biphone","OW-CH","type",0
"CMU",2,1000,"biphone","OY-CH","type",0
"CMU",2,1000,"biphone","UH-CH","type",0
"CMU",2,1000,"biphone","UW-CH","type",0
"CMU",2,1000,"biphone","AX-CH","type",0
"CMU",2,1000,"biphone","AXR-CH","type",0
"CMU",2,1000,"biphone","IX-CH","type",0
"CMU",2,1000,"biphone","UX-CH","type",0
"CMU",2,1000,"biphone","B-CH","type",0
"CMU",2,1000,"biphone","CH-CH","type",0
"CMU",2,1000,"biphone","D-CH","type",0
"CMU",2,1000,"biphone","DH-CH","type",0
"CMU",2,1000,"biphone","F-CH","type",0
"CMU",2,1000,"biphone","G-CH","type",0
"CMU",2,1000,"biphone","HH-CH","type",0
"CMU",2,1000,"biphone","JH-CH","type",0
"CMU",2,1000,"biphone","K-CH","type",0
"CMU",2,1000,"biphone","L-CH","type",0
"CMU",2,1000,"biphone","M-CH","type",0
"CMU",2,1000,"biphone","N-CH","type",0
"CMU",2,1000,"biphone","NG-CH","type",0
"CMU",2,1000,"biphone","P-CH","type",0
"CMU",2,1000,"biphone","R-CH","type",0
"CMU",2,1000,"biphone","S-CH","type",0
"CMU",2,1000,"biphone","SH-CH","type",0
"CMU",2,1000,"biphone","T-CH","type",0
"CMU",2,1000,"biphone","TH-CH","type",0
"CMU",2,1000,"biphone","V-CH","type",0
"CMU",2,1000,"biphone","W-CH","type",0
"CMU",2,1000,"biphone","Y-CH","type",0
"CMU",2,1000,"biphone","Z-CH","type",0
"CMU",2,1000,"biphone","ZH-CH","type",0
"CMU",2,1000,"biphone","Q-CH","type",0
"CMU",2,1000,"biphone","AA-D","type",1
"CMU",2,1000,"biphone","AE-D","type",2
"CMU",2,1000,"biphone","AH-D","type",1
"CMU",2,1000,"biphone","AO-D","type",2
"CMU",2,1000,"biphone","AW-D","type",0
"CMU",2,1000,"biphone","AY-D","type",5
"CMU",2,1000,"biphone","EH-D","type",1
"CMU",2,1000,"biphone","ER-D","type",0
"CMU",2,1000,"biphone","EY-D","type",4
"CMU",2,1000,"biphone","IH-D","type",2
"CMU",2,1000,"biphone","IY-D","type",2
"CMU",2,1000,"biphone","OW-D","type",2
"CMU",2,1000,"biphone","OY-D","type",0
"CMU",2,1000,"biphone","UH-D","type",0
"CMU",2,1000,"biphone","UW-D","type",1
"CMU",2,1000,"biphone","AX-D","type",0
"CMU",2,1000,"biphone","AXR-D","type",0
"CMU",2,1000,"biphone","IX-D","type",0
"CMU",2,1000,"biphone","UX-D","type",0
"CMU",2,1000,"biphone","B-D","type",0
"CMU",2,1000,"biphone","CH-D","type",0
"CMU",2,1000,"biphone","D-D","type",0
"CMU",2,1000,"biphone","DH-D","type",0
"CMU",2,1000,"biphone","F-D","type",0
"CMU",2,1000,"biphone","G-D","type",0
"CMU",2,1000,"biphone","HH-D","type",0
"CMU",2,1000,"biphone","JH-D","type",0
"CMU",2,1000,"biphone","K-D","type",0
"CMU",2,1000,"biphone","L-D","type",0
"CMU",2,1000,"biphone","M-D","type",0
"CMU",2,1000,"biphone","N-D","type",0
"CMU",2,1000,"biphone","NG-D","type",0
"CMU",2,1000,"biphone","P-D","type",0
"CMU",2,1000,"biphone","R-D","type",0
"CMU",2,1000,"biphone","S-D","type",0
"CMU",2,1000,"biphone","SH-D","type",0
"CMU",2,1000,"biphone","T-D","type",0
"CMU",2,1000,"biphone","TH-D","type",0
"CMU",2,1000,"biphone","V-D","type",0
"CMU",2,1000,"biphone","W-D","type",0
"CMU",2,1000,"biphone","Y-D","type",0
"CMU",2,1000,"biphone","Z-D","type",0
"CMU",2,1000,"biphone","ZH-D","type",0
"CMU",2,1000,"biphone","Q-D","type",0
"CMU",2,1000,"biphone","AA-DH","type",0
"CMU",2,1000,"biphone","AE-DH","type",0
"CMU",2,1000,"biphone","AH-DH","type",1
"CMU",2,1000,"biphone","AO-DH","type",0
"CMU",2,1000,"biphone","AW-DH","type",0
"CMU",2,1000,"biphone","AY-DH","type",0
"CMU",2,1000,"biphone","EH-DH","type",0
"CMU",2,1000,"biphone","ER-DH","type",0
"CMU",2,1000,"biphone","EY-DH","type",0
"CMU",2,1000,"biphone","IH-DH","type",0
"CMU",2,1000,"biphone","IY-DH","type",0
"CMU",2,1000,"biphone","OW-DH","type",0
"CMU",2,1000,"biphone","OY-DH","type",0
"CMU",2,1000,"biphone","UH-DH","type",0
"CMU",2,1000,"biphone","UW-DH","type",0
"CMU",2,1000,"biphone","AX-DH","type",0
"CMU",2,1000,"biphone","AXR-DH","type",0
"CMU",2,1000,"biphone","IX-DH","type",0
"CMU",2,1000,"biphone","UX-DH","type",0
"CMU",2,1000,"biphone","B-DH","type",0
"CMU",2,1000,"biphone","CH-DH","type",0
"CMU",2,1000,"biphone","D-DH","type",0
"CMU",2,1000,"biphone","DH-DH","type",0
"CMU",2,1000,"biphone","F-DH","type",0
"CMU",2,1000,"biphone","G-DH","type",0
"CMU",2,1000,"biphone","HH-DH","type",0
"CMU",2,1000,"biphone","JH-DH","type",0
"CMU",2,1000,"biphone","K-DH","type",0
"CMU",2,1000,"biphone","L-DH","type",0
"CMU",2,1000,"biphone","M-DH","type",0
"CMU",2,1000,"biphone","N-DH","type",0
"CMU",2,1000,"biphone","NG-DH","type",0
"CMU",2,1000,"biphone","P-DH","type",0
"CMU",2,1000,"biphone","R-DH","type",0
"CMU",2,1000,"biphone","S-DH","type",0
"CMU",2,1000,"biphone","SH-DH","type",0
"CMU",2,1000,"biphone","T-DH","type",0
"CMU",2,1000,"biphone","TH-DH","type",0
"CMU",2,1000,"biphone","V-DH","type",0
"CMU",2,1000,"biphone","W-DH","type",0
"CMU",2,1000,"biphone","Y-DH","type",0
"CMU",2,1000,"biphone","Z-DH","type",0
"CMU",2,1000,"biphone","ZH-DH","type",0
"CMU",2,1000,"biphone","Q-DH","type",0
"CMU",2,1000,"biphone","AA-F","type",0
"CMU",2,1000,"biphone","AE-F","type",0
"CMU",2,1000,"biphone","AH-F","type",0
"CMU",2,1000,"biphone","AO-F","type",1
"CMU",2,1000,"biphone","AW-F","type",0
"CMU",2,1000,"biphone","AY-F","type",0
"CMU",2,1000,"biphone","EH-F","type",2
"CMU",2,1000,"biphone","ER-F","type",0
"CMU",2,1000,"biphone","EY-F","type",0
"CMU",2,1000,"biphone","IH-F","type",2
"CMU",2,1000,"biphone","IY-F","type",0
"CMU",2,1000,"biphone","OW-F","type",0
"CMU",2,1000,"biphone","OY-F","type",0
"CMU",2,1000,"biphone","UH-F","type",0
"CMU",2,1000,"biphone","UW-F","type",1
"CMU",2,1000,"biphone","AX-F","type",0
"CMU",2,1000,"biphone","AXR-F","type",0
"CMU",2,1000,"biphone","IX-F","type",0
"CMU",2,1000,"biphone","UX-F","type",0
"CMU",2,1000,"biphone","B-F","type",0
"CMU",2,1000,"biphone","CH-F","type",0
"CMU",2,1000,"biphone","D-F","type",0
"CMU",2,1000,"biphone","DH-F","type",0
"CMU",2,1000,"biphone","F-F","type",0
"CMU",2,1000,"biphone","G-F","type",0
"CMU",2,1000,"biphone","HH-F","type",0
"CMU",2,1000,"biphone","JH-F","type",0
"CMU",2,1000,"biphone","K-F","type",0
"CMU",2,1000,"biphone","L-F","type",0
"CMU",2,1000,"biphone","M-F","type",0
"CMU",2,1000,"biphone","N-F","type",0
"CMU",2,1000,"biphone","NG-F","type",0
"CMU",2,1000,"biphone","P-F","type",0
"CMU",2,1000,"biphone","R-F","type",0
"CMU",2,1000,"biphone","S-F","type",0
"CMU",2,1000,"biphone","SH-F","type",0
"CMU",2,1000,"biphone","T-F","type",0
"CMU",2,1000,"biphone","TH-F","type",0
"CMU",2,1000,"biphone","V-F","type",0
"CMU",2,1000,"biphone","W-F","type",0
"CMU",2,1000,"biphone","Y-F","type",0
"CMU",2,1000,"biphone","Z-F","type",0
"CMU",2,1000,"biphone","ZH-F","type",0
"CMU",2,1000,"biphone","Q-F","type",0
"CMU",2,1000,"biphone","AA-G","type",2
"CMU",2,1000,"biphone","AE-G","type",1
"CMU",2,1000,"biphone","AH-G","type",1
"CMU",2,1000,"biphone","AO-G","type",0
"CMU",2,1000,"biphone","AW-G","type",0
"CMU",2,1000,"biphone","AY-G","type",0
"CMU",2,1000,"biphone","EH-G","type",2
"CMU",2,1000,"biphone","ER-G","type",0
"CMU",2,1000,"biphone","EY-G","type",0
"CMU",2,1000,"biphone","IH-G","type",0
"CMU",2,1000,"biphone","IY-G","type",1
"CMU",2,1000,"biphone","OW-G","type",0
"CMU",2,1000,"biphone","OY-G","type",0
"CMU",2,1000,"biphone","UH-G","type",0
"CMU",2,1000,"biphone","UW-G","type",0
"CMU",2,1000,"biphone","AX-G","type",0
"CMU",2,1000,"biphone","AXR-G","type",0
"CMU",2,1000,"biphone","IX-G","type",0
"CMU",2,1000,"biphone","UX-G","type",0
"CMU",2,1000,"biphone","B-G","type",0
"CMU",2,1000,"biphone","CH-G","type",0
"CMU",2,1000,"biphone","D-G","type",0
"CMU",2,1000,"biphone","DH-G","type",0
"CMU",2,1000,"biphone","F-G","type",0
"CMU",2,1000,"biphone","G-G","type",0
"CMU",2,1000,"biphone","HH-G","type",0
"CMU",2,1000,"biphone","JH-G","type",0
"CMU",2,1000,"biphone","K-G","type",0
"CMU",2,1000,"biphone","L-G","type",0
"CMU",2,1000,"biphone","M-G","type",0
"CMU",2,1000,"biphone","N-G","type",0
"CMU",2,1000,"biphone","NG-G","type",0
"CMU",2,1000,"biphone","P-G","type",0
"CMU",2,1000,"biphone","R-G","type",0
"CMU",2,1000,"biphone","S-G","type",0
"CMU",2,1000,"biphone","SH-G","type",0
"CMU",2,1000,"biphone","T-G","type",0
"CMU",2,1000,"biphone","TH-G","type",0
"CMU",2,1000,"biphone","V-G","type",0
"CMU",2,1000,"biphone","W-G","type",0
"CMU",2,1000,"biphone","Y-G","type",0
"CMU",2,1000,"biphone","Z-G","type",0
"CMU",2,1000,"biphone","ZH-G","type",0
"CMU",2,1000,"biphone","Q-G","type",0
"CMU",2,1000,"biphone","AA-HH","type",0
"CMU",2,1000,"biphone","AE-HH","type",0
"CMU",2,1000,"biphone","AH-HH","type",0
"CMU",2,1000,"biphone","AO-HH","type",0
"CMU",2,1000,"biphone","AW-HH","type",0
"CMU",2,1000,"biphone","AY-HH","type",0
"CMU",2,1000,"biphone","EH-HH","type",0
"CMU",2,1000,"biphone","ER-HH","type",0
"CMU",2,1000,"biphone","EY-HH","type",0
"CMU",2,1000,"biphone","IH-HH","type",0
"CMU",2,1000,"biphone","IY-HH","type",0
"CMU",2,1000,"biphone","OW-HH","type",0
"CMU",2,1000,"biphone","OY-HH","type",0
"CMU",2,1000,"biphone","UH-HH","type",0
"CMU",2,1000,"biphone","UW-HH","type",0
"CMU",2,1000,"biphone","AX-HH","type",0
"CMU",2,1000,"biphone","AXR-HH","type",0
"CMU",2,1000,"biphone","IX-HH","type",0
"CMU",2,1000,"biphone","UX-HH","type",0
"CMU",2,1000,"biphone","B-HH","type",0
"CMU",2,1000,"biphone","CH-HH","type",0
"CMU",2,1000,"biphone","D-HH","type",0
"CMU",2,1000,"biphone","DH-HH","type",0
"CMU",2,1000,"biphone","F-HH","type",0
"CMU",2,1000,"biphone","G-HH","type",0
"CMU",2,1000,"biphone","HH-HH","type",0
"CMU",2,1000,"biphone","JH-HH","type",0
"CMU",2,1000,"biphone","K-HH","type",0
"CMU",2,1000,"biphone","L-HH","type",0
"CMU",2,1000,"biphone","M-HH","type",0
"CMU",2,1000,"biphone","N-HH","type",0
"CMU",2,1000,"biphone","NG-HH","type",0
"CMU",2,1000,"biphone","P-HH","type",0
"CMU",2,1000,"biphone","R-HH","type",0
"CMU",2,1000,"biphone","S-HH","type",0
"CMU",2,1000,"biphone","SH-HH","type",0
"CMU",2,1000,"biphone","T-HH","type",0
"CMU",2,1000,"biphone","TH-HH","type",0
"CMU",2,1000,"biphone","V-HH","type",0
"CMU",2,1000,"biphone","W-HH","type",0
"CMU",2,1000,"biphone","Y-HH","type",0
"CMU",2,1000,"biphone","Z-HH","type",0
"CMU",2,1000,"biphone","ZH-HH","type",0
"CMU",2,1000,"biphone","Q-HH","type",0
"CMU",2,1000,"biphone","AA-JH","type",0
"CMU",2,1000,"biphone","AE-JH","type",0
"CMU",2,1000,"biphone","AH-JH","type",0
"CMU",2,1000,"biphone","AO-JH","type",1
"CMU",2,1000,"biphone","AW-JH","type",0
"CMU",2,1000,"biphone","AY-JH","type",1
"CMU",2,1000,"biphone","EH-JH","type",1
"CMU",2,1000,"biphone","ER-JH","type",1
"CMU",2,1000,"biphone","EY-JH","type",1
"CMU",2,1000,"biphone","IH-JH","type",0
"CMU",2,1000,"biphone","IY-JH","type",1
"CMU",2,1000,"biphone","OW-JH","type",0
"CMU",2,1000,"biphone","OY-JH","type",0
"CMU",2,1000,"biphone","UH-JH","type",0
"CMU",2,1000,"biphone","UW-JH","type",0
"CMU",2,1000,"biphone","AX-JH","type",0
"CMU",2,1000,"biphone","AXR-JH","type",0
"CMU",2,1000,"biphone","IX-JH","type",0
"CMU",2,1000,"biphone","UX-JH","type",0
"CMU",2,1000,"biphone","B-JH","type",0
"CMU",2,1000,"biphone","CH-JH","type",0
"CMU",2,1000,"biphone","D-JH","type",0
"CMU",2,1000,"biphone","DH-JH","type",0
"CMU",2,1000,"biphone","F-JH","type",0
"CMU",2,1000,"biphone","G-JH","type",0
"CMU",2,1000,"biphone","HH-JH","type",0
"CMU",2,1000,"biphone","JH-JH","type",0
"CMU",2,1000,"biphone","K-JH","type",0
"CMU",2,1000,"biphone","L-JH","type",0
"CMU",2,1000,"biphone","M-JH","type",0
"CMU",2,1000,"biphone","N-JH","type",0
"CMU",2,1000,"biphone","NG-JH","type",0
"CMU",2,1000,"biphone","P-JH","type",0
"CMU",2,1000,"biphone","R-JH","type",0
"CMU",2,1000,"biphone","S-JH","type",0
"CMU",2,1000,"biphone","SH-JH","type",0
"CMU",2,1000,"biphone","T-JH","type",0
"CMU",2,1000,"biphone","TH-JH","type",0
"CMU",2,1000,"biphone","V-JH","type",0
"CMU",2,1000,"biphone","W-JH","type",0
"CMU",2,1000,"biphone","Y-JH","type",0
"CMU",2,1000,"biphone","Z-JH","type",0
"CMU",2,1000,"biphone","ZH-JH","type",0
"CMU",2,1000,"biphone","Q-JH","type",0
"CMU",2,1000,"biphone","AA-K","type",1
"CMU",2,1000,"biphone","AE-K","type",2
"CMU",2,1000,"biphone","AH-K","type",0
"CMU",2,1000,"biphone","AO-K","type",0
"CMU",2,1000,"biphone","AW-K","type",0
"CMU",2,1000,"biphone","AY-K","type",4
"CMU",2,1000,"biphone","EH-K","type",2
"CMU",2,1000,"biphone","ER-K","type",3
"CMU",2,1000,"biphone","EY-K","type",2
"CMU",2,1000,"biphone","IH-K","type",0
"CMU",2,1000,"biphone","IY-K","type",1
"CMU",2,1000,"biphone","OW-K","type",2
"CMU",2,1000,"biphone","OY-K","type",0
"CMU",2,1000,"biphone","UH-K","type",0
"CMU",2,1000,"biphone","UW-K","type",0
"CMU",2,1000,"biphone","AX-K","type",0
"CMU",2,1000,"biphone","AXR-K","type",0
"CMU",2,1000,"biphone","IX-K","type",0
"CMU",2,1000,"biphone","UX-K","type",0
"CMU",2,1000,"biphone","B-K","type",0
"CMU",2,1000,"biphone","CH-K","type",0
"CMU",2,1000,"biphone","D-K","type",0
"CMU",2,1000,"biphone","DH-K","type",0
"CMU",2,1000,"biphone","F-K","type",0
"CMU",2,1000,"biphone","G-K","type",0
"CMU",2,1000,"biphone","HH-K","type",0
"CMU",2,1000,"biphone","JH-K","type",0
"CMU",2,1000,"biphone","K-K","type",0
"CMU",2,1000,"biphone","L-K","type",0
"CMU",2,1000,"biphone","M-K","type",0
"CMU",2,1000,"biphone","N-K","type",0
"CMU",2,1000,"biphone","NG-K","type",0
"CMU",2,1000,"biphone","P-K","type",0
"CMU",2,1000,"biphone","R-K","type",0
"CMU",2,1000,"biphone","S-K","type",0
"CMU",2,1000,"biphone","SH-K","type",0
"CMU",2,1000,"biphone","T-K","type",0
"CMU",2,1000,"biphone","TH-K","type",0
"CMU",2,1000,"biphone","V-K","type",0
"CMU",2,1000,"biphone","W-K","type",0
"CMU",2,1000,"biphone","Y-K","type",0
"CMU",2,1000,"biphone","Z-K","type",0
"CMU",2,1000,"biphone","ZH-K","type",0
"CMU",2,1000,"biphone","Q-K","type",0
"CMU",2,1000,"biphone","AA-L","type",1
"CMU",2,1000,"biphone","AE-L","type",2
"CMU",2,1000,"biphone","AH-L","type",2
"CMU",2,1000,"biphone","AO-L","type",3
"CMU",2,1000,"biphone","AW-L","type",1
"CMU",2,1000,"biphone","AY-L","type",3
"CMU",2,1000,"biphone","EH-L","type",6
"CMU",2,1000,"biphone","ER-L","type",4
"CMU",2,1000,"biphone","EY-L","type",2
"CMU",2,1000,"biphone","IH-L","type",2
"CMU",2,1000,"biphone","IY-L","type",1
"CMU",2,1000,"biphone","OW-L","type",3
"CMU",2,1000,"biphone","OY-L","type",1
"CMU",2,1000,"biphone","UH-L","type",0
"CMU",2,1000,"biphone","UW-L","type",0
"CMU",2,1000,"biphone","AX-L","type",0
"CMU",2,1000,"biphone","AXR-L","type",0
"CMU",2,1000,"biphone","IX-L","type",0
"CMU",2,1000,"biphone","UX-L","type",0
"CMU",2,1000,"biphone","B-L","type",0
"CMU",2,1000,"biphone","CH-L","type",0
"CMU",2,1000,"biphone","D-L","type",0
"CMU",2,1000,"biphone","DH-L","type",0
"CMU",2,1000,"biphone","F-L","type",0
"CMU",2,1000,"biphone","G-L","type",0
"CMU",2,1000,"biphone","HH-L","type",0
"CMU",2,1000,"biphone","JH-L","type",0
"CMU",2,1000,"biphone","K-L","type",0
"CMU",2,1000,"biphone","L-L","type",0
"CMU",2,1000,"biphone","M-L","type",0
"CMU",2,1000,"biphone","N-L","type",0
"CMU",2,1000,"biphone","NG-L","type",0
"CMU",2,1000,"biphone","P-L","type",0
"CMU",2,1000,"biphone","R-L","type",0
"CMU",2,1000,"biphone","S-L","type",0
"CMU",2,1000,"biphone","SH-L","type",0
"CMU",2,1000,"biphone","T-L","type",0
"CMU",2,1000,"biphone","TH-L","type",0
"CMU",2,1000,"biphone","V-L","type",0
"CMU",2,1000,"biphone","W-L","type",0
"CMU",2,1000,"biphone","Y-L","type",0
"CMU",2,1000,"biphone","Z-L","type",0
"CMU",2,1000,"biphone","ZH-L","type",0
"CMU",2,1000,"biphone","Q-L","type",0
"CMU",2,1000,"biphone","AA-M","type",0
"CMU",2,1000,"biphone","AE-M","type",1
"CMU",2,1000,"biphone","AH-M","type",5
"CMU",2,1000,"biphone","AO-M","type",0
"CMU",2,1000,"biphone","AW-M","type",0
"CMU",2,1000,"biphone","AY-M","type",1
"CMU",2,1000,"biphone","EH-M","type",4
"CMU",2,1000,"biphone","ER-M","type",0
"CMU",2,1000,"biphone","EY-M","type",3
"CMU",2,1000,"biphone","IH-M","type",3
"CMU",2,1000,"biphone","IY-M","type",0
"CMU",2,1000,"biphone","OW-M","type",2
"CMU",2,1000,"biphone","OY-M","type",0
"CMU",2,1000,"biphone","UH-M","type",0
"CMU",2,1000,"biphone","UW-M","type",0
"CMU",2,1000,"biphone","AX-M","type",0
"CMU",2,1000,"biphone","AXR-M","type",0
"CMU",2,1000,"biphone","IX-M","type",0
"CMU",2,1000,"biphone","UX-M","type",0
"CMU",2,1000,"biphone","B-M","type",0
"CMU",2,1000,"biphone","CH-M","type",0
"CMU",2,1000,"biphone","D-M","type",0
"CMU",2,1000,"biphone","DH-M","type",0
"CMU",2,1000,"biphone","F-M","type",0
"CMU",2,1000,"biphone","G-M","type",0
"CMU",2,1000,"biphone","HH-M","type",0
"CMU",2,1000,"biphone","JH-M","type",0
"CMU",2,1000,"biphone","K-M","type",0
"CMU",2,1000,"biphone","L-M","type",0
"CMU",2,1000,"biphone","M-M","type",0
"CMU",2,1000,"biphone","N-M","type",0
"CMU",2,1000,"biphone","NG-M","type",0
"CMU",2,1000,"biphone","P-M","type",0
"CMU",2,1000,"biphone","R-M","type",0
"CMU",2,1000,"biphone","S-M","type",0
"CMU",2,1000,"biphone","SH-M","type",0
"CMU",2,1000,"biphone","T-M","type",0
"CMU",2,1000,"biphone","TH-M","type",0
"CMU",2,1000,"biphone","V-M","type",0
"CMU",2,1000,"biphone","W-M","type",0
"CMU",2,1000,"biphone","Y-M","type",0
"CMU",2,1000,"biphone","Z-M","type",0
"CMU",2,1000,"biphone","ZH-M","type",0
"CMU",2,1000,"biphone","Q-M","type",0
"CMU",2,1000,"biphone","AA-N","type",1
"CMU",2,1000,"biphone","AE-N","type",5
"CMU",2,1000,"biphone","AH-N","type",3
"CMU",2,1000,"biphone","AO-N","type",2
"CMU",2,1000,"biphone","AW-N","type",0
"CMU",2,1000,"biphone","AY-N","type",1
"CMU",2,1000,"biphone","EH-N","type",3
"CMU",2,1000,"biphone","ER-N","type",3
"CMU",2,1000,"biphone","EY-N","type",3
"CMU",2,1000,"biphone","IH-N","type",4
"CMU",2,1000,"biphone","IY-N","type",0
"CMU",2,1000,"biphone","OW-N","type",2
"CMU",2,1000,"biphone","OY-N","type",0
"CMU",2,1000,"biphone","UH-N","type",0
"CMU",2,1000,"biphone","UW-N","type",0
"CMU",2,1000,"biphone","AX-N","type",0
"CMU",2,1000,"biphone","AXR-N","type",0
"CMU",2,1000,"biphone","IX-N","type",0
"CMU",2,1000,"biphone","UX-N","type",0
"CMU",2,1000,"biphone","B-N","type",0
"CMU",2,1000,"biphone","CH-N","type",0
"CMU",2,1000,"biphone","D-N","type",0
"CMU",2,1000,"biphone","DH-N","type",0
"CMU",2,1000,"biphone","F-N","type",0
"CMU",2,1000,"biphone","G-N","type",0
"CMU",2,1000,"biphone","HH-N","type",0
"CMU",2,1000,"biphone","JH-N","type",0
"CMU",2,1000,"biphone","K-N","type",0
"CMU",2,1000,"biphone","L-N","type",0
"CMU",2,1000,"biphone","M-N","type",0
"CMU",2,1000,"biphone","N-N","type",0
"CMU",2,1000,"biphone","NG-N","type",0
"CMU",2,1000,"biphone","P-N","type",0
"CMU",2,1000,"biphone","R-N","type",0
"CMU",2,1000,"biphone","S-N","type",0
"CMU",2,1000,"biphone","SH-N","type",0
"CMU",2,1000,"biphone","T-N","type",0
"CMU",2,1000,"biphone","TH-N","type",0
"CMU",2,1000,"biphone","V-N","type",0
"CMU",2,1000,"biphone","W-N","type",0
"CMU",2,1000,"biphone","Y-N","type",0
"CMU",2,1000,"biphone","Z-N","type",0
"CMU",2,1000,"biphone","ZH-N","type",0
"CMU",2,1000,"biphone","Q-N","type",0
"CMU",2,1000,"biphone","AA-NG","type",0
"CMU",2,1000,"biphone","AE-NG","type",1
"CMU",2,1000,"biphone","AH-NG","type",1
"CMU",2,1000,"biphone","AO-NG","type",2
"CMU",2,1000,"biphone","AW-NG","type",0
"CMU",2,1000,"biphone","AY-NG","type",0
"CMU",2,1000,"biphone","EH-NG","type",3
"CMU",2,1000,"biphone","ER-NG","type",0
"CMU",2,1000,"biphone","EY-NG","type",1
"CMU",2,1000,"biphone","IH-NG","type",2
"CMU",2,1000,"biphone","IY-NG","type",0
"CMU",2,1000,"biphone","OW-NG","type",0
"CMU",2,1000,"biphone","OY-NG","type",0
"CMU",2,1000,"biphone","UH-NG","type",0
"CMU",2,1000,"biphone","UW-NG","type",0
"CMU",2,1000,"biphone","AX-NG","type",0
"CMU",2,1000,"biphone","AXR-NG","type",0
"CMU",2,1000,"biphone","IX-NG","type",0
"CMU",2,1000,"biphone","UX-NG","type",0
"CMU",2,1000,"biphone","B-NG","type",0
"CMU",2,1000,"biphone","CH-NG","type",0
"CMU",2,1000,"biphone","D-NG","type",0
"CMU",2,1000,"biphone","DH-NG","type",0
"CMU",2,1000,"biphone","F-NG","type",0
"CMU",2,1000,"biphone","G-NG","type",0
"CMU",2,1000,"biphone","HH-NG","type",0
"CMU",2,1000,"biphone","JH-NG","type",0
"CMU",2,1000,"biphone","K-NG","type",0
"CMU",2,1000,"biphone","L-NG","type",0
"CMU",2,1000,"biphone","M-NG","type",0
"CMU",2,1000,"biphone","N-NG","type",0
"CMU",2,1000,"biphone","NG-NG","type",0
"CMU",2,1000,"biphone","P-NG","type",0
"CMU",2,1000,"biphone","R-NG","type",0
"CMU",2,1000,"biphone","S-NG","type",0
"CMU",2,1000,"biphone","SH-NG","type",0
"CMU",2,1000,"biphone","T-NG","type",0
"CMU",2,1000,"biphone","TH-NG","type",0
"CMU",2,1000,"biphone","V-NG","type",0
"CMU",2,1000,"biphone","W-NG","type",0
"CMU",2,1000,"biphone","Y-NG","type",0
"CMU",2,1000,"biphone","Z-NG","type",0
"CMU",2,1000,"biphone","ZH-NG","type",0
"CMU",2,1000,"biphone","Q-NG","type",0
"CMU",2,1000,"biphone","AA-P","type",2
"CMU",2,1000,"biphone","AE-P","type",1
"CMU",2,1000,"biphone","AH-P","type",2
"CMU",2,1000,"biphone","AO-P","type",1
"CMU",2,1000,"biphone","AW-P","type",0
"CMU",2,1000,"biphone","AY-P","type",0
"CMU",2,1000,"biphone","EH-P","type",1
"CMU",2,1000,"biphone","ER-P","type",1
"CMU",2,1000,"biphone","EY-P","type",1
"CMU",2,1000,"biphone","IH-P","type",1
"CMU",2,1000,"biphone","IY-P","type",1
"CMU",2,1000,"biphone","OW-P","type",0
"CMU",2,1000,"biphone","OY-P","type",0
"CMU",2,1000,"biphone","UH-P","type",0
"CMU",2,1000,"biphone","UW-P","type",1
"CMU",2,1000,"biphone","AX-P","type",0
"CMU",2,1000,"biphone","AXR-P","type",0
"CMU",2,1000,"biphone","IX-P","type",0
"CMU",2,1000,"biphone","UX-P","type",0
"CMU",2,1000,"biphone","B-P","type",0
"CMU",2,1000,"biphone","CH-P","type",0
"CMU",2,1000,"biphone","D-P","type",0
"CMU",2,1000,"biphone","DH-P","type",0
"CMU",2,1000,"biphone","F-P","type",0
"CMU",2,1000,"biphone","G-P","type",0
"CMU",2,1000,"biphone","HH-P","type",0
"CMU",2,1000,"biphone","JH-P","type",0
"CMU",2,1000,"biphone","K-P","type",0
"CMU",2,1000,"biphone","L-P","type",0
"CMU",2,1000,"biphone","M-P","type",0
"CMU",2,1000,"biphone","N-P","type",0
"CMU",2,1000,"biphone","NG-P","type",0
"CMU",2,1000,"biphone","P-P","type",0
"CMU",2,1000,"biphone","R-P","type",0
"CMU",2,1000,"biphone","S-P","type",0
"CMU",2,1000,"biphone","SH-P","type",0
"CMU",2,1000,"biphone","T-P","type",0
"CMU",2,1000,"biphone","TH-P","type",0
"CMU",2,1000,"biphone","V-P","type",0
"CMU",2,1000,"biphone","W-P","type",0
"CMU",2,1000,"biphone","Y-P","type",0
"CMU",2,1000,"biphone","Z-P","type",0
"CMU",2,1000,"biphone","ZH-P","type",0
"CMU",2,1000,"biphone","Q-P","type",0
"CMU",2,1000,"biphone","AA-R","type",6
"CMU",2,1000,"biphone","AE-R","type",0
"CMU",2,1000,"biphone","AH-R","type",0
"CMU",2,1000,"biphone","AO-R","type",6
"CMU",2,1000,"biphone","AW-R","type",2
"CMU",2,1000,"biphone","AY-R","type",2
"CMU",2,1000,"biphone","EH-R","type",7
"CMU",2,1000,"biphone","ER-R","type",0
"CMU",2,1000,"biphone","EY-R","type",1
"CMU",2,1000,"biphone","IH-R","type",1
"CMU",2,1000,"biphone","IY-R","type",1
"CMU",2,1000,"biphone","OW-R","type",0
"CMU",2,1000,"biphone","OY-R","type",0
"CMU",2,1000,"biphone","UH-R","type",1
"CMU",2,1000,"biphone","UW-R","type",0
"CMU",2,1000,"biphone","AX-R","type",0
"CMU",2,1000,"biphone","AXR-R","type",0
"CMU",2,1000,"biphone","IX-R","type",0
"CMU",2,1000,"biphone","UX-R","type",0
"CMU",2,1000,"biphone","B-R","type",0
"CMU",2,1000,"biphone","CH-R","type",0
"CMU",2,1000,"biphone","D-R","type",0
"CMU",2,1000,"biphone","DH-R","type",0
"CMU",2,1000,"biphone","F-R","type",0
"CMU",2,1000,"biphone","G-R","type",0
"CMU",2,1000,"biphone","HH-R","type",0
"CMU",2,1000,"biphone","JH-R","type",0
"CMU",2,1000,"biphone","K-R","type",0
"CMU",2,1000,"biphone","L-R","type",0
"CMU",2,1000,"biphone","M-R","type",0
"CMU",2,1000,"biphone","N-R","type",0
"CMU",2,1000,"biphone","NG-R","type",0
"CMU",2,1000,"biphone","P-R","type",0
"CMU",2,1000,"biphone","R-R","type",0
"CMU",2,1000,"biphone","S-R","type",0
"CMU",2,1000,"biphone","SH-R","type",0
"CMU",2,1000,"biphone","T-R","type",0
"CMU",2,1000,"biphone","TH-R","type",0
"CMU",2,1000,"biphone","V-R","type",0
"CMU",2,1000,"biphone","W-R","type",0
"CMU",2,1000,"biphone","Y-R","type",0
"CMU",2,1000,"biphone","Z-R","type",0
"CMU",2,1000,"biphone","ZH-R","type",0
"CMU",2,1000,"biphone","Q-R","type",0
"CMU",2,1000,"biphone","AA-S","type",2
"CMU",2,1000,"biphone","AE-S","type",1
"CMU",2,1000,"biphone","AH-S","type",1
"CMU",2,1000,"biphone","AO-S","type",1
"CMU",2,1000,"biphone","AW-S","type",0
"CMU",2,1000,"biphone","AY-S","type",1
"CMU",2,1000,"biphone","EH-S","type",6
"CMU",2,1000,"biphone","ER-S","type",0
"CMU",2,1000,"biphone","EY-S","type",1
"CMU",2,1000,"biphone","IH-S","type",0
"CMU",2,1000,"biphone","IY-S","type",0
"CMU",2,1000,"biphone","OW-S","type",0
"CMU",2,1000,"biphone","OY-S","type",0
"CMU",2,1000,"biphone","UH-S","type",0
"CMU",2,1000,"biphone","UW-S","type",0
"CMU",2,1000,"biphone","AX-S","type",0
"CMU",2,1000,"biphone","AXR-S","type",0
"CMU",2,1000,"biphone","IX-S","type",0
"CMU",2,1000,"biphone","UX-S","type",0
"CMU",2,1000,"biphone","B-S","type",0
"CMU",2,1000,"biphone","CH-S","type",0
"CMU",2,1000,"biphone","D-S","type",0
"CMU",2,1000,"biphone","DH-S","type",0
"CMU",2,1000,"biphone","F-S","type",0
"CMU",2,1000,"biphone","G-S","type",0
"CMU",2,1000,"biphone","HH-S","type",0
"CMU",2,1000,"biphone","JH-S","type",0
"CMU",2,1000,"biphone","K-S","type",0
"CMU",2,1000,"biphone","L-S","type",0
"CMU",2,1000,"biphone","M-S","type",0
"CMU",2,1000,"biphone","N-S","type",0
"CMU",2,1000,"biphone","NG-S","type",0
"CMU",2,1000,"biphone","P-S","type",0
"CMU",2,1000,"biphone","R-S","type",0
"CMU",2,1000,"biphone","S-S","type",0
"CMU",2,1000,"biphone","SH-S","type",0
"CMU",2,1000,"biphone","T-S","type",0
"CMU",2,1000,"biphone","TH-S","type",0
"CMU",2,1000,"biphone","V-S","type",0
"CMU",2,1000,"biphone","W-S","type",0
"CMU",2,1000,"biphone","Y-S","type",0
"CMU",2,1000,"biphone","Z-S","type",0
"CMU",2,1000,"biphone","ZH-S","type",0
"CMU",2,1000,"biphone","Q-S","type",0
"CMU",2,1000,"biphone","AA-SH","type",1
"CMU",2,1000,"biphone","AE-SH","type",4
"CMU",2,1000,"biphone","AH-SH","type",0
"CMU",2,1000,"biphone","AO-SH","type",0
"CMU",2,1000,"biphone","AW-SH","type",0
"CMU",2,1000,"biphone","AY-SH","type",0
"CMU",2,1000,"biphone","EH-SH","type",3
"CMU",2,1000,"biphone","ER-SH","type",0
"CMU",2,1000,"biphone","EY-SH","type",0
"CMU",2,1000,"biphone","IH-SH","type",2
"CMU",2,1000,"biphone","IY-SH","type",1
"CMU",2,1000,"biphone","OW-SH","type",1
"CMU",2,1000,"biphone","OY-SH","type",0
"CMU",2,1000,"biphone","UH-SH","type",0
"CMU",2,1000,"biphone","UW-SH","type",0
"CMU",2,1000,"biphone","AX-SH","type",0
"CMU",2,1000,"biphone","AXR-SH","type",0
"CMU",2,1000,"biphone","IX-SH","type",0
"CMU",2,1000,"biphone","UX-SH","type",0
"CMU",2,1000,"biphone","B-SH","type",0
"CMU",2,1000,"biphone","CH-SH","type",0
"CMU",2,1000,"biphone","D-SH","type",0
"CMU",2,1000,"biphone","DH-SH","type",0
"CMU",2,1000,"biphone","F-SH","type",0
"CMU",2,1000,"biphone","G-SH","type",0
"CMU",2,1000,"biphone","HH-SH","type",0
"CMU",2,1000,"biphone","JH-SH","type",0
"CMU",2,1000,"biphone","K-SH","type",0
"CMU",2,1000,"biphone","L-SH","type",0
"CMU",2,1000,"biphone","M-SH","type",0
"CMU",2,1000,"biphone","N-SH","type",0
"CMU",2,1000,"biphone","NG-SH","type",0
"CMU",2,1000,"biphone","P-SH","type",0
"CMU",2,1000,"biphone","R-SH","type",0
"CMU",2,1000,"biphone","S-SH","type",0
"CMU",2,1000,"biphone","SH-SH","type",0
"CMU",2,1000,"biphone","T-SH","type",0
"CMU",2,1000,"biphone","TH-SH","type",0
"CMU",2,1000,"biphone","V-SH","type",0
"CMU",2,1000,"biphone","W-SH","type",0
"CMU",2,1000,"biphone","Y-SH","type",0
"CMU",2,1000,"biphone","Z-SH","type",0
"CMU",2,1000,"biphone","ZH-SH","type",0
"CMU",2,1000,"biphone","Q-SH","type",0
"CMU",2,1000,"biphone","AA-T","type",2
"CMU",2,1000,"biphone","AE-T","type",1
"CMU",2,1000,"biphone","AH-T","type",1
"CMU",2,1000,"biphone","AO-T","type",3
"CMU",2,1000,"biphone","AW-T","type",1
"CMU",2,1000,"biphone","AY-T","type",0
"CMU",2,1000,"biphone","EH-T","type",1
"CMU",2,1000,"biphone","ER-T","type",1
"CMU",2,1000,"biphone","EY-T","type",3
"CMU",2,1000,"biphone","IH-T","type",2
"CMU",2,1000,"biphone","IY-T","type",1
"CMU",2,1000,"biphone","OW-T","type",1
"CMU",2,1000,"biphone","OY-T","type",0
"CMU",2,1000,"biphone","UH-T","type",0
"CMU",2,1000,"biphone","UW-T","type",0
"CMU",2,1000,"biphone","AX-T","type",0
"CMU",2,1000,"biphone","AXR-T","type",0
"CMU",2,1000,"biphone","IX-T","type",0
"CMU",2,1000,"biphone","UX-T","type",0
"CMU",2,1000,"biphone","B-T","type",0
"CMU",2,1000,"biphone","CH-T","type",0
"CMU",2,1000,"biphone","D-T","type",0
"CMU",2,1000,"biphone","DH-T","type",0
"CMU",2,1000,"biphone","F-T","type",0
"CMU",2,1000,"biphone","G-T","type",0
"CMU",2,1000,"biphone","HH-T","type",0
"CMU",2,1000,"biphone","JH-T","type",0
"CMU",2,1000,"biphone","K-T","type",0
"CMU",2,1000,"biphone","L-T","type",0
"CMU",2,1000,"biphone","M-T","type",0
"CMU",2,1000,"biphone","N-T","type",0
"CMU",2,1000,"biphone","NG-T","type",0
"CMU",2,1000,"biphone","P-T","type",0
"CMU",2,1000,"biphone","R-T","type",0
"CMU",2,1000,"biphone","S-T","type",0
"CMU",2,1000,"biphone","SH-T","type",0
"CMU",2,1000,"biphone","T-T","type",0
"CMU",2,1000,"biphone","TH-T","type",0
"CMU",2,1000,"biphone","V-T","type",0
"CMU",2,1000,"biphone","W-T","type",0
"CMU",2,1000,"biphone","Y-T","type",0
"CMU",2,1000,"biphone","Z-T","type",0
"CMU",2,1000,"biphone","ZH-T","type",0
"CMU",2,1000,"biphone","Q-T","type",0
"CMU",2,1000,"biphone","AA-TH","type",0
"CMU",2,1000,"biphone","AE-TH","type",0
"CMU",2,1000,"biphone","AH-TH","type",1
"CMU",2,1000,"biphone","AO-TH","type",1
"CMU",2,1000,"biphone","AW-TH","type",0
"CMU",2,1000,"biphone","AY-TH","type",0
"CMU",2,1000,"biphone","EH-TH","type",0
"CMU",2,1000,"biphone","ER-TH","type",1
"CMU",2,1000,"biphone","EY-TH","type",1
"CMU",2,1000,"biphone","IH-TH","type",0
"CMU",2,1000,"biphone","IY-TH","type",0
"CMU",2,1000,"biphone","OW-TH","type",1
"CMU",2,1000,"biphone","OY-TH","type",0
"CMU",2,1000,"biphone","UH-TH","type",0
"CMU",2,1000,"biphone","UW-TH","type",0
"CMU",2,1000,"biphone","AX-TH","type",0
"CMU",2,1000,"biphone","AXR-TH","type",0
"CMU",2,1000,"biphone","IX-TH","type",0
"CMU",2,1000,"biphone","UX-TH","type",0
"CMU",2,1000,"biphone","B-TH","type",0
"CMU",2,1000,"biphone","CH-TH","type",0
"CMU",2,1000,"biphone","D-TH","type",0
"CMU",2,1000,"biphone","DH-TH","type",0
"CMU",2,1000,"biphone","F-TH","type",0
"CMU",2,1000,"biphone","G-TH","type",0
"CMU",2,1000,"biphone","HH-TH","type",0
"CMU",2,1000,"biphone","JH-TH","type",0
"CMU",2,1000,"biphone","K-TH","type",0
"CMU",2,1000,"biphone","L-TH","type",0
"CMU",2,1000,"biphone","M-TH","type",0
"CMU",2,1000,"biphone","N-TH","type",0
"CMU",2,1000,"biphone","NG-TH","type",0
"CMU",2,1000,"biphone","P-TH","type",0
"CMU",2,1000,"biphone","R-TH","type",0
"CMU",2,1000,"biphone","S-TH","type",0
"CMU",2,1000,"biphone","SH-TH","type",0
"CMU",2,1000,"biphone","T-TH","type",0
"CMU",2,1000,"biphone","TH-TH","type",0
"CMU",2,1000,"biphone","V-TH","type",0
"CMU",2,1000,"biphone","W-TH","type",0
"CMU",2,1000,"biphone","Y-TH","type",0
"CMU",2,1000,"biphone","Z-TH","type",0
"CMU",2,1000,"biphone","ZH-TH","type",0
"CMU",2,1000,"biphone","Q-TH","type",0
"CMU",2,1000,"biphone","AA-V","type",0
"CMU",2,1000,"biphone","AE-V","type",0
"CMU",2,1000,"biphone","AH-V","type",2
"CMU",2,1000,"biphone","AO-V","type",0
"CMU",2,1000,"biphone","AW-V","type",0
"CMU",2,1000,"biphone","AY-V","type",1
"CMU",2,1000,"biphone","EH-V","type",1
"CMU",2,1000,"biphone","ER-V","type",3
"CMU",2,1000,"biphone","EY-V","type",0
"CMU",2,1000,"biphone","IH-V","type",0
"CMU",2,1000,"biphone","IY-V","type",3
"CMU",2,1000,"biphone","OW-V","type",0
"CMU",2,1000,"biphone","OY-V","type",0
"CMU",2,1000,"biphone","UH-V","type",0
"CMU",2,1000,"biphone","UW-V","type",0
"CMU",2,1000,"biphone","AX-V","type",0
"CMU",2,1000,"biphone","AXR-V","type",0
"CMU",2,1000,"biphone","IX-V","type",0
"CMU",2,1000,"biphone","UX-V","type",0
"CMU",2,1000,"biphone","B-V","type",0
"CMU",2,1000,"biphone","CH-V","type",0
"CMU",2,1000,"biphone","D-V","type",0
"CMU",2,1000,"biphone","DH-V","type",0
"CMU",2,1000,"biphone","F-V","type",0
"CMU",2,1000,"biphone","G-V","type",0
"CMU",2,1000,"biphone","HH-V","type",0
"CMU",2,1000,"biphone","JH-V","type",0
"CMU",2,1000,"biphone","K-V","type",0
"CMU",2,1000,"biphone","L-V","type",0
"CMU",2,1000,"biphone","M-V","type",0
"CMU",2,1000,"biphone","N-V","type",0
"CMU",2,1000,"biphone","NG-V","type",0
"CMU",2,1000,"biphone","P-V","type",0
"CMU",2,1000,"biphone","R-V","type",0
"CMU",2,1000,"biphone","S-V","type",0
"CMU",2,1000,"biphone","SH-V","type",0
"CMU",2,1000,"biphone","T-V","type",0
"CMU",2,1000,"biphone","TH-V","type",0
"CMU",2,1000,"biphone","V-V","type",0
"CMU",2,1000,"biphone","W-V","type",0
"CMU",2,1000,"biphone","Y-V","type",0
"CMU",2,1000,"biphone","Z-V","type",0
"CMU",2,1000,"biphone","ZH-V","type",0
"CMU",2,1000,"biphone","Q-V","type",0
"CMU",2,1000,"biphone","AA-W","type",0
"CMU",2,1000,"biphone","AE-W","type",0
"CMU",2,1000,"biphone","AH-W","type",0
"CMU",2,1000,"biphone","AO-W","type",0
"CMU",2,1000,"biphone","AW-W","type",0
"CMU",2,1000,"biphone","AY-W","type",0
"CMU",2,1000,"biphone","EH-W","type",0
"CMU",2,1000,"biphone","ER-W","type",0
"CMU",2,1000,"biphone","EY-W","type",0
"CMU",2,1000,"biphone","IH-W","type",0
"CMU",2,1000,"biphone","IY-W","type",0
"CMU",2,1000,"biphone","OW-W","type",0
"CMU",2,1000,"biphone","OY-W","type",0
"CMU",2,1000,"biphone","UH-W","type",0
"CMU",2,1000,"biphone","UW-W","type",0
"CMU",2,1000,"biphone","AX-W","type",0
"CMU",2,1000,"biphone","AXR-W","type",0
"CMU",2,1000,"biphone","IX-W","type",0
"CMU",2,1000,"biphone","UX-W","type",0
"CMU",2,1000,"biphone","B-W","type",0
"CMU",2,1000,"biphone","CH-W","type",0
"CMU",2,1000,"biphone","D-W","type",0
"CMU",2,1000,"biphone","DH-W","type",0
"CMU",2,1000,"biphone","F-W","type",0
"CMU",2,1000,"biphone","G-W","type",0
"CMU",2,1000,"biphone","HH-W","type",0
"CMU",2,1000,"biphone","JH-W","type",0
"CMU",2,1000,"biphone","K-W","type",0
"CMU",2,1000,"biphone","L-W","type",0
"CMU",2,1000,"biphone","M-W","type",0
"CMU",2,1000,"biphone","N-W","type",0
"CMU",2,1000,"biphone","NG-W","type",0
"CMU",2,1000,"biphone","P-W","type",0
"CMU",2,1000,"biphone","R-W","type",0
"CMU",2,1000,"biphone","S-W","type",0
"CMU",2,1000,"biphone","SH-W","type",0
"CMU",2,1000,"biphone","T-W","type",0
"CMU",2,1000,"biphone","TH-W","type",0
"CMU",2,1000,"biphone","V-W","type",0
"CMU",2,1000,"biphone","W-W","type",0
"CMU",2,1000,"biphone","Y-W","type",0
"CMU",2,1000,"biphone","Z-W","type",0
"CMU",2,1000,"biphone","ZH-W","type",0
"CMU",2,1000,"biphone","Q-W","type",0
"CMU",2,1000,"biphone","AA-Y","type",0
"CMU",2,1000,"biphone","AE-Y","type",0
"CMU",2,1000,"biphone","AH-Y","type",0
"CMU",2,1000,"biphone","AO-Y","type",0
"CMU",2,1000,"biphone","AW-Y","type",0
"CMU",2,1000,"biphone","AY-Y","type",0
"CMU",2,1000,"biphone","EH-Y","type",0
"CMU",2,1000,"biphone","ER-Y","type",0
"CMU",2,1000,"biphone","EY-Y","type",0
"CMU",2,1000,"biphone","IH-Y","type",0
"CMU",2,1000,"biphone","IY-Y","type",0
"CMU",2,1000,"biphone","OW-Y","type",0
"CMU",2,1000,"biphone","OY-Y","type",0
"CMU",2,1000,"biphone","UH-Y","type",0
"CMU",2,1000,"biphone","UW-Y","type",0
"CMU",2,1000,"biphone","AX-Y","type",0
"CMU",2,1000,"biphone","AXR-Y","type",0
"CMU",2,1000,"biphone","IX-Y","type",0
"CMU",2,1000,"biphone","UX-Y","type",0
"CMU",2,1000,"biphone","B-Y","type",0
"CMU",2,1000,"biphone","CH-Y","type",0
"CMU",2,1000,"biphone","D-Y","type",0
"CMU",2,1000,"biphone","DH-Y","type",0
"CMU",2,1000,"biphone","F-Y","type",0
"CMU",2,1000,"biphone","G-Y","type",0
"CMU",2,1000,"biphone","HH-Y","type",0
"CMU",2,1000,"biphone","JH-Y","type",0
"CMU",2,1000,"biphone","K-Y","type",0
"CMU",2,1000,"biphone","L-Y","type",0
"CMU",2,1000,"biphone","M-Y","type",0
"CMU",2,1000,"biphone","N-Y","type",0
"CMU",2,1000,"biphone","NG-Y","type",0
"CMU",2,1000,"biphone","P-Y","type",0
"CMU",2,1000,"biphone","R-Y","type",0
"CMU",2,1000,"biphone","S-Y","type",0
"CMU",2,1000,"biphone","SH-Y","type",0
"CMU",2,1000,"biphone","T-Y","type",0
"CMU",2,1000,"biphone","TH-Y","type",0
"CMU",2,1000,"biphone","V-Y","type",0
"CMU",2,1000,"biphone","W-Y","type",0
"CMU",2,1000,"biphone","Y-Y","type",0
"CMU",2,1000,"biphone","Z-Y","type",0
"CMU",2,1000,"biphone","ZH-Y","type",0
"CMU",2,1000,"biphone","Q-Y","type",0
"CMU",2,1000,"biphone","AA-Z","type",2
"CMU",2,1000,"biphone","AE-Z","type",1
"CMU",2,1000,"biphone","AH-Z","type",0
"CMU",2,1000,"biphone","AO-Z","type",0
"CMU",2,1000,"biphone","AW-Z","type",1
"CMU",2,1000,"biphone","AY-Z","type",10
"CMU",2,1000,"biphone","EH-Z","type",1
"CMU",2,1000,"biphone","ER-Z","type",1
"CMU",2,1000,"biphone","EY-Z","type",3
"CMU",2,1000,"biphone","IH-Z","type",2
"CMU",2,1000,"biphone","IY-Z","type",4
"CMU",2,1000,"biphone","OW-Z","type",10
"CMU",2,1000,"biphone","OY-Z","type",0
"CMU",2,1000,"biphone","UH-Z","type",0
"CMU",2,1000,"biphone","UW-Z","type",3
"CMU",2,1000,"biphone","AX-Z","type",0
"CMU",2,1000,"biphone","AXR-Z","type",0
"CMU",2,1000,"biphone","IX-Z","type",0
"CMU",2,1000,"biphone","UX-Z","type",0
"CMU",2,1000,"biphone","B-Z","type",0
"CMU",2,1000,"biphone","CH-Z","type",0
"CMU",2,1000,"biphone","D-Z","type",0
"CMU",2,1000,"biphone","DH-Z","type",0
"CMU",2,1000,"biphone","F-Z","type",0
"CMU",2,1000,"biphone","G-Z","type",0
"CMU",2,1000,"biphone","HH-Z","type",0
"CMU",2,1000,"biphone","JH-Z","type",0
"CMU",2,1000,"biphone","K-Z","type",0
"CMU",2,1000,"biphone","L-Z","type",0
"CMU",2,1000,"biphone","M-Z","type",0
"CMU",2,1000,"biphone","N-Z","type",0
"CMU",2,1000,"biphone","NG-Z","type",0
"CMU",2,1000,"biphone","P-Z","type",0
"CMU",2,1000,"biphone","R-Z","type",0
"CMU",2,1000,"biphone","S-Z","type",0
"CMU",2,1000,"biphone","SH-Z","type",0
"CMU",2,1000,"biphone","T-Z","type",0
"CMU",2,1000,"biphone","TH-Z","type",0
"CMU",2,1000,"biphone","V-Z","type",0
"CMU",2,1000,"biphone","W-Z","type",0
"CMU",2,1000,"biphone","Y-Z","type",0
"CMU",2,1000,"biphone","Z-Z","type",0
"CMU",2,1000,"biphone","ZH-Z","type",0
"CMU",2,1000,"biphone","Q-Z","type",0
"CMU",2,1000,"biphone","AA-ZH","type",0
"CMU",2,1000,"biphone","AE-ZH","type",0
"CMU",2,1000,"biphone","AH-ZH","type",0
"CMU",2,1000,"biphone","AO-ZH","type",0
"CMU",2,1000,"biphone","AW-ZH","type",0
"CMU",2,1000,"biphone","AY-ZH","type",0
"CMU",2,1000,"biphone","EH-ZH","type",0
"CMU",2,1000,"biphone","ER-ZH","type",0
"CMU",2,1000,"biphone","EY-ZH","type",0
"CMU",2,1000,"biphone","IH-ZH","type",0
"CMU",2,1000,"biphone","IY-ZH","type",0
"CMU",2,1000,"biphone","OW-ZH","type",0
"CMU",2,1000,"biphone","OY-ZH","type",0
"CMU",2,1000,"biphone","UH-ZH","type",0
"CMU",2,1000,"biphone","UW-ZH","type",0
"CMU",2,1000,"biphone","AX-ZH","type",0
"CMU",2,1000,"biphone","AXR-ZH","type",0
"CMU",2,1000,"biphone","IX-ZH","type",0
"CMU",2,1000,"biphone","UX-ZH","type",0
"CMU",2,1000,"biphone","B-ZH","type",0
"CMU",2,1000,"biphone","CH-ZH","type",0
"CMU",2,1000,"biphone","D-ZH","type",0
"CMU",2,1000,"biphone","DH-ZH","type",0
"CMU",2,1000,"biphone","F-ZH","type",0
"CMU",2,1000,"biphone","G-ZH","type",0
"CMU",2,1000,"biphone","HH-ZH","type",0
"CMU",2,1000,"biphone","JH-ZH","type",0
"CMU",2,1000,"biphone","K-ZH","type",0
"CMU",2,1000,"biphone","L-ZH","type",0
"CMU",2,1000,"biphone","M-ZH","type",0
"CMU",2,1000,"biphone","N-ZH","type",0
"CMU",2,1000,"biphone","NG-ZH","type",0
"CMU",2,1000,"biphone","P-ZH","type",0
"CMU",2,1000,"biphone","R-ZH","type",0
"CMU",2,1000,"biphone","S-ZH","type",0
"CMU",2,1000,"biphone","SH-ZH","type",0
"CMU",2,1000,"biphone","T-ZH","type",0
"CMU",2,1000,"biphone","TH-ZH","type",0
"CMU",2,1000,"biphone","V-ZH","type",0
"CMU",2,1000,"biphone","W-ZH","type",0
"CMU",2,1000,"biphone","Y-ZH","type",0
"CMU",2,1000,"biphone","Z-ZH","type",0
"CMU",2,1000,"biphone","ZH-ZH","type",0
"CMU",2,1000,"biphone","Q-ZH","type",0
"CMU",2,1000,"biphone","AA-Q","type",0
"CMU",2,1000,"biphone","AE-Q","type",0
"CMU",2,1000,"biphone","AH-Q","type",0
"CMU",2,1000,"biphone","AO-Q","type",0
"CMU",2,1000,"biphone","AW-Q","type",0
"CMU",2,1000,"biphone","AY-Q","type",0
"CMU",2,1000,"biphone","EH-Q","type",0
"CMU",2,1000,"biphone","ER-Q","type",0
"CMU",2,1000,"biphone","EY-Q","type",0
"CMU",2,1000,"biphone","IH-Q","type",0
"CMU",2,1000,"biphone","IY-Q","type",0
"CMU",2,1000,"biphone","OW-Q","type",0
"CMU",2,1000,"biphone","OY-Q","type",0
"CMU",2,1000,"biphone","UH-Q","type",0
"CMU",2,1000,"biphone","UW-Q","type",0
"CMU",2,1000,"biphone","AX-Q","type",0
"CMU",2,1000,"biphone","AXR-Q","type",0
"CMU",2,1000,"biphone","IX-Q","type",0
"CMU",2,1000,"biphone","UX-Q","type",0
"CMU",2,1000,"biphone","B-Q","type",0
"CMU",2,1000,"biphone","CH-Q","type",0
"CMU",2,1000,"biphone","D-Q","type",0
"CMU",2,1000,"biphone","DH-Q","type",0
"CMU",2,1000,"biphone","F-Q","type",0
"CMU",2,1000,"biphone","G-Q","type",0
"CMU",2,1000,"biphone","HH-Q","type",0
"CMU",2,1000,"biphone","JH-Q","type",0
"CMU",2,1000,"biphone","K-Q","type",0
"CMU",2,1000,"biphone","L-Q","type",0
"CMU",2,1000,"biphone","M-Q","type",0
"CMU",2,1000,"biphone","N-Q","type",0
"CMU",2,1000,"biphone","NG-Q","type",0
"CMU",2,1000,"biphone","P-Q","type",0
"CMU",2,1000,"biphone","R-Q","type",0
"CMU",2,1000,"biphone","S-Q","type",0
"CMU",2,1000,"biphone","SH-Q","type",0
"CMU",2,1000,"biphone","T-Q","type",0
"CMU",2,1000,"biphone","TH-Q","type",0
"CMU",2,1000,"biphone","V-Q","type",0
"CMU",2,1000,"biphone","W-Q","type",0
"CMU",2,1000,"biphone","Y-Q","type",0
"CMU",2,1000,"biphone","Z-Q","type",0
"CMU",2,1000,"biphone","ZH-Q","type",0
"CMU",2,1000,"biphone","Q-Q","type",0
"CMU",3,6841,"biphone","AA-AA","type",0
"CMU",3,6841,"biphone","AE-AA","type",0
"CMU",3,6841,"biphone","AH-AA","type",0
"CMU",3,6841,"biphone","AO-AA","type",0
"CMU",3,6841,"biphone","AW-AA","type",0
"CMU",3,6841,"biphone","AY-AA","type",2
"CMU",3,6841,"biphone","EH-AA","type",0
"CMU",3,6841,"biphone","ER-AA","type",1
"CMU",3,6841,"biphone","EY-AA","type",1
"CMU",3,6841,"biphone","IH-AA","type",0
"CMU",3,6841,"biphone","IY-AA","type",2
"CMU",3,6841,"biphone","OW-AA","type",1
"CMU",3,6841,"biphone","OY-AA","type",0
"CMU",3,6841,"biphone","UH-AA","type",0
"CMU",3,6841,"biphone","UW-AA","type",1
"CMU",3,6841,"biphone","AX-AA","type",0
"CMU",3,6841,"biphone","AXR-AA","type",0
"CMU",3,6841,"biphone","IX-AA","type",0
"CMU",3,6841,"biphone","UX-AA","type",0
"CMU",3,6841,"biphone","B-AA","type",44
"CMU",3,6841,"biphone","CH-AA","type",10
"CMU",3,6841,"biphone","D-AA","type",30
"CMU",3,6841,"biphone","DH-AA","type",1
"CMU",3,6841,"biphone","F-AA","type",17
"CMU",3,6841,"biphone","G-AA","type",22
"CMU",3,6841,"biphone","HH-AA","type",47
"CMU",3,6841,"biphone","JH-AA","type",14
"CMU",3,6841,"biphone","K-AA","type",55
"CMU",3,6841,"biphone","L-AA","type",33
"CMU",3,6841,"biphone","M-AA","type",34
"CMU",3,6841,"biphone","N-AA","type",27
"CMU",3,6841,"biphone","NG-AA","type",0
"CMU",3,6841,"biphone","P-AA","type",29
"CMU",3,6841,"biphone","R-AA","type",41
"CMU",3,6841,"biphone","S-AA","type",22
"CMU",3,6841,"biphone","SH-AA","type",33
"CMU",3,6841,"biphone","T-AA","type",19
"CMU",3,6841,"biphone","TH-AA","type",3
"CMU",3,6841,"biphone","V-AA","type",10
"CMU",3,6841,"biphone","W-AA","type",32
"CMU",3,6841,"biphone","Y-AA","type",9
"CMU",3,6841,"biphone","Z-AA","type",9
"CMU",3,6841,"biphone","ZH-AA","type",2
"CMU",3,6841,"biphone","Q-AA","type",0
"CMU",3,6841,"biphone","AA-AE","type",0
"CMU",3,6841,"biphone","AE-AE","type",0
"CMU",3,6841,"biphone","AH-AE","type",0
"CMU",3,6841,"biphone","AO-AE","type",0
"CMU",3,6841,"biphone","AW-AE","type",0
"CMU",3,6841,"biphone","AY-AE","type",1
"CMU",3,6841,"biphone","EH-AE","type",0
"CMU",3,6841,"biphone","ER-AE","type",0
"CMU",3,6841,"biphone","EY-AE","type",0
"CMU",3,6841,"biphone","IH-AE","type",0
"CMU",3,6841,"biphone","IY-AE","type",0
"CMU",3,6841,"biphone","OW-AE","type",0
"CMU",3,6841,"biphone","OY-AE","type",0
"CMU",3,6841,"biphone","UH-AE","type",0
"CMU",3,6841,"biphone","UW-AE","type",0
"CMU",3,6841,"biphone","AX-AE","type",0
"CMU",3,6841,"biphone","AXR-AE","type",0
"CMU",3,6841,"biphone","IX-AE","type",0
"CMU",3,6841,"biphone","UX-AE","type",0
"CMU",3,6841,"biphone","B-AE","type",31
"CMU",3,6841,"biphone","CH-AE","type",14
"CMU",3,6841,"biphone","D-AE","type",23
"CMU",3,6841,"biphone","DH-AE","type",2
"CMU",3,6841,"biphone","F-AE","type",16
"CMU",3,6841,"biphone","G-AE","type",26
"CMU",3,6841,"biphone","HH-AE","type",37
"CMU",3,6841,"biphone","JH-AE","type",17
"CMU",3,6841,"biphone","K-AE","type",39
"CMU",3,6841,"biphone","L-AE","type",34
"CMU",3,6841,"biphone","M-AE","type",32
"CMU",3,6841,"biphone","N-AE","type",26
"CMU",3,6841,"biphone","NG-AE","type",0
"CMU",3,6841,"biphone","P-AE","type",19
"CMU",3,6841,"biphone","R-AE","type",35
"CMU",3,6841,"biphone","S-AE","type",20
"CMU",3,6841,"biphone","SH-AE","type",19
"CMU",3,6841,"biphone","T-AE","type",29
"CMU",3,6841,"biphone","TH-AE","type",7
"CMU",3,6841,"biphone","V-AE","type",8
"CMU",3,6841,"biphone","W-AE","type",8
"CMU",3,6841,"biphone","Y-AE","type",10
"CMU",3,6841,"biphone","Z-AE","type",11
"CMU",3,6841,"biphone","ZH-AE","type",1
"CMU",3,6841,"biphone","Q-AE","type",0
"CMU",3,6841,"biphone","AA-AH","type",0
"CMU",3,6841,"biphone","AE-AH","type",0
"CMU",3,6841,"biphone","AH-AH","type",0
"CMU",3,6841,"biphone","AO-AH","type",0
"CMU",3,6841,"biphone","AW-AH","type",5
"CMU",3,6841,"biphone","AY-AH","type",11
"CMU",3,6841,"biphone","EH-AH","type",0
"CMU",3,6841,"biphone","ER-AH","type",3
"CMU",3,6841,"biphone","EY-AH","type",5
"CMU",3,6841,"biphone","IH-AH","type",0
"CMU",3,6841,"biphone","IY-AH","type",23
"CMU",3,6841,"biphone","OW-AH","type",10
"CMU",3,6841,"biphone","OY-AH","type",5
"CMU",3,6841,"biphone","UH-AH","type",0
"CMU",3,6841,"biphone","UW-AH","type",7
"CMU",3,6841,"biphone","AX-AH","type",0
"CMU",3,6841,"biphone","AXR-AH","type",0
"CMU",3,6841,"biphone","IX-AH","type",0
"CMU",3,6841,"biphone","UX-AH","type",0
"CMU",3,6841,"biphone","B-AH","type",35
"CMU",3,6841,"biphone","CH-AH","type",9
"CMU",3,6841,"biphone","D-AH","type",35
"CMU",3,6841,"biphone","DH-AH","type",5
"CMU",3,6841,"biphone","F-AH","type",10
"CMU",3,6841,"biphone","G-AH","type",18
"CMU",3,6841,"biphone","HH-AH","type",27
"CMU",3,6841,"biphone","JH-AH","type",9
"CMU",3,6841,"biphone","K-AH","type",36
"CMU",3,6841,"biphone","L-AH","type",28
"CMU",3,6841,"biphone","M-AH","type",26
"CMU",3,6841,"biphone","N-AH","type",22
"CMU",3,6841,"biphone","NG-AH","type",0
"CMU",3,6841,"biphone","P-AH","type",12
"CMU",3,6841,"biphone","R-AH","type",36
"CMU",3,6841,"biphone","S-AH","type",25
"CMU",3,6841,"biphone","SH-AH","type",23
"CMU",3,6841,"biphone","T-AH","type",24
"CMU",3,6841,"biphone","TH-AH","type",10
"CMU",3,6841,"biphone","V-AH","type",5
"CMU",3,6841,"biphone","W-AH","type",7
"CMU",3,6841,"biphone","Y-AH","type",10
"CMU",3,6841,"biphone","Z-AH","type",5
"CMU",3,6841,"biphone","ZH-AH","type",1
"CMU",3,6841,"biphone","Q-AH","type",0
"CMU",3,6841,"biphone","AA-AO","type",0
"CMU",3,6841,"biphone","AE-AO","type",0
"CMU",3,6841,"biphone","AH-AO","type",0
"CMU",3,6841,"biphone","AO-AO","type",0
"CMU",3,6841,"biphone","AW-AO","type",0
"CMU",3,6841,"biphone","AY-AO","type",0
"CMU",3,6841,"biphone","EH-AO","type",0
"CMU",3,6841,"biphone","ER-AO","type",0
"CMU",3,6841,"biphone","EY-AO","type",3
"CMU",3,6841,"biphone","IH-AO","type",0
"CMU",3,6841,"biphone","IY-AO","type",1
"CMU",3,6841,"biphone","OW-AO","type",0
"CMU",3,6841,"biphone","OY-AO","type",0
"CMU",3,6841,"biphone","UH-AO","type",0
"CMU",3,6841,"biphone","UW-AO","type",0
"CMU",3,6841,"biphone","AX-AO","type",0
"CMU",3,6841,"biphone","AXR-AO","type",0
"CMU",3,6841,"biphone","IX-AO","type",0
"CMU",3,6841,"biphone","UX-AO","type",0
"CMU",3,6841,"biphone","B-AO","type",26
"CMU",3,6841,"biphone","CH-AO","type",3
"CMU",3,6841,"biphone","D-AO","type",24
"CMU",3,6841,"biphone","DH-AO","type",0
"CMU",3,6841,"biphone","F-AO","type",23
"CMU",3,6841,"biphone","G-AO","type",20
"CMU",3,6841,"biphone","HH-AO","type",30
"CMU",3,6841,"biphone","JH-AO","type",5
"CMU",3,6841,"biphone","K-AO","type",33
"CMU",3,6841,"biphone","L-AO","type",35
"CMU",3,6841,"biphone","M-AO","type",30
"CMU",3,6841,"biphone","N-AO","type",18
"CMU",3,6841,"biphone","NG-AO","type",0
"CMU",3,6841,"biphone","P-AO","type",21
"CMU",3,6841,"biphone","R-AO","type",29
"CMU",3,6841,"biphone","S-AO","type",22
"CMU",3,6841,"biphone","SH-AO","type",18
"CMU",3,6841,"biphone","T-AO","type",17
"CMU",3,6841,"biphone","TH-AO","type",6
"CMU",3,6841,"biphone","V-AO","type",10
"CMU",3,6841,"biphone","W-AO","type",17
"CMU",3,6841,"biphone","Y-AO","type",8
"CMU",3,6841,"biphone","Z-AO","type",4
"CMU",3,6841,"biphone","ZH-AO","type",1
"CMU",3,6841,"biphone","Q-AO","type",0
"CMU",3,6841,"biphone","AA-AW","type",0
"CMU",3,6841,"biphone","AE-AW","type",0
"CMU",3,6841,"biphone","AH-AW","type",0
"CMU",3,6841,"biphone","AO-AW","type",0
"CMU",3,6841,"biphone","AW-AW","type",0
"CMU",3,6841,"biphone","AY-AW","type",0
"CMU",3,6841,"biphone","EH-AW","type",0
"CMU",3,6841,"biphone","ER-AW","type",2
"CMU",3,6841,"biphone","EY-AW","type",1
"CMU",3,6841,"biphone","IH-AW","type",0
"CMU",3,6841,"biphone","IY-AW","type",5
"CMU",3,6841,"biphone","OW-AW","type",0
"CMU",3,6841,"biphone","OY-AW","type",0
"CMU",3,6841,"biphone","UH-AW","type",0
"CMU",3,6841,"biphone","UW-AW","type",1
"CMU",3,6841,"biphone","AX-AW","type",0
"CMU",3,6841,"biphone","AXR-AW","type",0
"CMU",3,6841,"biphone","IX-AW","type",0
"CMU",3,6841,"biphone","UX-AW","type",0
"CMU",3,6841,"biphone","B-AW","type",16
"CMU",3,6841,"biphone","CH-AW","type",3
"CMU",3,6841,"biphone","D-AW","type",18
"CMU",3,6841,"biphone","DH-AW","type",1
"CMU",3,6841,"biphone","F-AW","type",7
"CMU",3,6841,"biphone","G-AW","type",7
"CMU",3,6841,"biphone","HH-AW","type",28
"CMU",3,6841,"biphone","JH-AW","type",1
"CMU",3,6841,"biphone","K-AW","type",14
"CMU",3,6841,"biphone","L-AW","type",19
"CMU",3,6841,"biphone","M-AW","type",10
"CMU",3,6841,"biphone","N-AW","type",6
"CMU",3,6841,"biphone","NG-AW","type",0
"CMU",3,6841,"biphone","P-AW","type",5
"CMU",3,6841,"biphone","R-AW","type",24
"CMU",3,6841,"biphone","S-AW","type",7
"CMU",3,6841,"biphone","SH-AW","type",5
"CMU",3,6841,"biphone","T-AW","type",11
"CMU",3,6841,"biphone","TH-AW","type",1
"CMU",3,6841,"biphone","V-AW","type",4
"CMU",3,6841,"biphone","W-AW","type",4
"CMU",3,6841,"biphone","Y-AW","type",1
"CMU",3,6841,"biphone","Z-AW","type",0
"CMU",3,6841,"biphone","ZH-AW","type",0
"CMU",3,6841,"biphone","Q-AW","type",0
"CMU",3,6841,"biphone","AA-AY","type",1
"CMU",3,6841,"biphone","AE-AY","type",0
"CMU",3,6841,"biphone","AH-AY","type",0
"CMU",3,6841,"biphone","AO-AY","type",0
"CMU",3,6841,"biphone","AW-AY","type",1
"CMU",3,6841,"biphone","AY-AY","type",0
"CMU",3,6841,"biphone","EH-AY","type",0
"CMU",3,6841,"biphone","ER-AY","type",3
"CMU",3,6841,"biphone","EY-AY","type",0
"CMU",3,6841,"biphone","IH-AY","type",0
"CMU",3,6841,"biphone","IY-AY","type",0
"CMU",3,6841,"biphone","OW-AY","type",0
"CMU",3,6841,"biphone","OY-AY","type",0
"CMU",3,6841,"biphone","UH-AY","type",0
"CMU",3,6841,"biphone","UW-AY","type",0
"CMU",3,6841,"biphone","AX-AY","type",0
"CMU",3,6841,"biphone","AXR-AY","type",0
"CMU",3,6841,"biphone","IX-AY","type",0
"CMU",3,6841,"biphone","UX-AY","type",0
"CMU",3,6841,"biphone","B-AY","type",23
"CMU",3,6841,"biphone","CH-AY","type",4
"CMU",3,6841,"biphone","D-AY","type",28
"CMU",3,6841,"biphone","DH-AY","type",2
"CMU",3,6841,"biphone","F-AY","type",21
"CMU",3,6841,"biphone","G-AY","type",23
"CMU",3,6841,"biphone","HH-AY","type",39
"CMU",3,6841,"biphone","JH-AY","type",7
"CMU",3,6841,"biphone","K-AY","type",16
"CMU",3,6841,"biphone","L-AY","type",39
"CMU",3,6841,"biphone","M-AY","type",24
"CMU",3,6841,"biphone","N-AY","type",14
"CMU",3,6841,"biphone","NG-AY","type",0
"CMU",3,6841,"biphone","P-AY","type",12
"CMU",3,6841,"biphone","R-AY","type",44
"CMU",3,6841,"biphone","S-AY","type",30
"CMU",3,6841,"biphone","SH-AY","type",17
"CMU",3,6841,"biphone","T-AY","type",24
"CMU",3,6841,"biphone","TH-AY","type",6
"CMU",3,6841,"biphone","V-AY","type",14
"CMU",3,6841,"biphone","W-AY","type",39
"CMU",3,6841,"biphone","Y-AY","type",0
"CMU",3,6841,"biphone","Z-AY","type",6
"CMU",3,6841,"biphone","ZH-AY","type",0
"CMU",3,6841,"biphone","Q-AY","type",0
"CMU",3,6841,"biphone","AA-EH","type",0
"CMU",3,6841,"biphone","AE-EH","type",0
"CMU",3,6841,"biphone","AH-EH","type",0
"CMU",3,6841,"biphone","AO-EH","type",0
"CMU",3,6841,"biphone","AW-EH","type",0
"CMU",3,6841,"biphone","AY-EH","type",0
"CMU",3,6841,"biphone","EH-EH","type",0
"CMU",3,6841,"biphone","ER-EH","type",1
"CMU",3,6841,"biphone","EY-EH","type",1
"CMU",3,6841,"biphone","IH-EH","type",0
"CMU",3,6841,"biphone","IY-EH","type",1
"CMU",3,6841,"biphone","OW-EH","type",0
"CMU",3,6841,"biphone","OY-EH","type",0
"CMU",3,6841,"biphone","UH-EH","type",0
"CMU",3,6841,"biphone","UW-EH","type",0
"CMU",3,6841,"biphone","AX-EH","type",0
"CMU",3,6841,"biphone","AXR-EH","type",0
"CMU",3,6841,"biphone","IX-EH","type",0
"CMU",3,6841,"biphone","UX-EH","type",0
"CMU",3,6841,"biphone","B-EH","type",33
"CMU",3,6841,"biphone","CH-EH","type",13
"CMU",3,6841,"biphone","D-EH","type",28
"CMU",3,6841,"biphone","DH-EH","type",6
"CMU",3,6841,"biphone","F-EH","type",24
"CMU",3,6841,"biphone","G-EH","type",12
"CMU",3,6841,"biphone","HH-EH","type",32
"CMU",3,6841,"biphone","JH-EH","type",27
"CMU",3,6841,"biphone","K-EH","type",21
"CMU",3,6841,"biphone","L-EH","type",32
"CMU",3,6841,"biphone","M-EH","type",25
"CMU",3,6841,"biphone","N-EH","type",22
"CMU",3,6841,"biphone","NG-EH","type",0
"CMU",3,6841,"biphone","P-EH","type",24
"CMU",3,6841,"biphone","R-EH","type",36
"CMU",3,6841,"biphone","S-EH","type",29
"CMU",3,6841,"biphone","SH-EH","type",22
"CMU",3,6841,"biphone","T-EH","type",20
"CMU",3,6841,"biphone","TH-EH","type",0
"CMU",3,6841,"biphone","V-EH","type",7
"CMU",3,6841,"biphone","W-EH","type",26
"CMU",3,6841,"biphone","Y-EH","type",9
"CMU",3,6841,"biphone","Z-EH","type",13
"CMU",3,6841,"biphone","ZH-EH","type",0
"CMU",3,6841,"biphone","Q-EH","type",0
"CMU",3,6841,"biphone","AA-ER","type",2
"CMU",3,6841,"biphone","AE-ER","type",0
"CMU",3,6841,"biphone","AH-ER","type",0
"CMU",3,6841,"biphone","AO-ER","type",3
"CMU",3,6841,"biphone","AW-ER","type",28
"CMU",3,6841,"biphone","AY-ER","type",41
"CMU",3,6841,"biphone","EH-ER","type",0
"CMU",3,6841,"biphone","ER-ER","type",5
"CMU",3,6841,"biphone","EY-ER","type",31
"CMU",3,6841,"biphone","IH-ER","type",0
"CMU",3,6841,"biphone","IY-ER","type",6
"CMU",3,6841,"biphone","OW-ER","type",10
"CMU",3,6841,"biphone","OY-ER","type",15
"CMU",3,6841,"biphone","UH-ER","type",0
"CMU",3,6841,"biphone","UW-ER","type",12
"CMU",3,6841,"biphone","AX-ER","type",0
"CMU",3,6841,"biphone","AXR-ER","type",0
"CMU",3,6841,"biphone","IX-ER","type",0
"CMU",3,6841,"biphone","UX-ER","type",0
"CMU",3,6841,"biphone","B-ER","type",64
"CMU",3,6841,"biphone","CH-ER","type",7
"CMU",3,6841,"biphone","D-ER","type",19
"CMU",3,6841,"biphone","DH-ER","type",4
"CMU",3,6841,"biphone","F-ER","type",21
"CMU",3,6841,"biphone","G-ER","type",23
"CMU",3,6841,"biphone","HH-ER","type",37
"CMU",3,6841,"biphone","JH-ER","type",10
"CMU",3,6841,"biphone","K-ER","type",48
"CMU",3,6841,"biphone","L-ER","type",39
"CMU",3,6841,"biphone","M-ER","type",37
"CMU",3,6841,"biphone","N-ER","type",16
"CMU",3,6841,"biphone","NG-ER","type",1
"CMU",3,6841,"biphone","P-ER","type",28
"CMU",3,6841,"biphone","R-ER","type",3
"CMU",3,6841,"biphone","S-ER","type",23
"CMU",3,6841,"biphone","SH-ER","type",17
"CMU",3,6841,"biphone","T-ER","type",14
"CMU",3,6841,"biphone","TH-ER","type",11
"CMU",3,6841,"biphone","V-ER","type",15
"CMU",3,6841,"biphone","W-ER","type",22
"CMU",3,6841,"biphone","Y-ER","type",7
"CMU",3,6841,"biphone","Z-ER","type",6
"CMU",3,6841,"biphone","ZH-ER","type",3
"CMU",3,6841,"biphone","Q-ER","type",0
"CMU",3,6841,"biphone","AA-EY","type",0
"CMU",3,6841,"biphone","AE-EY","type",0
"CMU",3,6841,"biphone","AH-EY","type",0
"CMU",3,6841,"biphone","AO-EY","type",0
"CMU",3,6841,"biphone","AW-EY","type",0
"CMU",3,6841,"biphone","AY-EY","type",1
"CMU",3,6841,"biphone","EH-EY","type",0
"CMU",3,6841,"biphone","ER-EY","type",7
"CMU",3,6841,"biphone","EY-EY","type",0
"CMU",3,6841,"biphone","IH-EY","type",0
"CMU",3,6841,"biphone","IY-EY","type",6
"CMU",3,6841,"biphone","OW-EY","type",0
"CMU",3,6841,"biphone","OY-EY","type",0
"CMU",3,6841,"biphone","UH-EY","type",0
"CMU",3,6841,"biphone","UW-EY","type",0
"CMU",3,6841,"biphone","AX-EY","type",0
"CMU",3,6841,"biphone","AXR-EY","type",0
"CMU",3,6841,"biphone","IX-EY","type",0
"CMU",3,6841,"biphone","UX-EY","type",0
"CMU",3,6841,"biphone","B-EY","type",43
"CMU",3,6841,"biphone","CH-EY","type",8
"CMU",3,6841,"biphone","D-EY","type",29
"CMU",3,6841,"biphone","DH-EY","type",2
"CMU",3,6841,"biphone","F-EY","type",25
"CMU",3,6841,"biphone","G-EY","type",23
"CMU",3,6841,"biphone","HH-EY","type",34
"CMU",3,6841,"biphone","JH-EY","type",13
"CMU",3,6841,"biphone","K-EY","type",44
"CMU",3,6841,"biphone","L-EY","type",44
"CMU",3,6841,"biphone","M-EY","type",46
"CMU",3,6841,"biphone","N-EY","type",18
"CMU",3,6841,"biphone","NG-EY","type",0
"CMU",3,6841,"biphone","P-EY","type",27
"CMU",3,6841,"biphone","R-EY","type",61
"CMU",3,6841,"biphone","S-EY","type",27
"CMU",3,6841,"biphone","SH-EY","type",21
"CMU",3,6841,"biphone","T-EY","type",14
"CMU",3,6841,"biphone","TH-EY","type",5
"CMU",3,6841,"biphone","V-EY","type",13
"CMU",3,6841,"biphone","W-EY","type",36
"CMU",3,6841,"biphone","Y-EY","type",3
"CMU",3,6841,"biphone","Z-EY","type",6
"CMU",3,6841,"biphone","ZH-EY","type",1
"CMU",3,6841,"biphone","Q-EY","type",0
"CMU",3,6841,"biphone","AA-IH","type",0
"CMU",3,6841,"biphone","AE-IH","type",0
"CMU",3,6841,"biphone","AH-IH","type",0
"CMU",3,6841,"biphone","AO-IH","type",0
"CMU",3,6841,"biphone","AW-IH","type",0
"CMU",3,6841,"biphone","AY-IH","type",1
"CMU",3,6841,"biphone","EH-IH","type",0
"CMU",3,6841,"biphone","ER-IH","type",1
"CMU",3,6841,"biphone","EY-IH","type",0
"CMU",3,6841,"biphone","IH-IH","type",0
"CMU",3,6841,"biphone","IY-IH","type",0
"CMU",3,6841,"biphone","OW-IH","type",1
"CMU",3,6841,"biphone","OY-IH","type",1
"CMU",3,6841,"biphone","UH-IH","type",0
"CMU",3,6841,"biphone","UW-IH","type",4
"CMU",3,6841,"biphone","AX-IH","type",0
"CMU",3,6841,"biphone","AXR-IH","type",0
"CMU",3,6841,"biphone","IX-IH","type",0
"CMU",3,6841,"biphone","UX-IH","type",0
"CMU",3,6841,"biphone","B-IH","type",30
"CMU",3,6841,"biphone","CH-IH","type",10
"CMU",3,6841,"biphone","D-IH","type",27
"CMU",3,6841,"biphone","DH-IH","type",3
"CMU",3,6841,"biphone","F-IH","type",24
"CMU",3,6841,"biphone","G-IH","type",15
"CMU",3,6841,"biphone","HH-IH","type",17
"CMU",3,6841,"biphone","JH-IH","type",21
"CMU",3,6841,"biphone","K-IH","type",32
"CMU",3,6841,"biphone","L-IH","type",32
"CMU",3,6841,"biphone","M-IH","type",33
"CMU",3,6841,"biphone","N-IH","type",28
"CMU",3,6841,"biphone","NG-IH","type",0
"CMU",3,6841,"biphone","P-IH","type",25
"CMU",3,6841,"biphone","R-IH","type",35
"CMU",3,6841,"biphone","S-IH","type",29
"CMU",3,6841,"biphone","SH-IH","type",20
"CMU",3,6841,"biphone","T-IH","type",22
"CMU",3,6841,"biphone","TH-IH","type",4
"CMU",3,6841,"biphone","V-IH","type",13
"CMU",3,6841,"biphone","W-IH","type",44
"CMU",3,6841,"biphone","Y-IH","type",5
"CMU",3,6841,"biphone","Z-IH","type",14
"CMU",3,6841,"biphone","ZH-IH","type",0
"CMU",3,6841,"biphone","Q-IH","type",0
"CMU",3,6841,"biphone","AA-IY","type",3
"CMU",3,6841,"biphone","AE-IY","type",0
"CMU",3,6841,"biphone","AH-IY","type",0
"CMU",3,6841,"biphone","AO-IY","type",2
"CMU",3,6841,"biphone","AW-IY","type",8
"CMU",3,6841,"biphone","AY-IY","type",1
"CMU",3,6841,"biphone","EH-IY","type",0
"CMU",3,6841,"biphone","ER-IY","type",30
"CMU",3,6841,"biphone","EY-IY","type",2
"CMU",3,6841,"biphone","IH-IY","type",0
"CMU",3,6841,"biphone","IY-IY","type",3
"CMU",3,6841,"biphone","OW-IY","type",12
"CMU",3,6841,"biphone","OY-IY","type",0
"CMU",3,6841,"biphone","UH-IY","type",0
"CMU",3,6841,"biphone","UW-IY","type",36
"CMU",3,6841,"biphone","AX-IY","type",0
"CMU",3,6841,"biphone","AXR-IY","type",0
"CMU",3,6841,"biphone","IX-IY","type",0
"CMU",3,6841,"biphone","UX-IY","type",0
"CMU",3,6841,"biphone","B-IY","type",56
"CMU",3,6841,"biphone","CH-IY","type",13
"CMU",3,6841,"biphone","D-IY","type",61
"CMU",3,6841,"biphone","DH-IY","type",2
"CMU",3,6841,"biphone","F-IY","type",19
"CMU",3,6841,"biphone","G-IY","type",13
"CMU",3,6841,"biphone","HH-IY","type",25
"CMU",3,6841,"biphone","JH-IY","type",27
"CMU",3,6841,"biphone","K-IY","type",60
"CMU",3,6841,"biphone","L-IY","type",96
"CMU",3,6841,"biphone","M-IY","type",41
"CMU",3,6841,"biphone","N-IY","type",58
"CMU",3,6841,"biphone","NG-IY","type",0
"CMU",3,6841,"biphone","P-IY","type",42
"CMU",3,6841,"biphone","R-IY","type",87
"CMU",3,6841,"biphone","S-IY","type",66
"CMU",3,6841,"biphone","SH-IY","type",32
"CMU",3,6841,"biphone","T-IY","type",39
"CMU",3,6841,"biphone","TH-IY","type",18
"CMU",3,6841,"biphone","V-IY","type",30
"CMU",3,6841,"biphone","W-IY","type",37
"CMU",3,6841,"biphone","Y-IY","type",3
"CMU",3,6841,"biphone","Z-IY","type",24
"CMU",3,6841,"biphone","ZH-IY","type",1
"CMU",3,6841,"biphone","Q-IY","type",0
"CMU",3,6841,"biphone","AA-OW","type",1
"CMU",3,6841,"biphone","AE-OW","type",0
"CMU",3,6841,"biphone","AH-OW","type",0
"CMU",3,6841,"biphone","AO-OW","type",0
"CMU",3,6841,"biphone","AW-OW","type",0
"CMU",3,6841,"biphone","AY-OW","type",6
"CMU",3,6841,"biphone","EH-OW","type",0
"CMU",3,6841,"biphone","ER-OW","type",17
"CMU",3,6841,"biphone","EY-OW","type",13
"CMU",3,6841,"biphone","IH-OW","type",0
"CMU",3,6841,"biphone","IY-OW","type",19
"CMU",3,6841,"biphone","OW-OW","type",1
"CMU",3,6841,"biphone","OY-OW","type",2
"CMU",3,6841,"biphone","UH-OW","type",0
"CMU",3,6841,"biphone","UW-OW","type",2
"CMU",3,6841,"biphone","AX-OW","type",0
"CMU",3,6841,"biphone","AXR-OW","type",0
"CMU",3,6841,"biphone","IX-OW","type",0
"CMU",3,6841,"biphone","UX-OW","type",0
"CMU",3,6841,"biphone","B-OW","type",50
"CMU",3,6841,"biphone","CH-OW","type",4
"CMU",3,6841,"biphone","D-OW","type",27
"CMU",3,6841,"biphone","DH-OW","type",1
"CMU",3,6841,"biphone","F-OW","type",9
"CMU",3,6841,"biphone","G-OW","type",27
"CMU",3,6841,"biphone","HH-OW","type",32
"CMU",3,6841,"biphone","JH-OW","type",10
"CMU",3,6841,"biphone","K-OW","type",47
"CMU",3,6841,"biphone","L-OW","type",44
"CMU",3,6841,"biphone","M-OW","type",26
"CMU",3,6841,"biphone","N-OW","type",40
"CMU",3,6841,"biphone","NG-OW","type",0
"CMU",3,6841,"biphone","P-OW","type",15
"CMU",3,6841,"biphone","R-OW","type",83
"CMU",3,6841,"biphone","S-OW","type",24
"CMU",3,6841,"biphone","SH-OW","type",25
"CMU",3,6841,"biphone","T-OW","type",24
"CMU",3,6841,"biphone","TH-OW","type",7
"CMU",3,6841,"biphone","V-OW","type",7
"CMU",3,6841,"biphone","W-OW","type",13
"CMU",3,6841,"biphone","Y-OW","type",6
"CMU",3,6841,"biphone","Z-OW","type",5
"CMU",3,6841,"biphone","ZH-OW","type",0
"CMU",3,6841,"biphone","Q-OW","type",0
"CMU",3,6841,"biphone","AA-OY","type",0
"CMU",3,6841,"biphone","AE-OY","type",0
"CMU",3,6841,"biphone","AH-OY","type",0
"CMU",3,6841,"biphone","AO-OY","type",0
"CMU",3,6841,"biphone","AW-OY","type",0
"CMU",3,6841,"biphone","AY-OY","type",0
"CMU",3,6841,"biphone","EH-OY","type",0
"CMU",3,6841,"biphone","ER-OY","type",1
"CMU",3,6841,"biphone","EY-OY","type",0
"CMU",3,6841,"biphone","IH-OY","type",0
"CMU",3,6841,"biphone","IY-OY","type",0
"CMU",3,6841,"biphone","OW-OY","type",0
"CMU",3,6841,"biphone","OY-OY","type",0
"CMU",3,6841,"biphone","UH-OY","type",0
"CMU",3,6841,"biphone","UW-OY","type",0
"CMU",3,6841,"biphone","AX-OY","type",0
"CMU",3,6841,"biphone","AXR-OY","type",0
"CMU",3,6841,"biphone","IX-OY","type",0
"CMU",3,6841,"biphone","UX-OY","type",0
"CMU",3,6841,"biphone","B-OY","type",19
"CMU",3,6841,"biphone","CH-OY","type",2
"CMU",3,6841,"biphone","D-OY","type",6
"CMU",3,6841,"biphone","DH-OY","type",0
"CMU",3,6841,"biphone","F-OY","type",4
"CMU",3,6841,"biphone","G-OY","type",4
"CMU",3,6841,"biphone","HH-OY","type",6
"CMU",3,6841,"biphone","JH-OY","type",5
"CMU",3,6841,"biphone","K-OY","type",10
"CMU",3,6841,"biphone","L-OY","type",14
"CMU",3,6841,"biphone","M-OY","type",9
"CMU",3,6841,"biphone","N-OY","type",7
"CMU",3,6841,"biphone","NG-OY","type",0
"CMU",3,6841,"biphone","P-OY","type",2
"CMU",3,6841,"biphone","R-OY","type",15
"CMU",3,6841,"biphone","S-OY","type",4
"CMU",3,6841,"biphone","SH-OY","type",1
"CMU",3,6841,"biphone","T-OY","type",9
"CMU",3,6841,"biphone","TH-OY","type",0
"CMU",3,6841,"biphone","V-OY","type",6
"CMU",3,6841,"biphone","W-OY","type",0
"CMU",3,6841,"biphone","Y-OY","type",0
"CMU",3,6841,"biphone","Z-OY","type",0
"CMU",3,6841,"biphone","ZH-OY","type",0
"CMU",3,6841,"biphone","Q-OY","type",0
"CMU",3,6841,"biphone","AA-UH","type",0
"CMU",3,6841,"biphone","AE-UH","type",0
"CMU",3,6841,"biphone","AH-UH","type",0
"CMU",3,6841,"biphone","AO-UH","type",0
"CMU",3,6841,"biphone","AW-UH","type",0
"CMU",3,6841,"biphone","AY-UH","type",0
"CMU",3,6841,"biphone","EH-UH","type",0
"CMU",3,6841,"biphone","ER-UH","type",0
"CMU",3,6841,"biphone","EY-UH","type",0
"CMU",3,6841,"biphone","IH-UH","type",0
"CMU",3,6841,"biphone","IY-UH","type",0
"CMU",3,6841,"biphone","OW-UH","type",0
"CMU",3,6841,"biphone","OY-UH","type",0
"CMU",3,6841,"biphone","UH-UH","type",0
"CMU",3,6841,"biphone","UW-UH","type",0
"CMU",3,6841,"biphone","AX-UH","type",0
"CMU",3,6841,"biphone","AXR-UH","type",0
"CMU",3,6841,"biphone","IX-UH","type",0
"CMU",3,6841,"biphone","UX-UH","type",0
"CMU",3,6841,"biphone","B-UH","type",6
"CMU",3,6841,"biphone","CH-UH","type",1
"CMU",3,6841,"biphone","D-UH","type",1
"CMU",3,6841,"biphone","DH-UH","type",0
"CMU",3,6841,"biphone","F-UH","type",5
"CMU",3,6841,"biphone","G-UH","type",3
"CMU",3,6841,"biphone","HH-UH","type",3
"CMU",3,6841,"biphone","JH-UH","type",2
"CMU",3,6841,"biphone","K-UH","type",6
"CMU",3,6841,"biphone","L-UH","type",4
"CMU",3,6841,"biphone","M-UH","type",4
"CMU",3,6841,"biphone","N-UH","type",2
"CMU",3,6841,"biphone","NG-UH","type",0
"CMU",3,6841,"biphone","P-UH","type",5
"CMU",3,6841,"biphone","R-UH","type",5
"CMU",3,6841,"biphone","S-UH","type",4
"CMU",3,6841,"biphone","SH-UH","type",10
"CMU",3,6841,"biphone","T-UH","type",5
"CMU",3,6841,"biphone","TH-UH","type",0
"CMU",3,6841,"biphone","V-UH","type",0
"CMU",3,6841,"biphone","W-UH","type",3
"CMU",3,6841,"biphone","Y-UH","type",4
"CMU",3,6841,"biphone","Z-UH","type",1
"CMU",3,6841,"biphone","ZH-UH","type",0
"CMU",3,6841,"biphone","Q-UH","type",0
"CMU",3,6841,"biphone","AA-UW","type",2
"CMU",3,6841,"biphone","AE-UW","type",1
"CMU",3,6841,"biphone","AH-UW","type",0
"CMU",3,6841,"biphone","AO-UW","type",0
"CMU",3,6841,"biphone","AW-UW","type",1
"CMU",3,6841,"biphone","AY-UW","type",1
"CMU",3,6841,"biphone","EH-UW","type",0
"CMU",3,6841,"biphone","ER-UW","type",8
"CMU",3,6841,"biphone","EY-UW","type",0
"CMU",3,6841,"biphone","IH-UW","type",0
"CMU",3,6841,"biphone","IY-UW","type",3
"CMU",3,6841,"biphone","OW-UW","type",0
"CMU",3,6841,"biphone","OY-UW","type",1
"CMU",3,6841,"biphone","UH-UW","type",0
"CMU",3,6841,"biphone","UW-UW","type",1
"CMU",3,6841,"biphone","AX-UW","type",0
"CMU",3,6841,"biphone","AXR-UW","type",0
"CMU",3,6841,"biphone","IX-UW","type",0
"CMU",3,6841,"biphone","UX-UW","type",0
"CMU",3,6841,"biphone","B-UW","type",30
"CMU",3,6841,"biphone","CH-UW","type",14
"CMU",3,6841,"biphone","D-UW","type",34
"CMU",3,6841,"biphone","DH-UW","type",0
"CMU",3,6841,"biphone","F-UW","type",10
"CMU",3,6841,"biphone","G-UW","type",11
"CMU",3,6841,"biphone","HH-UW","type",27
"CMU",3,6841,"biphone","JH-UW","type",19
"CMU",3,6841,"biphone","K-UW","type",33
"CMU",3,6841,"biphone","L-UW","type",54
"CMU",3,6841,"biphone","M-UW","type",14
"CMU",3,6841,"biphone","N-UW","type",15
"CMU",3,6841,"biphone","NG-UW","type",0
"CMU",3,6841,"biphone","P-UW","type",14
"CMU",3,6841,"biphone","R-UW","type",66
"CMU",3,6841,"biphone","S-UW","type",22
"CMU",3,6841,"biphone","SH-UW","type",18
"CMU",3,6841,"biphone","T-UW","type",24
"CMU",3,6841,"biphone","TH-UW","type",2
"CMU",3,6841,"biphone","V-UW","type",1
"CMU",3,6841,"biphone","W-UW","type",12
"CMU",3,6841,"biphone","Y-UW","type",60
"CMU",3,6841,"biphone","Z-UW","type",7
"CMU",3,6841,"biphone","ZH-UW","type",0
"CMU",3,6841,"biphone","Q-UW","type",0
"CMU",3,6841,"biphone","AA-AX","type",0
"CMU",3,6841,"biphone","AE-AX","type",0
"CMU",3,6841,"biphone","AH-AX","type",0
"CMU",3,6841,"biphone","AO-AX","type",0
"CMU",3,6841,"biphone","AW-AX","type",0
"CMU",3,6841,"biphone","AY-AX","type",0
"CMU",3,6841,"biphone","EH-AX","type",0
"CMU",3,6841,"biphone","ER-AX","type",0
"CMU",3,6841,"biphone","EY-AX","type",0
"CMU",3,6841,"biphone","IH-AX","type",0
"CMU",3,6841,"biphone","IY-AX","type",0
"CMU",3,6841,"biphone","OW-AX","type",0
"CMU",3,6841,"biphone","OY-AX","type",0
"CMU",3,6841,"biphone","UH-AX","type",0
"CMU",3,6841,"biphone","UW-AX","type",0
"CMU",3,6841,"biphone","AX-AX","type",0
"CMU",3,6841,"biphone","AXR-AX","type",0
"CMU",3,6841,"biphone","IX-AX","type",0
"CMU",3,6841,"biphone","UX-AX","type",0
"CMU",3,6841,"biphone","B-AX","type",0
"CMU",3,6841,"biphone","CH-AX","type",0
"CMU",3,6841,"biphone","D-AX","type",0
"CMU",3,6841,"biphone","DH-AX","type",0
"CMU",3,6841,"biphone","F-AX","type",0
"CMU",3,6841,"biphone","G-AX","type",0
"CMU",3,6841,"biphone","HH-AX","type",0
"CMU",3,6841,"biphone","JH-AX","type",0
"CMU",3,6841,"biphone","K-AX","type",0
"CMU",3,6841,"biphone","L-AX","type",0
"CMU",3,6841,"biphone","M-AX","type",0
"CMU",3,6841,"biphone","N-AX","type",0
"CMU",3,6841,"biphone","NG-AX","type",0
"CMU",3,6841,"biphone","P-AX","type",0
"CMU",3,6841,"biphone","R-AX","type",0
"CMU",3,6841,"biphone","S-AX","type",0
"CMU",3,6841,"biphone","SH-AX","type",0
"CMU",3,6841,"biphone","T-AX","type",0
"CMU",3,6841,"biphone","TH-AX","type",0
"CMU",3,6841,"biphone","V-AX","type",0
"CMU",3,6841,"biphone","W-AX","type",0
"CMU",3,6841,"biphone","Y-AX","type",0
"CMU",3,6841,"biphone","Z-AX","type",0
"CMU",3,6841,"biphone","ZH-AX","type",0
"CMU",3,6841,"biphone","Q-AX","type",0
"CMU",3,6841,"biphone","AA-AXR","type",0
"CMU",3,6841,"biphone","AE-AXR","type",0
"CMU",3,6841,"biphone","AH-AXR","type",0
"CMU",3,6841,"biphone","AO-AXR","type",0
"CMU",3,6841,"biphone","AW-AXR","type",0
"CMU",3,6841,"biphone","AY-AXR","type",0
"CMU",3,6841,"biphone","EH-AXR","type",0
"CMU",3,6841,"biphone","ER-AXR","type",0
"CMU",3,6841,"biphone","EY-AXR","type",0
"CMU",3,6841,"biphone","IH-AXR","type",0
"CMU",3,6841,"biphone","IY-AXR","type",0
"CMU",3,6841,"biphone","OW-AXR","type",0
"CMU",3,6841,"biphone","OY-AXR","type",0
"CMU",3,6841,"biphone","UH-AXR","type",0
"CMU",3,6841,"biphone","UW-AXR","type",0
"CMU",3,6841,"biphone","AX-AXR","type",0
"CMU",3,6841,"biphone","AXR-AXR","type",0
"CMU",3,6841,"biphone","IX-AXR","type",0
"CMU",3,6841,"biphone","UX-AXR","type",0
"CMU",3,6841,"biphone","B-AXR","type",0
"CMU",3,6841,"biphone","CH-AXR","type",0
"CMU",3,6841,"biphone","D-AXR","type",0
"CMU",3,6841,"biphone","DH-AXR","type",0
"CMU",3,6841,"biphone","F-AXR","type",0
"CMU",3,6841,"biphone","G-AXR","type",0
"CMU",3,6841,"biphone","HH-AXR","type",0
"CMU",3,6841,"biphone","JH-AXR","type",0
"CMU",3,6841,"biphone","K-AXR","type",0
"CMU",3,6841,"biphone","L-AXR","type",0
"CMU",3,6841,"biphone","M-AXR","type",0
"CMU",3,6841,"biphone","N-AXR","type",0
"CMU",3,6841,"biphone","NG-AXR","type",0
"CMU",3,6841,"biphone","P-AXR","type",0
"CMU",3,6841,"biphone","R-AXR","type",0
"CMU",3,6841,"biphone","S-AXR","type",0
"CMU",3,6841,"biphone","SH-AXR","type",0
"CMU",3,6841,"biphone","T-AXR","type",0
"CMU",3,6841,"biphone","TH-AXR","type",0
"CMU",3,6841,"biphone","V-AXR","type",0
"CMU",3,6841,"biphone","W-AXR","type",0
"CMU",3,6841,"biphone","Y-AXR","type",0
"CMU",3,6841,"biphone","Z-AXR","type",0
"CMU",3,6841,"biphone","ZH-AXR","type",0
"CMU",3,6841,"biphone","Q-AXR","type",0
"CMU",3,6841,"biphone","AA-IX","type",0
"CMU",3,6841,"biphone","AE-IX","type",0
"CMU",3,6841,"biphone","AH-IX","type",0
"CMU",3,6841,"biphone","AO-IX","type",0
"CMU",3,6841,"biphone","AW-IX","type",0
"CMU",3,6841,"biphone","AY-IX","type",0
"CMU",3,6841,"biphone","EH-IX","type",0
"CMU",3,6841,"biphone","ER-IX","type",0
"CMU",3,6841,"biphone","EY-IX","type",0
"CMU",3,6841,"biphone","IH-IX","type",0
"CMU",3,6841,"biphone","IY-IX","type",0
"CMU",3,6841,"biphone","OW-IX","type",0
"CMU",3,6841,"biphone","OY-IX","type",0
"CMU",3,6841,"biphone","UH-IX","type",0
"CMU",3,6841,"biphone","UW-IX","type",0
"CMU",3,6841,"biphone","AX-IX","type",0
"CMU",3,6841,"biphone","AXR-IX","type",0
"CMU",3,6841,"biphone","IX-IX","type",0
"CMU",3,6841,"biphone","UX-IX","type",0
"CMU",3,6841,"biphone","B-IX","type",0
"CMU",3,6841,"biphone","CH-IX","type",0
"CMU",3,6841,"biphone","D-IX","type",0
"CMU",3,6841,"biphone","DH-IX","type",0
"CMU",3,6841,"biphone","F-IX","type",0
"CMU",3,6841,"biphone","G-IX","type",0
"CMU",3,6841,"biphone","HH-IX","type",0
"CMU",3,6841,"biphone","JH-IX","type",0
"CMU",3,6841,"biphone","K-IX","type",0
"CMU",3,6841,"biphone","L-IX","type",0
"CMU",3,6841,"biphone","M-IX","type",0
"CMU",3,6841,"biphone","N-IX","type",0
"CMU",3,6841,"biphone","NG-IX","type",0
"CMU",3,6841,"biphone","P-IX","type",0
"CMU",3,6841,"biphone","R-IX","type",0
"CMU",3,6841,"biphone","S-IX","type",0
"CMU",3,6841,"biphone","SH-IX","type",0
"CMU",3,6841,"biphone","T-IX","type",0
"CMU",3,6841,"biphone","TH-IX","type",0
"CMU",3,6841,"biphone","V-IX","type",0
"CMU",3,6841,"biphone","W-IX","type",0
"CMU",3,6841,"biphone","Y-IX","type",0
"CMU",3,6841,"biphone","Z-IX","type",0
"CMU",3,6841,"biphone","ZH-IX","type",0
"CMU",3,6841,"biphone","Q-IX","type",0
"CMU",3,6841,"biphone","AA-UX","type",0
"CMU",3,6841,"biphone","AE-UX","type",0
"CMU",3,6841,"biphone","AH-UX","type",0
"CMU",3,6841,"biphone","AO-UX","type",0
"CMU",3,6841,"biphone","AW-UX","type",0
"CMU",3,6841,"biphone","AY-UX","type",0
"CMU",3,6841,"biphone","EH-UX","type",0
"CMU",3,6841,"biphone","ER-UX","type",0
"CMU",3,6841,"biphone","EY-UX","type",0
"CMU",3,6841,"biphone","IH-UX","type",0
"CMU",3,6841,"biphone","IY-UX","type",0
"CMU",3,6841,"biphone","OW-UX","type",0
"CMU",3,6841,"biphone","OY-UX","type",0
"CMU",3,6841,"biphone","UH-UX","type",0
"CMU",3,6841,"biphone","UW-UX","type",0
"CMU",3,6841,"biphone","AX-UX","type",0
"CMU",3,6841,"biphone","AXR-UX","type",0
"CMU",3,6841,"biphone","IX-UX","type",0
"CMU",3,6841,"biphone","UX-UX","type",0
"CMU",3,6841,"biphone","B-UX","type",0
"CMU",3,6841,"biphone","CH-UX","type",0
"CMU",3,6841,"biphone","D-UX","type",0
"CMU",3,6841,"biphone","DH-UX","type",0
"CMU",3,6841,"biphone","F-UX","type",0
"CMU",3,6841,"biphone","G-UX","type",0
"CMU",3,6841,"biphone","HH-UX","type",0
"CMU",3,6841,"biphone","JH-UX","type",0
"CMU",3,6841,"biphone","K-UX","type",0
"CMU",3,6841,"biphone","L-UX","type",0
"CMU",3,6841,"biphone","M-UX","type",0
"CMU",3,6841,"biphone","N-UX","type",0
"CMU",3,6841,"biphone","NG-UX","type",0
"CMU",3,6841,"biphone","P-UX","type",0
"CMU",3,6841,"biphone","R-UX","type",0
"CMU",3,6841,"biphone","S-UX","type",0
"CMU",3,6841,"biphone","SH-UX","type",0
"CMU",3,6841,"biphone","T-UX","type",0
"CMU",3,6841,"biphone","TH-UX","type",0
"CMU",3,6841,"biphone","V-UX","type",0
"CMU",3,6841,"biphone","W-UX","type",0
"CMU",3,6841,"biphone","Y-UX","type",0
"CMU",3,6841,"biphone","Z-UX","type",0
"CMU",3,6841,"biphone","ZH-UX","type",0
"CMU",3,6841,"biphone","Q-UX","type",0
"CMU",3,6841,"biphone","AA-B","type",28
"CMU",3,6841,"biphone","AE-B","type",32
"CMU",3,6841,"biphone","AH-B","type",15
"CMU",3,6841,"biphone","AO-B","type",13
"CMU",3,6841,"biphone","AW-B","type",3
"CMU",3,6841,"biphone","AY-B","type",8
"CMU",3,6841,"biphone","EH-B","type",13
"CMU",3,6841,"biphone","ER-B","type",12
"CMU",3,6841,"biphone","EY-B","type",10
"CMU",3,6841,"biphone","IH-B","type",13
"CMU",3,6841,"biphone","IY-B","type",19
"CMU",3,6841,"biphone","OW-B","type",17
"CMU",3,6841,"biphone","OY-B","type",0
"CMU",3,6841,"biphone","UH-B","type",0
"CMU",3,6841,"biphone","UW-B","type",12
"CMU",3,6841,"biphone","AX-B","type",0
"CMU",3,6841,"biphone","AXR-B","type",0
"CMU",3,6841,"biphone","IX-B","type",0
"CMU",3,6841,"biphone","UX-B","type",0
"CMU",3,6841,"biphone","B-B","type",0
"CMU",3,6841,"biphone","CH-B","type",0
"CMU",3,6841,"biphone","D-B","type",0
"CMU",3,6841,"biphone","DH-B","type",0
"CMU",3,6841,"biphone","F-B","type",0
"CMU",3,6841,"biphone","G-B","type",0
"CMU",3,6841,"biphone","HH-B","type",0
"CMU",3,6841,"biphone","JH-B","type",0
"CMU",3,6841,"biphone","K-B","type",0
"CMU",3,6841,"biphone","L-B","type",1
"CMU",3,6841,"biphone","M-B","type",1
"CMU",3,6841,"biphone","N-B","type",0
"CMU",3,6841,"biphone","NG-B","type",0
"CMU",3,6841,"biphone","P-B","type",0
"CMU",3,6841,"biphone","R-B","type",2
"CMU",3,6841,"biphone","S-B","type",0
"CMU",3,6841,"biphone","SH-B","type",0
"CMU",3,6841,"biphone","T-B","type",0
"CMU",3,6841,"biphone","TH-B","type",0
"CMU",3,6841,"biphone","V-B","type",0
"CMU",3,6841,"biphone","W-B","type",0
"CMU",3,6841,"biphone","Y-B","type",0
"CMU",3,6841,"biphone","Z-B","type",0
"CMU",3,6841,"biphone","ZH-B","type",0
"CMU",3,6841,"biphone","Q-B","type",0
"CMU",3,6841,"biphone","AA-CH","type",15
"CMU",3,6841,"biphone","AE-CH","type",22
"CMU",3,6841,"biphone","AH-CH","type",23
"CMU",3,6841,"biphone","AO-CH","type",10
"CMU",3,6841,"biphone","AW-CH","type",12
"CMU",3,6841,"biphone","AY-CH","type",7
"CMU",3,6841,"biphone","EH-CH","type",11
"CMU",3,6841,"biphone","ER-CH","type",13
"CMU",3,6841,"biphone","EY-CH","type",3
"CMU",3,6841,"biphone","IH-CH","type",25
"CMU",3,6841,"biphone","IY-CH","type",25
"CMU",3,6841,"biphone","OW-CH","type",7
"CMU",3,6841,"biphone","OY-CH","type",4
"CMU",3,6841,"biphone","UH-CH","type",2
"CMU",3,6841,"biphone","UW-CH","type",6
"CMU",3,6841,"biphone","AX-CH","type",0
"CMU",3,6841,"biphone","AXR-CH","type",0
"CMU",3,6841,"biphone","IX-CH","type",0
"CMU",3,6841,"biphone","UX-CH","type",0
"CMU",3,6841,"biphone","B-CH","type",0
"CMU",3,6841,"biphone","CH-CH","type",0
"CMU",3,6841,"biphone","D-CH","type",0
"CMU",3,6841,"biphone","DH-CH","type",0
"CMU",3,6841,"biphone","F-CH","type",0
"CMU",3,6841,"biphone","G-CH","type",0
"CMU",3,6841,"biphone","HH-CH","type",0
"CMU",3,6841,"biphone","JH-CH","type",0
"CMU",3,6841,"biphone","K-CH","type",0
"CMU",3,6841,"biphone","L-CH","type",1
"CMU",3,6841,"biphone","M-CH","type",1
"CMU",3,6841,"biphone","N-CH","type",2
"CMU",3,6841,"biphone","NG-CH","type",0
"CMU",3,6841,"biphone","P-CH","type",0
"CMU",3,6841,"biphone","R-CH","type",1
"CMU",3,6841,"biphone","S-CH","type",0
"CMU",3,6841,"biphone","SH-CH","type",0
"CMU",3,6841,"biphone","T-CH","type",0
"CMU",3,6841,"biphone","TH-CH","type",0
"CMU",3,6841,"biphone","V-CH","type",0
"CMU",3,6841,"biphone","W-CH","type",0
"CMU",3,6841,"biphone","Y-CH","type",0
"CMU",3,6841,"biphone","Z-CH","type",0
"CMU",3,6841,"biphone","ZH-CH","type",0
"CMU",3,6841,"biphone","Q-CH","type",0
"CMU",3,6841,"biphone","AA-D","type",24
"CMU",3,6841,"biphone","AE-D","type",37
"CMU",3,6841,"biphone","AH-D","type",19
"CMU",3,6841,"biphone","AO-D","type",14
"CMU",3,6841,"biphone","AW-D","type",13
"CMU",3,6841,"biphone","AY-D","type",30
"CMU",3,6841,"biphone","EH-D","type",31
"CMU",3,6841,"biphone","ER-D","type",20
"CMU",3,6841,"biphone","EY-D","type",42
"CMU",3,6841,"biphone","IH-D","type",18
"CMU",3,6841,"biphone","IY-D","type",51
"CMU",3,6841,"biphone","OW-D","type",40
"CMU",3,6841,"biphone","OY-D","type",8
"CMU",3,6841,"biphone","UH-D","type",9
"CMU",3,6841,"biphone","UW-D","type",24
"CMU",3,6841,"biphone","AX-D","type",0
"CMU",3,6841,"biphone","AXR-D","type",0
"CMU",3,6841,"biphone","IX-D","type",0
"CMU",3,6841,"biphone","UX-D","type",0
"CMU",3,6841,"biphone","B-D","type",0
"CMU",3,6841,"biphone","CH-D","type",0
"CMU",3,6841,"biphone","D-D","type",0
"CMU",3,6841,"biphone","DH-D","type",0
"CMU",3,6841,"biphone","F-D","type",1
"CMU",3,6841,"biphone","G-D","type",1
"CMU",3,6841,"biphone","HH-D","type",0
"CMU",3,6841,"biphone","JH-D","type",3
"CMU",3,6841,"biphone","K-D","type",0
"CMU",3,6841,"biphone","L-D","type",4
"CMU",3,6841,"biphone","M-D","type",2
"CMU",3,6841,"biphone","N-D","type",7
"CMU",3,6841,"biphone","NG-D","type",0
"CMU",3,6841,"biphone","P-D","type",0
"CMU",3,6841,"biphone","R-D","type",7
"CMU",3,6841,"biphone","S-D","type",0
"CMU",3,6841,"biphone","SH-D","type",0
"CMU",3,6841,"biphone","T-D","type",0
"CMU",3,6841,"biphone","TH-D","type",0
"CMU",3,6841,"biphone","V-D","type",0
"CMU",3,6841,"biphone","W-D","type",0
"CMU",3,6841,"biphone","Y-D","type",0
"CMU",3,6841,"biphone","Z-D","type",2
"CMU",3,6841,"biphone","ZH-D","type",0
"CMU",3,6841,"biphone","Q-D","type",0
"CMU",3,6841,"biphone","AA-DH","type",0
"CMU",3,6841,"biphone","AE-DH","type",0
"CMU",3,6841,"biphone","AH-DH","type",3
"CMU",3,6841,"biphone","AO-DH","type",1
"CMU",3,6841,"biphone","AW-DH","type",0
"CMU",3,6841,"biphone","AY-DH","type",5
"CMU",3,6841,"biphone","EH-DH","type",0
"CMU",3,6841,"biphone","ER-DH","type",1
"CMU",3,6841,"biphone","EY-DH","type",5
"CMU",3,6841,"biphone","IH-DH","type",2
"CMU",3,6841,"biphone","IY-DH","type",4
"CMU",3,6841,"biphone","OW-DH","type",5
"CMU",3,6841,"biphone","OY-DH","type",0
"CMU",3,6841,"biphone","UH-DH","type",0
"CMU",3,6841,"biphone","UW-DH","type",2
"CMU",3,6841,"biphone","AX-DH","type",0
"CMU",3,6841,"biphone","AXR-DH","type",0
"CMU",3,6841,"biphone","IX-DH","type",0
"CMU",3,6841,"biphone","UX-DH","type",0
"CMU",3,6841,"biphone","B-DH","type",0
"CMU",3,6841,"biphone","CH-DH","type",0
"CMU",3,6841,"biphone","D-DH","type",0
"CMU",3,6841,"biphone","DH-DH","type",0
"CMU",3,6841,"biphone","F-DH","type",0
"CMU",3,6841,"biphone","G-DH","type",0
"CMU",3,6841,"biphone","HH-DH","type",0
"CMU",3,6841,"biphone","JH-DH","type",0
"CMU",3,6841,"biphone","K-DH","type",0
"CMU",3,6841,"biphone","L-DH","type",0
"CMU",3,6841,"biphone","M-DH","type",0
"CMU",3,6841,"biphone","N-DH","type",0
"CMU",3,6841,"biphone","NG-DH","type",0
"CMU",3,6841,"biphone","P-DH","type",0
"CMU",3,6841,"biphone","R-DH","type",0
"CMU",3,6841,"biphone","S-DH","type",0
"CMU",3,6841,"biphone","SH-DH","type",0
"CMU",3,6841,"biphone","T-DH","type",0
"CMU",3,6841,"biphone","TH-DH","type",0
"CMU",3,6841,"biphone","V-DH","type",0
"CMU",3,6841,"biphone","W-DH","type",0
"CMU",3,6841,"biphone","Y-DH","type",0
"CMU",3,6841,"biphone","Z-DH","type",0
"CMU",3,6841,"biphone","ZH-DH","type",0
"CMU",3,6841,"biphone","Q-DH","type",0
"CMU",3,6841,"biphone","AA-F","type",9
"CMU",3,6841,"biphone","AE-F","type",20
"CMU",3,6841,"biphone","AH-F","type",17
"CMU",3,6841,"biphone","AO-F","type",23
"CMU",3,6841,"biphone","AW-F","type",1
"CMU",3,6841,"biphone","AY-F","type",9
"CMU",3,6841,"biphone","EH-F","type",20
"CMU",3,6841,"biphone","ER-F","type",9
"CMU",3,6841,"biphone","EY-F","type",5
"CMU",3,6841,"biphone","IH-F","type",18
"CMU",3,6841,"biphone","IY-F","type",21
"CMU",3,6841,"biphone","OW-F","type",6
"CMU",3,6841,"biphone","OY-F","type",0
"CMU",3,6841,"biphone","UH-F","type",2
"CMU",3,6841,"biphone","UW-F","type",8
"CMU",3,6841,"biphone","AX-F","type",0
"CMU",3,6841,"biphone","AXR-F","type",0
"CMU",3,6841,"biphone","IX-F","type",0
"CMU",3,6841,"biphone","UX-F","type",0
"CMU",3,6841,"biphone","B-F","type",0
"CMU",3,6841,"biphone","CH-F","type",0
"CMU",3,6841,"biphone","D-F","type",0
"CMU",3,6841,"biphone","DH-F","type",0
"CMU",3,6841,"biphone","F-F","type",0
"CMU",3,6841,"biphone","G-F","type",0
"CMU",3,6841,"biphone","HH-F","type",0
"CMU",3,6841,"biphone","JH-F","type",0
"CMU",3,6841,"biphone","K-F","type",0
"CMU",3,6841,"biphone","L-F","type",4
"CMU",3,6841,"biphone","M-F","type",1
"CMU",3,6841,"biphone","N-F","type",0
"CMU",3,6841,"biphone","NG-F","type",0
"CMU",3,6841,"biphone","P-F","type",0
"CMU",3,6841,"biphone","R-F","type",1
"CMU",3,6841,"biphone","S-F","type",0
"CMU",3,6841,"biphone","SH-F","type",0
"CMU",3,6841,"biphone","T-F","type",0
"CMU",3,6841,"biphone","TH-F","type",0
"CMU",3,6841,"biphone","V-F","type",0
"CMU",3,6841,"biphone","W-F","type",0
"CMU",3,6841,"biphone","Y-F","type",0
"CMU",3,6841,"biphone","Z-F","type",0
"CMU",3,6841,"biphone","ZH-F","type",0
"CMU",3,6841,"biphone","Q-F","type",0
"CMU",3,6841,"biphone","AA-G","type",19
"CMU",3,6841,"biphone","AE-G","type",29
"CMU",3,6841,"biphone","AH-G","type",20
"CMU",3,6841,"biphone","AO-G","type",9
"CMU",3,6841,"biphone","AW-G","type",1
"CMU",3,6841,"biphone","AY-G","type",2
"CMU",3,6841,"biphone","EH-G","type",21
"CMU",3,6841,"biphone","ER-G","type",7
"CMU",3,6841,"biphone","EY-G","type",8
"CMU",3,6841,"biphone","IH-G","type",23
"CMU",3,6841,"biphone","IY-G","type",19
"CMU",3,6841,"biphone","OW-G","type",10
"CMU",3,6841,"biphone","OY-G","type",2
"CMU",3,6841,"biphone","UH-G","type",0
"CMU",3,6841,"biphone","UW-G","type",5
"CMU",3,6841,"biphone","AX-G","type",0
"CMU",3,6841,"biphone","AXR-G","type",0
"CMU",3,6841,"biphone","IX-G","type",0
"CMU",3,6841,"biphone","UX-G","type",0
"CMU",3,6841,"biphone","B-G","type",0
"CMU",3,6841,"biphone","CH-G","type",0
"CMU",3,6841,"biphone","D-G","type",0
"CMU",3,6841,"biphone","DH-G","type",0
"CMU",3,6841,"biphone","F-G","type",0
"CMU",3,6841,"biphone","G-G","type",0
"CMU",3,6841,"biphone","HH-G","type",0
"CMU",3,6841,"biphone","JH-G","type",0
"CMU",3,6841,"biphone","K-G","type",0
"CMU",3,6841,"biphone","L-G","type",3
"CMU",3,6841,"biphone","M-G","type",0
"CMU",3,6841,"biphone","N-G","type",0
"CMU",3,6841,"biphone","NG-G","type",0
"CMU",3,6841,"biphone","P-G","type",0
"CMU",3,6841,"biphone","R-G","type",3
"CMU",3,6841,"biphone","S-G","type",0
"CMU",3,6841,"biphone","SH-G","type",0
"CMU",3,6841,"biphone","T-G","type",0
"CMU",3,6841,"biphone","TH-G","type",0
"CMU",3,6841,"biphone","V-G","type",0
"CMU",3,6841,"biphone","W-G","type",0
"CMU",3,6841,"biphone","Y-G","type",0
"CMU",3,6841,"biphone","Z-G","type",0
"CMU",3,6841,"biphone","ZH-G","type",0
"CMU",3,6841,"biphone","Q-G","type",0
"CMU",3,6841,"biphone","AA-HH","type",3
"CMU",3,6841,"biphone","AE-HH","type",0
"CMU",3,6841,"biphone","AH-HH","type",2
"CMU",3,6841,"biphone","AO-HH","type",0
"CMU",3,6841,"biphone","AW-HH","type",0
"CMU",3,6841,"biphone","AY-HH","type",0
"CMU",3,6841,"biphone","EH-HH","type",0
"CMU",3,6841,"biphone","ER-HH","type",0
"CMU",3,6841,"biphone","EY-HH","type",1
"CMU",3,6841,"biphone","IH-HH","type",0
"CMU",3,6841,"biphone","IY-HH","type",2
"CMU",3,6841,"biphone","OW-HH","type",0
"CMU",3,6841,"biphone","OY-HH","type",0
"CMU",3,6841,"biphone","UH-HH","type",0
"CMU",3,6841,"biphone","UW-HH","type",2
"CMU",3,6841,"biphone","AX-HH","type",0
"CMU",3,6841,"biphone","AXR-HH","type",0
"CMU",3,6841,"biphone","IX-HH","type",0
"CMU",3,6841,"biphone","UX-HH","type",0
"CMU",3,6841,"biphone","B-HH","type",0
"CMU",3,6841,"biphone","CH-HH","type",0
"CMU",3,6841,"biphone","D-HH","type",0
"CMU",3,6841,"biphone","DH-HH","type",0
"CMU",3,6841,"biphone","F-HH","type",0
"CMU",3,6841,"biphone","G-HH","type",0
"CMU",3,6841,"biphone","HH-HH","type",0
"CMU",3,6841,"biphone","JH-HH","type",0
"CMU",3,6841,"biphone","K-HH","type",0
"CMU",3,6841,"biphone","L-HH","type",0
"CMU",3,6841,"biphone","M-HH","type",0
"CMU",3,6841,"biphone","N-HH","type",0
"CMU",3,6841,"biphone","NG-HH","type",0
"CMU",3,6841,"biphone","P-HH","type",0
"CMU",3,6841,"biphone","R-HH","type",0
"CMU",3,6841,"biphone","S-HH","type",0
"CMU",3,6841,"biphone","SH-HH","type",0
"CMU",3,6841,"biphone","T-HH","type",0
"CMU",3,6841,"biphone","TH-HH","type",0
"CMU",3,6841,"biphone","V-HH","type",0
"CMU",3,6841,"biphone","W-HH","type",0
"CMU",3,6841,"biphone","Y-HH","type",0
"CMU",3,6841,"biphone","Z-HH","type",0
"CMU",3,6841,"biphone","ZH-HH","type",0
"CMU",3,6841,"biphone","Q-HH","type",0
"CMU",3,6841,"biphone","AA-JH","type",6
"CMU",3,6841,"biphone","AE-JH","type",5
"CMU",3,6841,"biphone","AH-JH","type",6
"CMU",3,6841,"biphone","AO-JH","type",1
"CMU",3,6841,"biphone","AW-JH","type",2
"CMU",3,6841,"biphone","AY-JH","type",1
"CMU",3,6841,"biphone","EH-JH","type",10
"CMU",3,6841,"biphone","ER-JH","type",11
"CMU",3,6841,"biphone","EY-JH","type",18
"CMU",3,6841,"biphone","IH-JH","type",2
"CMU",3,6841,"biphone","IY-JH","type",8
"CMU",3,6841,"biphone","OW-JH","type",9
"CMU",3,6841,"biphone","OY-JH","type",1
"CMU",3,6841,"biphone","UH-JH","type",0
"CMU",3,6841,"biphone","UW-JH","type",8
"CMU",3,6841,"biphone","AX-JH","type",0
"CMU",3,6841,"biphone","AXR-JH","type",0
"CMU",3,6841,"biphone","IX-JH","type",0
"CMU",3,6841,"biphone","UX-JH","type",0
"CMU",3,6841,"biphone","B-JH","type",0
"CMU",3,6841,"biphone","CH-JH","type",0
"CMU",3,6841,"biphone","D-JH","type",0
"CMU",3,6841,"biphone","DH-JH","type",0
"CMU",3,6841,"biphone","F-JH","type",0
"CMU",3,6841,"biphone","G-JH","type",0
"CMU",3,6841,"biphone","HH-JH","type",0
"CMU",3,6841,"biphone","JH-JH","type",0
"CMU",3,6841,"biphone","K-JH","type",0
"CMU",3,6841,"biphone","L-JH","type",0
"CMU",3,6841,"biphone","M-JH","type",1
"CMU",3,6841,"biphone","N-JH","type",4
"CMU",3,6841,"biphone","NG-JH","type",0
"CMU",3,6841,"biphone","P-JH","type",0
"CMU",3,6841,"biphone","R-JH","type",0
"CMU",3,6841,"biphone","S-JH","type",0
"CMU",3,6841,"biphone","SH-JH","type",0
"CMU",3,6841,"biphone","T-JH","type",0
"CMU",3,6841,"biphone","TH-JH","type",0
"CMU",3,6841,"biphone","V-JH","type",0
"CMU",3,6841,"biphone","W-JH","type",0
"CMU",3,6841,"biphone","Y-JH","type",0
"CMU",3,6841,"biphone","Z-JH","type",0
"CMU",3,6841,"biphone","ZH-JH","type",0
"CMU",3,6841,"biphone","Q-JH","type",0
"CMU",3,6841,"biphone","AA-K","type",68
"CMU",3,6841,"biphone","AE-K","type",63
"CMU",3,6841,"biphone","AH-K","type",34
"CMU",3,6841,"biphone","AO-K","type",28
"CMU",3,6841,"biphone","AW-K","type",6
"CMU",3,6841,"biphone","AY-K","type",30
"CMU",3,6841,"biphone","EH-K","type",54
"CMU",3,6841,"biphone","ER-K","type",41
"CMU",3,6841,"biphone","EY-K","type",30
"CMU",3,6841,"biphone","IH-K","type",44
"CMU",3,6841,"biphone","IY-K","type",54
"CMU",3,6841,"biphone","OW-K","type",54
"CMU",3,6841,"biphone","OY-K","type",3
"CMU",3,6841,"biphone","UH-K","type",18
"CMU",3,6841,"biphone","UW-K","type",21
"CMU",3,6841,"biphone","AX-K","type",0
"CMU",3,6841,"biphone","AXR-K","type",0
"CMU",3,6841,"biphone","IX-K","type",0
"CMU",3,6841,"biphone","UX-K","type",0
"CMU",3,6841,"biphone","B-K","type",0
"CMU",3,6841,"biphone","CH-K","type",0
"CMU",3,6841,"biphone","D-K","type",0
"CMU",3,6841,"biphone","DH-K","type",0
"CMU",3,6841,"biphone","F-K","type",0
"CMU",3,6841,"biphone","G-K","type",0
"CMU",3,6841,"biphone","HH-K","type",0
"CMU",3,6841,"biphone","JH-K","type",0
"CMU",3,6841,"biphone","K-K","type",0
"CMU",3,6841,"biphone","L-K","type",6
"CMU",3,6841,"biphone","M-K","type",0
"CMU",3,6841,"biphone","N-K","type",1
"CMU",3,6841,"biphone","NG-K","type",5
"CMU",3,6841,"biphone","P-K","type",0
"CMU",3,6841,"biphone","R-K","type",4
"CMU",3,6841,"biphone","S-K","type",7
"CMU",3,6841,"biphone","SH-K","type",0
"CMU",3,6841,"biphone","T-K","type",0
"CMU",3,6841,"biphone","TH-K","type",0
"CMU",3,6841,"biphone","V-K","type",0
"CMU",3,6841,"biphone","W-K","type",0
"CMU",3,6841,"biphone","Y-K","type",0
"CMU",3,6841,"biphone","Z-K","type",0
"CMU",3,6841,"biphone","ZH-K","type",0
"CMU",3,6841,"biphone","Q-K","type",0
"CMU",3,6841,"biphone","AA-L","type",64
"CMU",3,6841,"biphone","AE-L","type",26
"CMU",3,6841,"biphone","AH-L","type",39
"CMU",3,6841,"biphone","AO-L","type",53
"CMU",3,6841,"biphone","AW-L","type",13
"CMU",3,6841,"biphone","AY-L","type",50
"CMU",3,6841,"biphone","EH-L","type",70
"CMU",3,6841,"biphone","ER-L","type",31
"CMU",3,6841,"biphone","EY-L","type",79
"CMU",3,6841,"biphone","IH-L","type",52
"CMU",3,6841,"biphone","IY-L","type",98
"CMU",3,6841,"biphone","OW-L","type",86
"CMU",3,6841,"biphone","OY-L","type",22
"CMU",3,6841,"biphone","UH-L","type",8
"CMU",3,6841,"biphone","UW-L","type",40
"CMU",3,6841,"biphone","AX-L","type",0
"CMU",3,6841,"biphone","AXR-L","type",0
"CMU",3,6841,"biphone","IX-L","type",0
"CMU",3,6841,"biphone","UX-L","type",0
"CMU",3,6841,"biphone","B-L","type",16
"CMU",3,6841,"biphone","CH-L","type",0
"CMU",3,6841,"biphone","D-L","type",0
"CMU",3,6841,"biphone","DH-L","type",0
"CMU",3,6841,"biphone","F-L","type",17
"CMU",3,6841,"biphone","G-L","type",7
"CMU",3,6841,"biphone","HH-L","type",0
"CMU",3,6841,"biphone","JH-L","type",0
"CMU",3,6841,"biphone","K-L","type",12
"CMU",3,6841,"biphone","L-L","type",0
"CMU",3,6841,"biphone","M-L","type",0
"CMU",3,6841,"biphone","N-L","type",0
"CMU",3,6841,"biphone","NG-L","type",0
"CMU",3,6841,"biphone","P-L","type",10
"CMU",3,6841,"biphone","R-L","type",0
"CMU",3,6841,"biphone","S-L","type",12
"CMU",3,6841,"biphone","SH-L","type",4
"CMU",3,6841,"biphone","T-L","type",1
"CMU",3,6841,"biphone","TH-L","type",0
"CMU",3,6841,"biphone","V-L","type",0
"CMU",3,6841,"biphone","W-L","type",0
"CMU",3,6841,"biphone","Y-L","type",0
"CMU",3,6841,"biphone","Z-L","type",0
"CMU",3,6841,"biphone","ZH-L","type",0
"CMU",3,6841,"biphone","Q-L","type",0
"CMU",3,6841,"biphone","AA-M","type",36
"CMU",3,6841,"biphone","AE-M","type",50
"CMU",3,6841,"biphone","AH-M","type",34
"CMU",3,6841,"biphone","AO-M","type",7
"CMU",3,6841,"biphone","AW-M","type",1
"CMU",3,6841,"biphone","AY-M","type",19
"CMU",3,6841,"biphone","EH-M","type",39
"CMU",3,6841,"biphone","ER-M","type",16
"CMU",3,6841,"biphone","EY-M","type",32
"CMU",3,6841,"biphone","IH-M","type",29
"CMU",3,6841,"biphone","IY-M","type",27
"CMU",3,6841,"biphone","OW-M","type",31
"CMU",3,6841,"biphone","OY-M","type",1
"CMU",3,6841,"biphone","UH-M","type",0
"CMU",3,6841,"biphone","UW-M","type",14
"CMU",3,6841,"biphone","AX-M","type",0
"CMU",3,6841,"biphone","AXR-M","type",0
"CMU",3,6841,"biphone","IX-M","type",0
"CMU",3,6841,"biphone","UX-M","type",0
"CMU",3,6841,"biphone","B-M","type",0
"CMU",3,6841,"biphone","CH-M","type",0
"CMU",3,6841,"biphone","D-M","type",0
"CMU",3,6841,"biphone","DH-M","type",0
"CMU",3,6841,"biphone","F-M","type",0
"CMU",3,6841,"biphone","G-M","type",0
"CMU",3,6841,"biphone","HH-M","type",0
"CMU",3,6841,"biphone","JH-M","type",0
"CMU",3,6841,"biphone","K-M","type",0
"CMU",3,6841,"biphone","L-M","type",3
"CMU",3,6841,"biphone","M-M","type",0
"CMU",3,6841,"biphone","N-M","type",0
"CMU",3,6841,"biphone","NG-M","type",0
"CMU",3,6841,"biphone","P-M","type",0
"CMU",3,6841,"biphone","R-M","type",2
"CMU",3,6841,"biphone","S-M","type",2
"CMU",3,6841,"biphone","SH-M","type",0
"CMU",3,6841,"biphone","T-M","type",0
"CMU",3,6841,"biphone","TH-M","type",0
"CMU",3,6841,"biphone","V-M","type",0
"CMU",3,6841,"biphone","W-M","type",0
"CMU",3,6841,"biphone","Y-M","type",0
"CMU",3,6841,"biphone","Z-M","type",1
"CMU",3,6841,"biphone","ZH-M","type",0
"CMU",3,6841,"biphone","Q-M","type",0
"CMU",3,6841,"biphone","AA-N","type",65
"CMU",3,6841,"biphone","AE-N","type",69
"CMU",3,6841,"biphone","AH-N","type",54
"CMU",3,6841,"biphone","AO-N","type",28
"CMU",3,6841,"biphone","AW-N","type",10
"CMU",3,6841,"biphone","AY-N","type",42
"CMU",3,6841,"biphone","EH-N","type",76
"CMU",3,6841,"biphone","ER-N","type",38
"CMU",3,6841,"biphone","EY-N","type",84
"CMU",3,6841,"biphone","IH-N","type",73
"CMU",3,6841,"biphone","IY-N","type",56
"CMU",3,6841,"biphone","OW-N","type",59
"CMU",3,6841,"biphone","OY-N","type",9
"CMU",3,6841,"biphone","UH-N","type",0
"CMU",3,6841,"biphone","UW-N","type",35
"CMU",3,6841,"biphone","AX-N","type",0
"CMU",3,6841,"biphone","AXR-N","type",0
"CMU",3,6841,"biphone","IX-N","type",0
"CMU",3,6841,"biphone","UX-N","type",0
"CMU",3,6841,"biphone","B-N","type",0
"CMU",3,6841,"biphone","CH-N","type",0
"CMU",3,6841,"biphone","D-N","type",0
"CMU",3,6841,"biphone","DH-N","type",0
"CMU",3,6841,"biphone","F-N","type",0
"CMU",3,6841,"biphone","G-N","type",0
"CMU",3,6841,"biphone","HH-N","type",0
"CMU",3,6841,"biphone","JH-N","type",0
"CMU",3,6841,"biphone","K-N","type",0
"CMU",3,6841,"biphone","L-N","type",0
"CMU",3,6841,"biphone","M-N","type",0
"CMU",3,6841,"biphone","N-N","type",0
"CMU",3,6841,"biphone","NG-N","type",0
"CMU",3,6841,"biphone","P-N","type",0
"CMU",3,6841,"biphone","R-N","type",6
"CMU",3,6841,"biphone","S-N","type",5
"CMU",3,6841,"biphone","SH-N","type",3
"CMU",3,6841,"biphone","T-N","type",0
"CMU",3,6841,"biphone","TH-N","type",1
"CMU",3,6841,"biphone","V-N","type",0
"CMU",3,6841,"biphone","W-N","type",0
"CMU",3,6841,"biphone","Y-N","type",0
"CMU",3,6841,"biphone","Z-N","type",0
"CMU",3,6841,"biphone","ZH-N","type",0
"CMU",3,6841,"biphone","Q-N","type",0
"CMU",3,6841,"biphone","AA-NG","type",7
"CMU",3,6841,"biphone","AE-NG","type",28
"CMU",3,6841,"biphone","AH-NG","type",18
"CMU",3,6841,"biphone","AO-NG","type",22
"CMU",3,6841,"biphone","AW-NG","type",0
"CMU",3,6841,"biphone","AY-NG","type",0
"CMU",3,6841,"biphone","EH-NG","type",20
"CMU",3,6841,"biphone","ER-NG","type",0
"CMU",3,6841,"biphone","EY-NG","type",1
"CMU",3,6841,"biphone","IH-NG","type",31
"CMU",3,6841,"biphone","IY-NG","type",0
"CMU",3,6841,"biphone","OW-NG","type",1
"CMU",3,6841,"biphone","OY-NG","type",0
"CMU",3,6841,"biphone","UH-NG","type",3
"CMU",3,6841,"biphone","UW-NG","type",6
"CMU",3,6841,"biphone","AX-NG","type",0
"CMU",3,6841,"biphone","AXR-NG","type",0
"CMU",3,6841,"biphone","IX-NG","type",0
"CMU",3,6841,"biphone","UX-NG","type",0
"CMU",3,6841,"biphone","B-NG","type",0
"CMU",3,6841,"biphone","CH-NG","type",0
"CMU",3,6841,"biphone","D-NG","type",0
"CMU",3,6841,"biphone","DH-NG","type",0
"CMU",3,6841,"biphone","F-NG","type",0
"CMU",3,6841,"biphone","G-NG","type",0
"CMU",3,6841,"biphone","HH-NG","type",0
"CMU",3,6841,"biphone","JH-NG","type",0
"CMU",3,6841,"biphone","K-NG","type",0
"CMU",3,6841,"biphone","L-NG","type",0
"CMU",3,6841,"biphone","M-NG","type",0
"CMU",3,6841,"biphone","N-NG","type",0
"CMU",3,6841,"biphone","NG-NG","type",0
"CMU",3,6841,"biphone","P-NG","type",0
"CMU",3,6841,"biphone","R-NG","type",0
"CMU",3,6841,"biphone","S-NG","type",0
"CMU",3,6841,"biphone","SH-NG","type",0
"CMU",3,6841,"biphone","T-NG","type",0
"CMU",3,6841,"biphone","TH-NG","type",0
"CMU",3,6841,"biphone","V-NG","type",0
"CMU",3,6841,"biphone","W-NG","type",0
"CMU",3,6841,"biphone","Y-NG","type",0
"CMU",3,6841,"biphone","Z-NG","type",0
"CMU",3,6841,"biphone","ZH-NG","type",0
"CMU",3,6841,"biphone","Q-NG","type",0
"CMU",3,6841,"biphone","AA-P","type",41
"CMU",3,6841,"biphone","AE-P","type",40
"CMU",3,6841,"biphone","AH-P","type",16
"CMU",3,6841,"biphone","AO-P","type",8
"CMU",3,6841,"biphone","AW-P","type",0
"CMU",3,6841,"biphone","AY-P","type",12
"CMU",3,6841,"biphone","EH-P","type",23
"CMU",3,6841,"biphone","ER-P","type",4
"CMU",3,6841,"biphone","EY-P","type",11
"CMU",3,6841,"biphone","IH-P","type",33
"CMU",3,6841,"biphone","IY-P","type",26
"CMU",3,6841,"biphone","OW-P","type",21
"CMU",3,6841,"biphone","OY-P","type",0
"CMU",3,6841,"biphone","UH-P","type",0
"CMU",3,6841,"biphone","UW-P","type",27
"CMU",3,6841,"biphone","AX-P","type",0
"CMU",3,6841,"biphone","AXR-P","type",0
"CMU",3,6841,"biphone","IX-P","type",0
"CMU",3,6841,"biphone","UX-P","type",0
"CMU",3,6841,"biphone","B-P","type",0
"CMU",3,6841,"biphone","CH-P","type",0
"CMU",3,6841,"biphone","D-P","type",0
"CMU",3,6841,"biphone","DH-P","type",0
"CMU",3,6841,"biphone","F-P","type",0
"CMU",3,6841,"biphone","G-P","type",0
"CMU",3,6841,"biphone","HH-P","type",0
"CMU",3,6841,"biphone","JH-P","type",0
"CMU",3,6841,"biphone","K-P","type",0
"CMU",3,6841,"biphone","L-P","type",0
"CMU",3,6841,"biphone","M-P","type",2
"CMU",3,6841,"biphone","N-P","type",0
"CMU",3,6841,"biphone","NG-P","type",0
"CMU",3,6841,"biphone","P-P","type",0
"CMU",3,6841,"biphone","R-P","type",1
"CMU",3,6841,"biphone","S-P","type",11
"CMU",3,6841,"biphone","SH-P","type",0
"CMU",3,6841,"biphone","T-P","type",0
"CMU",3,6841,"biphone","TH-P","type",0
"CMU",3,6841,"biphone","V-P","type",0
"CMU",3,6841,"biphone","W-P","type",0
"CMU",3,6841,"biphone","Y-P","type",0
"CMU",3,6841,"biphone","Z-P","type",0
"CMU",3,6841,"biphone","ZH-P","type",0
"CMU",3,6841,"biphone","Q-P","type",0
"CMU",3,6841,"biphone","AA-R","type",77
"CMU",3,6841,"biphone","AE-R","type",9
"CMU",3,6841,"biphone","AH-R","type",1
"CMU",3,6841,"biphone","AO-R","type",97
"CMU",3,6841,"biphone","AW-R","type",8
"CMU",3,6841,"biphone","AY-R","type",18
"CMU",3,6841,"biphone","EH-R","type",91
"CMU",3,6841,"biphone","ER-R","type",0
"CMU",3,6841,"biphone","EY-R","type",4
"CMU",3,6841,"biphone","IH-R","type",56
"CMU",3,6841,"biphone","IY-R","type",12
"CMU",3,6841,"biphone","OW-R","type",0
"CMU",3,6841,"biphone","OY-R","type",4
"CMU",3,6841,"biphone","UH-R","type",22
"CMU",3,6841,"biphone","UW-R","type",10
"CMU",3,6841,"biphone","AX-R","type",0
"CMU",3,6841,"biphone","AXR-R","type",0
"CMU",3,6841,"biphone","IX-R","type",0
"CMU",3,6841,"biphone","UX-R","type",0
"CMU",3,6841,"biphone","B-R","type",22
"CMU",3,6841,"biphone","CH-R","type",0
"CMU",3,6841,"biphone","D-R","type",7
"CMU",3,6841,"biphone","DH-R","type",0
"CMU",3,6841,"biphone","F-R","type",14
"CMU",3,6841,"biphone","G-R","type",15
"CMU",3,6841,"biphone","HH-R","type",0
"CMU",3,6841,"biphone","JH-R","type",0
"CMU",3,6841,"biphone","K-R","type",24
"CMU",3,6841,"biphone","L-R","type",0
"CMU",3,6841,"biphone","M-R","type",0
"CMU",3,6841,"biphone","N-R","type",0
"CMU",3,6841,"biphone","NG-R","type",0
"CMU",3,6841,"biphone","P-R","type",15
"CMU",3,6841,"biphone","R-R","type",0
"CMU",3,6841,"biphone","S-R","type",1
"CMU",3,6841,"biphone","SH-R","type",3
"CMU",3,6841,"biphone","T-R","type",14
"CMU",3,6841,"biphone","TH-R","type",5
"CMU",3,6841,"biphone","V-R","type",0
"CMU",3,6841,"biphone","W-R","type",0
"CMU",3,6841,"biphone","Y-R","type",0
"CMU",3,6841,"biphone","Z-R","type",0
"CMU",3,6841,"biphone","ZH-R","type",0
"CMU",3,6841,"biphone","Q-R","type",0
"CMU",3,6841,"biphone","AA-S","type",30
"CMU",3,6841,"biphone","AE-S","type",34
"CMU",3,6841,"biphone","AH-S","type",27
"CMU",3,6841,"biphone","AO-S","type",32
"CMU",3,6841,"biphone","AW-S","type",20
"CMU",3,6841,"biphone","AY-S","type",38
"CMU",3,6841,"biphone","EH-S","type",34
"CMU",3,6841,"biphone","ER-S","type",26
"CMU",3,6841,"biphone","EY-S","type",25
"CMU",3,6841,"biphone","IH-S","type",32
"CMU",3,6841,"biphone","IY-S","type",47
"CMU",3,6841,"biphone","OW-S","type",17
"CMU",3,6841,"biphone","OY-S","type",12
"CMU",3,6841,"biphone","UH-S","type",1
"CMU",3,6841,"biphone","UW-S","type",24
"CMU",3,6841,"biphone","AX-S","type",0
"CMU",3,6841,"biphone","AXR-S","type",0
"CMU",3,6841,"biphone","IX-S","type",0
"CMU",3,6841,"biphone","UX-S","type",0
"CMU",3,6841,"biphone","B-S","type",0
"CMU",3,6841,"biphone","CH-S","type",0
"CMU",3,6841,"biphone","D-S","type",1
"CMU",3,6841,"biphone","DH-S","type",0
"CMU",3,6841,"biphone","F-S","type",7
"CMU",3,6841,"biphone","G-S","type",0
"CMU",3,6841,"biphone","HH-S","type",0
"CMU",3,6841,"biphone","JH-S","type",0
"CMU",3,6841,"biphone","K-S","type",22
"CMU",3,6841,"biphone","L-S","type",2
"CMU",3,6841,"biphone","M-S","type",0
"CMU",3,6841,"biphone","N-S","type",3
"CMU",3,6841,"biphone","NG-S","type",0
"CMU",3,6841,"biphone","P-S","type",11
"CMU",3,6841,"biphone","R-S","type",2
"CMU",3,6841,"biphone","S-S","type",0
"CMU",3,6841,"biphone","SH-S","type",0
"CMU",3,6841,"biphone","T-S","type",22
"CMU",3,6841,"biphone","TH-S","type",3
"CMU",3,6841,"biphone","V-S","type",0
"CMU",3,6841,"biphone","W-S","type",0
"CMU",3,6841,"biphone","Y-S","type",0
"CMU",3,6841,"biphone","Z-S","type",0
"CMU",3,6841,"biphone","ZH-S","type",0
"CMU",3,6841,"biphone","Q-S","type",0
"CMU",3,6841,"biphone","AA-SH","type",16
"CMU",3,6841,"biphone","AE-SH","type",29
"CMU",3,6841,"biphone","AH-SH","type",17
"CMU",3,6841,"biphone","AO-SH","type",13
"CMU",3,6841,"biphone","AW-SH","type",8
"CMU",3,6841,"biphone","AY-SH","type",10
"CMU",3,6841,"biphone","EH-SH","type",16
"CMU",3,6841,"biphone","ER-SH","type",16
"CMU",3,6841,"biphone","EY-SH","type",2
"CMU",3,6841,"biphone","IH-SH","type",25
"CMU",3,6841,"biphone","IY-SH","type",7
"CMU",3,6841,"biphone","OW-SH","type",12
"CMU",3,6841,"biphone","OY-SH","type",1
"CMU",3,6841,"biphone","UH-SH","type",6
"CMU",3,6841,"biphone","UW-SH","type",5
"CMU",3,6841,"biphone","AX-SH","type",0
"CMU",3,6841,"biphone","AXR-SH","type",0
"CMU",3,6841,"biphone","IX-SH","type",0
"CMU",3,6841,"biphone","UX-SH","type",0
"CMU",3,6841,"biphone","B-SH","type",0
"CMU",3,6841,"biphone","CH-SH","type",0
"CMU",3,6841,"biphone","D-SH","type",0
"CMU",3,6841,"biphone","DH-SH","type",0
"CMU",3,6841,"biphone","F-SH","type",0
"CMU",3,6841,"biphone","G-SH","type",0
"CMU",3,6841,"biphone","HH-SH","type",0
"CMU",3,6841,"biphone","JH-SH","type",0
"CMU",3,6841,"biphone","K-SH","type",0
"CMU",3,6841,"biphone","L-SH","type",1
"CMU",3,6841,"biphone","M-SH","type",0
"CMU",3,6841,"biphone","N-SH","type",1
"CMU",3,6841,"biphone","NG-SH","type",0
"CMU",3,6841,"biphone","P-SH","type",1
"CMU",3,6841,"biphone","R-SH","type",0
"CMU",3,6841,"biphone","S-SH","type",0
"CMU",3,6841,"biphone","SH-SH","type",0
"CMU",3,6841,"biphone","T-SH","type",0
"CMU",3,6841,"biphone","TH-SH","type",0
"CMU",3,6841,"biphone","V-SH","type",0
"CMU",3,6841,"biphone","W-SH","type",0
"CMU",3,6841,"biphone","Y-SH","type",0
"CMU",3,6841,"biphone","Z-SH","type",0
"CMU",3,6841,"biphone","ZH-SH","type",0
"CMU",3,6841,"biphone","Q-SH","type",0
"CMU",3,6841,"biphone","AA-T","type",47
"CMU",3,6841,"biphone","AE-T","type",35
"CMU",3,6841,"biphone","AH-T","type",29
"CMU",3,6841,"biphone","AO-T","type",24
"CMU",3,6841,"biphone","AW-T","type",20
"CMU",3,6841,"biphone","AY-T","type",37
"CMU",3,6841,"biphone","EH-T","type",37
"CMU",3,6841,"biphone","ER-T","type",27
"CMU",3,6841,"biphone","EY-T","type",43
"CMU",3,6841,"biphone","IH-T","type",35
"CMU",3,6841,"biphone","IY-T","type",33
"CMU",3,6841,"biphone","OW-T","type",26
"CMU",3,6841,"biphone","OY-T","type",9
"CMU",3,6841,"biphone","UH-T","type",4
"CMU",3,6841,"biphone","UW-T","type",30
"CMU",3,6841,"biphone","AX-T","type",0
"CMU",3,6841,"biphone","AXR-T","type",0
"CMU",3,6841,"biphone","IX-T","type",0
"CMU",3,6841,"biphone","UX-T","type",0
"CMU",3,6841,"biphone","B-T","type",1
"CMU",3,6841,"biphone","CH-T","type",1
"CMU",3,6841,"biphone","D-T","type",0
"CMU",3,6841,"biphone","DH-T","type",0
"CMU",3,6841,"biphone","F-T","type",2
"CMU",3,6841,"biphone","G-T","type",0
"CMU",3,6841,"biphone","HH-T","type",0
"CMU",3,6841,"biphone","JH-T","type",0
"CMU",3,6841,"biphone","K-T","type",5
"CMU",3,6841,"biphone","L-T","type",4
"CMU",3,6841,"biphone","M-T","type",1
"CMU",3,6841,"biphone","N-T","type",5
"CMU",3,6841,"biphone","NG-T","type",0
"CMU",3,6841,"biphone","P-T","type",3
"CMU",3,6841,"biphone","R-T","type",3
"CMU",3,6841,"biphone","S-T","type",22
"CMU",3,6841,"biphone","SH-T","type",0
"CMU",3,6841,"biphone","T-T","type",0
"CMU",3,6841,"biphone","TH-T","type",0
"CMU",3,6841,"biphone","V-T","type",0
"CMU",3,6841,"biphone","W-T","type",0
"CMU",3,6841,"biphone","Y-T","type",0
"CMU",3,6841,"biphone","Z-T","type",0
"CMU",3,6841,"biphone","ZH-T","type",0
"CMU",3,6841,"biphone","Q-T","type",0
"CMU",3,6841,"biphone","AA-TH","type",12
"CMU",3,6841,"biphone","AE-TH","type",15
"CMU",3,6841,"biphone","AH-TH","type",0
"CMU",3,6841,"biphone","AO-TH","type",10
"CMU",3,6841,"biphone","AW-TH","type",4
"CMU",3,6841,"biphone","AY-TH","type",3
"CMU",3,6841,"biphone","EH-TH","type",9
"CMU",3,6841,"biphone","ER-TH","type",20
"CMU",3,6841,"biphone","EY-TH","type",5
"CMU",3,6841,"biphone","IH-TH","type",10
"CMU",3,6841,"biphone","IY-TH","type",20
"CMU",3,6841,"biphone","OW-TH","type",6
"CMU",3,6841,"biphone","OY-TH","type",0
"CMU",3,6841,"biphone","UH-TH","type",0
"CMU",3,6841,"biphone","UW-TH","type",13
"CMU",3,6841,"biphone","AX-TH","type",0
"CMU",3,6841,"biphone","AXR-TH","type",0
"CMU",3,6841,"biphone","IX-TH","type",0
"CMU",3,6841,"biphone","UX-TH","type",0
"CMU",3,6841,"biphone","B-TH","type",0
"CMU",3,6841,"biphone","CH-TH","type",0
"CMU",3,6841,"biphone","D-TH","type",0
"CMU",3,6841,"biphone","DH-TH","type",0
"CMU",3,6841,"biphone","F-TH","type",0
"CMU",3,6841,"biphone","G-TH","type",0
"CMU",3,6841,"biphone","HH-TH","type",0
"CMU",3,6841,"biphone","JH-TH","type",0
"CMU",3,6841,"biphone","K-TH","type",0
"CMU",3,6841,"biphone","L-TH","type",0
"CMU",3,6841,"biphone","M-TH","type",0
"CMU",3,6841,"biphone","N-TH","type",1
"CMU",3,6841,"biphone","NG-TH","type",0
"CMU",3,6841,"biphone","P-TH","type",0
"CMU",3,6841,"biphone","R-TH","type",2
"CMU",3,6841,"biphone","S-TH","type",0
"CMU",3,6841,"biphone","SH-TH","type",0
"CMU",3,6841,"biphone","T-TH","type",1
"CMU",3,6841,"biphone","TH-TH","type",0
"CMU",3,6841,"biphone","V-TH","type",0
"CMU",3,6841,"biphone","W-TH","type",0
"CMU",3,6841,"biphone","Y-TH","type",0
"CMU",3,6841,"biphone","Z-TH","type",0
"CMU",3,6841,"biphone","ZH-TH","type",0
"CMU",3,6841,"biphone","Q-TH","type",0
"CMU",3,6841,"biphone","AA-V","type",5
"CMU",3,6841,"biphone","AE-V","type",3
"CMU",3,6841,"biphone","AH-V","type",5
"CMU",3,6841,"biphone","AO-V","type",2
"CMU",3,6841,"biphone","AW-V","type",0
"CMU",3,6841,"biphone","AY-V","type",15
"CMU",3,6841,"biphone","EH-V","type",6
"CMU",3,6841,"biphone","ER-V","type",10
"CMU",3,6841,"biphone","EY-V","type",22
"CMU",3,6841,"biphone","IH-V","type",7
"CMU",3,6841,"biphone","IY-V","type",19
"CMU",3,6841,"biphone","OW-V","type",13
"CMU",3,6841,"biphone","OY-V","type",0
"CMU",3,6841,"biphone","UH-V","type",0
"CMU",3,6841,"biphone","UW-V","type",5
"CMU",3,6841,"biphone","AX-V","type",0
"CMU",3,6841,"biphone","AXR-V","type",0
"CMU",3,6841,"biphone","IX-V","type",0
"CMU",3,6841,"biphone","UX-V","type",0
"CMU",3,6841,"biphone","B-V","type",0
"CMU",3,6841,"biphone","CH-V","type",0
"CMU",3,6841,"biphone","D-V","type",0
"CMU",3,6841,"biphone","DH-V","type",0
"CMU",3,6841,"biphone","F-V","type",0
"CMU",3,6841,"biphone","G-V","type",0
"CMU",3,6841,"biphone","HH-V","type",0
"CMU",3,6841,"biphone","JH-V","type",0
"CMU",3,6841,"biphone","K-V","type",0
"CMU",3,6841,"biphone","L-V","type",0
"CMU",3,6841,"biphone","M-V","type",0
"CMU",3,6841,"biphone","N-V","type",0
"CMU",3,6841,"biphone","NG-V","type",0
"CMU",3,6841,"biphone","P-V","type",0
"CMU",3,6841,"biphone","R-V","type",1
"CMU",3,6841,"biphone","S-V","type",0
"CMU",3,6841,"biphone","SH-V","type",0
"CMU",3,6841,"biphone","T-V","type",0
"CMU",3,6841,"biphone","TH-V","type",0
"CMU",3,6841,"biphone","V-V","type",0
"CMU",3,6841,"biphone","W-V","type",0
"CMU",3,6841,"biphone","Y-V","type",0
"CMU",3,6841,"biphone","Z-V","type",0
"CMU",3,6841,"biphone","ZH-V","type",0
"CMU",3,6841,"biphone","Q-V","type",0
"CMU",3,6841,"biphone","AA-W","type",0
"CMU",3,6841,"biphone","AE-W","type",0
"CMU",3,6841,"biphone","AH-W","type",1
"CMU",3,6841,"biphone","AO-W","type",0
"CMU",3,6841,"biphone","AW-W","type",1
"CMU",3,6841,"biphone","AY-W","type",3
"CMU",3,6841,"biphone","EH-W","type",0
"CMU",3,6841,"biphone","ER-W","type",1
"CMU",3,6841,"biphone","EY-W","type",0
"CMU",3,6841,"biphone","IH-W","type",0
"CMU",3,6841,"biphone","IY-W","type",0
"CMU",3,6841,"biphone","OW-W","type",0
"CMU",3,6841,"biphone","OY-W","type",0
"CMU",3,6841,"biphone","UH-W","type",0
"CMU",3,6841,"biphone","UW-W","type",4
"CMU",3,6841,"biphone","AX-W","type",0
"CMU",3,6841,"biphone","AXR-W","type",0
"CMU",3,6841,"biphone","IX-W","type",0
"CMU",3,6841,"biphone","UX-W","type",0
"CMU",3,6841,"biphone","B-W","type",4
"CMU",3,6841,"biphone","CH-W","type",0
"CMU",3,6841,"biphone","D-W","type",0
"CMU",3,6841,"biphone","DH-W","type",0
"CMU",3,6841,"biphone","F-W","type",1
"CMU",3,6841,"biphone","G-W","type",1
"CMU",3,6841,"biphone","HH-W","type",8
"CMU",3,6841,"biphone","JH-W","type",0
"CMU",3,6841,"biphone","K-W","type",6
"CMU",3,6841,"biphone","L-W","type",2
"CMU",3,6841,"biphone","M-W","type",1
"CMU",3,6841,"biphone","N-W","type",0
"CMU",3,6841,"biphone","NG-W","type",0
"CMU",3,6841,"biphone","P-W","type",0
"CMU",3,6841,"biphone","R-W","type",0
"CMU",3,6841,"biphone","S-W","type",3
"CMU",3,6841,"biphone","SH-W","type",1
"CMU",3,6841,"biphone","T-W","type",1
"CMU",3,6841,"biphone","TH-W","type",0
"CMU",3,6841,"biphone","V-W","type",0
"CMU",3,6841,"biphone","W-W","type",0
"CMU",3,6841,"biphone","Y-W","type",0
"CMU",3,6841,"biphone","Z-W","type",0
"CMU",3,6841,"biphone","ZH-W","type",1
"CMU",3,6841,"biphone","Q-W","type",0
"CMU",3,6841,"biphone","AA-Y","type",0
"CMU",3,6841,"biphone","AE-Y","type",0
"CMU",3,6841,"biphone","AH-Y","type",0
"CMU",3,6841,"biphone","AO-Y","type",0
"CMU",3,6841,"biphone","AW-Y","type",0
"CMU",3,6841,"biphone","AY-Y","type",0
"CMU",3,6841,"biphone","EH-Y","type",0
"CMU",3,6841,"biphone","ER-Y","type",0
"CMU",3,6841,"biphone","EY-Y","type",0
"CMU",3,6841,"biphone","IH-Y","type",0
"CMU",3,6841,"biphone","IY-Y","type",0
"CMU",3,6841,"biphone","OW-Y","type",1
"CMU",3,6841,"biphone","OY-Y","type",0
"CMU",3,6841,"biphone","UH-Y","type",0
"CMU",3,6841,"biphone","UW-Y","type",0
"CMU",3,6841,"biphone","AX-Y","type",0
"CMU",3,6841,"biphone","AXR-Y","type",0
"CMU",3,6841,"biphone","IX-Y","type",0
"CMU",3,6841,"biphone","UX-Y","type",0
"CMU",3,6841,"biphone","B-Y","type",0
"CMU",3,6841,"biphone","CH-Y","type",0
"CMU",3,6841,"biphone","D-Y","type",1
"CMU",3,6841,"biphone","DH-Y","type",0
"CMU",3,6841,"biphone","F-Y","type",2
"CMU",3,6841,"biphone","G-Y","type",1
"CMU",3,6841,"biphone","HH-Y","type",5
"CMU",3,6841,"biphone","JH-Y","type",0
"CMU",3,6841,"biphone","K-Y","type",8
"CMU",3,6841,"biphone","L-Y","type",2
"CMU",3,6841,"biphone","M-Y","type",1
"CMU",3,6841,"biphone","N-Y","type",2
"CMU",3,6841,"biphone","NG-Y","type",0
"CMU",3,6841,"biphone","P-Y","type",3
"CMU",3,6841,"biphone","R-Y","type",0
"CMU",3,6841,"biphone","S-Y","type",0
"CMU",3,6841,"biphone","SH-Y","type",1
"CMU",3,6841,"biphone","T-Y","type",0
"CMU",3,6841,"biphone","TH-Y","type",0
"CMU",3,6841,"biphone","V-Y","type",2
"CMU",3,6841,"biphone","W-Y","type",0
"CMU",3,6841,"biphone","Y-Y","type",0
"CMU",3,6841,"biphone","Z-Y","type",0
"CMU",3,6841,"biphone","ZH-Y","type",0
"CMU",3,6841,"biphone","Q-Y","type",0
"CMU",3,6841,"biphone","AA-Z","type",25
"CMU",3,6841,"biphone","AE-Z","type",9
"CMU",3,6841,"biphone","AH-Z","type",7
"CMU",3,6841,"biphone","AO-Z","type",29
"CMU",3,6841,"biphone","AW-Z","type",26
"CMU",3,6841,"biphone","AY-Z","type",47
"CMU",3,6841,"biphone","EH-Z","type",12
"CMU",3,6841,"biphone","ER-Z","type",27
"CMU",3,6841,"biphone","EY-Z","type",83
"CMU",3,6841,"biphone","IH-Z","type",19
"CMU",3,6841,"biphone","IY-Z","type",103
"CMU",3,6841,"biphone","OW-Z","type",56
"CMU",3,6841,"biphone","OY-Z","type",18
"CMU",3,6841,"biphone","UH-Z","type",0
"CMU",3,6841,"biphone","UW-Z","type",62
"CMU",3,6841,"biphone","AX-Z","type",0
"CMU",3,6841,"biphone","AXR-Z","type",0
"CMU",3,6841,"biphone","IX-Z","type",0
"CMU",3,6841,"biphone","UX-Z","type",0
"CMU",3,6841,"biphone","B-Z","type",6
"CMU",3,6841,"biphone","CH-Z","type",0
"CMU",3,6841,"biphone","D-Z","type",20
"CMU",3,6841,"biphone","DH-Z","type",1
"CMU",3,6841,"biphone","F-Z","type",0
"CMU",3,6841,"biphone","G-Z","type",2
"CMU",3,6841,"biphone","HH-Z","type",0
"CMU",3,6841,"biphone","JH-Z","type",0
"CMU",3,6841,"biphone","K-Z","type",0
"CMU",3,6841,"biphone","L-Z","type",30
"CMU",3,6841,"biphone","M-Z","type",15
"CMU",3,6841,"biphone","N-Z","type",20
"CMU",3,6841,"biphone","NG-Z","type",0
"CMU",3,6841,"biphone","P-Z","type",0
"CMU",3,6841,"biphone","R-Z","type",19
"CMU",3,6841,"biphone","S-Z","type",0
"CMU",3,6841,"biphone","SH-Z","type",0
"CMU",3,6841,"biphone","T-Z","type",0
"CMU",3,6841,"biphone","TH-Z","type",0
"CMU",3,6841,"biphone","V-Z","type",3
"CMU",3,6841,"biphone","W-Z","type",0
"CMU",3,6841,"biphone","Y-Z","type",0
"CMU",3,6841,"biphone","Z-Z","type",0
"CMU",3,6841,"biphone","ZH-Z","type",0
"CMU",3,6841,"biphone","Q-Z","type",0
"CMU",3,6841,"biphone","AA-ZH","type",2
"CMU",3,6841,"biphone","AE-ZH","type",1
"CMU",3,6841,"biphone","AH-ZH","type",0
"CMU",3,6841,"biphone","AO-ZH","type",0
"CMU",3,6841,"biphone","AW-ZH","type",0
"CMU",3,6841,"biphone","AY-ZH","type",0
"CMU",3,6841,"biphone","EH-ZH","type",0
"CMU",3,6841,"biphone","ER-ZH","type",0
"CMU",3,6841,"biphone","EY-ZH","type",2
"CMU",3,6841,"biphone","IH-ZH","type",0
"CMU",3,6841,"biphone","IY-ZH","type",0
"CMU",3,6841,"biphone","OW-ZH","type",0
"CMU",3,6841,"biphone","OY-ZH","type",0
"CMU",3,6841,"biphone","UH-ZH","type",0
"CMU",3,6841,"biphone","UW-ZH","type",1
"CMU",3,6841,"biphone","AX-ZH","type",0
"CMU",3,6841,"biphone","AXR-ZH","type",0
"CMU",3,6841,"biphone","IX-ZH","type",0
"CMU",3,6841,"biphone","UX-ZH","type",0
"CMU",3,6841,"biphone","B-ZH","type",0
"CMU",3,6841,"biphone","CH-ZH","type",0
"CMU",3,6841,"biphone","D-ZH","type",0
"CMU",3,6841,"biphone","DH-ZH","type",0
"CMU",3,6841,"biphone","F-ZH","type",0
"CMU",3,6841,"biphone","G-ZH","type",0
"CMU",3,6841,"biphone","HH-ZH","type",0
"CMU",3,6841,"biphone","JH-ZH","type",0
"CMU",3,6841,"biphone","K-ZH","type",0
"CMU",3,6841,"biphone","L-ZH","type",0
"CMU",3,6841,"biphone","M-ZH","type",0
"CMU",3,6841,"biphone","N-ZH","type",0
"CMU",3,6841,"biphone","NG-ZH","type",0
"CMU",3,6841,"biphone","P-ZH","type",0
"CMU",3,6841,"biphone","R-ZH","type",0
"CMU",3,6841,"biphone","S-ZH","type",0
"CMU",3,6841,"biphone","SH-ZH","type",0
"CMU",3,6841,"biphone","T-ZH","type",0
"CMU",3,6841,"biphone","TH-ZH","type",0
"CMU",3,6841,"biphone","V-ZH","type",0
"CMU",3,6841,"biphone","W-ZH","type",0
"CMU",3,6841,"biphone","Y-ZH","type",0
"CMU",3,6841,"biphone","Z-ZH","type",0
"CMU",3,6841,"biphone","ZH-ZH","type",0
"CMU",3,6841,"biphone","Q-ZH","type",0
"CMU",3,6841,"biphone","AA-Q","type",0
"CMU",3,6841,"biphone","AE-Q","type",0
"CMU",3,6841,"biphone","AH-Q","type",0
"CMU",3,6841,"biphone","AO-Q","type",0
"CMU",3,6841,"biphone","AW-Q","type",0
"CMU",3,6841,"biphone","AY-Q","type",0
"CMU",3,6841,"biphone","EH-Q","type",0
"CMU",3,6841,"biphone","ER-Q","type",0
"CMU",3,6841,"biphone","EY-Q","type",0
"CMU",3,6841,"biphone","IH-Q","type",0
"CMU",3,6841,"biphone","IY-Q","type",0
"CMU",3,6841,"biphone","OW-Q","type",0
"CMU",3,6841,"biphone","OY-Q","type",0
"CMU",3,6841,"biphone","UH-Q","type",0
"CMU",3,6841,"biphone","UW-Q","type",0
"CMU",3,6841,"biphone","AX-Q","type",0
"CMU",3,6841,"biphone","AXR-Q","type",0
"CMU",3,6841,"biphone","IX-Q","type",0
"CMU",3,6841,"biphone","UX-Q","type",0
"CMU",3,6841,"biphone","B-Q","type",0
"CMU",3,6841,"biphone","CH-Q","type",0
"CMU",3,6841,"biphone","D-Q","type",0
"CMU",3,6841,"biphone","DH-Q","type",0
"CMU",3,6841,"biphone","F-Q","type",0
"CMU",3,6841,"biphone","G-Q","type",0
"CMU",3,6841,"biphone","HH-Q","type",0
"CMU",3,6841,"biphone","JH-Q","type",0
"CMU",3,6841,"biphone","K-Q","type",0
"CMU",3,6841,"biphone","L-Q","type",0
"CMU",3,6841,"biphone","M-Q","type",0
"CMU",3,6841,"biphone","N-Q","type",0
"CMU",3,6841,"biphone","NG-Q","type",0
"CMU",3,6841,"biphone","P-Q","type",0
"CMU",3,6841,"biphone","R-Q","type",0
"CMU",3,6841,"biphone","S-Q","type",0
"CMU",3,6841,"biphone","SH-Q","type",0
"CMU",3,6841,"biphone","T-Q","type",0
"CMU",3,6841,"biphone","TH-Q","type",0
"CMU",3,6841,"biphone","V-Q","type",0
"CMU",3,6841,"biphone","W-Q","type",0
"CMU",3,6841,"biphone","Y-Q","type",0
"CMU",3,6841,"biphone","Z-Q","type",0
"CMU",3,6841,"biphone","ZH-Q","type",0
"CMU",3,6841,"biphone","Q-Q","type",0
"CMU",4,16335,"biphone","AA-AA","type",1
"CMU",4,16335,"biphone","AE-AA","type",0
"CMU",4,16335,"biphone","AH-AA","type",0
"CMU",4,16335,"biphone","AO-AA","type",0
"CMU",4,16335,"biphone","AW-AA","type",0
"CMU",4,16335,"biphone","AY-AA","type",7
"CMU",4,16335,"biphone","EH-AA","type",0
"CMU",4,16335,"biphone","ER-AA","type",12
"CMU",4,16335,"biphone","EY-AA","type",4
"CMU",4,16335,"biphone","IH-AA","type",1
"CMU",4,16335,"biphone","IY-AA","type",28
"CMU",4,16335,"biphone","OW-AA","type",5
"CMU",4,16335,"biphone","OY-AA","type",2
"CMU",4,16335,"biphone","UH-AA","type",0
"CMU",4,16335,"biphone","UW-AA","type",3
"CMU",4,16335,"biphone","AX-AA","type",0
"CMU",4,16335,"biphone","AXR-AA","type",0
"CMU",4,16335,"biphone","IX-AA","type",0
"CMU",4,16335,"biphone","UX-AA","type",0
"CMU",4,16335,"biphone","B-AA","type",117
"CMU",4,16335,"biphone","CH-AA","type",16
"CMU",4,16335,"biphone","D-AA","type",83
"CMU",4,16335,"biphone","DH-AA","type",0
"CMU",4,16335,"biphone","F-AA","type",50
"CMU",4,16335,"biphone","G-AA","type",51
"CMU",4,16335,"biphone","HH-AA","type",76
"CMU",4,16335,"biphone","JH-AA","type",33
"CMU",4,16335,"biphone","K-AA","type",157
"CMU",4,16335,"biphone","L-AA","type",139
"CMU",4,16335,"biphone","M-AA","type",113
"CMU",4,16335,"biphone","N-AA","type",47
"CMU",4,16335,"biphone","NG-AA","type",0
"CMU",4,16335,"biphone","P-AA","type",68
"CMU",4,16335,"biphone","R-AA","type",170
"CMU",4,16335,"biphone","S-AA","type",75
"CMU",4,16335,"biphone","SH-AA","type",53
"CMU",4,16335,"biphone","T-AA","type",68
"CMU",4,16335,"biphone","TH-AA","type",8
"CMU",4,16335,"biphone","V-AA","type",19
"CMU",4,16335,"biphone","W-AA","type",82
"CMU",4,16335,"biphone","Y-AA","type",35
"CMU",4,16335,"biphone","Z-AA","type",25
"CMU",4,16335,"biphone","ZH-AA","type",6
"CMU",4,16335,"biphone","Q-AA","type",0
"CMU",4,16335,"biphone","AA-AE","type",0
"CMU",4,16335,"biphone","AE-AE","type",0
"CMU",4,16335,"biphone","AH-AE","type",0
"CMU",4,16335,"biphone","AO-AE","type",0
"CMU",4,16335,"biphone","AW-AE","type",0
"CMU",4,16335,"biphone","AY-AE","type",20
"CMU",4,16335,"biphone","EH-AE","type",0
"CMU",4,16335,"biphone","ER-AE","type",12
"CMU",4,16335,"biphone","EY-AE","type",1
"CMU",4,16335,"biphone","IH-AE","type",0
"CMU",4,16335,"biphone","IY-AE","type",16
"CMU",4,16335,"biphone","OW-AE","type",4
"CMU",4,16335,"biphone","OY-AE","type",1
"CMU",4,16335,"biphone","UH-AE","type",0
"CMU",4,16335,"biphone","UW-AE","type",2
"CMU",4,16335,"biphone","AX-AE","type",0
"CMU",4,16335,"biphone","AXR-AE","type",0
"CMU",4,16335,"biphone","IX-AE","type",0
"CMU",4,16335,"biphone","UX-AE","type",0
"CMU",4,16335,"biphone","B-AE","type",71
"CMU",4,16335,"biphone","CH-AE","type",21
"CMU",4,16335,"biphone","D-AE","type",52
"CMU",4,16335,"biphone","DH-AE","type",1
"CMU",4,16335,"biphone","F-AE","type",27
"CMU",4,16335,"biphone","G-AE","type",52
"CMU",4,16335,"biphone","HH-AE","type",80
"CMU",4,16335,"biphone","JH-AE","type",44
"CMU",4,16335,"biphone","K-AE","type",122
"CMU",4,16335,"biphone","L-AE","type",170
"CMU",4,16335,"biphone","M-AE","type",106
"CMU",4,16335,"biphone","N-AE","type",53
"CMU",4,16335,"biphone","NG-AE","type",0
"CMU",4,16335,"biphone","P-AE","type",67
"CMU",4,16335,"biphone","R-AE","type",158
"CMU",4,16335,"biphone","S-AE","type",71
"CMU",4,16335,"biphone","SH-AE","type",32
"CMU",4,16335,"biphone","T-AE","type",69
"CMU",4,16335,"biphone","TH-AE","type",7
"CMU",4,16335,"biphone","V-AE","type",35
"CMU",4,16335,"biphone","W-AE","type",34
"CMU",4,16335,"biphone","Y-AE","type",18
"CMU",4,16335,"biphone","Z-AE","type",22
"CMU",4,16335,"biphone","ZH-AE","type",0
"CMU",4,16335,"biphone","Q-AE","type",0
"CMU",4,16335,"biphone","AA-AH","type",3
"CMU",4,16335,"biphone","AE-AH","type",0
"CMU",4,16335,"biphone","AH-AH","type",0
"CMU",4,16335,"biphone","AO-AH","type",5
"CMU",4,16335,"biphone","AW-AH","type",22
"CMU",4,16335,"biphone","AY-AH","type",69
"CMU",4,16335,"biphone","EH-AH","type",0
"CMU",4,16335,"biphone","ER-AH","type",18
"CMU",4,16335,"biphone","EY-AH","type",20
"CMU",4,16335,"biphone","IH-AH","type",0
"CMU",4,16335,"biphone","IY-AH","type",53
"CMU",4,16335,"biphone","OW-AH","type",36
"CMU",4,16335,"biphone","OY-AH","type",13
"CMU",4,16335,"biphone","UH-AH","type",0
"CMU",4,16335,"biphone","UW-AH","type",32
"CMU",4,16335,"biphone","AX-AH","type",0
"CMU",4,16335,"biphone","AXR-AH","type",0
"CMU",4,16335,"biphone","IX-AH","type",0
"CMU",4,16335,"biphone","UX-AH","type",0
"CMU",4,16335,"biphone","B-AH","type",153
"CMU",4,16335,"biphone","CH-AH","type",37
"CMU",4,16335,"biphone","D-AH","type",171
"CMU",4,16335,"biphone","DH-AH","type",4
"CMU",4,16335,"biphone","F-AH","type",44
"CMU",4,16335,"biphone","G-AH","type",88
"CMU",4,16335,"biphone","HH-AH","type",65
"CMU",4,16335,"biphone","JH-AH","type",28
"CMU",4,16335,"biphone","K-AH","type",154
"CMU",4,16335,"biphone","L-AH","type",252
"CMU",4,16335,"biphone","M-AH","type",203
"CMU",4,16335,"biphone","N-AH","type",187
"CMU",4,16335,"biphone","NG-AH","type",4
"CMU",4,16335,"biphone","P-AH","type",74
"CMU",4,16335,"biphone","R-AH","type",266
"CMU",4,16335,"biphone","S-AH","type",124
"CMU",4,16335,"biphone","SH-AH","type",61
"CMU",4,16335,"biphone","T-AH","type",154
"CMU",4,16335,"biphone","TH-AH","type",17
"CMU",4,16335,"biphone","V-AH","type",52
"CMU",4,16335,"biphone","W-AH","type",31
"CMU",4,16335,"biphone","Y-AH","type",31
"CMU",4,16335,"biphone","Z-AH","type",48
"CMU",4,16335,"biphone","ZH-AH","type",5
"CMU",4,16335,"biphone","Q-AH","type",0
"CMU",4,16335,"biphone","AA-AO","type",0
"CMU",4,16335,"biphone","AE-AO","type",0
"CMU",4,16335,"biphone","AH-AO","type",0
"CMU",4,16335,"biphone","AO-AO","type",0
"CMU",4,16335,"biphone","AW-AO","type",0
"CMU",4,16335,"biphone","AY-AO","type",1
"CMU",4,16335,"biphone","EH-AO","type",0
"CMU",4,16335,"biphone","ER-AO","type",6
"CMU",4,16335,"biphone","EY-AO","type",6
"CMU",4,16335,"biphone","IH-AO","type",0
"CMU",4,16335,"biphone","IY-AO","type",4
"CMU",4,16335,"biphone","OW-AO","type",1
"CMU",4,16335,"biphone","OY-AO","type",0
"CMU",4,16335,"biphone","UH-AO","type",0
"CMU",4,16335,"biphone","UW-AO","type",7
"CMU",4,16335,"biphone","AX-AO","type",0
"CMU",4,16335,"biphone","AXR-AO","type",0
"CMU",4,16335,"biphone","IX-AO","type",0
"CMU",4,16335,"biphone","UX-AO","type",0
"CMU",4,16335,"biphone","B-AO","type",64
"CMU",4,16335,"biphone","CH-AO","type",11
"CMU",4,16335,"biphone","D-AO","type",54
"CMU",4,16335,"biphone","DH-AO","type",0
"CMU",4,16335,"biphone","F-AO","type",47
"CMU",4,16335,"biphone","G-AO","type",38
"CMU",4,16335,"biphone","HH-AO","type",43
"CMU",4,16335,"biphone","JH-AO","type",5
"CMU",4,16335,"biphone","K-AO","type",88
"CMU",4,16335,"biphone","L-AO","type",99
"CMU",4,16335,"biphone","M-AO","type",65
"CMU",4,16335,"biphone","N-AO","type",23
"CMU",4,16335,"biphone","NG-AO","type",0
"CMU",4,16335,"biphone","P-AO","type",44
"CMU",4,16335,"biphone","R-AO","type",97
"CMU",4,16335,"biphone","S-AO","type",46
"CMU",4,16335,"biphone","SH-AO","type",33
"CMU",4,16335,"biphone","T-AO","type",56
"CMU",4,16335,"biphone","TH-AO","type",9
"CMU",4,16335,"biphone","V-AO","type",10
"CMU",4,16335,"biphone","W-AO","type",68
"CMU",4,16335,"biphone","Y-AO","type",13
"CMU",4,16335,"biphone","Z-AO","type",7
"CMU",4,16335,"biphone","ZH-AO","type",0
"CMU",4,16335,"biphone","Q-AO","type",0
"CMU",4,16335,"biphone","AA-AW","type",0
"CMU",4,16335,"biphone","AE-AW","type",0
"CMU",4,16335,"biphone","AH-AW","type",0
"CMU",4,16335,"biphone","AO-AW","type",0
"CMU",4,16335,"biphone","AW-AW","type",0
"CMU",4,16335,"biphone","AY-AW","type",1
"CMU",4,16335,"biphone","EH-AW","type",0
"CMU",4,16335,"biphone","ER-AW","type",4
"CMU",4,16335,"biphone","EY-AW","type",2
"CMU",4,16335,"biphone","IH-AW","type",0
"CMU",4,16335,"biphone","IY-AW","type",2
"CMU",4,16335,"biphone","OW-AW","type",1
"CMU",4,16335,"biphone","OY-AW","type",0
"CMU",4,16335,"biphone","UH-AW","type",0
"CMU",4,16335,"biphone","UW-AW","type",0
"CMU",4,16335,"biphone","AX-AW","type",0
"CMU",4,16335,"biphone","AXR-AW","type",0
"CMU",4,16335,"biphone","IX-AW","type",0
"CMU",4,16335,"biphone","UX-AW","type",0
"CMU",4,16335,"biphone","B-AW","type",22
"CMU",4,16335,"biphone","CH-AW","type",4
"CMU",4,16335,"biphone","D-AW","type",31
"CMU",4,16335,"biphone","DH-AW","type",0
"CMU",4,16335,"biphone","F-AW","type",22
"CMU",4,16335,"biphone","G-AW","type",18
"CMU",4,16335,"biphone","HH-AW","type",35
"CMU",4,16335,"biphone","JH-AW","type",5
"CMU",4,16335,"biphone","K-AW","type",36
"CMU",4,16335,"biphone","L-AW","type",60
"CMU",4,16335,"biphone","M-AW","type",22
"CMU",4,16335,"biphone","N-AW","type",10
"CMU",4,16335,"biphone","NG-AW","type",0
"CMU",4,16335,"biphone","P-AW","type",25
"CMU",4,16335,"biphone","R-AW","type",70
"CMU",4,16335,"biphone","S-AW","type",14
"CMU",4,16335,"biphone","SH-AW","type",4
"CMU",4,16335,"biphone","T-AW","type",20
"CMU",4,16335,"biphone","TH-AW","type",1
"CMU",4,16335,"biphone","V-AW","type",7
"CMU",4,16335,"biphone","W-AW","type",4
"CMU",4,16335,"biphone","Y-AW","type",4
"CMU",4,16335,"biphone","Z-AW","type",1
"CMU",4,16335,"biphone","ZH-AW","type",0
"CMU",4,16335,"biphone","Q-AW","type",0
"CMU",4,16335,"biphone","AA-AY","type",0
"CMU",4,16335,"biphone","AE-AY","type",0
"CMU",4,16335,"biphone","AH-AY","type",0
"CMU",4,16335,"biphone","AO-AY","type",0
"CMU",4,16335,"biphone","AW-AY","type",0
"CMU",4,16335,"biphone","AY-AY","type",0
"CMU",4,16335,"biphone","EH-AY","type",0
"CMU",4,16335,"biphone","ER-AY","type",6
"CMU",4,16335,"biphone","EY-AY","type",1
"CMU",4,16335,"biphone","IH-AY","type",0
"CMU",4,16335,"biphone","IY-AY","type",4
"CMU",4,16335,"biphone","OW-AY","type",0
"CMU",4,16335,"biphone","OY-AY","type",0
"CMU",4,16335,"biphone","UH-AY","type",0
"CMU",4,16335,"biphone","UW-AY","type",1
"CMU",4,16335,"biphone","AX-AY","type",0
"CMU",4,16335,"biphone","AXR-AY","type",0
"CMU",4,16335,"biphone","IX-AY","type",0
"CMU",4,16335,"biphone","UX-AY","type",0
"CMU",4,16335,"biphone","B-AY","type",56
"CMU",4,16335,"biphone","CH-AY","type",10
"CMU",4,16335,"biphone","D-AY","type",52
"CMU",4,16335,"biphone","DH-AY","type",0
"CMU",4,16335,"biphone","F-AY","type",53
"CMU",4,16335,"biphone","G-AY","type",24
"CMU",4,16335,"biphone","HH-AY","type",91
"CMU",4,16335,"biphone","JH-AY","type",10
"CMU",4,16335,"biphone","K-AY","type",47
"CMU",4,16335,"biphone","L-AY","type",124
"CMU",4,16335,"biphone","M-AY","type",59
"CMU",4,16335,"biphone","N-AY","type",48
"CMU",4,16335,"biphone","NG-AY","type",0
"CMU",4,16335,"biphone","P-AY","type",50
"CMU",4,16335,"biphone","R-AY","type",157
"CMU",4,16335,"biphone","S-AY","type",71
"CMU",4,16335,"biphone","SH-AY","type",23
"CMU",4,16335,"biphone","T-AY","type",61
"CMU",4,16335,"biphone","TH-AY","type",2
"CMU",4,16335,"biphone","V-AY","type",31
"CMU",4,16335,"biphone","W-AY","type",101
"CMU",4,16335,"biphone","Y-AY","type",1
"CMU",4,16335,"biphone","Z-AY","type",15
"CMU",4,16335,"biphone","ZH-AY","type",1
"CMU",4,16335,"biphone","Q-AY","type",0
"CMU",4,16335,"biphone","AA-EH","type",0
"CMU",4,16335,"biphone","AE-EH","type",0
"CMU",4,16335,"biphone","AH-EH","type",1
"CMU",4,16335,"biphone","AO-EH","type",0
"CMU",4,16335,"biphone","AW-EH","type",0
"CMU",4,16335,"biphone","AY-EH","type",13
"CMU",4,16335,"biphone","EH-EH","type",0
"CMU",4,16335,"biphone","ER-EH","type",27
"CMU",4,16335,"biphone","EY-EH","type",6
"CMU",4,16335,"biphone","IH-EH","type",0
"CMU",4,16335,"biphone","IY-EH","type",8
"CMU",4,16335,"biphone","OW-EH","type",8
"CMU",4,16335,"biphone","OY-EH","type",2
"CMU",4,16335,"biphone","UH-EH","type",0
"CMU",4,16335,"biphone","UW-EH","type",11
"CMU",4,16335,"biphone","AX-EH","type",0
"CMU",4,16335,"biphone","AXR-EH","type",0
"CMU",4,16335,"biphone","IX-EH","type",0
"CMU",4,16335,"biphone","UX-EH","type",0
"CMU",4,16335,"biphone","B-EH","type",133
"CMU",4,16335,"biphone","CH-EH","type",25
"CMU",4,16335,"biphone","D-EH","type",99
"CMU",4,16335,"biphone","DH-EH","type",6
"CMU",4,16335,"biphone","F-EH","type",67
"CMU",4,16335,"biphone","G-EH","type",26
"CMU",4,16335,"biphone","HH-EH","type",81
"CMU",4,16335,"biphone","JH-EH","type",76
"CMU",4,16335,"biphone","K-EH","type",71
"CMU",4,16335,"biphone","L-EH","type",142
"CMU",4,16335,"biphone","M-EH","type",99
"CMU",4,16335,"biphone","N-EH","type",69
"CMU",4,16335,"biphone","NG-EH","type",0
"CMU",4,16335,"biphone","P-EH","type",83
"CMU",4,16335,"biphone","R-EH","type",157
"CMU",4,16335,"biphone","S-EH","type",82
"CMU",4,16335,"biphone","SH-EH","type",52
"CMU",4,16335,"biphone","T-EH","type",83
"CMU",4,16335,"biphone","TH-EH","type",2
"CMU",4,16335,"biphone","V-EH","type",37
"CMU",4,16335,"biphone","W-EH","type",91
"CMU",4,16335,"biphone","Y-EH","type",18
"CMU",4,16335,"biphone","Z-EH","type",23
"CMU",4,16335,"biphone","ZH-EH","type",1
"CMU",4,16335,"biphone","Q-EH","type",0
"CMU",4,16335,"biphone","AA-ER","type",2
"CMU",4,16335,"biphone","AE-ER","type",0
"CMU",4,16335,"biphone","AH-ER","type",0
"CMU",4,16335,"biphone","AO-ER","type",6
"CMU",4,16335,"biphone","AW-ER","type",39
"CMU",4,16335,"biphone","AY-ER","type",79
"CMU",4,16335,"biphone","EH-ER","type",0
"CMU",4,16335,"biphone","ER-ER","type",5
"CMU",4,16335,"biphone","EY-ER","type",39
"CMU",4,16335,"biphone","IH-ER","type",0
"CMU",4,16335,"biphone","IY-ER","type",24
"CMU",4,16335,"biphone","OW-ER","type",21
"CMU",4,16335,"biphone","OY-ER","type",14
"CMU",4,16335,"biphone","UH-ER","type",0
"CMU",4,16335,"biphone","UW-ER","type",30
"CMU",4,16335,"biphone","AX-ER","type",0
"CMU",4,16335,"biphone","AXR-ER","type",0
"CMU",4,16335,"biphone","IX-ER","type",0
"CMU",4,16335,"biphone","UX-ER","type",0
"CMU",4,16335,"biphone","B-ER","type",235
"CMU",4,16335,"biphone","CH-ER","type",64
"CMU",4,16335,"biphone","D-ER","type",162
"CMU",4,16335,"biphone","DH-ER","type",50
"CMU",4,16335,"biphone","F-ER","type",152
"CMU",4,16335,"biphone","G-ER","type",156
"CMU",4,16335,"biphone","HH-ER","type",61
"CMU",4,16335,"biphone","JH-ER","type",47
"CMU",4,16335,"biphone","K-ER","type",295
"CMU",4,16335,"biphone","L-ER","type",321
"CMU",4,16335,"biphone","M-ER","type",232
"CMU",4,16335,"biphone","N-ER","type",249
"CMU",4,16335,"biphone","NG-ER","type",32
"CMU",4,16335,"biphone","P-ER","type",171
"CMU",4,16335,"biphone","R-ER","type",54
"CMU",4,16335,"biphone","S-ER","type",181
"CMU",4,16335,"biphone","SH-ER","type",86
"CMU",4,16335,"biphone","T-ER","type",262
"CMU",4,16335,"biphone","TH-ER","type",28
"CMU",4,16335,"biphone","V-ER","type",121
"CMU",4,16335,"biphone","W-ER","type",54
"CMU",4,16335,"biphone","Y-ER","type",20
"CMU",4,16335,"biphone","Z-ER","type",108
"CMU",4,16335,"biphone","ZH-ER","type",17
"CMU",4,16335,"biphone","Q-ER","type",0
"CMU",4,16335,"biphone","AA-EY","type",0
"CMU",4,16335,"biphone","AE-EY","type",0
"CMU",4,16335,"biphone","AH-EY","type",0
"CMU",4,16335,"biphone","AO-EY","type",0
"CMU",4,16335,"biphone","AW-EY","type",0
"CMU",4,16335,"biphone","AY-EY","type",3
"CMU",4,16335,"biphone","EH-EY","type",0
"CMU",4,16335,"biphone","ER-EY","type",19
"CMU",4,16335,"biphone","EY-EY","type",2
"CMU",4,16335,"biphone","IH-EY","type",0
"CMU",4,16335,"biphone","IY-EY","type",9
"CMU",4,16335,"biphone","OW-EY","type",5
"CMU",4,16335,"biphone","OY-EY","type",0
"CMU",4,16335,"biphone","UH-EY","type",0
"CMU",4,16335,"biphone","UW-EY","type",4
"CMU",4,16335,"biphone","AX-EY","type",0
"CMU",4,16335,"biphone","AXR-EY","type",0
"CMU",4,16335,"biphone","IX-EY","type",0
"CMU",4,16335,"biphone","UX-EY","type",0
"CMU",4,16335,"biphone","B-EY","type",82
"CMU",4,16335,"biphone","CH-EY","type",21
"CMU",4,16335,"biphone","D-EY","type",68
"CMU",4,16335,"biphone","DH-EY","type",0
"CMU",4,16335,"biphone","F-EY","type",48
"CMU",4,16335,"biphone","G-EY","type",53
"CMU",4,16335,"biphone","HH-EY","type",65
"CMU",4,16335,"biphone","JH-EY","type",24
"CMU",4,16335,"biphone","K-EY","type",93
"CMU",4,16335,"biphone","L-EY","type",157
"CMU",4,16335,"biphone","M-EY","type",102
"CMU",4,16335,"biphone","N-EY","type",52
"CMU",4,16335,"biphone","NG-EY","type",0
"CMU",4,16335,"biphone","P-EY","type",73
"CMU",4,16335,"biphone","R-EY","type",211
"CMU",4,16335,"biphone","S-EY","type",77
"CMU",4,16335,"biphone","SH-EY","type",38
"CMU",4,16335,"biphone","T-EY","type",63
"CMU",4,16335,"biphone","TH-EY","type",8
"CMU",4,16335,"biphone","V-EY","type",46
"CMU",4,16335,"biphone","W-EY","type",89
"CMU",4,16335,"biphone","Y-EY","type",11
"CMU",4,16335,"biphone","Z-EY","type",20
"CMU",4,16335,"biphone","ZH-EY","type",2
"CMU",4,16335,"biphone","Q-EY","type",0
"CMU",4,16335,"biphone","AA-IH","type",5
"CMU",4,16335,"biphone","AE-IH","type",0
"CMU",4,16335,"biphone","AH-IH","type",0
"CMU",4,16335,"biphone","AO-IH","type",6
"CMU",4,16335,"biphone","AW-IH","type",13
"CMU",4,16335,"biphone","AY-IH","type",19
"CMU",4,16335,"biphone","EH-IH","type",0
"CMU",4,16335,"biphone","ER-IH","type",24
"CMU",4,16335,"biphone","EY-IH","type",15
"CMU",4,16335,"biphone","IH-IH","type",0
"CMU",4,16335,"biphone","IY-IH","type",9
"CMU",4,16335,"biphone","OW-IH","type",21
"CMU",4,16335,"biphone","OY-IH","type",8
"CMU",4,16335,"biphone","UH-IH","type",0
"CMU",4,16335,"biphone","UW-IH","type",32
"CMU",4,16335,"biphone","AX-IH","type",0
"CMU",4,16335,"biphone","AXR-IH","type",0
"CMU",4,16335,"biphone","IX-IH","type",0
"CMU",4,16335,"biphone","UX-IH","type",0
"CMU",4,16335,"biphone","B-IH","type",86
"CMU",4,16335,"biphone","CH-IH","type",33
"CMU",4,16335,"biphone","D-IH","type",101
"CMU",4,16335,"biphone","DH-IH","type",0
"CMU",4,16335,"biphone","F-IH","type",62
"CMU",4,16335,"biphone","G-IH","type",39
"CMU",4,16335,"biphone","HH-IH","type",48
"CMU",4,16335,"biphone","JH-IH","type",32
"CMU",4,16335,"biphone","K-IH","type",76
"CMU",4,16335,"biphone","L-IH","type",196
"CMU",4,16335,"biphone","M-IH","type",119
"CMU",4,16335,"biphone","N-IH","type",76
"CMU",4,16335,"biphone","NG-IH","type",0
"CMU",4,16335,"biphone","P-IH","type",77
"CMU",4,16335,"biphone","R-IH","type",229
"CMU",4,16335,"biphone","S-IH","type",93
"CMU",4,16335,"biphone","SH-IH","type",44
"CMU",4,16335,"biphone","T-IH","type",80
"CMU",4,16335,"biphone","TH-IH","type",19
"CMU",4,16335,"biphone","V-IH","type",43
"CMU",4,16335,"biphone","W-IH","type",145
"CMU",4,16335,"biphone","Y-IH","type",6
"CMU",4,16335,"biphone","Z-IH","type",42
"CMU",4,16335,"biphone","ZH-IH","type",3
"CMU",4,16335,"biphone","Q-IH","type",0
"CMU",4,16335,"biphone","AA-IY","type",10
"CMU",4,16335,"biphone","AE-IY","type",0
"CMU",4,16335,"biphone","AH-IY","type",1
"CMU",4,16335,"biphone","AO-IY","type",2
"CMU",4,16335,"biphone","AW-IY","type",3
"CMU",4,16335,"biphone","AY-IY","type",6
"CMU",4,16335,"biphone","EH-IY","type",0
"CMU",4,16335,"biphone","ER-IY","type",80
"CMU",4,16335,"biphone","EY-IY","type",3
"CMU",4,16335,"biphone","IH-IY","type",0
"CMU",4,16335,"biphone","IY-IY","type",3
"CMU",4,16335,"biphone","OW-IY","type",8
"CMU",4,16335,"biphone","OY-IY","type",1
"CMU",4,16335,"biphone","UH-IY","type",0
"CMU",4,16335,"biphone","UW-IY","type",23
"CMU",4,16335,"biphone","AX-IY","type",0
"CMU",4,16335,"biphone","AXR-IY","type",0
"CMU",4,16335,"biphone","IX-IY","type",0
"CMU",4,16335,"biphone","UX-IY","type",0
"CMU",4,16335,"biphone","B-IY","type",213
"CMU",4,16335,"biphone","CH-IY","type",94
"CMU",4,16335,"biphone","D-IY","type",259
"CMU",4,16335,"biphone","DH-IY","type",5
"CMU",4,16335,"biphone","F-IY","type",106
"CMU",4,16335,"biphone","G-IY","type",72
"CMU",4,16335,"biphone","HH-IY","type",57
"CMU",4,16335,"biphone","JH-IY","type",84
"CMU",4,16335,"biphone","K-IY","type",260
"CMU",4,16335,"biphone","L-IY","type",628
"CMU",4,16335,"biphone","M-IY","type",166
"CMU",4,16335,"biphone","N-IY","type",364
"CMU",4,16335,"biphone","NG-IY","type",3
"CMU",4,16335,"biphone","P-IY","type",150
"CMU",4,16335,"biphone","R-IY","type",521
"CMU",4,16335,"biphone","S-IY","type",269
"CMU",4,16335,"biphone","SH-IY","type",91
"CMU",4,16335,"biphone","T-IY","type",243
"CMU",4,16335,"biphone","TH-IY","type",39
"CMU",4,16335,"biphone","V-IY","type",104
"CMU",4,16335,"biphone","W-IY","type",74
"CMU",4,16335,"biphone","Y-IY","type",8
"CMU",4,16335,"biphone","Z-IY","type",107
"CMU",4,16335,"biphone","ZH-IY","type",3
"CMU",4,16335,"biphone","Q-IY","type",0
"CMU",4,16335,"biphone","AA-OW","type",1
"CMU",4,16335,"biphone","AE-OW","type",0
"CMU",4,16335,"biphone","AH-OW","type",0
"CMU",4,16335,"biphone","AO-OW","type",0
"CMU",4,16335,"biphone","AW-OW","type",0
"CMU",4,16335,"biphone","AY-OW","type",17
"CMU",4,16335,"biphone","EH-OW","type",1
"CMU",4,16335,"biphone","ER-OW","type",33
"CMU",4,16335,"biphone","EY-OW","type",7
"CMU",4,16335,"biphone","IH-OW","type",0
"CMU",4,16335,"biphone","IY-OW","type",25
"CMU",4,16335,"biphone","OW-OW","type",0
"CMU",4,16335,"biphone","OY-OW","type",3
"CMU",4,16335,"biphone","UH-OW","type",0
"CMU",4,16335,"biphone","UW-OW","type",2
"CMU",4,16335,"biphone","AX-OW","type",0
"CMU",4,16335,"biphone","AXR-OW","type",0
"CMU",4,16335,"biphone","IX-OW","type",0
"CMU",4,16335,"biphone","UX-OW","type",0
"CMU",4,16335,"biphone","B-OW","type",146
"CMU",4,16335,"biphone","CH-OW","type",20
"CMU",4,16335,"biphone","D-OW","type",89
"CMU",4,16335,"biphone","DH-OW","type",1
"CMU",4,16335,"biphone","F-OW","type",45
"CMU",4,16335,"biphone","G-OW","type",76
"CMU",4,16335,"biphone","HH-OW","type",69
"CMU",4,16335,"biphone","JH-OW","type",39
"CMU",4,16335,"biphone","K-OW","type",279
"CMU",4,16335,"biphone","L-OW","type",225
"CMU",4,16335,"biphone","M-OW","type",95
"CMU",4,16335,"biphone","N-OW","type",164
"CMU",4,16335,"biphone","NG-OW","type",0
"CMU",4,16335,"biphone","P-OW","type",64
"CMU",4,16335,"biphone","R-OW","type",321
"CMU",4,16335,"biphone","S-OW","type",110
"CMU",4,16335,"biphone","SH-OW","type",29
"CMU",4,16335,"biphone","T-OW","type",137
"CMU",4,16335,"biphone","TH-OW","type",4
"CMU",4,16335,"biphone","V-OW","type",36
"CMU",4,16335,"biphone","W-OW","type",15
"CMU",4,16335,"biphone","Y-OW","type",26
"CMU",4,16335,"biphone","Z-OW","type",40
"CMU",4,16335,"biphone","ZH-OW","type",2
"CMU",4,16335,"biphone","Q-OW","type",0
"CMU",4,16335,"biphone","AA-OY","type",0
"CMU",4,16335,"biphone","AE-OY","type",0
"CMU",4,16335,"biphone","AH-OY","type",0
"CMU",4,16335,"biphone","AO-OY","type",0
"CMU",4,16335,"biphone","AW-OY","type",0
"CMU",4,16335,"biphone","AY-OY","type",0
"CMU",4,16335,"biphone","EH-OY","type",0
"CMU",4,16335,"biphone","ER-OY","type",3
"CMU",4,16335,"biphone","EY-OY","type",0
"CMU",4,16335,"biphone","IH-OY","type",1
"CMU",4,16335,"biphone","IY-OY","type",1
"CMU",4,16335,"biphone","OW-OY","type",0
"CMU",4,16335,"biphone","OY-OY","type",0
"CMU",4,16335,"biphone","UH-OY","type",0
"CMU",4,16335,"biphone","UW-OY","type",0
"CMU",4,16335,"biphone","AX-OY","type",0
"CMU",4,16335,"biphone","AXR-OY","type",0
"CMU",4,16335,"biphone","IX-OY","type",0
"CMU",4,16335,"biphone","UX-OY","type",0
"CMU",4,16335,"biphone","B-OY","type",32
"CMU",4,16335,"biphone","CH-OY","type",1
"CMU",4,16335,"biphone","D-OY","type",10
"CMU",4,16335,"biphone","DH-OY","type",0
"CMU",4,16335,"biphone","F-OY","type",6
"CMU",4,16335,"biphone","G-OY","type",9
"CMU",4,16335,"biphone","HH-OY","type",6
"CMU",4,16335,"biphone","JH-OY","type",15
"CMU",4,16335,"biphone","K-OY","type",18
"CMU",4,16335,"biphone","L-OY","type",26
"CMU",4,16335,"biphone","M-OY","type",14
"CMU",4,16335,"biphone","N-OY","type",9
"CMU",4,16335,"biphone","NG-OY","type",0
"CMU",4,16335,"biphone","P-OY","type",8
"CMU",4,16335,"biphone","R-OY","type",29
"CMU",4,16335,"biphone","S-OY","type",11
"CMU",4,16335,"biphone","SH-OY","type",0
"CMU",4,16335,"biphone","T-OY","type",9
"CMU",4,16335,"biphone","TH-OY","type",0
"CMU",4,16335,"biphone","V-OY","type",17
"CMU",4,16335,"biphone","W-OY","type",3
"CMU",4,16335,"biphone","Y-OY","type",0
"CMU",4,16335,"biphone","Z-OY","type",0
"CMU",4,16335,"biphone","ZH-OY","type",0
"CMU",4,16335,"biphone","Q-OY","type",0
"CMU",4,16335,"biphone","AA-UH","type",0
"CMU",4,16335,"biphone","AE-UH","type",0
"CMU",4,16335,"biphone","AH-UH","type",0
"CMU",4,16335,"biphone","AO-UH","type",0
"CMU",4,16335,"biphone","AW-UH","type",0
"CMU",4,16335,"biphone","AY-UH","type",0
"CMU",4,16335,"biphone","EH-UH","type",0
"CMU",4,16335,"biphone","ER-UH","type",1
"CMU",4,16335,"biphone","EY-UH","type",0
"CMU",4,16335,"biphone","IH-UH","type",0
"CMU",4,16335,"biphone","IY-UH","type",0
"CMU",4,16335,"biphone","OW-UH","type",0
"CMU",4,16335,"biphone","OY-UH","type",0
"CMU",4,16335,"biphone","UH-UH","type",0
"CMU",4,16335,"biphone","UW-UH","type",0
"CMU",4,16335,"biphone","AX-UH","type",0
"CMU",4,16335,"biphone","AXR-UH","type",0
"CMU",4,16335,"biphone","IX-UH","type",0
"CMU",4,16335,"biphone","UX-UH","type",0
"CMU",4,16335,"biphone","B-UH","type",26
"CMU",4,16335,"biphone","CH-UH","type",1
"CMU",4,16335,"biphone","D-UH","type",10
"CMU",4,16335,"biphone","DH-UH","type",0
"CMU",4,16335,"biphone","F-UH","type",10
"CMU",4,16335,"biphone","G-UH","type",7
"CMU",4,16335,"biphone","HH-UH","type",14
"CMU",4,16335,"biphone","JH-UH","type",3
"CMU",4,16335,"biphone","K-UH","type",15
"CMU",4,16335,"biphone","L-UH","type",15
"CMU",4,16335,"biphone","M-UH","type",11
"CMU",4,16335,"biphone","N-UH","type",5
"CMU",4,16335,"biphone","NG-UH","type",0
"CMU",4,16335,"biphone","P-UH","type",13
"CMU",4,16335,"biphone","R-UH","type",9
"CMU",4,16335,"biphone","S-UH","type",3
"CMU",4,16335,"biphone","SH-UH","type",5
"CMU",4,16335,"biphone","T-UH","type",12
"CMU",4,16335,"biphone","TH-UH","type",1
"CMU",4,16335,"biphone","V-UH","type",0
"CMU",4,16335,"biphone","W-UH","type",20
"CMU",4,16335,"biphone","Y-UH","type",12
"CMU",4,16335,"biphone","Z-UH","type",2
"CMU",4,16335,"biphone","ZH-UH","type",0
"CMU",4,16335,"biphone","Q-UH","type",0
"CMU",4,16335,"biphone","AA-UW","type",6
"CMU",4,16335,"biphone","AE-UW","type",0
"CMU",4,16335,"biphone","AH-UW","type",0
"CMU",4,16335,"biphone","AO-UW","type",0
"CMU",4,16335,"biphone","AW-UW","type",1
"CMU",4,16335,"biphone","AY-UW","type",4
"CMU",4,16335,"biphone","EH-UW","type",0
"CMU",4,16335,"biphone","ER-UW","type",12
"CMU",4,16335,"biphone","EY-UW","type",0
"CMU",4,16335,"biphone","IH-UW","type",0
"CMU",4,16335,"biphone","IY-UW","type",1
"CMU",4,16335,"biphone","OW-UW","type",0
"CMU",4,16335,"biphone","OY-UW","type",2
"CMU",4,16335,"biphone","UH-UW","type",0
"CMU",4,16335,"biphone","UW-UW","type",0
"CMU",4,16335,"biphone","AX-UW","type",0
"CMU",4,16335,"biphone","AXR-UW","type",0
"CMU",4,16335,"biphone","IX-UW","type",0
"CMU",4,16335,"biphone","UX-UW","type",0
"CMU",4,16335,"biphone","B-UW","type",54
"CMU",4,16335,"biphone","CH-UW","type",21
"CMU",4,16335,"biphone","D-UW","type",77
"CMU",4,16335,"biphone","DH-UW","type",0
"CMU",4,16335,"biphone","F-UW","type",20
"CMU",4,16335,"biphone","G-UW","type",25
"CMU",4,16335,"biphone","HH-UW","type",31
"CMU",4,16335,"biphone","JH-UW","type",38
"CMU",4,16335,"biphone","K-UW","type",76
"CMU",4,16335,"biphone","L-UW","type",142
"CMU",4,16335,"biphone","M-UW","type",37
"CMU",4,16335,"biphone","N-UW","type",49
"CMU",4,16335,"biphone","NG-UW","type",1
"CMU",4,16335,"biphone","P-UW","type",28
"CMU",4,16335,"biphone","R-UW","type",185
"CMU",4,16335,"biphone","S-UW","type",73
"CMU",4,16335,"biphone","SH-UW","type",31
"CMU",4,16335,"biphone","T-UW","type",75
"CMU",4,16335,"biphone","TH-UW","type",1
"CMU",4,16335,"biphone","V-UW","type",4
"CMU",4,16335,"biphone","W-UW","type",21
"CMU",4,16335,"biphone","Y-UW","type",151
"CMU",4,16335,"biphone","Z-UW","type",21
"CMU",4,16335,"biphone","ZH-UW","type",2
"CMU",4,16335,"biphone","Q-UW","type",0
"CMU",4,16335,"biphone","AA-AX","type",0
"CMU",4,16335,"biphone","AE-AX","type",0
"CMU",4,16335,"biphone","AH-AX","type",0
"CMU",4,16335,"biphone","AO-AX","type",0
"CMU",4,16335,"biphone","AW-AX","type",0
"CMU",4,16335,"biphone","AY-AX","type",0
"CMU",4,16335,"biphone","EH-AX","type",0
"CMU",4,16335,"biphone","ER-AX","type",0
"CMU",4,16335,"biphone","EY-AX","type",0
"CMU",4,16335,"biphone","IH-AX","type",0
"CMU",4,16335,"biphone","IY-AX","type",0
"CMU",4,16335,"biphone","OW-AX","type",0
"CMU",4,16335,"biphone","OY-AX","type",0
"CMU",4,16335,"biphone","UH-AX","type",0
"CMU",4,16335,"biphone","UW-AX","type",0
"CMU",4,16335,"biphone","AX-AX","type",0
"CMU",4,16335,"biphone","AXR-AX","type",0
"CMU",4,16335,"biphone","IX-AX","type",0
"CMU",4,16335,"biphone","UX-AX","type",0
"CMU",4,16335,"biphone","B-AX","type",0
"CMU",4,16335,"biphone","CH-AX","type",0
"CMU",4,16335,"biphone","D-AX","type",0
"CMU",4,16335,"biphone","DH-AX","type",0
"CMU",4,16335,"biphone","F-AX","type",0
"CMU",4,16335,"biphone","G-AX","type",0
"CMU",4,16335,"biphone","HH-AX","type",0
"CMU",4,16335,"biphone","JH-AX","type",0
"CMU",4,16335,"biphone","K-AX","type",0
"CMU",4,16335,"biphone","L-AX","type",0
"CMU",4,16335,"biphone","M-AX","type",0
"CMU",4,16335,"biphone","N-AX","type",0
"CMU",4,16335,"biphone","NG-AX","type",0
"CMU",4,16335,"biphone","P-AX","type",0
"CMU",4,16335,"biphone","R-AX","type",0
"CMU",4,16335,"biphone","S-AX","type",0
"CMU",4,16335,"biphone","SH-AX","type",0
"CMU",4,16335,"biphone","T-AX","type",0
"CMU",4,16335,"biphone","TH-AX","type",0
"CMU",4,16335,"biphone","V-AX","type",0
"CMU",4,16335,"biphone","W-AX","type",0
"CMU",4,16335,"biphone","Y-AX","type",0
"CMU",4,16335,"biphone","Z-AX","type",0
"CMU",4,16335,"biphone","ZH-AX","type",0
"CMU",4,16335,"biphone","Q-AX","type",0
"CMU",4,16335,"biphone","AA-AXR","type",0
"CMU",4,16335,"biphone","AE-AXR","type",0
"CMU",4,16335,"biphone","AH-AXR","type",0
"CMU",4,16335,"biphone","AO-AXR","type",0
"CMU",4,16335,"biphone","AW-AXR","type",0
"CMU",4,16335,"biphone","AY-AXR","type",0
"CMU",4,16335,"biphone","EH-AXR","type",0
"CMU",4,16335,"biphone","ER-AXR","type",0
"CMU",4,16335,"biphone","EY-AXR","type",0
"CMU",4,16335,"biphone","IH-AXR","type",0
"CMU",4,16335,"biphone","IY-AXR","type",0
"CMU",4,16335,"biphone","OW-AXR","type",0
"CMU",4,16335,"biphone","OY-AXR","type",0
"CMU",4,16335,"biphone","UH-AXR","type",0
"CMU",4,16335,"biphone","UW-AXR","type",0
"CMU",4,16335,"biphone","AX-AXR","type",0
"CMU",4,16335,"biphone","AXR-AXR","type",0
"CMU",4,16335,"biphone","IX-AXR","type",0
"CMU",4,16335,"biphone","UX-AXR","type",0
"CMU",4,16335,"biphone","B-AXR","type",0
"CMU",4,16335,"biphone","CH-AXR","type",0
"CMU",4,16335,"biphone","D-AXR","type",0
"CMU",4,16335,"biphone","DH-AXR","type",0
"CMU",4,16335,"biphone","F-AXR","type",0
"CMU",4,16335,"biphone","G-AXR","type",0
"CMU",4,16335,"biphone","HH-AXR","type",0
"CMU",4,16335,"biphone","JH-AXR","type",0
"CMU",4,16335,"biphone","K-AXR","type",0
"CMU",4,16335,"biphone","L-AXR","type",0
"CMU",4,16335,"biphone","M-AXR","type",0
"CMU",4,16335,"biphone","N-AXR","type",0
"CMU",4,16335,"biphone","NG-AXR","type",0
"CMU",4,16335,"biphone","P-AXR","type",0
"CMU",4,16335,"biphone","R-AXR","type",0
"CMU",4,16335,"biphone","S-AXR","type",0
"CMU",4,16335,"biphone","SH-AXR","type",0
"CMU",4,16335,"biphone","T-AXR","type",0
"CMU",4,16335,"biphone","TH-AXR","type",0
"CMU",4,16335,"biphone","V-AXR","type",0
"CMU",4,16335,"biphone","W-AXR","type",0
"CMU",4,16335,"biphone","Y-AXR","type",0
"CMU",4,16335,"biphone","Z-AXR","type",0
"CMU",4,16335,"biphone","ZH-AXR","type",0
"CMU",4,16335,"biphone","Q-AXR","type",0
"CMU",4,16335,"biphone","AA-IX","type",0
"CMU",4,16335,"biphone","AE-IX","type",0
"CMU",4,16335,"biphone","AH-IX","type",0
"CMU",4,16335,"biphone","AO-IX","type",0
"CMU",4,16335,"biphone","AW-IX","type",0
"CMU",4,16335,"biphone","AY-IX","type",0
"CMU",4,16335,"biphone","EH-IX","type",0
"CMU",4,16335,"biphone","ER-IX","type",0
"CMU",4,16335,"biphone","EY-IX","type",0
"CMU",4,16335,"biphone","IH-IX","type",0
"CMU",4,16335,"biphone","IY-IX","type",0
"CMU",4,16335,"biphone","OW-IX","type",0
"CMU",4,16335,"biphone","OY-IX","type",0
"CMU",4,16335,"biphone","UH-IX","type",0
"CMU",4,16335,"biphone","UW-IX","type",0
"CMU",4,16335,"biphone","AX-IX","type",0
"CMU",4,16335,"biphone","AXR-IX","type",0
"CMU",4,16335,"biphone","IX-IX","type",0
"CMU",4,16335,"biphone","UX-IX","type",0
"CMU",4,16335,"biphone","B-IX","type",0
"CMU",4,16335,"biphone","CH-IX","type",0
"CMU",4,16335,"biphone","D-IX","type",0
"CMU",4,16335,"biphone","DH-IX","type",0
"CMU",4,16335,"biphone","F-IX","type",0
"CMU",4,16335,"biphone","G-IX","type",0
"CMU",4,16335,"biphone","HH-IX","type",0
"CMU",4,16335,"biphone","JH-IX","type",0
"CMU",4,16335,"biphone","K-IX","type",0
"CMU",4,16335,"biphone","L-IX","type",0
"CMU",4,16335,"biphone","M-IX","type",0
"CMU",4,16335,"biphone","N-IX","type",0
"CMU",4,16335,"biphone","NG-IX","type",0
"CMU",4,16335,"biphone","P-IX","type",0
"CMU",4,16335,"biphone","R-IX","type",0
"CMU",4,16335,"biphone","S-IX","type",0
"CMU",4,16335,"biphone","SH-IX","type",0
"CMU",4,16335,"biphone","T-IX","type",0
"CMU",4,16335,"biphone","TH-IX","type",0
"CMU",4,16335,"biphone","V-IX","type",0
"CMU",4,16335,"biphone","W-IX","type",0
"CMU",4,16335,"biphone","Y-IX","type",0
"CMU",4,16335,"biphone","Z-IX","type",0
"CMU",4,16335,"biphone","ZH-IX","type",0
"CMU",4,16335,"biphone","Q-IX","type",0
"CMU",4,16335,"biphone","AA-UX","type",0
"CMU",4,16335,"biphone","AE-UX","type",0
"CMU",4,16335,"biphone","AH-UX","type",0
"CMU",4,16335,"biphone","AO-UX","type",0
"CMU",4,16335,"biphone","AW-UX","type",0
"CMU",4,16335,"biphone","AY-UX","type",0
"CMU",4,16335,"biphone","EH-UX","type",0
"CMU",4,16335,"biphone","ER-UX","type",0
"CMU",4,16335,"biphone","EY-UX","type",0
"CMU",4,16335,"biphone","IH-UX","type",0
"CMU",4,16335,"biphone","IY-UX","type",0
"CMU",4,16335,"biphone","OW-UX","type",0
"CMU",4,16335,"biphone","OY-UX","type",0
"CMU",4,16335,"biphone","UH-UX","type",0
"CMU",4,16335,"biphone","UW-UX","type",0
"CMU",4,16335,"biphone","AX-UX","type",0
"CMU",4,16335,"biphone","AXR-UX","type",0
"CMU",4,16335,"biphone","IX-UX","type",0
"CMU",4,16335,"biphone","UX-UX","type",0
"CMU",4,16335,"biphone","B-UX","type",0
"CMU",4,16335,"biphone","CH-UX","type",0
"CMU",4,16335,"biphone","D-UX","type",0
"CMU",4,16335,"biphone","DH-UX","type",0
"CMU",4,16335,"biphone","F-UX","type",0
"CMU",4,16335,"biphone","G-UX","type",0
"CMU",4,16335,"biphone","HH-UX","type",0
"CMU",4,16335,"biphone","JH-UX","type",0
"CMU",4,16335,"biphone","K-UX","type",0
"CMU",4,16335,"biphone","L-UX","type",0
"CMU",4,16335,"biphone","M-UX","type",0
"CMU",4,16335,"biphone","N-UX","type",0
"CMU",4,16335,"biphone","NG-UX","type",0
"CMU",4,16335,"biphone","P-UX","type",0
"CMU",4,16335,"biphone","R-UX","type",0
"CMU",4,16335,"biphone","S-UX","type",0
"CMU",4,16335,"biphone","SH-UX","type",0
"CMU",4,16335,"biphone","T-UX","type",0
"CMU",4,16335,"biphone","TH-UX","type",0
"CMU",4,16335,"biphone","V-UX","type",0
"CMU",4,16335,"biphone","W-UX","type",0
"CMU",4,16335,"biphone","Y-UX","type",0
"CMU",4,16335,"biphone","Z-UX","type",0
"CMU",4,16335,"biphone","ZH-UX","type",0
"CMU",4,16335,"biphone","Q-UX","type",0
"CMU",4,16335,"biphone","AA-B","type",88
"CMU",4,16335,"biphone","AE-B","type",65
"CMU",4,16335,"biphone","AH-B","type",72
"CMU",4,16335,"biphone","AO-B","type",12
"CMU",4,16335,"biphone","AW-B","type",9
"CMU",4,16335,"biphone","AY-B","type",25
"CMU",4,16335,"biphone","EH-B","type",35
"CMU",4,16335,"biphone","ER-B","type",45
"CMU",4,16335,"biphone","EY-B","type",47
"CMU",4,16335,"biphone","IH-B","type",51
"CMU",4,16335,"biphone","IY-B","type",62
"CMU",4,16335,"biphone","OW-B","type",65
"CMU",4,16335,"biphone","OY-B","type",2
"CMU",4,16335,"biphone","UH-B","type",3
"CMU",4,16335,"biphone","UW-B","type",50
"CMU",4,16335,"biphone","AX-B","type",0
"CMU",4,16335,"biphone","AXR-B","type",0
"CMU",4,16335,"biphone","IX-B","type",0
"CMU",4,16335,"biphone","UX-B","type",0
"CMU",4,16335,"biphone","B-B","type",0
"CMU",4,16335,"biphone","CH-B","type",0
"CMU",4,16335,"biphone","D-B","type",0
"CMU",4,16335,"biphone","DH-B","type",0
"CMU",4,16335,"biphone","F-B","type",0
"CMU",4,16335,"biphone","G-B","type",0
"CMU",4,16335,"biphone","HH-B","type",0
"CMU",4,16335,"biphone","JH-B","type",0
"CMU",4,16335,"biphone","K-B","type",1
"CMU",4,16335,"biphone","L-B","type",21
"CMU",4,16335,"biphone","M-B","type",7
"CMU",4,16335,"biphone","N-B","type",2
"CMU",4,16335,"biphone","NG-B","type",1
"CMU",4,16335,"biphone","P-B","type",0
"CMU",4,16335,"biphone","R-B","type",18
"CMU",4,16335,"biphone","S-B","type",3
"CMU",4,16335,"biphone","SH-B","type",4
"CMU",4,16335,"biphone","T-B","type",0
"CMU",4,16335,"biphone","TH-B","type",0
"CMU",4,16335,"biphone","V-B","type",0
"CMU",4,16335,"biphone","W-B","type",0
"CMU",4,16335,"biphone","Y-B","type",0
"CMU",4,16335,"biphone","Z-B","type",1
"CMU",4,16335,"biphone","ZH-B","type",0
"CMU",4,16335,"biphone","Q-B","type",0
"CMU",4,16335,"biphone","AA-CH","type",25
"CMU",4,16335,"biphone","AE-CH","type",38
"CMU",4,16335,"biphone","AH-CH","type",19
"CMU",4,16335,"biphone","AO-CH","type",9
"CMU",4,16335,"biphone","AW-CH","type",14
"CMU",4,16335,"biphone","AY-CH","type",0
"CMU",4,16335,"biphone","EH-CH","type",19
"CMU",4,16335,"biphone","ER-CH","type",11
"CMU",4,16335,"biphone","EY-CH","type",7
"CMU",4,16335,"biphone","IH-CH","type",48
"CMU",4,16335,"biphone","IY-CH","type",32
"CMU",4,16335,"biphone","OW-CH","type",21
"CMU",4,16335,"biphone","OY-CH","type",2
"CMU",4,16335,"biphone","UH-CH","type",1
"CMU",4,16335,"biphone","UW-CH","type",23
"CMU",4,16335,"biphone","AX-CH","type",0
"CMU",4,16335,"biphone","AXR-CH","type",0
"CMU",4,16335,"biphone","IX-CH","type",0
"CMU",4,16335,"biphone","UX-CH","type",0
"CMU",4,16335,"biphone","B-CH","type",0
"CMU",4,16335,"biphone","CH-CH","type",0
"CMU",4,16335,"biphone","D-CH","type",0
"CMU",4,16335,"biphone","DH-CH","type",0
"CMU",4,16335,"biphone","F-CH","type",0
"CMU",4,16335,"biphone","G-CH","type",0
"CMU",4,16335,"biphone","HH-CH","type",0
"CMU",4,16335,"biphone","JH-CH","type",0
"CMU",4,16335,"biphone","K-CH","type",0
"CMU",4,16335,"biphone","L-CH","type",15
"CMU",4,16335,"biphone","M-CH","type",0
"CMU",4,16335,"biphone","N-CH","type",33
"CMU",4,16335,"biphone","NG-CH","type",0
"CMU",4,16335,"biphone","P-CH","type",0
"CMU",4,16335,"biphone","R-CH","type",13
"CMU",4,16335,"biphone","S-CH","type",1
"CMU",4,16335,"biphone","SH-CH","type",0
"CMU",4,16335,"biphone","T-CH","type",1
"CMU",4,16335,"biphone","TH-CH","type",0
"CMU",4,16335,"biphone","V-CH","type",0
"CMU",4,16335,"biphone","W-CH","type",0
"CMU",4,16335,"biphone","Y-CH","type",0
"CMU",4,16335,"biphone","Z-CH","type",0
"CMU",4,16335,"biphone","ZH-CH","type",0
"CMU",4,16335,"biphone","Q-CH","type",0
"CMU",4,16335,"biphone","AA-D","type",80
"CMU",4,16335,"biphone","AE-D","type",69
"CMU",4,16335,"biphone","AH-D","type",60
"CMU",4,16335,"biphone","AO-D","type",29
"CMU",4,16335,"biphone","AW-D","type",32
"CMU",4,16335,"biphone","AY-D","type",83
"CMU",4,16335,"biphone","EH-D","type",104
"CMU",4,16335,"biphone","ER-D","type",88
"CMU",4,16335,"biphone","EY-D","type",111
"CMU",4,16335,"biphone","IH-D","type",55
"CMU",4,16335,"biphone","IY-D","type",112
"CMU",4,16335,"biphone","OW-D","type",103
"CMU",4,16335,"biphone","OY-D","type",18
"CMU",4,16335,"biphone","UH-D","type",13
"CMU",4,16335,"biphone","UW-D","type",79
"CMU",4,16335,"biphone","AX-D","type",0
"CMU",4,16335,"biphone","AXR-D","type",0
"CMU",4,16335,"biphone","IX-D","type",0
"CMU",4,16335,"biphone","UX-D","type",0
"CMU",4,16335,"biphone","B-D","type",17
"CMU",4,16335,"biphone","CH-D","type",0
"CMU",4,16335,"biphone","D-D","type",0
"CMU",4,16335,"biphone","DH-D","type",6
"CMU",4,16335,"biphone","F-D","type",1
"CMU",4,16335,"biphone","G-D","type",23
"CMU",4,16335,"biphone","HH-D","type",0
"CMU",4,16335,"biphone","JH-D","type",18
"CMU",4,16335,"biphone","K-D","type",1
"CMU",4,16335,"biphone","L-D","type",135
"CMU",4,16335,"biphone","M-D","type",42
"CMU",4,16335,"biphone","N-D","type",156
"CMU",4,16335,"biphone","NG-D","type",9
"CMU",4,16335,"biphone","P-D","type",0
"CMU",4,16335,"biphone","R-D","type",87
"CMU",4,16335,"biphone","S-D","type",1
"CMU",4,16335,"biphone","SH-D","type",0
"CMU",4,16335,"biphone","T-D","type",1
"CMU",4,16335,"biphone","TH-D","type",0
"CMU",4,16335,"biphone","V-D","type",22
"CMU",4,16335,"biphone","W-D","type",0
"CMU",4,16335,"biphone","Y-D","type",0
"CMU",4,16335,"biphone","Z-D","type",28
"CMU",4,16335,"biphone","ZH-D","type",0
"CMU",4,16335,"biphone","Q-D","type",0
"CMU",4,16335,"biphone","AA-DH","type",3
"CMU",4,16335,"biphone","AE-DH","type",11
"CMU",4,16335,"biphone","AH-DH","type",10
"CMU",4,16335,"biphone","AO-DH","type",1
"CMU",4,16335,"biphone","AW-DH","type",2
"CMU",4,16335,"biphone","AY-DH","type",9
"CMU",4,16335,"biphone","EH-DH","type",9
"CMU",4,16335,"biphone","ER-DH","type",5
"CMU",4,16335,"biphone","EY-DH","type",6
"CMU",4,16335,"biphone","IH-DH","type",9
"CMU",4,16335,"biphone","IY-DH","type",5
"CMU",4,16335,"biphone","OW-DH","type",6
"CMU",4,16335,"biphone","OY-DH","type",1
"CMU",4,16335,"biphone","UH-DH","type",2
"CMU",4,16335,"biphone","UW-DH","type",6
"CMU",4,16335,"biphone","AX-DH","type",0
"CMU",4,16335,"biphone","AXR-DH","type",0
"CMU",4,16335,"biphone","IX-DH","type",0
"CMU",4,16335,"biphone","UX-DH","type",0
"CMU",4,16335,"biphone","B-DH","type",0
"CMU",4,16335,"biphone","CH-DH","type",0
"CMU",4,16335,"biphone","D-DH","type",0
"CMU",4,16335,"biphone","DH-DH","type",0
"CMU",4,16335,"biphone","F-DH","type",0
"CMU",4,16335,"biphone","G-DH","type",0
"CMU",4,16335,"biphone","HH-DH","type",0
"CMU",4,16335,"biphone","JH-DH","type",0
"CMU",4,16335,"biphone","K-DH","type",0
"CMU",4,16335,"biphone","L-DH","type",1
"CMU",4,16335,"biphone","M-DH","type",0
"CMU",4,16335,"biphone","N-DH","type",2
"CMU",4,16335,"biphone","NG-DH","type",0
"CMU",4,16335,"biphone","P-DH","type",0
"CMU",4,16335,"biphone","R-DH","type",1
"CMU",4,16335,"biphone","S-DH","type",0
"CMU",4,16335,"biphone","SH-DH","type",0
"CMU",4,16335,"biphone","T-DH","type",0
"CMU",4,16335,"biphone","TH-DH","type",0
"CMU",4,16335,"biphone","V-DH","type",0
"CMU",4,16335,"biphone","W-DH","type",0
"CMU",4,16335,"biphone","Y-DH","type",0
"CMU",4,16335,"biphone","Z-DH","type",0
"CMU",4,16335,"biphone","ZH-DH","type",0
"CMU",4,16335,"biphone","Q-DH","type",0
"CMU",4,16335,"biphone","AA-F","type",24
"CMU",4,16335,"biphone","AE-F","type",57
"CMU",4,16335,"biphone","AH-F","type",71
"CMU",4,16335,"biphone","AO-F","type",44
"CMU",4,16335,"biphone","AW-F","type",1
"CMU",4,16335,"biphone","AY-F","type",37
"CMU",4,16335,"biphone","EH-F","type",39
"CMU",4,16335,"biphone","ER-F","type",11
"CMU",4,16335,"biphone","EY-F","type",21
"CMU",4,16335,"biphone","IH-F","type",46
"CMU",4,16335,"biphone","IY-F","type",45
"CMU",4,16335,"biphone","OW-F","type",24
"CMU",4,16335,"biphone","OY-F","type",2
"CMU",4,16335,"biphone","UH-F","type",3
"CMU",4,16335,"biphone","UW-F","type",24
"CMU",4,16335,"biphone","AX-F","type",0
"CMU",4,16335,"biphone","AXR-F","type",0
"CMU",4,16335,"biphone","IX-F","type",0
"CMU",4,16335,"biphone","UX-F","type",0
"CMU",4,16335,"biphone","B-F","type",0
"CMU",4,16335,"biphone","CH-F","type",0
"CMU",4,16335,"biphone","D-F","type",0
"CMU",4,16335,"biphone","DH-F","type",0
"CMU",4,16335,"biphone","F-F","type",0
"CMU",4,16335,"biphone","G-F","type",1
"CMU",4,16335,"biphone","HH-F","type",0
"CMU",4,16335,"biphone","JH-F","type",1
"CMU",4,16335,"biphone","K-F","type",0
"CMU",4,16335,"biphone","L-F","type",37
"CMU",4,16335,"biphone","M-F","type",5
"CMU",4,16335,"biphone","N-F","type",7
"CMU",4,16335,"biphone","NG-F","type",0
"CMU",4,16335,"biphone","P-F","type",8
"CMU",4,16335,"biphone","R-F","type",15
"CMU",4,16335,"biphone","S-F","type",3
"CMU",4,16335,"biphone","SH-F","type",0
"CMU",4,16335,"biphone","T-F","type",0
"CMU",4,16335,"biphone","TH-F","type",0
"CMU",4,16335,"biphone","V-F","type",0
"CMU",4,16335,"biphone","W-F","type",0
"CMU",4,16335,"biphone","Y-F","type",0
"CMU",4,16335,"biphone","Z-F","type",0
"CMU",4,16335,"biphone","ZH-F","type",0
"CMU",4,16335,"biphone","Q-F","type",0
"CMU",4,16335,"biphone","AA-G","type",49
"CMU",4,16335,"biphone","AE-G","type",81
"CMU",4,16335,"biphone","AH-G","type",54
"CMU",4,16335,"biphone","AO-G","type",19
"CMU",4,16335,"biphone","AW-G","type",5
"CMU",4,16335,"biphone","AY-G","type",20
"CMU",4,16335,"biphone","EH-G","type",53
"CMU",4,16335,"biphone","ER-G","type",25
"CMU",4,16335,"biphone","EY-G","type",36
"CMU",4,16335,"biphone","IH-G","type",67
"CMU",4,16335,"biphone","IY-G","type",53
"CMU",4,16335,"biphone","OW-G","type",33
"CMU",4,16335,"biphone","OY-G","type",1
"CMU",4,16335,"biphone","UH-G","type",5
"CMU",4,16335,"biphone","UW-G","type",21
"CMU",4,16335,"biphone","AX-G","type",0
"CMU",4,16335,"biphone","AXR-G","type",0
"CMU",4,16335,"biphone","IX-G","type",0
"CMU",4,16335,"biphone","UX-G","type",0
"CMU",4,16335,"biphone","B-G","type",0
"CMU",4,16335,"biphone","CH-G","type",0
"CMU",4,16335,"biphone","D-G","type",1
"CMU",4,16335,"biphone","DH-G","type",0
"CMU",4,16335,"biphone","F-G","type",0
"CMU",4,16335,"biphone","G-G","type",0
"CMU",4,16335,"biphone","HH-G","type",0
"CMU",4,16335,"biphone","JH-G","type",0
"CMU",4,16335,"biphone","K-G","type",0
"CMU",4,16335,"biphone","L-G","type",7
"CMU",4,16335,"biphone","M-G","type",0
"CMU",4,16335,"biphone","N-G","type",4
"CMU",4,16335,"biphone","NG-G","type",13
"CMU",4,16335,"biphone","P-G","type",1
"CMU",4,16335,"biphone","R-G","type",11
"CMU",4,16335,"biphone","S-G","type",1
"CMU",4,16335,"biphone","SH-G","type",0
"CMU",4,16335,"biphone","T-G","type",1
"CMU",4,16335,"biphone","TH-G","type",0
"CMU",4,16335,"biphone","V-G","type",0
"CMU",4,16335,"biphone","W-G","type",0
"CMU",4,16335,"biphone","Y-G","type",0
"CMU",4,16335,"biphone","Z-G","type",1
"CMU",4,16335,"biphone","ZH-G","type",0
"CMU",4,16335,"biphone","Q-G","type",0
"CMU",4,16335,"biphone","AA-HH","type",9
"CMU",4,16335,"biphone","AE-HH","type",6
"CMU",4,16335,"biphone","AH-HH","type",7
"CMU",4,16335,"biphone","AO-HH","type",0
"CMU",4,16335,"biphone","AW-HH","type",1
"CMU",4,16335,"biphone","AY-HH","type",6
"CMU",4,16335,"biphone","EH-HH","type",6
"CMU",4,16335,"biphone","ER-HH","type",2
"CMU",4,16335,"biphone","EY-HH","type",9
"CMU",4,16335,"biphone","IH-HH","type",2
"CMU",4,16335,"biphone","IY-HH","type",8
"CMU",4,16335,"biphone","OW-HH","type",20
"CMU",4,16335,"biphone","OY-HH","type",0
"CMU",4,16335,"biphone","UH-HH","type",0
"CMU",4,16335,"biphone","UW-HH","type",5
"CMU",4,16335,"biphone","AX-HH","type",0
"CMU",4,16335,"biphone","AXR-HH","type",0
"CMU",4,16335,"biphone","IX-HH","type",0
"CMU",4,16335,"biphone","UX-HH","type",0
"CMU",4,16335,"biphone","B-HH","type",0
"CMU",4,16335,"biphone","CH-HH","type",0
"CMU",4,16335,"biphone","D-HH","type",0
"CMU",4,16335,"biphone","DH-HH","type",0
"CMU",4,16335,"biphone","F-HH","type",0
"CMU",4,16335,"biphone","G-HH","type",0
"CMU",4,16335,"biphone","HH-HH","type",0
"CMU",4,16335,"biphone","JH-HH","type",0
"CMU",4,16335,"biphone","K-HH","type",0
"CMU",4,16335,"biphone","L-HH","type",1
"CMU",4,16335,"biphone","M-HH","type",1
"CMU",4,16335,"biphone","N-HH","type",0
"CMU",4,16335,"biphone","NG-HH","type",0
"CMU",4,16335,"biphone","P-HH","type",0
"CMU",4,16335,"biphone","R-HH","type",1
"CMU",4,16335,"biphone","S-HH","type",2
"CMU",4,16335,"biphone","SH-HH","type",0
"CMU",4,16335,"biphone","T-HH","type",0
"CMU",4,16335,"biphone","TH-HH","type",0
"CMU",4,16335,"biphone","V-HH","type",0
"CMU",4,16335,"biphone","W-HH","type",0
"CMU",4,16335,"biphone","Y-HH","type",0
"CMU",4,16335,"biphone","Z-HH","type",0
"CMU",4,16335,"biphone","ZH-HH","type",0
"CMU",4,16335,"biphone","Q-HH","type",0
"CMU",4,16335,"biphone","AA-JH","type",11
"CMU",4,16335,"biphone","AE-JH","type",6
"CMU",4,16335,"biphone","AH-JH","type",27
"CMU",4,16335,"biphone","AO-JH","type",1
"CMU",4,16335,"biphone","AW-JH","type",4
"CMU",4,16335,"biphone","AY-JH","type",2
"CMU",4,16335,"biphone","EH-JH","type",22
"CMU",4,16335,"biphone","ER-JH","type",18
"CMU",4,16335,"biphone","EY-JH","type",32
"CMU",4,16335,"biphone","IH-JH","type",15
"CMU",4,16335,"biphone","IY-JH","type",16
"CMU",4,16335,"biphone","OW-JH","type",11
"CMU",4,16335,"biphone","OY-JH","type",0
"CMU",4,16335,"biphone","UH-JH","type",0
"CMU",4,16335,"biphone","UW-JH","type",10
"CMU",4,16335,"biphone","AX-JH","type",0
"CMU",4,16335,"biphone","AXR-JH","type",0
"CMU",4,16335,"biphone","IX-JH","type",0
"CMU",4,16335,"biphone","UX-JH","type",0
"CMU",4,16335,"biphone","B-JH","type",0
"CMU",4,16335,"biphone","CH-JH","type",0
"CMU",4,16335,"biphone","D-JH","type",0
"CMU",4,16335,"biphone","DH-JH","type",0
"CMU",4,16335,"biphone","F-JH","type",0
"CMU",4,16335,"biphone","G-JH","type",0
"CMU",4,16335,"biphone","HH-JH","type",0
"CMU",4,16335,"biphone","JH-JH","type",0
"CMU",4,16335,"biphone","K-JH","type",0
"CMU",4,16335,"biphone","L-JH","type",7
"CMU",4,16335,"biphone","M-JH","type",0
"CMU",4,16335,"biphone","N-JH","type",31
"CMU",4,16335,"biphone","NG-JH","type",0
"CMU",4,16335,"biphone","P-JH","type",0
"CMU",4,16335,"biphone","R-JH","type",17
"CMU",4,16335,"biphone","S-JH","type",0
"CMU",4,16335,"biphone","SH-JH","type",0
"CMU",4,16335,"biphone","T-JH","type",2
"CMU",4,16335,"biphone","TH-JH","type",0
"CMU",4,16335,"biphone","V-JH","type",0
"CMU",4,16335,"biphone","W-JH","type",0
"CMU",4,16335,"biphone","Y-JH","type",0
"CMU",4,16335,"biphone","Z-JH","type",0
"CMU",4,16335,"biphone","ZH-JH","type",0
"CMU",4,16335,"biphone","Q-JH","type",0
"CMU",4,16335,"biphone","AA-K","type",149
"CMU",4,16335,"biphone","AE-K","type",190
"CMU",4,16335,"biphone","AH-K","type",132
"CMU",4,16335,"biphone","AO-K","type",39
"CMU",4,16335,"biphone","AW-K","type",12
"CMU",4,16335,"biphone","AY-K","type",83
"CMU",4,16335,"biphone","EH-K","type",134
"CMU",4,16335,"biphone","ER-K","type",87
"CMU",4,16335,"biphone","EY-K","type",81
"CMU",4,16335,"biphone","IH-K","type",186
"CMU",4,16335,"biphone","IY-K","type",102
"CMU",4,16335,"biphone","OW-K","type",122
"CMU",4,16335,"biphone","OY-K","type",9
"CMU",4,16335,"biphone","UH-K","type",37
"CMU",4,16335,"biphone","UW-K","type",45
"CMU",4,16335,"biphone","AX-K","type",0
"CMU",4,16335,"biphone","AXR-K","type",0
"CMU",4,16335,"biphone","IX-K","type",0
"CMU",4,16335,"biphone","UX-K","type",0
"CMU",4,16335,"biphone","B-K","type",4
"CMU",4,16335,"biphone","CH-K","type",2
"CMU",4,16335,"biphone","D-K","type",0
"CMU",4,16335,"biphone","DH-K","type",0
"CMU",4,16335,"biphone","F-K","type",1
"CMU",4,16335,"biphone","G-K","type",1
"CMU",4,16335,"biphone","HH-K","type",0
"CMU",4,16335,"biphone","JH-K","type",0
"CMU",4,16335,"biphone","K-K","type",0
"CMU",4,16335,"biphone","L-K","type",58
"CMU",4,16335,"biphone","M-K","type",6
"CMU",4,16335,"biphone","N-K","type",6
"CMU",4,16335,"biphone","NG-K","type",126
"CMU",4,16335,"biphone","P-K","type",10
"CMU",4,16335,"biphone","R-K","type",61
"CMU",4,16335,"biphone","S-K","type",165
"CMU",4,16335,"biphone","SH-K","type",11
"CMU",4,16335,"biphone","T-K","type",2
"CMU",4,16335,"biphone","TH-K","type",2
"CMU",4,16335,"biphone","V-K","type",1
"CMU",4,16335,"biphone","W-K","type",0
"CMU",4,16335,"biphone","Y-K","type",0
"CMU",4,16335,"biphone","Z-K","type",1
"CMU",4,16335,"biphone","ZH-K","type",0
"CMU",4,16335,"biphone","Q-K","type",0
"CMU",4,16335,"biphone","AA-L","type",163
"CMU",4,16335,"biphone","AE-L","type",158
"CMU",4,16335,"biphone","AH-L","type",272
"CMU",4,16335,"biphone","AO-L","type",157
"CMU",4,16335,"biphone","AW-L","type",28
"CMU",4,16335,"biphone","AY-L","type",120
"CMU",4,16335,"biphone","EH-L","type",342
"CMU",4,16335,"biphone","ER-L","type",79
"CMU",4,16335,"biphone","EY-L","type",186
"CMU",4,16335,"biphone","IH-L","type",234
"CMU",4,16335,"biphone","IY-L","type",168
"CMU",4,16335,"biphone","OW-L","type",255
"CMU",4,16335,"biphone","OY-L","type",29
"CMU",4,16335,"biphone","UH-L","type",32
"CMU",4,16335,"biphone","UW-L","type",113
"CMU",4,16335,"biphone","AX-L","type",0
"CMU",4,16335,"biphone","AXR-L","type",0
"CMU",4,16335,"biphone","IX-L","type",0
"CMU",4,16335,"biphone","UX-L","type",0
"CMU",4,16335,"biphone","B-L","type",99
"CMU",4,16335,"biphone","CH-L","type",1
"CMU",4,16335,"biphone","D-L","type",9
"CMU",4,16335,"biphone","DH-L","type",0
"CMU",4,16335,"biphone","F-L","type",108
"CMU",4,16335,"biphone","G-L","type",64
"CMU",4,16335,"biphone","HH-L","type",1
"CMU",4,16335,"biphone","JH-L","type",2
"CMU",4,16335,"biphone","K-L","type",172
"CMU",4,16335,"biphone","L-L","type",0
"CMU",4,16335,"biphone","M-L","type",5
"CMU",4,16335,"biphone","N-L","type",11
"CMU",4,16335,"biphone","NG-L","type",0
"CMU",4,16335,"biphone","P-L","type",78
"CMU",4,16335,"biphone","R-L","type",20
"CMU",4,16335,"biphone","S-L","type",81
"CMU",4,16335,"biphone","SH-L","type",21
"CMU",4,16335,"biphone","T-L","type",11
"CMU",4,16335,"biphone","TH-L","type",1
"CMU",4,16335,"biphone","V-L","type",4
"CMU",4,16335,"biphone","W-L","type",0
"CMU",4,16335,"biphone","Y-L","type",0
"CMU",4,16335,"biphone","Z-L","type",7
"CMU",4,16335,"biphone","ZH-L","type",0
"CMU",4,16335,"biphone","Q-L","type",0
"CMU",4,16335,"biphone","AA-M","type",108
"CMU",4,16335,"biphone","AE-M","type",121
"CMU",4,16335,"biphone","AH-M","type",155
"CMU",4,16335,"biphone","AO-M","type",7
"CMU",4,16335,"biphone","AW-M","type",5
"CMU",4,16335,"biphone","AY-M","type",50
"CMU",4,16335,"biphone","EH-M","type",115
"CMU",4,16335,"biphone","ER-M","type",42
"CMU",4,16335,"biphone","EY-M","type",69
"CMU",4,16335,"biphone","IH-M","type",103
"CMU",4,16335,"biphone","IY-M","type",89
"CMU",4,16335,"biphone","OW-M","type",88
"CMU",4,16335,"biphone","OY-M","type",0
"CMU",4,16335,"biphone","UH-M","type",0
"CMU",4,16335,"biphone","UW-M","type",70
"CMU",4,16335,"biphone","AX-M","type",0
"CMU",4,16335,"biphone","AXR-M","type",0
"CMU",4,16335,"biphone","IX-M","type",0
"CMU",4,16335,"biphone","UX-M","type",0
"CMU",4,16335,"biphone","B-M","type",1
"CMU",4,16335,"biphone","CH-M","type",0
"CMU",4,16335,"biphone","D-M","type",0
"CMU",4,16335,"biphone","DH-M","type",0
"CMU",4,16335,"biphone","F-M","type",1
"CMU",4,16335,"biphone","G-M","type",1
"CMU",4,16335,"biphone","HH-M","type",1
"CMU",4,16335,"biphone","JH-M","type",0
"CMU",4,16335,"biphone","K-M","type",2
"CMU",4,16335,"biphone","L-M","type",29
"CMU",4,16335,"biphone","M-M","type",0
"CMU",4,16335,"biphone","N-M","type",0
"CMU",4,16335,"biphone","NG-M","type",0
"CMU",4,16335,"biphone","P-M","type",0
"CMU",4,16335,"biphone","R-M","type",20
"CMU",4,16335,"biphone","S-M","type",38
"CMU",4,16335,"biphone","SH-M","type",22
"CMU",4,16335,"biphone","T-M","type",0
"CMU",4,16335,"biphone","TH-M","type",0
"CMU",4,16335,"biphone","V-M","type",0
"CMU",4,16335,"biphone","W-M","type",0
"CMU",4,16335,"biphone","Y-M","type",0
"CMU",4,16335,"biphone","Z-M","type",2
"CMU",4,16335,"biphone","ZH-M","type",0
"CMU",4,16335,"biphone","Q-M","type",0
"CMU",4,16335,"biphone","AA-N","type",211
"CMU",4,16335,"biphone","AE-N","type",256
"CMU",4,16335,"biphone","AH-N","type",376
"CMU",4,16335,"biphone","AO-N","type",81
"CMU",4,16335,"biphone","AW-N","type",56
"CMU",4,16335,"biphone","AY-N","type",152
"CMU",4,16335,"biphone","EH-N","type",253
"CMU",4,16335,"biphone","ER-N","type",123
"CMU",4,16335,"biphone","EY-N","type",229
"CMU",4,16335,"biphone","IH-N","type",265
"CMU",4,16335,"biphone","IY-N","type",191
"CMU",4,16335,"biphone","OW-N","type",157
"CMU",4,16335,"biphone","OY-N","type",31
"CMU",4,16335,"biphone","UH-N","type",2
"CMU",4,16335,"biphone","UW-N","type",81
"CMU",4,16335,"biphone","AX-N","type",0
"CMU",4,16335,"biphone","AXR-N","type",0
"CMU",4,16335,"biphone","IX-N","type",0
"CMU",4,16335,"biphone","UX-N","type",0
"CMU",4,16335,"biphone","B-N","type",3
"CMU",4,16335,"biphone","CH-N","type",0
"CMU",4,16335,"biphone","D-N","type",3
"CMU",4,16335,"biphone","DH-N","type",0
"CMU",4,16335,"biphone","F-N","type",2
"CMU",4,16335,"biphone","G-N","type",9
"CMU",4,16335,"biphone","HH-N","type",1
"CMU",4,16335,"biphone","JH-N","type",0
"CMU",4,16335,"biphone","K-N","type",9
"CMU",4,16335,"biphone","L-N","type",7
"CMU",4,16335,"biphone","M-N","type",1
"CMU",4,16335,"biphone","N-N","type",0
"CMU",4,16335,"biphone","NG-N","type",0
"CMU",4,16335,"biphone","P-N","type",1
"CMU",4,16335,"biphone","R-N","type",55
"CMU",4,16335,"biphone","S-N","type",43
"CMU",4,16335,"biphone","SH-N","type",16
"CMU",4,16335,"biphone","T-N","type",4
"CMU",4,16335,"biphone","TH-N","type",0
"CMU",4,16335,"biphone","V-N","type",1
"CMU",4,16335,"biphone","W-N","type",2
"CMU",4,16335,"biphone","Y-N","type",0
"CMU",4,16335,"biphone","Z-N","type",1
"CMU",4,16335,"biphone","ZH-N","type",0
"CMU",4,16335,"biphone","Q-N","type",0
"CMU",4,16335,"biphone","AA-NG","type",22
"CMU",4,16335,"biphone","AE-NG","type",73
"CMU",4,16335,"biphone","AH-NG","type",51
"CMU",4,16335,"biphone","AO-NG","type",38
"CMU",4,16335,"biphone","AW-NG","type",2
"CMU",4,16335,"biphone","AY-NG","type",2
"CMU",4,16335,"biphone","EH-NG","type",28
"CMU",4,16335,"biphone","ER-NG","type",0
"CMU",4,16335,"biphone","EY-NG","type",2
"CMU",4,16335,"biphone","IH-NG","type",204
"CMU",4,16335,"biphone","IY-NG","type",3
"CMU",4,16335,"biphone","OW-NG","type",3
"CMU",4,16335,"biphone","OY-NG","type",0
"CMU",4,16335,"biphone","UH-NG","type",1
"CMU",4,16335,"biphone","UW-NG","type",3
"CMU",4,16335,"biphone","AX-NG","type",0
"CMU",4,16335,"biphone","AXR-NG","type",0
"CMU",4,16335,"biphone","IX-NG","type",0
"CMU",4,16335,"biphone","UX-NG","type",0
"CMU",4,16335,"biphone","B-NG","type",0
"CMU",4,16335,"biphone","CH-NG","type",0
"CMU",4,16335,"biphone","D-NG","type",0
"CMU",4,16335,"biphone","DH-NG","type",0
"CMU",4,16335,"biphone","F-NG","type",0
"CMU",4,16335,"biphone","G-NG","type",0
"CMU",4,16335,"biphone","HH-NG","type",0
"CMU",4,16335,"biphone","JH-NG","type",0
"CMU",4,16335,"biphone","K-NG","type",0
"CMU",4,16335,"biphone","L-NG","type",0
"CMU",4,16335,"biphone","M-NG","type",0
"CMU",4,16335,"biphone","N-NG","type",0
"CMU",4,16335,"biphone","NG-NG","type",0
"CMU",4,16335,"biphone","P-NG","type",0
"CMU",4,16335,"biphone","R-NG","type",0
"CMU",4,16335,"biphone","S-NG","type",0
"CMU",4,16335,"biphone","SH-NG","type",0
"CMU",4,16335,"biphone","T-NG","type",0
"CMU",4,16335,"biphone","TH-NG","type",0
"CMU",4,16335,"biphone","V-NG","type",0
"CMU",4,16335,"biphone","W-NG","type",0
"CMU",4,16335,"biphone","Y-NG","type",0
"CMU",4,16335,"biphone","Z-NG","type",0
"CMU",4,16335,"biphone","ZH-NG","type",0
"CMU",4,16335,"biphone","Q-NG","type",0
"CMU",4,16335,"biphone","AA-P","type",83
"CMU",4,16335,"biphone","AE-P","type",89
"CMU",4,16335,"biphone","AH-P","type",35
"CMU",4,16335,"biphone","AO-P","type",9
"CMU",4,16335,"biphone","AW-P","type",2
"CMU",4,16335,"biphone","AY-P","type",32
"CMU",4,16335,"biphone","EH-P","type",49
"CMU",4,16335,"biphone","ER-P","type",7
"CMU",4,16335,"biphone","EY-P","type",33
"CMU",4,16335,"biphone","IH-P","type",102
"CMU",4,16335,"biphone","IY-P","type",55
"CMU",4,16335,"biphone","OW-P","type",50
"CMU",4,16335,"biphone","OY-P","type",1
"CMU",4,16335,"biphone","UH-P","type",0
"CMU",4,16335,"biphone","UW-P","type",68
"CMU",4,16335,"biphone","AX-P","type",0
"CMU",4,16335,"biphone","AXR-P","type",0
"CMU",4,16335,"biphone","IX-P","type",0
"CMU",4,16335,"biphone","UX-P","type",0
"CMU",4,16335,"biphone","B-P","type",0
"CMU",4,16335,"biphone","CH-P","type",0
"CMU",4,16335,"biphone","D-P","type",1
"CMU",4,16335,"biphone","DH-P","type",0
"CMU",4,16335,"biphone","F-P","type",0
"CMU",4,16335,"biphone","G-P","type",0
"CMU",4,16335,"biphone","HH-P","type",0
"CMU",4,16335,"biphone","JH-P","type",0
"CMU",4,16335,"biphone","K-P","type",1
"CMU",4,16335,"biphone","L-P","type",25
"CMU",4,16335,"biphone","M-P","type",56
"CMU",4,16335,"biphone","N-P","type",0
"CMU",4,16335,"biphone","NG-P","type",0
"CMU",4,16335,"biphone","P-P","type",0
"CMU",4,16335,"biphone","R-P","type",20
"CMU",4,16335,"biphone","S-P","type",108
"CMU",4,16335,"biphone","SH-P","type",0
"CMU",4,16335,"biphone","T-P","type",0
"CMU",4,16335,"biphone","TH-P","type",0
"CMU",4,16335,"biphone","V-P","type",0
"CMU",4,16335,"biphone","W-P","type",0
"CMU",4,16335,"biphone","Y-P","type",0
"CMU",4,16335,"biphone","Z-P","type",0
"CMU",4,16335,"biphone","ZH-P","type",0
"CMU",4,16335,"biphone","Q-P","type",0
"CMU",4,16335,"biphone","AA-R","type",353
"CMU",4,16335,"biphone","AE-R","type",49
"CMU",4,16335,"biphone","AH-R","type",8
"CMU",4,16335,"biphone","AO-R","type",407
"CMU",4,16335,"biphone","AW-R","type",21
"CMU",4,16335,"biphone","AY-R","type",50
"CMU",4,16335,"biphone","EH-R","type",300
"CMU",4,16335,"biphone","ER-R","type",14
"CMU",4,16335,"biphone","EY-R","type",13
"CMU",4,16335,"biphone","IH-R","type",155
"CMU",4,16335,"biphone","IY-R","type",46
"CMU",4,16335,"biphone","OW-R","type",0
"CMU",4,16335,"biphone","OY-R","type",4
"CMU",4,16335,"biphone","UH-R","type",80
"CMU",4,16335,"biphone","UW-R","type",15
"CMU",4,16335,"biphone","AX-R","type",0
"CMU",4,16335,"biphone","AXR-R","type",0
"CMU",4,16335,"biphone","IX-R","type",0
"CMU",4,16335,"biphone","UX-R","type",0
"CMU",4,16335,"biphone","B-R","type",188
"CMU",4,16335,"biphone","CH-R","type",0
"CMU",4,16335,"biphone","D-R","type",75
"CMU",4,16335,"biphone","DH-R","type",0
"CMU",4,16335,"biphone","F-R","type",119
"CMU",4,16335,"biphone","G-R","type",173
"CMU",4,16335,"biphone","HH-R","type",2
"CMU",4,16335,"biphone","JH-R","type",0
"CMU",4,16335,"biphone","K-R","type",227
"CMU",4,16335,"biphone","L-R","type",5
"CMU",4,16335,"biphone","M-R","type",7
"CMU",4,16335,"biphone","N-R","type",4
"CMU",4,16335,"biphone","NG-R","type",0
"CMU",4,16335,"biphone","P-R","type",111
"CMU",4,16335,"biphone","R-R","type",0
"CMU",4,16335,"biphone","S-R","type",3
"CMU",4,16335,"biphone","SH-R","type",48
"CMU",4,16335,"biphone","T-R","type",113
"CMU",4,16335,"biphone","TH-R","type",26
"CMU",4,16335,"biphone","V-R","type",6
"CMU",4,16335,"biphone","W-R","type",0
"CMU",4,16335,"biphone","Y-R","type",0
"CMU",4,16335,"biphone","Z-R","type",1
"CMU",4,16335,"biphone","ZH-R","type",0
"CMU",4,16335,"biphone","Q-R","type",0
"CMU",4,16335,"biphone","AA-S","type",65
"CMU",4,16335,"biphone","AE-S","type",120
"CMU",4,16335,"biphone","AH-S","type",114
"CMU",4,16335,"biphone","AO-S","type",52
"CMU",4,16335,"biphone","AW-S","type",39
"CMU",4,16335,"biphone","AY-S","type",65
"CMU",4,16335,"biphone","EH-S","type",136
"CMU",4,16335,"biphone","ER-S","type",50
"CMU",4,16335,"biphone","EY-S","type",71
"CMU",4,16335,"biphone","IH-S","type",134
"CMU",4,16335,"biphone","IY-S","type",88
"CMU",4,16335,"biphone","OW-S","type",64
"CMU",4,16335,"biphone","OY-S","type",18
"CMU",4,16335,"biphone","UH-S","type",1
"CMU",4,16335,"biphone","UW-S","type",45
"CMU",4,16335,"biphone","AX-S","type",0
"CMU",4,16335,"biphone","AXR-S","type",0
"CMU",4,16335,"biphone","IX-S","type",0
"CMU",4,16335,"biphone","UX-S","type",0
"CMU",4,16335,"biphone","B-S","type",2
"CMU",4,16335,"biphone","CH-S","type",1
"CMU",4,16335,"biphone","D-S","type",1
"CMU",4,16335,"biphone","DH-S","type",0
"CMU",4,16335,"biphone","F-S","type",52
"CMU",4,16335,"biphone","G-S","type",0
"CMU",4,16335,"biphone","HH-S","type",0
"CMU",4,16335,"biphone","JH-S","type",0
"CMU",4,16335,"biphone","K-S","type",326
"CMU",4,16335,"biphone","L-S","type",18
"CMU",4,16335,"biphone","M-S","type",2
"CMU",4,16335,"biphone","N-S","type",58
"CMU",4,16335,"biphone","NG-S","type",0
"CMU",4,16335,"biphone","P-S","type",122
"CMU",4,16335,"biphone","R-S","type",35
"CMU",4,16335,"biphone","S-S","type",0
"CMU",4,16335,"biphone","SH-S","type",0
"CMU",4,16335,"biphone","T-S","type",410
"CMU",4,16335,"biphone","TH-S","type",28
"CMU",4,16335,"biphone","V-S","type",0
"CMU",4,16335,"biphone","W-S","type",0
"CMU",4,16335,"biphone","Y-S","type",0
"CMU",4,16335,"biphone","Z-S","type",0
"CMU",4,16335,"biphone","ZH-S","type",0
"CMU",4,16335,"biphone","Q-S","type",0
"CMU",4,16335,"biphone","AA-SH","type",22
"CMU",4,16335,"biphone","AE-SH","type",52
"CMU",4,16335,"biphone","AH-SH","type",34
"CMU",4,16335,"biphone","AO-SH","type",9
"CMU",4,16335,"biphone","AW-SH","type",5
"CMU",4,16335,"biphone","AY-SH","type",7
"CMU",4,16335,"biphone","EH-SH","type",28
"CMU",4,16335,"biphone","ER-SH","type",9
"CMU",4,16335,"biphone","EY-SH","type",3
"CMU",4,16335,"biphone","IH-SH","type",61
"CMU",4,16335,"biphone","IY-SH","type",10
"CMU",4,16335,"biphone","OW-SH","type",25
"CMU",4,16335,"biphone","OY-SH","type",2
"CMU",4,16335,"biphone","UH-SH","type",11
"CMU",4,16335,"biphone","UW-SH","type",12
"CMU",4,16335,"biphone","AX-SH","type",0
"CMU",4,16335,"biphone","AXR-SH","type",0
"CMU",4,16335,"biphone","IX-SH","type",0
"CMU",4,16335,"biphone","UX-SH","type",0
"CMU",4,16335,"biphone","B-SH","type",2
"CMU",4,16335,"biphone","CH-SH","type",0
"CMU",4,16335,"biphone","D-SH","type",0
"CMU",4,16335,"biphone","DH-SH","type",0
"CMU",4,16335,"biphone","F-SH","type",1
"CMU",4,16335,"biphone","G-SH","type",0
"CMU",4,16335,"biphone","HH-SH","type",0
"CMU",4,16335,"biphone","JH-SH","type",0
"CMU",4,16335,"biphone","K-SH","type",1
"CMU",4,16335,"biphone","L-SH","type",8
"CMU",4,16335,"biphone","M-SH","type",0
"CMU",4,16335,"biphone","N-SH","type",12
"CMU",4,16335,"biphone","NG-SH","type",0
"CMU",4,16335,"biphone","P-SH","type",2
"CMU",4,16335,"biphone","R-SH","type",16
"CMU",4,16335,"biphone","S-SH","type",0
"CMU",4,16335,"biphone","SH-SH","type",0
"CMU",4,16335,"biphone","T-SH","type",1
"CMU",4,16335,"biphone","TH-SH","type",0
"CMU",4,16335,"biphone","V-SH","type",0
"CMU",4,16335,"biphone","W-SH","type",0
"CMU",4,16335,"biphone","Y-SH","type",0
"CMU",4,16335,"biphone","Z-SH","type",0
"CMU",4,16335,"biphone","ZH-SH","type",0
"CMU",4,16335,"biphone","Q-SH","type",0
"CMU",4,16335,"biphone","AA-T","type",128
"CMU",4,16335,"biphone","AE-T","type",118
"CMU",4,16335,"biphone","AH-T","type",106
"CMU",4,16335,"biphone","AO-T","type",34
"CMU",4,16335,"biphone","AW-T","type",68
"CMU",4,16335,"biphone","AY-T","type",94
"CMU",4,16335,"biphone","EH-T","type",175
"CMU",4,16335,"biphone","ER-T","type",92
"CMU",4,16335,"biphone","EY-T","type",109
"CMU",4,16335,"biphone","IH-T","type",124
"CMU",4,16335,"biphone","IY-T","type",161
"CMU",4,16335,"biphone","OW-T","type",75
"CMU",4,16335,"biphone","OY-T","type",13
"CMU",4,16335,"biphone","UH-T","type",8
"CMU",4,16335,"biphone","UW-T","type",93
"CMU",4,16335,"biphone","AX-T","type",0
"CMU",4,16335,"biphone","AXR-T","type",0
"CMU",4,16335,"biphone","IX-T","type",0
"CMU",4,16335,"biphone","UX-T","type",0
"CMU",4,16335,"biphone","B-T","type",1
"CMU",4,16335,"biphone","CH-T","type",28
"CMU",4,16335,"biphone","D-T","type",5
"CMU",4,16335,"biphone","DH-T","type",0
"CMU",4,16335,"biphone","F-T","type",51
"CMU",4,16335,"biphone","G-T","type",2
"CMU",4,16335,"biphone","HH-T","type",0
"CMU",4,16335,"biphone","JH-T","type",0
"CMU",4,16335,"biphone","K-T","type",101
"CMU",4,16335,"biphone","L-T","type",73
"CMU",4,16335,"biphone","M-T","type",3
"CMU",4,16335,"biphone","N-T","type",147
"CMU",4,16335,"biphone","NG-T","type",0
"CMU",4,16335,"biphone","P-T","type",68
"CMU",4,16335,"biphone","R-T","type",56
"CMU",4,16335,"biphone","S-T","type",394
"CMU",4,16335,"biphone","SH-T","type",21
"CMU",4,16335,"biphone","T-T","type",0
"CMU",4,16335,"biphone","TH-T","type",1
"CMU",4,16335,"biphone","V-T","type",0
"CMU",4,16335,"biphone","W-T","type",0
"CMU",4,16335,"biphone","Y-T","type",0
"CMU",4,16335,"biphone","Z-T","type",3
"CMU",4,16335,"biphone","ZH-T","type",0
"CMU",4,16335,"biphone","Q-T","type",0
"CMU",4,16335,"biphone","AA-TH","type",7
"CMU",4,16335,"biphone","AE-TH","type",19
"CMU",4,16335,"biphone","AH-TH","type",3
"CMU",4,16335,"biphone","AO-TH","type",15
"CMU",4,16335,"biphone","AW-TH","type",3
"CMU",4,16335,"biphone","AY-TH","type",2
"CMU",4,16335,"biphone","EH-TH","type",20
"CMU",4,16335,"biphone","ER-TH","type",12
"CMU",4,16335,"biphone","EY-TH","type",3
"CMU",4,16335,"biphone","IH-TH","type",15
"CMU",4,16335,"biphone","IY-TH","type",10
"CMU",4,16335,"biphone","OW-TH","type",5
"CMU",4,16335,"biphone","OY-TH","type",0
"CMU",4,16335,"biphone","UH-TH","type",0
"CMU",4,16335,"biphone","UW-TH","type",21
"CMU",4,16335,"biphone","AX-TH","type",0
"CMU",4,16335,"biphone","AXR-TH","type",0
"CMU",4,16335,"biphone","IX-TH","type",0
"CMU",4,16335,"biphone","UX-TH","type",0
"CMU",4,16335,"biphone","B-TH","type",0
"CMU",4,16335,"biphone","CH-TH","type",0
"CMU",4,16335,"biphone","D-TH","type",1
"CMU",4,16335,"biphone","DH-TH","type",0
"CMU",4,16335,"biphone","F-TH","type",1
"CMU",4,16335,"biphone","G-TH","type",0
"CMU",4,16335,"biphone","HH-TH","type",0
"CMU",4,16335,"biphone","JH-TH","type",0
"CMU",4,16335,"biphone","K-TH","type",0
"CMU",4,16335,"biphone","L-TH","type",8
"CMU",4,16335,"biphone","M-TH","type",0
"CMU",4,16335,"biphone","N-TH","type",4
"CMU",4,16335,"biphone","NG-TH","type",1
"CMU",4,16335,"biphone","P-TH","type",1
"CMU",4,16335,"biphone","R-TH","type",16
"CMU",4,16335,"biphone","S-TH","type",0
"CMU",4,16335,"biphone","SH-TH","type",0
"CMU",4,16335,"biphone","T-TH","type",1
"CMU",4,16335,"biphone","TH-TH","type",0
"CMU",4,16335,"biphone","V-TH","type",0
"CMU",4,16335,"biphone","W-TH","type",0
"CMU",4,16335,"biphone","Y-TH","type",0
"CMU",4,16335,"biphone","Z-TH","type",0
"CMU",4,16335,"biphone","ZH-TH","type",0
"CMU",4,16335,"biphone","Q-TH","type",0
"CMU",4,16335,"biphone","AA-V","type",25
"CMU",4,16335,"biphone","AE-V","type",9
"CMU",4,16335,"biphone","AH-V","type",33
"CMU",4,16335,"biphone","AO-V","type",3
"CMU",4,16335,"biphone","AW-V","type",3
"CMU",4,16335,"biphone","AY-V","type",37
"CMU",4,16335,"biphone","EH-V","type",38
"CMU",4,16335,"biphone","ER-V","type",34
"CMU",4,16335,"biphone","EY-V","type",76
"CMU",4,16335,"biphone","IH-V","type",33
"CMU",4,16335,"biphone","IY-V","type",81
"CMU",4,16335,"biphone","OW-V","type",39
"CMU",4,16335,"biphone","OY-V","type",0
"CMU",4,16335,"biphone","UH-V","type",1
"CMU",4,16335,"biphone","UW-V","type",19
"CMU",4,16335,"biphone","AX-V","type",0
"CMU",4,16335,"biphone","AXR-V","type",0
"CMU",4,16335,"biphone","IX-V","type",0
"CMU",4,16335,"biphone","UX-V","type",0
"CMU",4,16335,"biphone","B-V","type",0
"CMU",4,16335,"biphone","CH-V","type",0
"CMU",4,16335,"biphone","D-V","type",1
"CMU",4,16335,"biphone","DH-V","type",0
"CMU",4,16335,"biphone","F-V","type",0
"CMU",4,16335,"biphone","G-V","type",0
"CMU",4,16335,"biphone","HH-V","type",0
"CMU",4,16335,"biphone","JH-V","type",0
"CMU",4,16335,"biphone","K-V","type",3
"CMU",4,16335,"biphone","L-V","type",16
"CMU",4,16335,"biphone","M-V","type",0
"CMU",4,16335,"biphone","N-V","type",3
"CMU",4,16335,"biphone","NG-V","type",0
"CMU",4,16335,"biphone","P-V","type",0
"CMU",4,16335,"biphone","R-V","type",10
"CMU",4,16335,"biphone","S-V","type",2
"CMU",4,16335,"biphone","SH-V","type",1
"CMU",4,16335,"biphone","T-V","type",1
"CMU",4,16335,"biphone","TH-V","type",0
"CMU",4,16335,"biphone","V-V","type",0
"CMU",4,16335,"biphone","W-V","type",0
"CMU",4,16335,"biphone","Y-V","type",0
"CMU",4,16335,"biphone","Z-V","type",0
"CMU",4,16335,"biphone","ZH-V","type",0
"CMU",4,16335,"biphone","Q-V","type",0
"CMU",4,16335,"biphone","AA-W","type",7
"CMU",4,16335,"biphone","AE-W","type",0
"CMU",4,16335,"biphone","AH-W","type",8
"CMU",4,16335,"biphone","AO-W","type",1
"CMU",4,16335,"biphone","AW-W","type",1
"CMU",4,16335,"biphone","AY-W","type",7
"CMU",4,16335,"biphone","EH-W","type",1
"CMU",4,16335,"biphone","ER-W","type",7
"CMU",4,16335,"biphone","EY-W","type",5
"CMU",4,16335,"biphone","IH-W","type",1
"CMU",4,16335,"biphone","IY-W","type",12
"CMU",4,16335,"biphone","OW-W","type",2
"CMU",4,16335,"biphone","OY-W","type",0
"CMU",4,16335,"biphone","UH-W","type",0
"CMU",4,16335,"biphone","UW-W","type",3
"CMU",4,16335,"biphone","AX-W","type",0
"CMU",4,16335,"biphone","AXR-W","type",0
"CMU",4,16335,"biphone","IX-W","type",0
"CMU",4,16335,"biphone","UX-W","type",0
"CMU",4,16335,"biphone","B-W","type",1
"CMU",4,16335,"biphone","CH-W","type",1
"CMU",4,16335,"biphone","D-W","type",12
"CMU",4,16335,"biphone","DH-W","type",0
"CMU",4,16335,"biphone","F-W","type",1
"CMU",4,16335,"biphone","G-W","type",10
"CMU",4,16335,"biphone","HH-W","type",41
"CMU",4,16335,"biphone","JH-W","type",3
"CMU",4,16335,"biphone","K-W","type",61
"CMU",4,16335,"biphone","L-W","type",2
"CMU",4,16335,"biphone","M-W","type",1
"CMU",4,16335,"biphone","N-W","type",2
"CMU",4,16335,"biphone","NG-W","type",0
"CMU",4,16335,"biphone","P-W","type",0
"CMU",4,16335,"biphone","R-W","type",1
"CMU",4,16335,"biphone","S-W","type",63
"CMU",4,16335,"biphone","SH-W","type",19
"CMU",4,16335,"biphone","T-W","type",19
"CMU",4,16335,"biphone","TH-W","type",2
"CMU",4,16335,"biphone","V-W","type",1
"CMU",4,16335,"biphone","W-W","type",0
"CMU",4,16335,"biphone","Y-W","type",1
"CMU",4,16335,"biphone","Z-W","type",4
"CMU",4,16335,"biphone","ZH-W","type",1
"CMU",4,16335,"biphone","Q-W","type",0
"CMU",4,16335,"biphone","AA-Y","type",4
"CMU",4,16335,"biphone","AE-Y","type",0
"CMU",4,16335,"biphone","AH-Y","type",1
"CMU",4,16335,"biphone","AO-Y","type",2
"CMU",4,16335,"biphone","AW-Y","type",1
"CMU",4,16335,"biphone","AY-Y","type",2
"CMU",4,16335,"biphone","EH-Y","type",0
"CMU",4,16335,"biphone","ER-Y","type",0
"CMU",4,16335,"biphone","EY-Y","type",5
"CMU",4,16335,"biphone","IH-Y","type",0
"CMU",4,16335,"biphone","IY-Y","type",2
"CMU",4,16335,"biphone","OW-Y","type",7
"CMU",4,16335,"biphone","OY-Y","type",1
"CMU",4,16335,"biphone","UH-Y","type",0
"CMU",4,16335,"biphone","UW-Y","type",0
"CMU",4,16335,"biphone","AX-Y","type",0
"CMU",4,16335,"biphone","AXR-Y","type",0
"CMU",4,16335,"biphone","IX-Y","type",0
"CMU",4,16335,"biphone","UX-Y","type",0
"CMU",4,16335,"biphone","B-Y","type",13
"CMU",4,16335,"biphone","CH-Y","type",2
"CMU",4,16335,"biphone","D-Y","type",2
"CMU",4,16335,"biphone","DH-Y","type",1
"CMU",4,16335,"biphone","F-Y","type",11
"CMU",4,16335,"biphone","G-Y","type",2
"CMU",4,16335,"biphone","HH-Y","type",24
"CMU",4,16335,"biphone","JH-Y","type",1
"CMU",4,16335,"biphone","K-Y","type",28
"CMU",4,16335,"biphone","L-Y","type",3
"CMU",4,16335,"biphone","M-Y","type",12
"CMU",4,16335,"biphone","N-Y","type",6
"CMU",4,16335,"biphone","NG-Y","type",0
"CMU",4,16335,"biphone","P-Y","type",8
"CMU",4,16335,"biphone","R-Y","type",2
"CMU",4,16335,"biphone","S-Y","type",1
"CMU",4,16335,"biphone","SH-Y","type",0
"CMU",4,16335,"biphone","T-Y","type",4
"CMU",4,16335,"biphone","TH-Y","type",0
"CMU",4,16335,"biphone","V-Y","type",5
"CMU",4,16335,"biphone","W-Y","type",0
"CMU",4,16335,"biphone","Y-Y","type",0
"CMU",4,16335,"biphone","Z-Y","type",1
"CMU",4,16335,"biphone","ZH-Y","type",0
"CMU",4,16335,"biphone","Q-Y","type",0
"CMU",4,16335,"biphone","AA-Z","type",29
"CMU",4,16335,"biphone","AE-Z","type",24
"CMU",4,16335,"biphone","AH-Z","type",56
"CMU",4,16335,"biphone","AO-Z","type",19
"CMU",4,16335,"biphone","AW-Z","type",26
"CMU",4,16335,"biphone","AY-Z","type",66
"CMU",4,16335,"biphone","EH-Z","type",23
"CMU",4,16335,"biphone","ER-Z","type",141
"CMU",4,16335,"biphone","EY-Z","type",84
"CMU",4,16335,"biphone","IH-Z","type",51
"CMU",4,16335,"biphone","IY-Z","type",142
"CMU",4,16335,"biphone","OW-Z","type",115
"CMU",4,16335,"biphone","OY-Z","type",11
"CMU",4,16335,"biphone","UH-Z","type",1
"CMU",4,16335,"biphone","UW-Z","type",102
"CMU",4,16335,"biphone","AX-Z","type",0
"CMU",4,16335,"biphone","AXR-Z","type",0
"CMU",4,16335,"biphone","IX-Z","type",0
"CMU",4,16335,"biphone","UX-Z","type",0
"CMU",4,16335,"biphone","B-Z","type",96
"CMU",4,16335,"biphone","CH-Z","type",0
"CMU",4,16335,"biphone","D-Z","type",150
"CMU",4,16335,"biphone","DH-Z","type",8
"CMU",4,16335,"biphone","F-Z","type",0
"CMU",4,16335,"biphone","G-Z","type",84
"CMU",4,16335,"biphone","HH-Z","type",0
"CMU",4,16335,"biphone","JH-Z","type",0
"CMU",4,16335,"biphone","K-Z","type",1
"CMU",4,16335,"biphone","L-Z","type",349
"CMU",4,16335,"biphone","M-Z","type",186
"CMU",4,16335,"biphone","N-Z","type",399
"CMU",4,16335,"biphone","NG-Z","type",51
"CMU",4,16335,"biphone","P-Z","type",1
"CMU",4,16335,"biphone","R-Z","type",182
"CMU",4,16335,"biphone","S-Z","type",0
"CMU",4,16335,"biphone","SH-Z","type",0
"CMU",4,16335,"biphone","T-Z","type",11
"CMU",4,16335,"biphone","TH-Z","type",0
"CMU",4,16335,"biphone","V-Z","type",74
"CMU",4,16335,"biphone","W-Z","type",0
"CMU",4,16335,"biphone","Y-Z","type",0
"CMU",4,16335,"biphone","Z-Z","type",0
"CMU",4,16335,"biphone","ZH-Z","type",0
"CMU",4,16335,"biphone","Q-Z","type",0
"CMU",4,16335,"biphone","AA-ZH","type",6
"CMU",4,16335,"biphone","AE-ZH","type",0
"CMU",4,16335,"biphone","AH-ZH","type",0
"CMU",4,16335,"biphone","AO-ZH","type",0
"CMU",4,16335,"biphone","AW-ZH","type",0
"CMU",4,16335,"biphone","AY-ZH","type",0
"CMU",4,16335,"biphone","EH-ZH","type",3
"CMU",4,16335,"biphone","ER-ZH","type",1
"CMU",4,16335,"biphone","EY-ZH","type",3
"CMU",4,16335,"biphone","IH-ZH","type",0
"CMU",4,16335,"biphone","IY-ZH","type",2
"CMU",4,16335,"biphone","OW-ZH","type",5
"CMU",4,16335,"biphone","OY-ZH","type",1
"CMU",4,16335,"biphone","UH-ZH","type",0
"CMU",4,16335,"biphone","UW-ZH","type",5
"CMU",4,16335,"biphone","AX-ZH","type",0
"CMU",4,16335,"biphone","AXR-ZH","type",0
"CMU",4,16335,"biphone","IX-ZH","type",0
"CMU",4,16335,"biphone","UX-ZH","type",0
"CMU",4,16335,"biphone","B-ZH","type",0
"CMU",4,16335,"biphone","CH-ZH","type",0
"CMU",4,16335,"biphone","D-ZH","type",0
"CMU",4,16335,"biphone","DH-ZH","type",0
"CMU",4,16335,"biphone","F-ZH","type",0
"CMU",4,16335,"biphone","G-ZH","type",0
"CMU",4,16335,"biphone","HH-ZH","type",0
"CMU",4,16335,"biphone","JH-ZH","type",0
"CMU",4,16335,"biphone","K-ZH","type",0
"CMU",4,16335,"biphone","L-ZH","type",0
"CMU",4,16335,"biphone","M-ZH","type",0
"CMU",4,16335,"biphone","N-ZH","type",0
"CMU",4,16335,"biphone","NG-ZH","type",0
"CMU",4,16335,"biphone","P-ZH","type",0
"CMU",4,16335,"biphone","R-ZH","type",0
"CMU",4,16335,"biphone","S-ZH","type",0
"CMU",4,16335,"biphone","SH-ZH","type",0
"CMU",4,16335,"biphone","T-ZH","type",0
"CMU",4,16335,"biphone","TH-ZH","type",0
"CMU",4,16335,"biphone","V-ZH","type",0
"CMU",4,16335,"biphone","W-ZH","type",0
"CMU",4,16335,"biphone","Y-ZH","type",0
"CMU",4,16335,"biphone","Z-ZH","type",0
"CMU",4,16335,"biphone","ZH-ZH","type",0
"CMU",4,16335,"biphone","Q-ZH","type",0
"CMU",4,16335,"biphone","AA-Q","type",0
"CMU",4,16335,"biphone","AE-Q","type",0
"CMU",4,16335,"biphone","AH-Q","type",0
"CMU",4,16335,"biphone","AO-Q","type",0
"CMU",4,16335,"biphone","AW-Q","type",0
"CMU",4,16335,"biphone","AY-Q","type",0
"CMU",4,16335,"biphone","EH-Q","type",0
"CMU",4,16335,"biphone","ER-Q","type",0
"CMU",4,16335,"biphone","EY-Q","type",0
"CMU",4,16335,"biphone","IH-Q","type",0
"CMU",4,16335,"biphone","IY-Q","type",0
"CMU",4,16335,"biphone","OW-Q","type",0
"CMU",4,16335,"biphone","OY-Q","type",0
"CMU",4,16335,"biphone","UH-Q","type",0
"CMU",4,16335,"biphone","UW-Q","type",0
"CMU",4,16335,"biphone","AX-Q","type",0
"CMU",4,16335,"biphone","AXR-Q","type",0
"CMU",4,16335,"biphone","IX-Q","type",0
"CMU",4,16335,"biphone","UX-Q","type",0
"CMU",4,16335,"biphone","B-Q","type",0
"CMU",4,16335,"biphone","CH-Q","type",0
"CMU",4,16335,"biphone","D-Q","type",0
"CMU",4,16335,"biphone","DH-Q","type",0
"CMU",4,16335,"biphone","F-Q","type",0
"CMU",4,16335,"biphone","G-Q","type",0
"CMU",4,16335,"biphone","HH-Q","type",0
"CMU",4,16335,"biphone","JH-Q","type",0
"CMU",4,16335,"biphone","K-Q","type",0
"CMU",4,16335,"biphone","L-Q","type",0
"CMU",4,16335,"biphone","M-Q","type",0
"CMU",4,16335,"biphone","N-Q","type",0
"CMU",4,16335,"biphone","NG-Q","type",0
"CMU",4,16335,"biphone","P-Q","type",0
"CMU",4,16335,"biphone","R-Q","type",0
"CMU",4,16335,"biphone","S-Q","type",0
"CMU",4,16335,"biphone","SH-Q","type",0
"CMU",4,16335,"biphone","T-Q","type",0
"CMU",4,16335,"biphone","TH-Q","type",0
"CMU",4,16335,"biphone","V-Q","type",0
"CMU",4,16335,"biphone","W-Q","type",0
"CMU",4,16335,"biphone","Y-Q","type",0
"CMU",4,16335,"biphone","Z-Q","type",0
"CMU",4,16335,"biphone","ZH-Q","type",0
"CMU",4,16335,"biphone","Q-Q","type",0
"CMU",5,25923,"biphone","AA-AA","type",0
"CMU",5,25923,"biphone","AE-AA","type",0
"CMU",5,25923,"biphone","AH-AA","type",0
"CMU",5,25923,"biphone","AO-AA","type",0
"CMU",5,25923,"biphone","AW-AA","type",3
"CMU",5,25923,"biphone","AY-AA","type",11
"CMU",5,25923,"biphone","EH-AA","type",0
"CMU",5,25923,"biphone","ER-AA","type",46
"CMU",5,25923,"biphone","EY-AA","type",3
"CMU",5,25923,"biphone","IH-AA","type",1
"CMU",5,25923,"biphone","IY-AA","type",50
"CMU",5,25923,"biphone","OW-AA","type",6
"CMU",5,25923,"biphone","OY-AA","type",0
"CMU",5,25923,"biphone","UH-AA","type",0
"CMU",5,25923,"biphone","UW-AA","type",15
"CMU",5,25923,"biphone","AX-AA","type",0
"CMU",5,25923,"biphone","AXR-AA","type",0
"CMU",5,25923,"biphone","IX-AA","type",0
"CMU",5,25923,"biphone","UX-AA","type",0
"CMU",5,25923,"biphone","B-AA","type",266
"CMU",5,25923,"biphone","CH-AA","type",32
"CMU",5,25923,"biphone","D-AA","type",153
"CMU",5,25923,"biphone","DH-AA","type",1
"CMU",5,25923,"biphone","F-AA","type",87
"CMU",5,25923,"biphone","G-AA","type",139
"CMU",5,25923,"biphone","HH-AA","type",193
"CMU",5,25923,"biphone","JH-AA","type",37
"CMU",5,25923,"biphone","K-AA","type",418
"CMU",5,25923,"biphone","L-AA","type",250
"CMU",5,25923,"biphone","M-AA","type",287
"CMU",5,25923,"biphone","N-AA","type",105
"CMU",5,25923,"biphone","NG-AA","type",0
"CMU",5,25923,"biphone","P-AA","type",173
"CMU",5,25923,"biphone","R-AA","type",295
"CMU",5,25923,"biphone","S-AA","type",149
"CMU",5,25923,"biphone","SH-AA","type",57
"CMU",5,25923,"biphone","T-AA","type",163
"CMU",5,25923,"biphone","TH-AA","type",8
"CMU",5,25923,"biphone","V-AA","type",90
"CMU",5,25923,"biphone","W-AA","type",153
"CMU",5,25923,"biphone","Y-AA","type",58
"CMU",5,25923,"biphone","Z-AA","type",41
"CMU",5,25923,"biphone","ZH-AA","type",2
"CMU",5,25923,"biphone","Q-AA","type",0
"CMU",5,25923,"biphone","AA-AE","type",0
"CMU",5,25923,"biphone","AE-AE","type",0
"CMU",5,25923,"biphone","AH-AE","type",0
"CMU",5,25923,"biphone","AO-AE","type",0
"CMU",5,25923,"biphone","AW-AE","type",0
"CMU",5,25923,"biphone","AY-AE","type",12
"CMU",5,25923,"biphone","EH-AE","type",0
"CMU",5,25923,"biphone","ER-AE","type",19
"CMU",5,25923,"biphone","EY-AE","type",0
"CMU",5,25923,"biphone","IH-AE","type",1
"CMU",5,25923,"biphone","IY-AE","type",18
"CMU",5,25923,"biphone","OW-AE","type",1
"CMU",5,25923,"biphone","OY-AE","type",2
"CMU",5,25923,"biphone","UH-AE","type",0
"CMU",5,25923,"biphone","UW-AE","type",6
"CMU",5,25923,"biphone","AX-AE","type",0
"CMU",5,25923,"biphone","AXR-AE","type",0
"CMU",5,25923,"biphone","IX-AE","type",0
"CMU",5,25923,"biphone","UX-AE","type",0
"CMU",5,25923,"biphone","B-AE","type",232
"CMU",5,25923,"biphone","CH-AE","type",49
"CMU",5,25923,"biphone","D-AE","type",113
"CMU",5,25923,"biphone","DH-AE","type",3
"CMU",5,25923,"biphone","F-AE","type",71
"CMU",5,25923,"biphone","G-AE","type",146
"CMU",5,25923,"biphone","HH-AE","type",229
"CMU",5,25923,"biphone","JH-AE","type",62
"CMU",5,25923,"biphone","K-AE","type",335
"CMU",5,25923,"biphone","L-AE","type",301
"CMU",5,25923,"biphone","M-AE","type",291
"CMU",5,25923,"biphone","N-AE","type",73
"CMU",5,25923,"biphone","NG-AE","type",0
"CMU",5,25923,"biphone","P-AE","type",195
"CMU",5,25923,"biphone","R-AE","type",343
"CMU",5,25923,"biphone","S-AE","type",133
"CMU",5,25923,"biphone","SH-AE","type",75
"CMU",5,25923,"biphone","T-AE","type",133
"CMU",5,25923,"biphone","TH-AE","type",16
"CMU",5,25923,"biphone","V-AE","type",71
"CMU",5,25923,"biphone","W-AE","type",26
"CMU",5,25923,"biphone","Y-AE","type",38
"CMU",5,25923,"biphone","Z-AE","type",36
"CMU",5,25923,"biphone","ZH-AE","type",0
"CMU",5,25923,"biphone","Q-AE","type",0
"CMU",5,25923,"biphone","AA-AH","type",1
"CMU",5,25923,"biphone","AE-AH","type",0
"CMU",5,25923,"biphone","AH-AH","type",0
"CMU",5,25923,"biphone","AO-AH","type",1
"CMU",5,25923,"biphone","AW-AH","type",24
"CMU",5,25923,"biphone","AY-AH","type",68
"CMU",5,25923,"biphone","EH-AH","type",0
"CMU",5,25923,"biphone","ER-AH","type",46
"CMU",5,25923,"biphone","EY-AH","type",19
"CMU",5,25923,"biphone","IH-AH","type",0
"CMU",5,25923,"biphone","IY-AH","type",236
"CMU",5,25923,"biphone","OW-AH","type",24
"CMU",5,25923,"biphone","OY-AH","type",15
"CMU",5,25923,"biphone","UH-AH","type",0
"CMU",5,25923,"biphone","UW-AH","type",37
"CMU",5,25923,"biphone","AX-AH","type",0
"CMU",5,25923,"biphone","AXR-AH","type",0
"CMU",5,25923,"biphone","IX-AH","type",0
"CMU",5,25923,"biphone","UX-AH","type",0
"CMU",5,25923,"biphone","B-AH","type",481
"CMU",5,25923,"biphone","CH-AH","type",134
"CMU",5,25923,"biphone","D-AH","type",626
"CMU",5,25923,"biphone","DH-AH","type",7
"CMU",5,25923,"biphone","F-AH","type",118
"CMU",5,25923,"biphone","G-AH","type",409
"CMU",5,25923,"biphone","HH-AH","type",163
"CMU",5,25923,"biphone","JH-AH","type",125
"CMU",5,25923,"biphone","K-AH","type",665
"CMU",5,25923,"biphone","L-AH","type",760
"CMU",5,25923,"biphone","M-AH","type",836
"CMU",5,25923,"biphone","N-AH","type",549
"CMU",5,25923,"biphone","NG-AH","type",14
"CMU",5,25923,"biphone","P-AH","type",224
"CMU",5,25923,"biphone","R-AH","type",798
"CMU",5,25923,"biphone","S-AH","type",537
"CMU",5,25923,"biphone","SH-AH","type",189
"CMU",5,25923,"biphone","T-AH","type",599
"CMU",5,25923,"biphone","TH-AH","type",63
"CMU",5,25923,"biphone","V-AH","type",175
"CMU",5,25923,"biphone","W-AH","type",52
"CMU",5,25923,"biphone","Y-AH","type",68
"CMU",5,25923,"biphone","Z-AH","type",201
"CMU",5,25923,"biphone","ZH-AH","type",14
"CMU",5,25923,"biphone","Q-AH","type",0
"CMU",5,25923,"biphone","AA-AO","type",0
"CMU",5,25923,"biphone","AE-AO","type",0
"CMU",5,25923,"biphone","AH-AO","type",0
"CMU",5,25923,"biphone","AO-AO","type",0
"CMU",5,25923,"biphone","AW-AO","type",0
"CMU",5,25923,"biphone","AY-AO","type",0
"CMU",5,25923,"biphone","EH-AO","type",0
"CMU",5,25923,"biphone","ER-AO","type",8
"CMU",5,25923,"biphone","EY-AO","type",5
"CMU",5,25923,"biphone","IH-AO","type",1
"CMU",5,25923,"biphone","IY-AO","type",9
"CMU",5,25923,"biphone","OW-AO","type",1
"CMU",5,25923,"biphone","OY-AO","type",0
"CMU",5,25923,"biphone","UH-AO","type",0
"CMU",5,25923,"biphone","UW-AO","type",0
"CMU",5,25923,"biphone","AX-AO","type",0
"CMU",5,25923,"biphone","AXR-AO","type",0
"CMU",5,25923,"biphone","IX-AO","type",0
"CMU",5,25923,"biphone","UX-AO","type",0
"CMU",5,25923,"biphone","B-AO","type",121
"CMU",5,25923,"biphone","CH-AO","type",14
"CMU",5,25923,"biphone","D-AO","type",88
"CMU",5,25923,"biphone","DH-AO","type",0
"CMU",5,25923,"biphone","F-AO","type",83
"CMU",5,25923,"biphone","G-AO","type",60
"CMU",5,25923,"biphone","HH-AO","type",87
"CMU",5,25923,"biphone","JH-AO","type",20
"CMU",5,25923,"biphone","K-AO","type",223
"CMU",5,25923,"biphone","L-AO","type",164
"CMU",5,25923,"biphone","M-AO","type",102
"CMU",5,25923,"biphone","N-AO","type",57
"CMU",5,25923,"biphone","NG-AO","type",1
"CMU",5,25923,"biphone","P-AO","type",79
"CMU",5,25923,"biphone","R-AO","type",120
"CMU",5,25923,"biphone","S-AO","type",96
"CMU",5,25923,"biphone","SH-AO","type",34
"CMU",5,25923,"biphone","T-AO","type",83
"CMU",5,25923,"biphone","TH-AO","type",10
"CMU",5,25923,"biphone","V-AO","type",12
"CMU",5,25923,"biphone","W-AO","type",142
"CMU",5,25923,"biphone","Y-AO","type",18
"CMU",5,25923,"biphone","Z-AO","type",16
"CMU",5,25923,"biphone","ZH-AO","type",0
"CMU",5,25923,"biphone","Q-AO","type",0
"CMU",5,25923,"biphone","AA-AW","type",0
"CMU",5,25923,"biphone","AE-AW","type",0
"CMU",5,25923,"biphone","AH-AW","type",0
"CMU",5,25923,"biphone","AO-AW","type",0
"CMU",5,25923,"biphone","AW-AW","type",0
"CMU",5,25923,"biphone","AY-AW","type",2
"CMU",5,25923,"biphone","EH-AW","type",0
"CMU",5,25923,"biphone","ER-AW","type",8
"CMU",5,25923,"biphone","EY-AW","type",2
"CMU",5,25923,"biphone","IH-AW","type",0
"CMU",5,25923,"biphone","IY-AW","type",2
"CMU",5,25923,"biphone","OW-AW","type",1
"CMU",5,25923,"biphone","OY-AW","type",0
"CMU",5,25923,"biphone","UH-AW","type",0
"CMU",5,25923,"biphone","UW-AW","type",1
"CMU",5,25923,"biphone","AX-AW","type",0
"CMU",5,25923,"biphone","AXR-AW","type",0
"CMU",5,25923,"biphone","IX-AW","type",0
"CMU",5,25923,"biphone","UX-AW","type",0
"CMU",5,25923,"biphone","B-AW","type",47
"CMU",5,25923,"biphone","CH-AW","type",6
"CMU",5,25923,"biphone","D-AW","type",54
"CMU",5,25923,"biphone","DH-AW","type",1
"CMU",5,25923,"biphone","F-AW","type",12
"CMU",5,25923,"biphone","G-AW","type",14
"CMU",5,25923,"biphone","HH-AW","type",57
"CMU",5,25923,"biphone","JH-AW","type",0
"CMU",5,25923,"biphone","K-AW","type",63
"CMU",5,25923,"biphone","L-AW","type",60
"CMU",5,25923,"biphone","M-AW","type",15
"CMU",5,25923,"biphone","N-AW","type",26
"CMU",5,25923,"biphone","NG-AW","type",1
"CMU",5,25923,"biphone","P-AW","type",30
"CMU",5,25923,"biphone","R-AW","type",95
"CMU",5,25923,"biphone","S-AW","type",21
"CMU",5,25923,"biphone","SH-AW","type",13
"CMU",5,25923,"biphone","T-AW","type",30
"CMU",5,25923,"biphone","TH-AW","type",2
"CMU",5,25923,"biphone","V-AW","type",7
"CMU",5,25923,"biphone","W-AW","type",4
"CMU",5,25923,"biphone","Y-AW","type",8
"CMU",5,25923,"biphone","Z-AW","type",3
"CMU",5,25923,"biphone","ZH-AW","type",2
"CMU",5,25923,"biphone","Q-AW","type",0
"CMU",5,25923,"biphone","AA-AY","type",1
"CMU",5,25923,"biphone","AE-AY","type",0
"CMU",5,25923,"biphone","AH-AY","type",0
"CMU",5,25923,"biphone","AO-AY","type",0
"CMU",5,25923,"biphone","AW-AY","type",0
"CMU",5,25923,"biphone","AY-AY","type",3
"CMU",5,25923,"biphone","EH-AY","type",0
"CMU",5,25923,"biphone","ER-AY","type",13
"CMU",5,25923,"biphone","EY-AY","type",0
"CMU",5,25923,"biphone","IH-AY","type",0
"CMU",5,25923,"biphone","IY-AY","type",6
"CMU",5,25923,"biphone","OW-AY","type",1
"CMU",5,25923,"biphone","OY-AY","type",0
"CMU",5,25923,"biphone","UH-AY","type",0
"CMU",5,25923,"biphone","UW-AY","type",2
"CMU",5,25923,"biphone","AX-AY","type",0
"CMU",5,25923,"biphone","AXR-AY","type",0
"CMU",5,25923,"biphone","IX-AY","type",0
"CMU",5,25923,"biphone","UX-AY","type",0
"CMU",5,25923,"biphone","B-AY","type",64
"CMU",5,25923,"biphone","CH-AY","type",11
"CMU",5,25923,"biphone","D-AY","type",77
"CMU",5,25923,"biphone","DH-AY","type",2
"CMU",5,25923,"biphone","F-AY","type",58
"CMU",5,25923,"biphone","G-AY","type",42
"CMU",5,25923,"biphone","HH-AY","type",104
"CMU",5,25923,"biphone","JH-AY","type",7
"CMU",5,25923,"biphone","K-AY","type",42
"CMU",5,25923,"biphone","L-AY","type",212
"CMU",5,25923,"biphone","M-AY","type",110
"CMU",5,25923,"biphone","N-AY","type",77
"CMU",5,25923,"biphone","NG-AY","type",0
"CMU",5,25923,"biphone","P-AY","type",57
"CMU",5,25923,"biphone","R-AY","type",265
"CMU",5,25923,"biphone","S-AY","type",133
"CMU",5,25923,"biphone","SH-AY","type",23
"CMU",5,25923,"biphone","T-AY","type",96
"CMU",5,25923,"biphone","TH-AY","type",5
"CMU",5,25923,"biphone","V-AY","type",51
"CMU",5,25923,"biphone","W-AY","type",144
"CMU",5,25923,"biphone","Y-AY","type",0
"CMU",5,25923,"biphone","Z-AY","type",33
"CMU",5,25923,"biphone","ZH-AY","type",0
"CMU",5,25923,"biphone","Q-AY","type",0
"CMU",5,25923,"biphone","AA-EH","type",1
"CMU",5,25923,"biphone","AE-EH","type",0
"CMU",5,25923,"biphone","AH-EH","type",0
"CMU",5,25923,"biphone","AO-EH","type",1
"CMU",5,25923,"biphone","AW-EH","type",2
"CMU",5,25923,"biphone","AY-EH","type",8
"CMU",5,25923,"biphone","EH-EH","type",0
"CMU",5,25923,"biphone","ER-EH","type",42
"CMU",5,25923,"biphone","EY-EH","type",7
"CMU",5,25923,"biphone","IH-EH","type",0
"CMU",5,25923,"biphone","IY-EH","type",21
"CMU",5,25923,"biphone","OW-EH","type",7
"CMU",5,25923,"biphone","OY-EH","type",1
"CMU",5,25923,"biphone","UH-EH","type",0
"CMU",5,25923,"biphone","UW-EH","type",17
"CMU",5,25923,"biphone","AX-EH","type",0
"CMU",5,25923,"biphone","AXR-EH","type",0
"CMU",5,25923,"biphone","IX-EH","type",0
"CMU",5,25923,"biphone","UX-EH","type",0
"CMU",5,25923,"biphone","B-EH","type",277
"CMU",5,25923,"biphone","CH-EH","type",71
"CMU",5,25923,"biphone","D-EH","type",246
"CMU",5,25923,"biphone","DH-EH","type",6
"CMU",5,25923,"biphone","F-EH","type",149
"CMU",5,25923,"biphone","G-EH","type",95
"CMU",5,25923,"biphone","HH-EH","type",207
"CMU",5,25923,"biphone","JH-EH","type",91
"CMU",5,25923,"biphone","K-EH","type",180
"CMU",5,25923,"biphone","L-EH","type",333
"CMU",5,25923,"biphone","M-EH","type",246
"CMU",5,25923,"biphone","N-EH","type",132
"CMU",5,25923,"biphone","NG-EH","type",1
"CMU",5,25923,"biphone","P-EH","type",170
"CMU",5,25923,"biphone","R-EH","type",338
"CMU",5,25923,"biphone","S-EH","type",262
"CMU",5,25923,"biphone","SH-EH","type",104
"CMU",5,25923,"biphone","T-EH","type",198
"CMU",5,25923,"biphone","TH-EH","type",16
"CMU",5,25923,"biphone","V-EH","type",105
"CMU",5,25923,"biphone","W-EH","type",180
"CMU",5,25923,"biphone","Y-EH","type",30
"CMU",5,25923,"biphone","Z-EH","type",62
"CMU",5,25923,"biphone","ZH-EH","type",6
"CMU",5,25923,"biphone","Q-EH","type",0
"CMU",5,25923,"biphone","AA-ER","type",1
"CMU",5,25923,"biphone","AE-ER","type",0
"CMU",5,25923,"biphone","AH-ER","type",0
"CMU",5,25923,"biphone","AO-ER","type",1
"CMU",5,25923,"biphone","AW-ER","type",43
"CMU",5,25923,"biphone","AY-ER","type",66
"CMU",5,25923,"biphone","EH-ER","type",0
"CMU",5,25923,"biphone","ER-ER","type",37
"CMU",5,25923,"biphone","EY-ER","type",19
"CMU",5,25923,"biphone","IH-ER","type",0
"CMU",5,25923,"biphone","IY-ER","type",158
"CMU",5,25923,"biphone","OW-ER","type",23
"CMU",5,25923,"biphone","OY-ER","type",5
"CMU",5,25923,"biphone","UH-ER","type",0
"CMU",5,25923,"biphone","UW-ER","type",29
"CMU",5,25923,"biphone","AX-ER","type",0
"CMU",5,25923,"biphone","AXR-ER","type",0
"CMU",5,25923,"biphone","IX-ER","type",0
"CMU",5,25923,"biphone","UX-ER","type",0
"CMU",5,25923,"biphone","B-ER","type",458
"CMU",5,25923,"biphone","CH-ER","type",141
"CMU",5,25923,"biphone","D-ER","type",323
"CMU",5,25923,"biphone","DH-ER","type",67
"CMU",5,25923,"biphone","F-ER","type",243
"CMU",5,25923,"biphone","G-ER","type",269
"CMU",5,25923,"biphone","HH-ER","type",87
"CMU",5,25923,"biphone","JH-ER","type",96
"CMU",5,25923,"biphone","K-ER","type",465
"CMU",5,25923,"biphone","L-ER","type",633
"CMU",5,25923,"biphone","M-ER","type",367
"CMU",5,25923,"biphone","N-ER","type",570
"CMU",5,25923,"biphone","NG-ER","type",41
"CMU",5,25923,"biphone","P-ER","type",320
"CMU",5,25923,"biphone","R-ER","type",29
"CMU",5,25923,"biphone","S-ER","type",257
"CMU",5,25923,"biphone","SH-ER","type",87
"CMU",5,25923,"biphone","T-ER","type",628
"CMU",5,25923,"biphone","TH-ER","type",48
"CMU",5,25923,"biphone","V-ER","type",259
"CMU",5,25923,"biphone","W-ER","type",122
"CMU",5,25923,"biphone","Y-ER","type",63
"CMU",5,25923,"biphone","Z-ER","type",144
"CMU",5,25923,"biphone","ZH-ER","type",19
"CMU",5,25923,"biphone","Q-ER","type",0
"CMU",5,25923,"biphone","AA-EY","type",0
"CMU",5,25923,"biphone","AE-EY","type",0
"CMU",5,25923,"biphone","AH-EY","type",0
"CMU",5,25923,"biphone","AO-EY","type",0
"CMU",5,25923,"biphone","AW-EY","type",0
"CMU",5,25923,"biphone","AY-EY","type",4
"CMU",5,25923,"biphone","EH-EY","type",0
"CMU",5,25923,"biphone","ER-EY","type",28
"CMU",5,25923,"biphone","EY-EY","type",3
"CMU",5,25923,"biphone","IH-EY","type",0
"CMU",5,25923,"biphone","IY-EY","type",22
"CMU",5,25923,"biphone","OW-EY","type",8
"CMU",5,25923,"biphone","OY-EY","type",0
"CMU",5,25923,"biphone","UH-EY","type",0
"CMU",5,25923,"biphone","UW-EY","type",2
"CMU",5,25923,"biphone","AX-EY","type",0
"CMU",5,25923,"biphone","AXR-EY","type",0
"CMU",5,25923,"biphone","IX-EY","type",0
"CMU",5,25923,"biphone","UX-EY","type",0
"CMU",5,25923,"biphone","B-EY","type",114
"CMU",5,25923,"biphone","CH-EY","type",29
"CMU",5,25923,"biphone","D-EY","type",118
"CMU",5,25923,"biphone","DH-EY","type",0
"CMU",5,25923,"biphone","F-EY","type",53
"CMU",5,25923,"biphone","G-EY","type",66
"CMU",5,25923,"biphone","HH-EY","type",83
"CMU",5,25923,"biphone","JH-EY","type",31
"CMU",5,25923,"biphone","K-EY","type",153
"CMU",5,25923,"biphone","L-EY","type",208
"CMU",5,25923,"biphone","M-EY","type",140
"CMU",5,25923,"biphone","N-EY","type",77
"CMU",5,25923,"biphone","NG-EY","type",2
"CMU",5,25923,"biphone","P-EY","type",83
"CMU",5,25923,"biphone","R-EY","type",373
"CMU",5,25923,"biphone","S-EY","type",85
"CMU",5,25923,"biphone","SH-EY","type",39
"CMU",5,25923,"biphone","T-EY","type",103
"CMU",5,25923,"biphone","TH-EY","type",4
"CMU",5,25923,"biphone","V-EY","type",52
"CMU",5,25923,"biphone","W-EY","type",179
"CMU",5,25923,"biphone","Y-EY","type",5
"CMU",5,25923,"biphone","Z-EY","type",18
"CMU",5,25923,"biphone","ZH-EY","type",2
"CMU",5,25923,"biphone","Q-EY","type",0
"CMU",5,25923,"biphone","AA-IH","type",4
"CMU",5,25923,"biphone","AE-IH","type",0
"CMU",5,25923,"biphone","AH-IH","type",0
"CMU",5,25923,"biphone","AO-IH","type",4
"CMU",5,25923,"biphone","AW-IH","type",8
"CMU",5,25923,"biphone","AY-IH","type",16
"CMU",5,25923,"biphone","EH-IH","type",0
"CMU",5,25923,"biphone","ER-IH","type",66
"CMU",5,25923,"biphone","EY-IH","type",15
"CMU",5,25923,"biphone","IH-IH","type",0
"CMU",5,25923,"biphone","IY-IH","type",19
"CMU",5,25923,"biphone","OW-IH","type",15
"CMU",5,25923,"biphone","OY-IH","type",4
"CMU",5,25923,"biphone","UH-IH","type",0
"CMU",5,25923,"biphone","UW-IH","type",47
"CMU",5,25923,"biphone","AX-IH","type",0
"CMU",5,25923,"biphone","AXR-IH","type",0
"CMU",5,25923,"biphone","IX-IH","type",0
"CMU",5,25923,"biphone","UX-IH","type",0
"CMU",5,25923,"biphone","B-IH","type",301
"CMU",5,25923,"biphone","CH-IH","type",157
"CMU",5,25923,"biphone","D-IH","type",457
"CMU",5,25923,"biphone","DH-IH","type",11
"CMU",5,25923,"biphone","F-IH","type",209
"CMU",5,25923,"biphone","G-IH","type",167
"CMU",5,25923,"biphone","HH-IH","type",133
"CMU",5,25923,"biphone","JH-IH","type",128
"CMU",5,25923,"biphone","K-IH","type",366
"CMU",5,25923,"biphone","L-IH","type",768
"CMU",5,25923,"biphone","M-IH","type",388
"CMU",5,25923,"biphone","N-IH","type",443
"CMU",5,25923,"biphone","NG-IH","type",13
"CMU",5,25923,"biphone","P-IH","type",247
"CMU",5,25923,"biphone","R-IH","type",765
"CMU",5,25923,"biphone","S-IH","type",467
"CMU",5,25923,"biphone","SH-IH","type",137
"CMU",5,25923,"biphone","T-IH","type",380
"CMU",5,25923,"biphone","TH-IH","type",43
"CMU",5,25923,"biphone","V-IH","type",251
"CMU",5,25923,"biphone","W-IH","type",328
"CMU",5,25923,"biphone","Y-IH","type",13
"CMU",5,25923,"biphone","Z-IH","type",140
"CMU",5,25923,"biphone","ZH-IH","type",5
"CMU",5,25923,"biphone","Q-IH","type",0
"CMU",5,25923,"biphone","AA-IY","type",17
"CMU",5,25923,"biphone","AE-IY","type",0
"CMU",5,25923,"biphone","AH-IY","type",0
"CMU",5,25923,"biphone","AO-IY","type",4
"CMU",5,25923,"biphone","AW-IY","type",3
"CMU",5,25923,"biphone","AY-IY","type",6
"CMU",5,25923,"biphone","EH-IY","type",0
"CMU",5,25923,"biphone","ER-IY","type",217
"CMU",5,25923,"biphone","EY-IY","type",5
"CMU",5,25923,"biphone","IH-IY","type",0
"CMU",5,25923,"biphone","IY-IY","type",4
"CMU",5,25923,"biphone","OW-IY","type",13
"CMU",5,25923,"biphone","OY-IY","type",0
"CMU",5,25923,"biphone","UH-IY","type",0
"CMU",5,25923,"biphone","UW-IY","type",15
"CMU",5,25923,"biphone","AX-IY","type",0
"CMU",5,25923,"biphone","AXR-IY","type",0
"CMU",5,25923,"biphone","IX-IY","type",0
"CMU",5,25923,"biphone","UX-IY","type",0
"CMU",5,25923,"biphone","B-IY","type",323
"CMU",5,25923,"biphone","CH-IY","type",93
"CMU",5,25923,"biphone","D-IY","type",386
"CMU",5,25923,"biphone","DH-IY","type",9
"CMU",5,25923,"biphone","F-IY","type",114
"CMU",5,25923,"biphone","G-IY","type",46
"CMU",5,25923,"biphone","HH-IY","type",58
"CMU",5,25923,"biphone","JH-IY","type",103
"CMU",5,25923,"biphone","K-IY","type",370
"CMU",5,25923,"biphone","L-IY","type",1003
"CMU",5,25923,"biphone","M-IY","type",178
"CMU",5,25923,"biphone","N-IY","type",416
"CMU",5,25923,"biphone","NG-IY","type",0
"CMU",5,25923,"biphone","P-IY","type",195
"CMU",5,25923,"biphone","R-IY","type",766
"CMU",5,25923,"biphone","S-IY","type",472
"CMU",5,25923,"biphone","SH-IY","type",65
"CMU",5,25923,"biphone","T-IY","type",349
"CMU",5,25923,"biphone","TH-IY","type",51
"CMU",5,25923,"biphone","V-IY","type",134
"CMU",5,25923,"biphone","W-IY","type",141
"CMU",5,25923,"biphone","Y-IY","type",18
"CMU",5,25923,"biphone","Z-IY","type",158
"CMU",5,25923,"biphone","ZH-IY","type",7
"CMU",5,25923,"biphone","Q-IY","type",0
"CMU",5,25923,"biphone","AA-OW","type",8
"CMU",5,25923,"biphone","AE-OW","type",0
"CMU",5,25923,"biphone","AH-OW","type",0
"CMU",5,25923,"biphone","AO-OW","type",0
"CMU",5,25923,"biphone","AW-OW","type",0
"CMU",5,25923,"biphone","AY-OW","type",17
"CMU",5,25923,"biphone","EH-OW","type",2
"CMU",5,25923,"biphone","ER-OW","type",47
"CMU",5,25923,"biphone","EY-OW","type",18
"CMU",5,25923,"biphone","IH-OW","type",1
"CMU",5,25923,"biphone","IY-OW","type",155
"CMU",5,25923,"biphone","OW-OW","type",0
"CMU",5,25923,"biphone","OY-OW","type",4
"CMU",5,25923,"biphone","UH-OW","type",0
"CMU",5,25923,"biphone","UW-OW","type",9
"CMU",5,25923,"biphone","AX-OW","type",0
"CMU",5,25923,"biphone","AXR-OW","type",0
"CMU",5,25923,"biphone","IX-OW","type",0
"CMU",5,25923,"biphone","UX-OW","type",0
"CMU",5,25923,"biphone","B-OW","type",227
"CMU",5,25923,"biphone","CH-OW","type",18
"CMU",5,25923,"biphone","D-OW","type",159
"CMU",5,25923,"biphone","DH-OW","type",1
"CMU",5,25923,"biphone","F-OW","type",53
"CMU",5,25923,"biphone","G-OW","type",150
"CMU",5,25923,"biphone","HH-OW","type",99
"CMU",5,25923,"biphone","JH-OW","type",29
"CMU",5,25923,"biphone","K-OW","type",521
"CMU",5,25923,"biphone","L-OW","type",287
"CMU",5,25923,"biphone","M-OW","type",154
"CMU",5,25923,"biphone","N-OW","type",179
"CMU",5,25923,"biphone","NG-OW","type",0
"CMU",5,25923,"biphone","P-OW","type",109
"CMU",5,25923,"biphone","R-OW","type",452
"CMU",5,25923,"biphone","S-OW","type",132
"CMU",5,25923,"biphone","SH-OW","type",55
"CMU",5,25923,"biphone","T-OW","type",210
"CMU",5,25923,"biphone","TH-OW","type",3
"CMU",5,25923,"biphone","V-OW","type",65
"CMU",5,25923,"biphone","W-OW","type",34
"CMU",5,25923,"biphone","Y-OW","type",42
"CMU",5,25923,"biphone","Z-OW","type",47
"CMU",5,25923,"biphone","ZH-OW","type",3
"CMU",5,25923,"biphone","Q-OW","type",0
"CMU",5,25923,"biphone","AA-OY","type",0
"CMU",5,25923,"biphone","AE-OY","type",0
"CMU",5,25923,"biphone","AH-OY","type",0
"CMU",5,25923,"biphone","AO-OY","type",0
"CMU",5,25923,"biphone","AW-OY","type",0
"CMU",5,25923,"biphone","AY-OY","type",0
"CMU",5,25923,"biphone","EH-OY","type",0
"CMU",5,25923,"biphone","ER-OY","type",3
"CMU",5,25923,"biphone","EY-OY","type",0
"CMU",5,25923,"biphone","IH-OY","type",0
"CMU",5,25923,"biphone","IY-OY","type",1
"CMU",5,25923,"biphone","OW-OY","type",0
"CMU",5,25923,"biphone","OY-OY","type",0
"CMU",5,25923,"biphone","UH-OY","type",0
"CMU",5,25923,"biphone","UW-OY","type",0
"CMU",5,25923,"biphone","AX-OY","type",0
"CMU",5,25923,"biphone","AXR-OY","type",0
"CMU",5,25923,"biphone","IX-OY","type",0
"CMU",5,25923,"biphone","UX-OY","type",0
"CMU",5,25923,"biphone","B-OY","type",38
"CMU",5,25923,"biphone","CH-OY","type",3
"CMU",5,25923,"biphone","D-OY","type",18
"CMU",5,25923,"biphone","DH-OY","type",1
"CMU",5,25923,"biphone","F-OY","type",7
"CMU",5,25923,"biphone","G-OY","type",3
"CMU",5,25923,"biphone","HH-OY","type",4
"CMU",5,25923,"biphone","JH-OY","type",18
"CMU",5,25923,"biphone","K-OY","type",14
"CMU",5,25923,"biphone","L-OY","type",20
"CMU",5,25923,"biphone","M-OY","type",10
"CMU",5,25923,"biphone","N-OY","type",13
"CMU",5,25923,"biphone","NG-OY","type",0
"CMU",5,25923,"biphone","P-OY","type",14
"CMU",5,25923,"biphone","R-OY","type",55
"CMU",5,25923,"biphone","S-OY","type",3
"CMU",5,25923,"biphone","SH-OY","type",3
"CMU",5,25923,"biphone","T-OY","type",12
"CMU",5,25923,"biphone","TH-OY","type",0
"CMU",5,25923,"biphone","V-OY","type",24
"CMU",5,25923,"biphone","W-OY","type",4
"CMU",5,25923,"biphone","Y-OY","type",1
"CMU",5,25923,"biphone","Z-OY","type",2
"CMU",5,25923,"biphone","ZH-OY","type",0
"CMU",5,25923,"biphone","Q-OY","type",0
"CMU",5,25923,"biphone","AA-UH","type",0
"CMU",5,25923,"biphone","AE-UH","type",0
"CMU",5,25923,"biphone","AH-UH","type",0
"CMU",5,25923,"biphone","AO-UH","type",0
"CMU",5,25923,"biphone","AW-UH","type",0
"CMU",5,25923,"biphone","AY-UH","type",0
"CMU",5,25923,"biphone","EH-UH","type",0
"CMU",5,25923,"biphone","ER-UH","type",0
"CMU",5,25923,"biphone","EY-UH","type",0
"CMU",5,25923,"biphone","IH-UH","type",0
"CMU",5,25923,"biphone","IY-UH","type",1
"CMU",5,25923,"biphone","OW-UH","type",1
"CMU",5,25923,"biphone","OY-UH","type",0
"CMU",5,25923,"biphone","UH-UH","type",0
"CMU",5,25923,"biphone","UW-UH","type",0
"CMU",5,25923,"biphone","AX-UH","type",0
"CMU",5,25923,"biphone","AXR-UH","type",0
"CMU",5,25923,"biphone","IX-UH","type",0
"CMU",5,25923,"biphone","UX-UH","type",0
"CMU",5,25923,"biphone","B-UH","type",59
"CMU",5,25923,"biphone","CH-UH","type",3
"CMU",5,25923,"biphone","D-UH","type",13
"CMU",5,25923,"biphone","DH-UH","type",0
"CMU",5,25923,"biphone","F-UH","type",18
"CMU",5,25923,"biphone","G-UH","type",37
"CMU",5,25923,"biphone","HH-UH","type",18
"CMU",5,25923,"biphone","JH-UH","type",12
"CMU",5,25923,"biphone","K-UH","type",28
"CMU",5,25923,"biphone","L-UH","type",28
"CMU",5,25923,"biphone","M-UH","type",6
"CMU",5,25923,"biphone","N-UH","type",15
"CMU",5,25923,"biphone","NG-UH","type",0
"CMU",5,25923,"biphone","P-UH","type",31
"CMU",5,25923,"biphone","R-UH","type",18
"CMU",5,25923,"biphone","S-UH","type",7
"CMU",5,25923,"biphone","SH-UH","type",18
"CMU",5,25923,"biphone","T-UH","type",16
"CMU",5,25923,"biphone","TH-UH","type",0
"CMU",5,25923,"biphone","V-UH","type",2
"CMU",5,25923,"biphone","W-UH","type",53
"CMU",5,25923,"biphone","Y-UH","type",23
"CMU",5,25923,"biphone","Z-UH","type",6
"CMU",5,25923,"biphone","ZH-UH","type",1
"CMU",5,25923,"biphone","Q-UH","type",0
"CMU",5,25923,"biphone","AA-UW","type",7
"CMU",5,25923,"biphone","AE-UW","type",0
"CMU",5,25923,"biphone","AH-UW","type",0
"CMU",5,25923,"biphone","AO-UW","type",0
"CMU",5,25923,"biphone","AW-UW","type",0
"CMU",5,25923,"biphone","AY-UW","type",2
"CMU",5,25923,"biphone","EH-UW","type",0
"CMU",5,25923,"biphone","ER-UW","type",19
"CMU",5,25923,"biphone","EY-UW","type",0
"CMU",5,25923,"biphone","IH-UW","type",0
"CMU",5,25923,"biphone","IY-UW","type",15
"CMU",5,25923,"biphone","OW-UW","type",0
"CMU",5,25923,"biphone","OY-UW","type",0
"CMU",5,25923,"biphone","UH-UW","type",0
"CMU",5,25923,"biphone","UW-UW","type",0
"CMU",5,25923,"biphone","AX-UW","type",0
"CMU",5,25923,"biphone","AXR-UW","type",0
"CMU",5,25923,"biphone","IX-UW","type",0
"CMU",5,25923,"biphone","UX-UW","type",0
"CMU",5,25923,"biphone","B-UW","type",67
"CMU",5,25923,"biphone","CH-UW","type",15
"CMU",5,25923,"biphone","D-UW","type",109
"CMU",5,25923,"biphone","DH-UW","type",0
"CMU",5,25923,"biphone","F-UW","type",27
"CMU",5,25923,"biphone","G-UW","type",39
"CMU",5,25923,"biphone","HH-UW","type",43
"CMU",5,25923,"biphone","JH-UW","type",47
"CMU",5,25923,"biphone","K-UW","type",103
"CMU",5,25923,"biphone","L-UW","type",164
"CMU",5,25923,"biphone","M-UW","type",46
"CMU",5,25923,"biphone","N-UW","type",114
"CMU",5,25923,"biphone","NG-UW","type",1
"CMU",5,25923,"biphone","P-UW","type",41
"CMU",5,25923,"biphone","R-UW","type",292
"CMU",5,25923,"biphone","S-UW","type",88
"CMU",5,25923,"biphone","SH-UW","type",56
"CMU",5,25923,"biphone","T-UW","type",96
"CMU",5,25923,"biphone","TH-UW","type",4
"CMU",5,25923,"biphone","V-UW","type",1
"CMU",5,25923,"biphone","W-UW","type",22
"CMU",5,25923,"biphone","Y-UW","type",297
"CMU",5,25923,"biphone","Z-UW","type",26
"CMU",5,25923,"biphone","ZH-UW","type",1
"CMU",5,25923,"biphone","Q-UW","type",0
"CMU",5,25923,"biphone","AA-AX","type",0
"CMU",5,25923,"biphone","AE-AX","type",0
"CMU",5,25923,"biphone","AH-AX","type",0
"CMU",5,25923,"biphone","AO-AX","type",0
"CMU",5,25923,"biphone","AW-AX","type",0
"CMU",5,25923,"biphone","AY-AX","type",0
"CMU",5,25923,"biphone","EH-AX","type",0
"CMU",5,25923,"biphone","ER-AX","type",0
"CMU",5,25923,"biphone","EY-AX","type",0
"CMU",5,25923,"biphone","IH-AX","type",0
"CMU",5,25923,"biphone","IY-AX","type",0
"CMU",5,25923,"biphone","OW-AX","type",0
"CMU",5,25923,"biphone","OY-AX","type",0
"CMU",5,25923,"biphone","UH-AX","type",0
"CMU",5,25923,"biphone","UW-AX","type",0
"CMU",5,25923,"biphone","AX-AX","type",0
"CMU",5,25923,"biphone","AXR-AX","type",0
"CMU",5,25923,"biphone","IX-AX","type",0
"CMU",5,25923,"biphone","UX-AX","type",0
"CMU",5,25923,"biphone","B-AX","type",0
"CMU",5,25923,"biphone","CH-AX","type",0
"CMU",5,25923,"biphone","D-AX","type",0
"CMU",5,25923,"biphone","DH-AX","type",0
"CMU",5,25923,"biphone","F-AX","type",0
"CMU",5,25923,"biphone","G-AX","type",0
"CMU",5,25923,"biphone","HH-AX","type",0
"CMU",5,25923,"biphone","JH-AX","type",0
"CMU",5,25923,"biphone","K-AX","type",0
"CMU",5,25923,"biphone","L-AX","type",0
"CMU",5,25923,"biphone","M-AX","type",0
"CMU",5,25923,"biphone","N-AX","type",0
"CMU",5,25923,"biphone","NG-AX","type",0
"CMU",5,25923,"biphone","P-AX","type",0
"CMU",5,25923,"biphone","R-AX","type",0
"CMU",5,25923,"biphone","S-AX","type",0
"CMU",5,25923,"biphone","SH-AX","type",0
"CMU",5,25923,"biphone","T-AX","type",0
"CMU",5,25923,"biphone","TH-AX","type",0
"CMU",5,25923,"biphone","V-AX","type",0
"CMU",5,25923,"biphone","W-AX","type",0
"CMU",5,25923,"biphone","Y-AX","type",0
"CMU",5,25923,"biphone","Z-AX","type",0
"CMU",5,25923,"biphone","ZH-AX","type",0
"CMU",5,25923,"biphone","Q-AX","type",0
"CMU",5,25923,"biphone","AA-AXR","type",0
"CMU",5,25923,"biphone","AE-AXR","type",0
"CMU",5,25923,"biphone","AH-AXR","type",0
"CMU",5,25923,"biphone","AO-AXR","type",0
"CMU",5,25923,"biphone","AW-AXR","type",0
"CMU",5,25923,"biphone","AY-AXR","type",0
"CMU",5,25923,"biphone","EH-AXR","type",0
"CMU",5,25923,"biphone","ER-AXR","type",0
"CMU",5,25923,"biphone","EY-AXR","type",0
"CMU",5,25923,"biphone","IH-AXR","type",0
"CMU",5,25923,"biphone","IY-AXR","type",0
"CMU",5,25923,"biphone","OW-AXR","type",0
"CMU",5,25923,"biphone","OY-AXR","type",0
"CMU",5,25923,"biphone","UH-AXR","type",0
"CMU",5,25923,"biphone","UW-AXR","type",0
"CMU",5,25923,"biphone","AX-AXR","type",0
"CMU",5,25923,"biphone","AXR-AXR","type",0
"CMU",5,25923,"biphone","IX-AXR","type",0
"CMU",5,25923,"biphone","UX-AXR","type",0
"CMU",5,25923,"biphone","B-AXR","type",0
"CMU",5,25923,"biphone","CH-AXR","type",0
"CMU",5,25923,"biphone","D-AXR","type",0
"CMU",5,25923,"biphone","DH-AXR","type",0
"CMU",5,25923,"biphone","F-AXR","type",0
"CMU",5,25923,"biphone","G-AXR","type",0
"CMU",5,25923,"biphone","HH-AXR","type",0
"CMU",5,25923,"biphone","JH-AXR","type",0
"CMU",5,25923,"biphone","K-AXR","type",0
"CMU",5,25923,"biphone","L-AXR","type",0
"CMU",5,25923,"biphone","M-AXR","type",0
"CMU",5,25923,"biphone","N-AXR","type",0
"CMU",5,25923,"biphone","NG-AXR","type",0
"CMU",5,25923,"biphone","P-AXR","type",0
"CMU",5,25923,"biphone","R-AXR","type",0
"CMU",5,25923,"biphone","S-AXR","type",0
"CMU",5,25923,"biphone","SH-AXR","type",0
"CMU",5,25923,"biphone","T-AXR","type",0
"CMU",5,25923,"biphone","TH-AXR","type",0
"CMU",5,25923,"biphone","V-AXR","type",0
"CMU",5,25923,"biphone","W-AXR","type",0
"CMU",5,25923,"biphone","Y-AXR","type",0
"CMU",5,25923,"biphone","Z-AXR","type",0
"CMU",5,25923,"biphone","ZH-AXR","type",0
"CMU",5,25923,"biphone","Q-AXR","type",0
"CMU",5,25923,"biphone","AA-IX","type",0
"CMU",5,25923,"biphone","AE-IX","type",0
"CMU",5,25923,"biphone","AH-IX","type",0
"CMU",5,25923,"biphone","AO-IX","type",0
"CMU",5,25923,"biphone","AW-IX","type",0
"CMU",5,25923,"biphone","AY-IX","type",0
"CMU",5,25923,"biphone","EH-IX","type",0
"CMU",5,25923,"biphone","ER-IX","type",0
"CMU",5,25923,"biphone","EY-IX","type",0
"CMU",5,25923,"biphone","IH-IX","type",0
"CMU",5,25923,"biphone","IY-IX","type",0
"CMU",5,25923,"biphone","OW-IX","type",0
"CMU",5,25923,"biphone","OY-IX","type",0
"CMU",5,25923,"biphone","UH-IX","type",0
"CMU",5,25923,"biphone","UW-IX","type",0
"CMU",5,25923,"biphone","AX-IX","type",0
"CMU",5,25923,"biphone","AXR-IX","type",0
"CMU",5,25923,"biphone","IX-IX","type",0
"CMU",5,25923,"biphone","UX-IX","type",0
"CMU",5,25923,"biphone","B-IX","type",0
"CMU",5,25923,"biphone","CH-IX","type",0
"CMU",5,25923,"biphone","D-IX","type",0
"CMU",5,25923,"biphone","DH-IX","type",0
"CMU",5,25923,"biphone","F-IX","type",0
"CMU",5,25923,"biphone","G-IX","type",0
"CMU",5,25923,"biphone","HH-IX","type",0
"CMU",5,25923,"biphone","JH-IX","type",0
"CMU",5,25923,"biphone","K-IX","type",0
"CMU",5,25923,"biphone","L-IX","type",0
"CMU",5,25923,"biphone","M-IX","type",0
"CMU",5,25923,"biphone","N-IX","type",0
"CMU",5,25923,"biphone","NG-IX","type",0
"CMU",5,25923,"biphone","P-IX","type",0
"CMU",5,25923,"biphone","R-IX","type",0
"CMU",5,25923,"biphone","S-IX","type",0
"CMU",5,25923,"biphone","SH-IX","type",0
"CMU",5,25923,"biphone","T-IX","type",0
"CMU",5,25923,"biphone","TH-IX","type",0
"CMU",5,25923,"biphone","V-IX","type",0
"CMU",5,25923,"biphone","W-IX","type",0
"CMU",5,25923,"biphone","Y-IX","type",0
"CMU",5,25923,"biphone","Z-IX","type",0
"CMU",5,25923,"biphone","ZH-IX","type",0
"CMU",5,25923,"biphone","Q-IX","type",0
"CMU",5,25923,"biphone","AA-UX","type",0
"CMU",5,25923,"biphone","AE-UX","type",0
"CMU",5,25923,"biphone","AH-UX","type",0
"CMU",5,25923,"biphone","AO-UX","type",0
"CMU",5,25923,"biphone","AW-UX","type",0
"CMU",5,25923,"biphone","AY-UX","type",0
"CMU",5,25923,"biphone","EH-UX","type",0
"CMU",5,25923,"biphone","ER-UX","type",0
"CMU",5,25923,"biphone","EY-UX","type",0
"CMU",5,25923,"biphone","IH-UX","type",0
"CMU",5,25923,"biphone","IY-UX","type",0
"CMU",5,25923,"biphone","OW-UX","type",0
"CMU",5,25923,"biphone","OY-UX","type",0
"CMU",5,25923,"biphone","UH-UX","type",0
"CMU",5,25923,"biphone","UW-UX","type",0
"CMU",5,25923,"biphone","AX-UX","type",0
"CMU",5,25923,"biphone","AXR-UX","type",0
"CMU",5,25923,"biphone","IX-UX","type",0
"CMU",5,25923,"biphone","UX-UX","type",0
"CMU",5,25923,"biphone","B-UX","type",0
"CMU",5,25923,"biphone","CH-UX","type",0
"CMU",5,25923,"biphone","D-UX","type",0
"CMU",5,25923,"biphone","DH-UX","type",0
"CMU",5,25923,"biphone","F-UX","type",0
"CMU",5,25923,"biphone","G-UX","type",0
"CMU",5,25923,"biphone","HH-UX","type",0
"CMU",5,25923,"biphone","JH-UX","type",0
"CMU",5,25923,"biphone","K-UX","type",0
"CMU",5,25923,"biphone","L-UX","type",0
"CMU",5,25923,"biphone","M-UX","type",0
"CMU",5,25923,"biphone","N-UX","type",0
"CMU",5,25923,"biphone","NG-UX","type",0
"CMU",5,25923,"biphone","P-UX","type",0
"CMU",5,25923,"biphone","R-UX","type",0
"CMU",5,25923,"biphone","S-UX","type",0
"CMU",5,25923,"biphone","SH-UX","type",0
"CMU",5,25923,"biphone","T-UX","type",0
"CMU",5,25923,"biphone","TH-UX","type",0
"CMU",5,25923,"biphone","V-UX","type",0
"CMU",5,25923,"biphone","W-UX","type",0
"CMU",5,25923,"biphone","Y-UX","type",0
"CMU",5,25923,"biphone","Z-UX","type",0
"CMU",5,25923,"biphone","ZH-UX","type",0
"CMU",5,25923,"biphone","Q-UX","type",0
"CMU",5,25923,"biphone","AA-B","type",132
"CMU",5,25923,"biphone","AE-B","type",120
"CMU",5,25923,"biphone","AH-B","type",181
"CMU",5,25923,"biphone","AO-B","type",15
"CMU",5,25923,"biphone","AW-B","type",25
"CMU",5,25923,"biphone","AY-B","type",63
"CMU",5,25923,"biphone","EH-B","type",80
"CMU",5,25923,"biphone","ER-B","type",80
"CMU",5,25923,"biphone","EY-B","type",86
"CMU",5,25923,"biphone","IH-B","type",87
"CMU",5,25923,"biphone","IY-B","type",105
"CMU",5,25923,"biphone","OW-B","type",143
"CMU",5,25923,"biphone","OY-B","type",11
"CMU",5,25923,"biphone","UH-B","type",6
"CMU",5,25923,"biphone","UW-B","type",101
"CMU",5,25923,"biphone","AX-B","type",0
"CMU",5,25923,"biphone","AXR-B","type",0
"CMU",5,25923,"biphone","IX-B","type",0
"CMU",5,25923,"biphone","UX-B","type",0
"CMU",5,25923,"biphone","B-B","type",0
"CMU",5,25923,"biphone","CH-B","type",1
"CMU",5,25923,"biphone","D-B","type",14
"CMU",5,25923,"biphone","DH-B","type",0
"CMU",5,25923,"biphone","F-B","type",2
"CMU",5,25923,"biphone","G-B","type",16
"CMU",5,25923,"biphone","HH-B","type",0
"CMU",5,25923,"biphone","JH-B","type",0
"CMU",5,25923,"biphone","K-B","type",12
"CMU",5,25923,"biphone","L-B","type",76
"CMU",5,25923,"biphone","M-B","type",112
"CMU",5,25923,"biphone","N-B","type",24
"CMU",5,25923,"biphone","NG-B","type",3
"CMU",5,25923,"biphone","P-B","type",1
"CMU",5,25923,"biphone","R-B","type",82
"CMU",5,25923,"biphone","S-B","type",29
"CMU",5,25923,"biphone","SH-B","type",6
"CMU",5,25923,"biphone","T-B","type",6
"CMU",5,25923,"biphone","TH-B","type",1
"CMU",5,25923,"biphone","V-B","type",0
"CMU",5,25923,"biphone","W-B","type",0
"CMU",5,25923,"biphone","Y-B","type",0
"CMU",5,25923,"biphone","Z-B","type",13
"CMU",5,25923,"biphone","ZH-B","type",0
"CMU",5,25923,"biphone","Q-B","type",0
"CMU",5,25923,"biphone","AA-CH","type",49
"CMU",5,25923,"biphone","AE-CH","type",66
"CMU",5,25923,"biphone","AH-CH","type",49
"CMU",5,25923,"biphone","AO-CH","type",6
"CMU",5,25923,"biphone","AW-CH","type",12
"CMU",5,25923,"biphone","AY-CH","type",5
"CMU",5,25923,"biphone","EH-CH","type",29
"CMU",5,25923,"biphone","ER-CH","type",37
"CMU",5,25923,"biphone","EY-CH","type",10
"CMU",5,25923,"biphone","IH-CH","type",102
"CMU",5,25923,"biphone","IY-CH","type",60
"CMU",5,25923,"biphone","OW-CH","type",18
"CMU",5,25923,"biphone","OY-CH","type",4
"CMU",5,25923,"biphone","UH-CH","type",6
"CMU",5,25923,"biphone","UW-CH","type",24
"CMU",5,25923,"biphone","AX-CH","type",0
"CMU",5,25923,"biphone","AXR-CH","type",0
"CMU",5,25923,"biphone","IX-CH","type",0
"CMU",5,25923,"biphone","UX-CH","type",0
"CMU",5,25923,"biphone","B-CH","type",0
"CMU",5,25923,"biphone","CH-CH","type",0
"CMU",5,25923,"biphone","D-CH","type",0
"CMU",5,25923,"biphone","DH-CH","type",0
"CMU",5,25923,"biphone","F-CH","type",0
"CMU",5,25923,"biphone","G-CH","type",0
"CMU",5,25923,"biphone","HH-CH","type",0
"CMU",5,25923,"biphone","JH-CH","type",0
"CMU",5,25923,"biphone","K-CH","type",4
"CMU",5,25923,"biphone","L-CH","type",18
"CMU",5,25923,"biphone","M-CH","type",3
"CMU",5,25923,"biphone","N-CH","type",73
"CMU",5,25923,"biphone","NG-CH","type",0
"CMU",5,25923,"biphone","P-CH","type",5
"CMU",5,25923,"biphone","R-CH","type",27
"CMU",5,25923,"biphone","S-CH","type",9
"CMU",5,25923,"biphone","SH-CH","type",1
"CMU",5,25923,"biphone","T-CH","type",3
"CMU",5,25923,"biphone","TH-CH","type",0
"CMU",5,25923,"biphone","V-CH","type",0
"CMU",5,25923,"biphone","W-CH","type",0
"CMU",5,25923,"biphone","Y-CH","type",0
"CMU",5,25923,"biphone","Z-CH","type",0
"CMU",5,25923,"biphone","ZH-CH","type",0
"CMU",5,25923,"biphone","Q-CH","type",0
"CMU",5,25923,"biphone","AA-D","type",138
"CMU",5,25923,"biphone","AE-D","type",178
"CMU",5,25923,"biphone","AH-D","type",239
"CMU",5,25923,"biphone","AO-D","type",49
"CMU",5,25923,"biphone","AW-D","type",41
"CMU",5,25923,"biphone","AY-D","type",181
"CMU",5,25923,"biphone","EH-D","type",203
"CMU",5,25923,"biphone","ER-D","type",397
"CMU",5,25923,"biphone","EY-D","type",167
"CMU",5,25923,"biphone","IH-D","type",285
"CMU",5,25923,"biphone","IY-D","type",191
"CMU",5,25923,"biphone","OW-D","type",173
"CMU",5,25923,"biphone","OY-D","type",19
"CMU",5,25923,"biphone","UH-D","type",80
"CMU",5,25923,"biphone","UW-D","type",123
"CMU",5,25923,"biphone","AX-D","type",0
"CMU",5,25923,"biphone","AXR-D","type",0
"CMU",5,25923,"biphone","IX-D","type",0
"CMU",5,25923,"biphone","UX-D","type",0
"CMU",5,25923,"biphone","B-D","type",21
"CMU",5,25923,"biphone","CH-D","type",0
"CMU",5,25923,"biphone","D-D","type",1
"CMU",5,25923,"biphone","DH-D","type",4
"CMU",5,25923,"biphone","F-D","type",1
"CMU",5,25923,"biphone","G-D","type",15
"CMU",5,25923,"biphone","HH-D","type",0
"CMU",5,25923,"biphone","JH-D","type",25
"CMU",5,25923,"biphone","K-D","type",6
"CMU",5,25923,"biphone","L-D","type",190
"CMU",5,25923,"biphone","M-D","type",43
"CMU",5,25923,"biphone","N-D","type",431
"CMU",5,25923,"biphone","NG-D","type",6
"CMU",5,25923,"biphone","P-D","type",6
"CMU",5,25923,"biphone","R-D","type",174
"CMU",5,25923,"biphone","S-D","type",0
"CMU",5,25923,"biphone","SH-D","type",2
"CMU",5,25923,"biphone","T-D","type",5
"CMU",5,25923,"biphone","TH-D","type",1
"CMU",5,25923,"biphone","V-D","type",21
"CMU",5,25923,"biphone","W-D","type",0
"CMU",5,25923,"biphone","Y-D","type",1
"CMU",5,25923,"biphone","Z-D","type",36
"CMU",5,25923,"biphone","ZH-D","type",1
"CMU",5,25923,"biphone","Q-D","type",0
"CMU",5,25923,"biphone","AA-DH","type",8
"CMU",5,25923,"biphone","AE-DH","type",18
"CMU",5,25923,"biphone","AH-DH","type",10
"CMU",5,25923,"biphone","AO-DH","type",1
"CMU",5,25923,"biphone","AW-DH","type",2
"CMU",5,25923,"biphone","AY-DH","type",2
"CMU",5,25923,"biphone","EH-DH","type",20
"CMU",5,25923,"biphone","ER-DH","type",4
"CMU",5,25923,"biphone","EY-DH","type",3
"CMU",5,25923,"biphone","IH-DH","type",12
"CMU",5,25923,"biphone","IY-DH","type",8
"CMU",5,25923,"biphone","OW-DH","type",2
"CMU",5,25923,"biphone","OY-DH","type",0
"CMU",5,25923,"biphone","UH-DH","type",0
"CMU",5,25923,"biphone","UW-DH","type",4
"CMU",5,25923,"biphone","AX-DH","type",0
"CMU",5,25923,"biphone","AXR-DH","type",0
"CMU",5,25923,"biphone","IX-DH","type",0
"CMU",5,25923,"biphone","UX-DH","type",0
"CMU",5,25923,"biphone","B-DH","type",0
"CMU",5,25923,"biphone","CH-DH","type",0
"CMU",5,25923,"biphone","D-DH","type",0
"CMU",5,25923,"biphone","DH-DH","type",0
"CMU",5,25923,"biphone","F-DH","type",0
"CMU",5,25923,"biphone","G-DH","type",0
"CMU",5,25923,"biphone","HH-DH","type",0
"CMU",5,25923,"biphone","JH-DH","type",0
"CMU",5,25923,"biphone","K-DH","type",0
"CMU",5,25923,"biphone","L-DH","type",1
"CMU",5,25923,"biphone","M-DH","type",0
"CMU",5,25923,"biphone","N-DH","type",5
"CMU",5,25923,"biphone","NG-DH","type",0
"CMU",5,25923,"biphone","P-DH","type",0
"CMU",5,25923,"biphone","R-DH","type",3
"CMU",5,25923,"biphone","S-DH","type",1
"CMU",5,25923,"biphone","SH-DH","type",0
"CMU",5,25923,"biphone","T-DH","type",1
"CMU",5,25923,"biphone","TH-DH","type",0
"CMU",5,25923,"biphone","V-DH","type",0
"CMU",5,25923,"biphone","W-DH","type",0
"CMU",5,25923,"biphone","Y-DH","type",0
"CMU",5,25923,"biphone","Z-DH","type",0
"CMU",5,25923,"biphone","ZH-DH","type",0
"CMU",5,25923,"biphone","Q-DH","type",0
"CMU",5,25923,"biphone","AA-F","type",60
"CMU",5,25923,"biphone","AE-F","type",104
"CMU",5,25923,"biphone","AH-F","type",144
"CMU",5,25923,"biphone","AO-F","type",115
"CMU",5,25923,"biphone","AW-F","type",4
"CMU",5,25923,"biphone","AY-F","type",31
"CMU",5,25923,"biphone","EH-F","type",89
"CMU",5,25923,"biphone","ER-F","type",24
"CMU",5,25923,"biphone","EY-F","type",21
"CMU",5,25923,"biphone","IH-F","type",110
"CMU",5,25923,"biphone","IY-F","type",44
"CMU",5,25923,"biphone","OW-F","type",42
"CMU",5,25923,"biphone","OY-F","type",3
"CMU",5,25923,"biphone","UH-F","type",1
"CMU",5,25923,"biphone","UW-F","type",25
"CMU",5,25923,"biphone","AX-F","type",0
"CMU",5,25923,"biphone","AXR-F","type",0
"CMU",5,25923,"biphone","IX-F","type",0
"CMU",5,25923,"biphone","UX-F","type",0
"CMU",5,25923,"biphone","B-F","type",0
"CMU",5,25923,"biphone","CH-F","type",0
"CMU",5,25923,"biphone","D-F","type",0
"CMU",5,25923,"biphone","DH-F","type",0
"CMU",5,25923,"biphone","F-F","type",0
"CMU",5,25923,"biphone","G-F","type",0
"CMU",5,25923,"biphone","HH-F","type",0
"CMU",5,25923,"biphone","JH-F","type",0
"CMU",5,25923,"biphone","K-F","type",6
"CMU",5,25923,"biphone","L-F","type",55
"CMU",5,25923,"biphone","M-F","type",13
"CMU",5,25923,"biphone","N-F","type",23
"CMU",5,25923,"biphone","NG-F","type",0
"CMU",5,25923,"biphone","P-F","type",26
"CMU",5,25923,"biphone","R-F","type",23
"CMU",5,25923,"biphone","S-F","type",3
"CMU",5,25923,"biphone","SH-F","type",1
"CMU",5,25923,"biphone","T-F","type",2
"CMU",5,25923,"biphone","TH-F","type",0
"CMU",5,25923,"biphone","V-F","type",0
"CMU",5,25923,"biphone","W-F","type",0
"CMU",5,25923,"biphone","Y-F","type",0
"CMU",5,25923,"biphone","Z-F","type",0
"CMU",5,25923,"biphone","ZH-F","type",0
"CMU",5,25923,"biphone","Q-F","type",0
"CMU",5,25923,"biphone","AA-G","type",70
"CMU",5,25923,"biphone","AE-G","type",125
"CMU",5,25923,"biphone","AH-G","type",103
"CMU",5,25923,"biphone","AO-G","type",27
"CMU",5,25923,"biphone","AW-G","type",13
"CMU",5,25923,"biphone","AY-G","type",51
"CMU",5,25923,"biphone","EH-G","type",91
"CMU",5,25923,"biphone","ER-G","type",88
"CMU",5,25923,"biphone","EY-G","type",83
"CMU",5,25923,"biphone","IH-G","type",219
"CMU",5,25923,"biphone","IY-G","type",115
"CMU",5,25923,"biphone","OW-G","type",71
"CMU",5,25923,"biphone","OY-G","type",5
"CMU",5,25923,"biphone","UH-G","type",7
"CMU",5,25923,"biphone","UW-G","type",49
"CMU",5,25923,"biphone","AX-G","type",0
"CMU",5,25923,"biphone","AXR-G","type",0
"CMU",5,25923,"biphone","IX-G","type",0
"CMU",5,25923,"biphone","UX-G","type",0
"CMU",5,25923,"biphone","B-G","type",0
"CMU",5,25923,"biphone","CH-G","type",0
"CMU",5,25923,"biphone","D-G","type",2
"CMU",5,25923,"biphone","DH-G","type",0
"CMU",5,25923,"biphone","F-G","type",1
"CMU",5,25923,"biphone","G-G","type",0
"CMU",5,25923,"biphone","HH-G","type",0
"CMU",5,25923,"biphone","JH-G","type",0
"CMU",5,25923,"biphone","K-G","type",0
"CMU",5,25923,"biphone","L-G","type",27
"CMU",5,25923,"biphone","M-G","type",0
"CMU",5,25923,"biphone","N-G","type",9
"CMU",5,25923,"biphone","NG-G","type",57
"CMU",5,25923,"biphone","P-G","type",1
"CMU",5,25923,"biphone","R-G","type",49
"CMU",5,25923,"biphone","S-G","type",2
"CMU",5,25923,"biphone","SH-G","type",0
"CMU",5,25923,"biphone","T-G","type",12
"CMU",5,25923,"biphone","TH-G","type",2
"CMU",5,25923,"biphone","V-G","type",0
"CMU",5,25923,"biphone","W-G","type",0
"CMU",5,25923,"biphone","Y-G","type",0
"CMU",5,25923,"biphone","Z-G","type",1
"CMU",5,25923,"biphone","ZH-G","type",0
"CMU",5,25923,"biphone","Q-G","type",0
"CMU",5,25923,"biphone","AA-HH","type",19
"CMU",5,25923,"biphone","AE-HH","type",15
"CMU",5,25923,"biphone","AH-HH","type",29
"CMU",5,25923,"biphone","AO-HH","type",4
"CMU",5,25923,"biphone","AW-HH","type",2
"CMU",5,25923,"biphone","AY-HH","type",4
"CMU",5,25923,"biphone","EH-HH","type",18
"CMU",5,25923,"biphone","ER-HH","type",10
"CMU",5,25923,"biphone","EY-HH","type",12
"CMU",5,25923,"biphone","IH-HH","type",17
"CMU",5,25923,"biphone","IY-HH","type",29
"CMU",5,25923,"biphone","OW-HH","type",37
"CMU",5,25923,"biphone","OY-HH","type",1
"CMU",5,25923,"biphone","UH-HH","type",0
"CMU",5,25923,"biphone","UW-HH","type",14
"CMU",5,25923,"biphone","AX-HH","type",0
"CMU",5,25923,"biphone","AXR-HH","type",0
"CMU",5,25923,"biphone","IX-HH","type",0
"CMU",5,25923,"biphone","UX-HH","type",0
"CMU",5,25923,"biphone","B-HH","type",1
"CMU",5,25923,"biphone","CH-HH","type",0
"CMU",5,25923,"biphone","D-HH","type",5
"CMU",5,25923,"biphone","DH-HH","type",0
"CMU",5,25923,"biphone","F-HH","type",0
"CMU",5,25923,"biphone","G-HH","type",1
"CMU",5,25923,"biphone","HH-HH","type",0
"CMU",5,25923,"biphone","JH-HH","type",0
"CMU",5,25923,"biphone","K-HH","type",6
"CMU",5,25923,"biphone","L-HH","type",5
"CMU",5,25923,"biphone","M-HH","type",8
"CMU",5,25923,"biphone","N-HH","type",13
"CMU",5,25923,"biphone","NG-HH","type",1
"CMU",5,25923,"biphone","P-HH","type",3
"CMU",5,25923,"biphone","R-HH","type",4
"CMU",5,25923,"biphone","S-HH","type",1
"CMU",5,25923,"biphone","SH-HH","type",0
"CMU",5,25923,"biphone","T-HH","type",2
"CMU",5,25923,"biphone","TH-HH","type",0
"CMU",5,25923,"biphone","V-HH","type",0
"CMU",5,25923,"biphone","W-HH","type",0
"CMU",5,25923,"biphone","Y-HH","type",0
"CMU",5,25923,"biphone","Z-HH","type",0
"CMU",5,25923,"biphone","ZH-HH","type",0
"CMU",5,25923,"biphone","Q-HH","type",0
"CMU",5,25923,"biphone","AA-JH","type",36
"CMU",5,25923,"biphone","AE-JH","type",28
"CMU",5,25923,"biphone","AH-JH","type",71
"CMU",5,25923,"biphone","AO-JH","type",3
"CMU",5,25923,"biphone","AW-JH","type",2
"CMU",5,25923,"biphone","AY-JH","type",17
"CMU",5,25923,"biphone","EH-JH","type",33
"CMU",5,25923,"biphone","ER-JH","type",48
"CMU",5,25923,"biphone","EY-JH","type",42
"CMU",5,25923,"biphone","IH-JH","type",114
"CMU",5,25923,"biphone","IY-JH","type",25
"CMU",5,25923,"biphone","OW-JH","type",9
"CMU",5,25923,"biphone","OY-JH","type",0
"CMU",5,25923,"biphone","UH-JH","type",0
"CMU",5,25923,"biphone","UW-JH","type",13
"CMU",5,25923,"biphone","AX-JH","type",0
"CMU",5,25923,"biphone","AXR-JH","type",0
"CMU",5,25923,"biphone","IX-JH","type",0
"CMU",5,25923,"biphone","UX-JH","type",0
"CMU",5,25923,"biphone","B-JH","type",0
"CMU",5,25923,"biphone","CH-JH","type",0
"CMU",5,25923,"biphone","D-JH","type",0
"CMU",5,25923,"biphone","DH-JH","type",0
"CMU",5,25923,"biphone","F-JH","type",0
"CMU",5,25923,"biphone","G-JH","type",0
"CMU",5,25923,"biphone","HH-JH","type",0
"CMU",5,25923,"biphone","JH-JH","type",0
"CMU",5,25923,"biphone","K-JH","type",2
"CMU",5,25923,"biphone","L-JH","type",11
"CMU",5,25923,"biphone","M-JH","type",3
"CMU",5,25923,"biphone","N-JH","type",75
"CMU",5,25923,"biphone","NG-JH","type",2
"CMU",5,25923,"biphone","P-JH","type",2
"CMU",5,25923,"biphone","R-JH","type",32
"CMU",5,25923,"biphone","S-JH","type",0
"CMU",5,25923,"biphone","SH-JH","type",0
"CMU",5,25923,"biphone","T-JH","type",1
"CMU",5,25923,"biphone","TH-JH","type",1
"CMU",5,25923,"biphone","V-JH","type",2
"CMU",5,25923,"biphone","W-JH","type",0
"CMU",5,25923,"biphone","Y-JH","type",0
"CMU",5,25923,"biphone","Z-JH","type",1
"CMU",5,25923,"biphone","ZH-JH","type",0
"CMU",5,25923,"biphone","Q-JH","type",0
"CMU",5,25923,"biphone","AA-K","type",267
"CMU",5,25923,"biphone","AE-K","type",363
"CMU",5,25923,"biphone","AH-K","type",447
"CMU",5,25923,"biphone","AO-K","type",54
"CMU",5,25923,"biphone","AW-K","type",9
"CMU",5,25923,"biphone","AY-K","type",112
"CMU",5,25923,"biphone","EH-K","type",360
"CMU",5,25923,"biphone","ER-K","type",114
"CMU",5,25923,"biphone","EY-K","type",129
"CMU",5,25923,"biphone","IH-K","type",708
"CMU",5,25923,"biphone","IY-K","type",143
"CMU",5,25923,"biphone","OW-K","type",156
"CMU",5,25923,"biphone","OY-K","type",6
"CMU",5,25923,"biphone","UH-K","type",54
"CMU",5,25923,"biphone","UW-K","type",76
"CMU",5,25923,"biphone","AX-K","type",0
"CMU",5,25923,"biphone","AXR-K","type",0
"CMU",5,25923,"biphone","IX-K","type",0
"CMU",5,25923,"biphone","UX-K","type",0
"CMU",5,25923,"biphone","B-K","type",10
"CMU",5,25923,"biphone","CH-K","type",8
"CMU",5,25923,"biphone","D-K","type",22
"CMU",5,25923,"biphone","DH-K","type",0
"CMU",5,25923,"biphone","F-K","type",9
"CMU",5,25923,"biphone","G-K","type",1
"CMU",5,25923,"biphone","HH-K","type",0
"CMU",5,25923,"biphone","JH-K","type",4
"CMU",5,25923,"biphone","K-K","type",0
"CMU",5,25923,"biphone","L-K","type",102
"CMU",5,25923,"biphone","M-K","type",32
"CMU",5,25923,"biphone","N-K","type",34
"CMU",5,25923,"biphone","NG-K","type",265
"CMU",5,25923,"biphone","P-K","type",30
"CMU",5,25923,"biphone","R-K","type",137
"CMU",5,25923,"biphone","S-K","type",429
"CMU",5,25923,"biphone","SH-K","type",8
"CMU",5,25923,"biphone","T-K","type",38
"CMU",5,25923,"biphone","TH-K","type",2
"CMU",5,25923,"biphone","V-K","type",3
"CMU",5,25923,"biphone","W-K","type",0
"CMU",5,25923,"biphone","Y-K","type",0
"CMU",5,25923,"biphone","Z-K","type",1
"CMU",5,25923,"biphone","ZH-K","type",1
"CMU",5,25923,"biphone","Q-K","type",0
"CMU",5,25923,"biphone","AA-L","type",381
"CMU",5,25923,"biphone","AE-L","type",334
"CMU",5,25923,"biphone","AH-L","type",1631
"CMU",5,25923,"biphone","AO-L","type",207
"CMU",5,25923,"biphone","AW-L","type",29
"CMU",5,25923,"biphone","AY-L","type",104
"CMU",5,25923,"biphone","EH-L","type",745
"CMU",5,25923,"biphone","ER-L","type",109
"CMU",5,25923,"biphone","EY-L","type",213
"CMU",5,25923,"biphone","IH-L","type",541
"CMU",5,25923,"biphone","IY-L","type",195
"CMU",5,25923,"biphone","OW-L","type",394
"CMU",5,25923,"biphone","OY-L","type",31
"CMU",5,25923,"biphone","UH-L","type",62
"CMU",5,25923,"biphone","UW-L","type",170
"CMU",5,25923,"biphone","AX-L","type",0
"CMU",5,25923,"biphone","AXR-L","type",0
"CMU",5,25923,"biphone","IX-L","type",0
"CMU",5,25923,"biphone","UX-L","type",0
"CMU",5,25923,"biphone","B-L","type",195
"CMU",5,25923,"biphone","CH-L","type",11
"CMU",5,25923,"biphone","D-L","type",109
"CMU",5,25923,"biphone","DH-L","type",0
"CMU",5,25923,"biphone","F-L","type",185
"CMU",5,25923,"biphone","G-L","type",157
"CMU",5,25923,"biphone","HH-L","type",0
"CMU",5,25923,"biphone","JH-L","type",7
"CMU",5,25923,"biphone","K-L","type",322
"CMU",5,25923,"biphone","L-L","type",1
"CMU",5,25923,"biphone","M-L","type",53
"CMU",5,25923,"biphone","N-L","type",67
"CMU",5,25923,"biphone","NG-L","type",11
"CMU",5,25923,"biphone","P-L","type",177
"CMU",5,25923,"biphone","R-L","type",123
"CMU",5,25923,"biphone","S-L","type",262
"CMU",5,25923,"biphone","SH-L","type",49
"CMU",5,25923,"biphone","T-L","type",106
"CMU",5,25923,"biphone","TH-L","type",10
"CMU",5,25923,"biphone","V-L","type",19
"CMU",5,25923,"biphone","W-L","type",0
"CMU",5,25923,"biphone","Y-L","type",0
"CMU",5,25923,"biphone","Z-L","type",55
"CMU",5,25923,"biphone","ZH-L","type",0
"CMU",5,25923,"biphone","Q-L","type",0
"CMU",5,25923,"biphone","AA-M","type",198
"CMU",5,25923,"biphone","AE-M","type",330
"CMU",5,25923,"biphone","AH-M","type",522
"CMU",5,25923,"biphone","AO-M","type",15
"CMU",5,25923,"biphone","AW-M","type",19
"CMU",5,25923,"biphone","AY-M","type",83
"CMU",5,25923,"biphone","EH-M","type",201
"CMU",5,25923,"biphone","ER-M","type",100
"CMU",5,25923,"biphone","EY-M","type",103
"CMU",5,25923,"biphone","IH-M","type",212
"CMU",5,25923,"biphone","IY-M","type",170
"CMU",5,25923,"biphone","OW-M","type",139
"CMU",5,25923,"biphone","OY-M","type",1
"CMU",5,25923,"biphone","UH-M","type",4
"CMU",5,25923,"biphone","UW-M","type",108
"CMU",5,25923,"biphone","AX-M","type",0
"CMU",5,25923,"biphone","AXR-M","type",0
"CMU",5,25923,"biphone","IX-M","type",0
"CMU",5,25923,"biphone","UX-M","type",0
"CMU",5,25923,"biphone","B-M","type",2
"CMU",5,25923,"biphone","CH-M","type",1
"CMU",5,25923,"biphone","D-M","type",15
"CMU",5,25923,"biphone","DH-M","type",0
"CMU",5,25923,"biphone","F-M","type",1
"CMU",5,25923,"biphone","G-M","type",8
"CMU",5,25923,"biphone","HH-M","type",1
"CMU",5,25923,"biphone","JH-M","type",2
"CMU",5,25923,"biphone","K-M","type",14
"CMU",5,25923,"biphone","L-M","type",106
"CMU",5,25923,"biphone","M-M","type",0
"CMU",5,25923,"biphone","N-M","type",9
"CMU",5,25923,"biphone","NG-M","type",7
"CMU",5,25923,"biphone","P-M","type",0
"CMU",5,25923,"biphone","R-M","type",80
"CMU",5,25923,"biphone","S-M","type",82
"CMU",5,25923,"biphone","SH-M","type",29
"CMU",5,25923,"biphone","T-M","type",20
"CMU",5,25923,"biphone","TH-M","type",1
"CMU",5,25923,"biphone","V-M","type",0
"CMU",5,25923,"biphone","W-M","type",0
"CMU",5,25923,"biphone","Y-M","type",0
"CMU",5,25923,"biphone","Z-M","type",18
"CMU",5,25923,"biphone","ZH-M","type",0
"CMU",5,25923,"biphone","Q-M","type",0
"CMU",5,25923,"biphone","AA-N","type",460
"CMU",5,25923,"biphone","AE-N","type",655
"CMU",5,25923,"biphone","AH-N","type",2189
"CMU",5,25923,"biphone","AO-N","type",116
"CMU",5,25923,"biphone","AW-N","type",91
"CMU",5,25923,"biphone","AY-N","type",228
"CMU",5,25923,"biphone","EH-N","type",484
"CMU",5,25923,"biphone","ER-N","type",217
"CMU",5,25923,"biphone","EY-N","type",248
"CMU",5,25923,"biphone","IH-N","type",989
"CMU",5,25923,"biphone","IY-N","type",313
"CMU",5,25923,"biphone","OW-N","type",219
"CMU",5,25923,"biphone","OY-N","type",37
"CMU",5,25923,"biphone","UH-N","type",9
"CMU",5,25923,"biphone","UW-N","type",128
"CMU",5,25923,"biphone","AX-N","type",0
"CMU",5,25923,"biphone","AXR-N","type",0
"CMU",5,25923,"biphone","IX-N","type",0
"CMU",5,25923,"biphone","UX-N","type",0
"CMU",5,25923,"biphone","B-N","type",9
"CMU",5,25923,"biphone","CH-N","type",6
"CMU",5,25923,"biphone","D-N","type",42
"CMU",5,25923,"biphone","DH-N","type",0
"CMU",5,25923,"biphone","F-N","type",29
"CMU",5,25923,"biphone","G-N","type",45
"CMU",5,25923,"biphone","HH-N","type",0
"CMU",5,25923,"biphone","JH-N","type",1
"CMU",5,25923,"biphone","K-N","type",46
"CMU",5,25923,"biphone","L-N","type",39
"CMU",5,25923,"biphone","M-N","type",11
"CMU",5,25923,"biphone","N-N","type",1
"CMU",5,25923,"biphone","NG-N","type",2
"CMU",5,25923,"biphone","P-N","type",16
"CMU",5,25923,"biphone","R-N","type",155
"CMU",5,25923,"biphone","S-N","type",133
"CMU",5,25923,"biphone","SH-N","type",29
"CMU",5,25923,"biphone","T-N","type",61
"CMU",5,25923,"biphone","TH-N","type",3
"CMU",5,25923,"biphone","V-N","type",8
"CMU",5,25923,"biphone","W-N","type",0
"CMU",5,25923,"biphone","Y-N","type",0
"CMU",5,25923,"biphone","Z-N","type",20
"CMU",5,25923,"biphone","ZH-N","type",1
"CMU",5,25923,"biphone","Q-N","type",0
"CMU",5,25923,"biphone","AA-NG","type",33
"CMU",5,25923,"biphone","AE-NG","type",146
"CMU",5,25923,"biphone","AH-NG","type",66
"CMU",5,25923,"biphone","AO-NG","type",58
"CMU",5,25923,"biphone","AW-NG","type",1
"CMU",5,25923,"biphone","AY-NG","type",3
"CMU",5,25923,"biphone","EH-NG","type",50
"CMU",5,25923,"biphone","ER-NG","type",0
"CMU",5,25923,"biphone","EY-NG","type",3
"CMU",5,25923,"biphone","IH-NG","type",1171
"CMU",5,25923,"biphone","IY-NG","type",7
"CMU",5,25923,"biphone","OW-NG","type",2
"CMU",5,25923,"biphone","OY-NG","type",0
"CMU",5,25923,"biphone","UH-NG","type",0
"CMU",5,25923,"biphone","UW-NG","type",5
"CMU",5,25923,"biphone","AX-NG","type",0
"CMU",5,25923,"biphone","AXR-NG","type",0
"CMU",5,25923,"biphone","IX-NG","type",0
"CMU",5,25923,"biphone","UX-NG","type",0
"CMU",5,25923,"biphone","B-NG","type",0
"CMU",5,25923,"biphone","CH-NG","type",0
"CMU",5,25923,"biphone","D-NG","type",0
"CMU",5,25923,"biphone","DH-NG","type",0
"CMU",5,25923,"biphone","F-NG","type",0
"CMU",5,25923,"biphone","G-NG","type",0
"CMU",5,25923,"biphone","HH-NG","type",0
"CMU",5,25923,"biphone","JH-NG","type",0
"CMU",5,25923,"biphone","K-NG","type",0
"CMU",5,25923,"biphone","L-NG","type",0
"CMU",5,25923,"biphone","M-NG","type",0
"CMU",5,25923,"biphone","N-NG","type",0
"CMU",5,25923,"biphone","NG-NG","type",0
"CMU",5,25923,"biphone","P-NG","type",0
"CMU",5,25923,"biphone","R-NG","type",0
"CMU",5,25923,"biphone","S-NG","type",0
"CMU",5,25923,"biphone","SH-NG","type",0
"CMU",5,25923,"biphone","T-NG","type",0
"CMU",5,25923,"biphone","TH-NG","type",0
"CMU",5,25923,"biphone","V-NG","type",0
"CMU",5,25923,"biphone","W-NG","type",0
"CMU",5,25923,"biphone","Y-NG","type",0
"CMU",5,25923,"biphone","Z-NG","type",0
"CMU",5,25923,"biphone","ZH-NG","type",0
"CMU",5,25923,"biphone","Q-NG","type",0
"CMU",5,25923,"biphone","AA-P","type",160
"CMU",5,25923,"biphone","AE-P","type",130
"CMU",5,25923,"biphone","AH-P","type",207
"CMU",5,25923,"biphone","AO-P","type",7
"CMU",5,25923,"biphone","AW-P","type",5
"CMU",5,25923,"biphone","AY-P","type",35
"CMU",5,25923,"biphone","EH-P","type",101
"CMU",5,25923,"biphone","ER-P","type",15
"CMU",5,25923,"biphone","EY-P","type",52
"CMU",5,25923,"biphone","IH-P","type",159
"CMU",5,25923,"biphone","IY-P","type",69
"CMU",5,25923,"biphone","OW-P","type",79
"CMU",5,25923,"biphone","OY-P","type",1
"CMU",5,25923,"biphone","UH-P","type",3
"CMU",5,25923,"biphone","UW-P","type",91
"CMU",5,25923,"biphone","AX-P","type",0
"CMU",5,25923,"biphone","AXR-P","type",0
"CMU",5,25923,"biphone","IX-P","type",0
"CMU",5,25923,"biphone","UX-P","type",0
"CMU",5,25923,"biphone","B-P","type",0
"CMU",5,25923,"biphone","CH-P","type",0
"CMU",5,25923,"biphone","D-P","type",1
"CMU",5,25923,"biphone","DH-P","type",0
"CMU",5,25923,"biphone","F-P","type",0
"CMU",5,25923,"biphone","G-P","type",1
"CMU",5,25923,"biphone","HH-P","type",0
"CMU",5,25923,"biphone","JH-P","type",0
"CMU",5,25923,"biphone","K-P","type",0
"CMU",5,25923,"biphone","L-P","type",26
"CMU",5,25923,"biphone","M-P","type",162
"CMU",5,25923,"biphone","N-P","type",5
"CMU",5,25923,"biphone","NG-P","type",2
"CMU",5,25923,"biphone","P-P","type",0
"CMU",5,25923,"biphone","R-P","type",36
"CMU",5,25923,"biphone","S-P","type",228
"CMU",5,25923,"biphone","SH-P","type",0
"CMU",5,25923,"biphone","T-P","type",5
"CMU",5,25923,"biphone","TH-P","type",0
"CMU",5,25923,"biphone","V-P","type",0
"CMU",5,25923,"biphone","W-P","type",0
"CMU",5,25923,"biphone","Y-P","type",0
"CMU",5,25923,"biphone","Z-P","type",0
"CMU",5,25923,"biphone","ZH-P","type",0
"CMU",5,25923,"biphone","Q-P","type",0
"CMU",5,25923,"biphone","AA-R","type",894
"CMU",5,25923,"biphone","AE-R","type",127
"CMU",5,25923,"biphone","AH-R","type",18
"CMU",5,25923,"biphone","AO-R","type",852
"CMU",5,25923,"biphone","AW-R","type",14
"CMU",5,25923,"biphone","AY-R","type",79
"CMU",5,25923,"biphone","EH-R","type",613
"CMU",5,25923,"biphone","ER-R","type",17
"CMU",5,25923,"biphone","EY-R","type",16
"CMU",5,25923,"biphone","IH-R","type",269
"CMU",5,25923,"biphone","IY-R","type",61
"CMU",5,25923,"biphone","OW-R","type",12
"CMU",5,25923,"biphone","OY-R","type",6
"CMU",5,25923,"biphone","UH-R","type",134
"CMU",5,25923,"biphone","UW-R","type",26
"CMU",5,25923,"biphone","AX-R","type",0
"CMU",5,25923,"biphone","AXR-R","type",0
"CMU",5,25923,"biphone","IX-R","type",0
"CMU",5,25923,"biphone","UX-R","type",0
"CMU",5,25923,"biphone","B-R","type",339
"CMU",5,25923,"biphone","CH-R","type",0
"CMU",5,25923,"biphone","D-R","type",184
"CMU",5,25923,"biphone","DH-R","type",1
"CMU",5,25923,"biphone","F-R","type",172
"CMU",5,25923,"biphone","G-R","type",281
"CMU",5,25923,"biphone","HH-R","type",4
"CMU",5,25923,"biphone","JH-R","type",1
"CMU",5,25923,"biphone","K-R","type",370
"CMU",5,25923,"biphone","L-R","type",23
"CMU",5,25923,"biphone","M-R","type",21
"CMU",5,25923,"biphone","N-R","type",38
"CMU",5,25923,"biphone","NG-R","type",0
"CMU",5,25923,"biphone","P-R","type",212
"CMU",5,25923,"biphone","R-R","type",0
"CMU",5,25923,"biphone","S-R","type",6
"CMU",5,25923,"biphone","SH-R","type",54
"CMU",5,25923,"biphone","T-R","type",368
"CMU",5,25923,"biphone","TH-R","type",34
"CMU",5,25923,"biphone","V-R","type",20
"CMU",5,25923,"biphone","W-R","type",0
"CMU",5,25923,"biphone","Y-R","type",0
"CMU",5,25923,"biphone","Z-R","type",3
"CMU",5,25923,"biphone","ZH-R","type",0
"CMU",5,25923,"biphone","Q-R","type",0
"CMU",5,25923,"biphone","AA-S","type",209
"CMU",5,25923,"biphone","AE-S","type",282
"CMU",5,25923,"biphone","AH-S","type",501
"CMU",5,25923,"biphone","AO-S","type",99
"CMU",5,25923,"biphone","AW-S","type",57
"CMU",5,25923,"biphone","AY-S","type",118
"CMU",5,25923,"biphone","EH-S","type",311
"CMU",5,25923,"biphone","ER-S","type",113
"CMU",5,25923,"biphone","EY-S","type",135
"CMU",5,25923,"biphone","IH-S","type",560
"CMU",5,25923,"biphone","IY-S","type",158
"CMU",5,25923,"biphone","OW-S","type",153
"CMU",5,25923,"biphone","OY-S","type",34
"CMU",5,25923,"biphone","UH-S","type",5
"CMU",5,25923,"biphone","UW-S","type",114
"CMU",5,25923,"biphone","AX-S","type",0
"CMU",5,25923,"biphone","AXR-S","type",0
"CMU",5,25923,"biphone","IX-S","type",0
"CMU",5,25923,"biphone","UX-S","type",0
"CMU",5,25923,"biphone","B-S","type",13
"CMU",5,25923,"biphone","CH-S","type",0
"CMU",5,25923,"biphone","D-S","type",7
"CMU",5,25923,"biphone","DH-S","type",0
"CMU",5,25923,"biphone","F-S","type",62
"CMU",5,25923,"biphone","G-S","type",4
"CMU",5,25923,"biphone","HH-S","type",0
"CMU",5,25923,"biphone","JH-S","type",0
"CMU",5,25923,"biphone","K-S","type",400
"CMU",5,25923,"biphone","L-S","type",71
"CMU",5,25923,"biphone","M-S","type",9
"CMU",5,25923,"biphone","N-S","type",185
"CMU",5,25923,"biphone","NG-S","type",1
"CMU",5,25923,"biphone","P-S","type",147
"CMU",5,25923,"biphone","R-S","type",66
"CMU",5,25923,"biphone","S-S","type",1
"CMU",5,25923,"biphone","SH-S","type",0
"CMU",5,25923,"biphone","T-S","type",624
"CMU",5,25923,"biphone","TH-S","type",26
"CMU",5,25923,"biphone","V-S","type",0
"CMU",5,25923,"biphone","W-S","type",0
"CMU",5,25923,"biphone","Y-S","type",0
"CMU",5,25923,"biphone","Z-S","type",1
"CMU",5,25923,"biphone","ZH-S","type",0
"CMU",5,25923,"biphone","Q-S","type",0
"CMU",5,25923,"biphone","AA-SH","type",38
"CMU",5,25923,"biphone","AE-SH","type",111
"CMU",5,25923,"biphone","AH-SH","type",78
"CMU",5,25923,"biphone","AO-SH","type",14
"CMU",5,25923,"biphone","AW-SH","type",2
"CMU",5,25923,"biphone","AY-SH","type",9
"CMU",5,25923,"biphone","EH-SH","type",44
"CMU",5,25923,"biphone","ER-SH","type",27
"CMU",5,25923,"biphone","EY-SH","type",15
"CMU",5,25923,"biphone","IH-SH","type",188
"CMU",5,25923,"biphone","IY-SH","type",18
"CMU",5,25923,"biphone","OW-SH","type",38
"CMU",5,25923,"biphone","OY-SH","type",2
"CMU",5,25923,"biphone","UH-SH","type",24
"CMU",5,25923,"biphone","UW-SH","type",17
"CMU",5,25923,"biphone","AX-SH","type",0
"CMU",5,25923,"biphone","AXR-SH","type",0
"CMU",5,25923,"biphone","IX-SH","type",0
"CMU",5,25923,"biphone","UX-SH","type",0
"CMU",5,25923,"biphone","B-SH","type",3
"CMU",5,25923,"biphone","CH-SH","type",0
"CMU",5,25923,"biphone","D-SH","type",3
"CMU",5,25923,"biphone","DH-SH","type",0
"CMU",5,25923,"biphone","F-SH","type",3
"CMU",5,25923,"biphone","G-SH","type",3
"CMU",5,25923,"biphone","HH-SH","type",0
"CMU",5,25923,"biphone","JH-SH","type",0
"CMU",5,25923,"biphone","K-SH","type",9
"CMU",5,25923,"biphone","L-SH","type",7
"CMU",5,25923,"biphone","M-SH","type",5
"CMU",5,25923,"biphone","N-SH","type",24
"CMU",5,25923,"biphone","NG-SH","type",2
"CMU",5,25923,"biphone","P-SH","type",7
"CMU",5,25923,"biphone","R-SH","type",22
"CMU",5,25923,"biphone","S-SH","type",0
"CMU",5,25923,"biphone","SH-SH","type",0
"CMU",5,25923,"biphone","T-SH","type",2
"CMU",5,25923,"biphone","TH-SH","type",1
"CMU",5,25923,"biphone","V-SH","type",0
"CMU",5,25923,"biphone","W-SH","type",0
"CMU",5,25923,"biphone","Y-SH","type",0
"CMU",5,25923,"biphone","Z-SH","type",1
"CMU",5,25923,"biphone","ZH-SH","type",0
"CMU",5,25923,"biphone","Q-SH","type",0
"CMU",5,25923,"biphone","AA-T","type",209
"CMU",5,25923,"biphone","AE-T","type",212
"CMU",5,25923,"biphone","AH-T","type",411
"CMU",5,25923,"biphone","AO-T","type",54
"CMU",5,25923,"biphone","AW-T","type",150
"CMU",5,25923,"biphone","AY-T","type",177
"CMU",5,25923,"biphone","EH-T","type",384
"CMU",5,25923,"biphone","ER-T","type",324
"CMU",5,25923,"biphone","EY-T","type",205
"CMU",5,25923,"biphone","IH-T","type",582
"CMU",5,25923,"biphone","IY-T","type",209
"CMU",5,25923,"biphone","OW-T","type",148
"CMU",5,25923,"biphone","OY-T","type",17
"CMU",5,25923,"biphone","UH-T","type",18
"CMU",5,25923,"biphone","UW-T","type",148
"CMU",5,25923,"biphone","AX-T","type",0
"CMU",5,25923,"biphone","AXR-T","type",0
"CMU",5,25923,"biphone","IX-T","type",0
"CMU",5,25923,"biphone","UX-T","type",0
"CMU",5,25923,"biphone","B-T","type",3
"CMU",5,25923,"biphone","CH-T","type",34
"CMU",5,25923,"biphone","D-T","type",16
"CMU",5,25923,"biphone","DH-T","type",0
"CMU",5,25923,"biphone","F-T","type",76
"CMU",5,25923,"biphone","G-T","type",2
"CMU",5,25923,"biphone","HH-T","type",0
"CMU",5,25923,"biphone","JH-T","type",0
"CMU",5,25923,"biphone","K-T","type",159
"CMU",5,25923,"biphone","L-T","type",186
"CMU",5,25923,"biphone","M-T","type",11
"CMU",5,25923,"biphone","N-T","type",354
"CMU",5,25923,"biphone","NG-T","type",1
"CMU",5,25923,"biphone","P-T","type",96
"CMU",5,25923,"biphone","R-T","type",164
"CMU",5,25923,"biphone","S-T","type",922
"CMU",5,25923,"biphone","SH-T","type",27
"CMU",5,25923,"biphone","T-T","type",2
"CMU",5,25923,"biphone","TH-T","type",1
"CMU",5,25923,"biphone","V-T","type",0
"CMU",5,25923,"biphone","W-T","type",0
"CMU",5,25923,"biphone","Y-T","type",0
"CMU",5,25923,"biphone","Z-T","type",3
"CMU",5,25923,"biphone","ZH-T","type",0
"CMU",5,25923,"biphone","Q-T","type",0
"CMU",5,25923,"biphone","AA-TH","type",16
"CMU",5,25923,"biphone","AE-TH","type",39
"CMU",5,25923,"biphone","AH-TH","type",37
"CMU",5,25923,"biphone","AO-TH","type",15
"CMU",5,25923,"biphone","AW-TH","type",12
"CMU",5,25923,"biphone","AY-TH","type",1
"CMU",5,25923,"biphone","EH-TH","type",32
"CMU",5,25923,"biphone","ER-TH","type",27
"CMU",5,25923,"biphone","EY-TH","type",6
"CMU",5,25923,"biphone","IH-TH","type",35
"CMU",5,25923,"biphone","IY-TH","type",12
"CMU",5,25923,"biphone","OW-TH","type",6
"CMU",5,25923,"biphone","OY-TH","type",1
"CMU",5,25923,"biphone","UH-TH","type",0
"CMU",5,25923,"biphone","UW-TH","type",18
"CMU",5,25923,"biphone","AX-TH","type",0
"CMU",5,25923,"biphone","AXR-TH","type",0
"CMU",5,25923,"biphone","IX-TH","type",0
"CMU",5,25923,"biphone","UX-TH","type",0
"CMU",5,25923,"biphone","B-TH","type",0
"CMU",5,25923,"biphone","CH-TH","type",0
"CMU",5,25923,"biphone","D-TH","type",2
"CMU",5,25923,"biphone","DH-TH","type",0
"CMU",5,25923,"biphone","F-TH","type",2
"CMU",5,25923,"biphone","G-TH","type",0
"CMU",5,25923,"biphone","HH-TH","type",0
"CMU",5,25923,"biphone","JH-TH","type",0
"CMU",5,25923,"biphone","K-TH","type",1
"CMU",5,25923,"biphone","L-TH","type",8
"CMU",5,25923,"biphone","M-TH","type",3
"CMU",5,25923,"biphone","N-TH","type",25
"CMU",5,25923,"biphone","NG-TH","type",2
"CMU",5,25923,"biphone","P-TH","type",1
"CMU",5,25923,"biphone","R-TH","type",12
"CMU",5,25923,"biphone","S-TH","type",2
"CMU",5,25923,"biphone","SH-TH","type",0
"CMU",5,25923,"biphone","T-TH","type",0
"CMU",5,25923,"biphone","TH-TH","type",0
"CMU",5,25923,"biphone","V-TH","type",0
"CMU",5,25923,"biphone","W-TH","type",0
"CMU",5,25923,"biphone","Y-TH","type",0
"CMU",5,25923,"biphone","Z-TH","type",0
"CMU",5,25923,"biphone","ZH-TH","type",0
"CMU",5,25923,"biphone","Q-TH","type",0
"CMU",5,25923,"biphone","AA-V","type",63
"CMU",5,25923,"biphone","AE-V","type",60
"CMU",5,25923,"biphone","AH-V","type",90
"CMU",5,25923,"biphone","AO-V","type",6
"CMU",5,25923,"biphone","AW-V","type",1
"CMU",5,25923,"biphone","AY-V","type",49
"CMU",5,25923,"biphone","EH-V","type",121
"CMU",5,25923,"biphone","ER-V","type",64
"CMU",5,25923,"biphone","EY-V","type",107
"CMU",5,25923,"biphone","IH-V","type",105
"CMU",5,25923,"biphone","IY-V","type",122
"CMU",5,25923,"biphone","OW-V","type",106
"CMU",5,25923,"biphone","OY-V","type",1
"CMU",5,25923,"biphone","UH-V","type",1
"CMU",5,25923,"biphone","UW-V","type",38
"CMU",5,25923,"biphone","AX-V","type",0
"CMU",5,25923,"biphone","AXR-V","type",0
"CMU",5,25923,"biphone","IX-V","type",0
"CMU",5,25923,"biphone","UX-V","type",0
"CMU",5,25923,"biphone","B-V","type",2
"CMU",5,25923,"biphone","CH-V","type",0
"CMU",5,25923,"biphone","D-V","type",10
"CMU",5,25923,"biphone","DH-V","type",0
"CMU",5,25923,"biphone","F-V","type",0
"CMU",5,25923,"biphone","G-V","type",0
"CMU",5,25923,"biphone","HH-V","type",0
"CMU",5,25923,"biphone","JH-V","type",0
"CMU",5,25923,"biphone","K-V","type",13
"CMU",5,25923,"biphone","L-V","type",67
"CMU",5,25923,"biphone","M-V","type",1
"CMU",5,25923,"biphone","N-V","type",17
"CMU",5,25923,"biphone","NG-V","type",1
"CMU",5,25923,"biphone","P-V","type",0
"CMU",5,25923,"biphone","R-V","type",37
"CMU",5,25923,"biphone","S-V","type",3
"CMU",5,25923,"biphone","SH-V","type",2
"CMU",5,25923,"biphone","T-V","type",2
"CMU",5,25923,"biphone","TH-V","type",0
"CMU",5,25923,"biphone","V-V","type",0
"CMU",5,25923,"biphone","W-V","type",0
"CMU",5,25923,"biphone","Y-V","type",0
"CMU",5,25923,"biphone","Z-V","type",0
"CMU",5,25923,"biphone","ZH-V","type",0
"CMU",5,25923,"biphone","Q-V","type",0
"CMU",5,25923,"biphone","AA-W","type",22
"CMU",5,25923,"biphone","AE-W","type",7
"CMU",5,25923,"biphone","AH-W","type",17
"CMU",5,25923,"biphone","AO-W","type",1
"CMU",5,25923,"biphone","AW-W","type",2
"CMU",5,25923,"biphone","AY-W","type",11
"CMU",5,25923,"biphone","EH-W","type",8
"CMU",5,25923,"biphone","ER-W","type",24
"CMU",5,25923,"biphone","EY-W","type",13
"CMU",5,25923,"biphone","IH-W","type",5
"CMU",5,25923,"biphone","IY-W","type",28
"CMU",5,25923,"biphone","OW-W","type",7
"CMU",5,25923,"biphone","OY-W","type",0
"CMU",5,25923,"biphone","UH-W","type",0
"CMU",5,25923,"biphone","UW-W","type",8
"CMU",5,25923,"biphone","AX-W","type",0
"CMU",5,25923,"biphone","AXR-W","type",0
"CMU",5,25923,"biphone","IX-W","type",0
"CMU",5,25923,"biphone","UX-W","type",0
"CMU",5,25923,"biphone","B-W","type",8
"CMU",5,25923,"biphone","CH-W","type",1
"CMU",5,25923,"biphone","D-W","type",25
"CMU",5,25923,"biphone","DH-W","type",1
"CMU",5,25923,"biphone","F-W","type",3
"CMU",5,25923,"biphone","G-W","type",16
"CMU",5,25923,"biphone","HH-W","type",65
"CMU",5,25923,"biphone","JH-W","type",7
"CMU",5,25923,"biphone","K-W","type",112
"CMU",5,25923,"biphone","L-W","type",31
"CMU",5,25923,"biphone","M-W","type",5
"CMU",5,25923,"biphone","N-W","type",30
"CMU",5,25923,"biphone","NG-W","type",2
"CMU",5,25923,"biphone","P-W","type",7
"CMU",5,25923,"biphone","R-W","type",17
"CMU",5,25923,"biphone","S-W","type",111
"CMU",5,25923,"biphone","SH-W","type",38
"CMU",5,25923,"biphone","T-W","type",47
"CMU",5,25923,"biphone","TH-W","type",5
"CMU",5,25923,"biphone","V-W","type",4
"CMU",5,25923,"biphone","W-W","type",0
"CMU",5,25923,"biphone","Y-W","type",0
"CMU",5,25923,"biphone","Z-W","type",6
"CMU",5,25923,"biphone","ZH-W","type",1
"CMU",5,25923,"biphone","Q-W","type",0
"CMU",5,25923,"biphone","AA-Y","type",8
"CMU",5,25923,"biphone","AE-Y","type",0
"CMU",5,25923,"biphone","AH-Y","type",2
"CMU",5,25923,"biphone","AO-Y","type",6
"CMU",5,25923,"biphone","AW-Y","type",4
"CMU",5,25923,"biphone","AY-Y","type",1
"CMU",5,25923,"biphone","EH-Y","type",2
"CMU",5,25923,"biphone","ER-Y","type",1
"CMU",5,25923,"biphone","EY-Y","type",8
"CMU",5,25923,"biphone","IH-Y","type",0
"CMU",5,25923,"biphone","IY-Y","type",6
"CMU",5,25923,"biphone","OW-Y","type",12
"CMU",5,25923,"biphone","OY-Y","type",1
"CMU",5,25923,"biphone","UH-Y","type",0
"CMU",5,25923,"biphone","UW-Y","type",5
"CMU",5,25923,"biphone","AX-Y","type",0
"CMU",5,25923,"biphone","AXR-Y","type",0
"CMU",5,25923,"biphone","IX-Y","type",0
"CMU",5,25923,"biphone","UX-Y","type",0
"CMU",5,25923,"biphone","B-Y","type",45
"CMU",5,25923,"biphone","CH-Y","type",0
"CMU",5,25923,"biphone","D-Y","type",9
"CMU",5,25923,"biphone","DH-Y","type",0
"CMU",5,25923,"biphone","F-Y","type",25
"CMU",5,25923,"biphone","G-Y","type",10
"CMU",5,25923,"biphone","HH-Y","type",29
"CMU",5,25923,"biphone","JH-Y","type",3
"CMU",5,25923,"biphone","K-Y","type",52
"CMU",5,25923,"biphone","L-Y","type",30
"CMU",5,25923,"biphone","M-Y","type",22
"CMU",5,25923,"biphone","N-Y","type",43
"CMU",5,25923,"biphone","NG-Y","type",0
"CMU",5,25923,"biphone","P-Y","type",20
"CMU",5,25923,"biphone","R-Y","type",5
"CMU",5,25923,"biphone","S-Y","type",5
"CMU",5,25923,"biphone","SH-Y","type",2
"CMU",5,25923,"biphone","T-Y","type",9
"CMU",5,25923,"biphone","TH-Y","type",3
"CMU",5,25923,"biphone","V-Y","type",14
"CMU",5,25923,"biphone","W-Y","type",0
"CMU",5,25923,"biphone","Y-Y","type",0
"CMU",5,25923,"biphone","Z-Y","type",0
"CMU",5,25923,"biphone","ZH-Y","type",1
"CMU",5,25923,"biphone","Q-Y","type",0
"CMU",5,25923,"biphone","AA-Z","type",86
"CMU",5,25923,"biphone","AE-Z","type",42
"CMU",5,25923,"biphone","AH-Z","type",366
"CMU",5,25923,"biphone","AO-Z","type",26
"CMU",5,25923,"biphone","AW-Z","type",26
"CMU",5,25923,"biphone","AY-Z","type",98
"CMU",5,25923,"biphone","EH-Z","type",66
"CMU",5,25923,"biphone","ER-Z","type",893
"CMU",5,25923,"biphone","EY-Z","type",142
"CMU",5,25923,"biphone","IH-Z","type",337
"CMU",5,25923,"biphone","IY-Z","type",571
"CMU",5,25923,"biphone","OW-Z","type",311
"CMU",5,25923,"biphone","OY-Z","type",22
"CMU",5,25923,"biphone","UH-Z","type",1
"CMU",5,25923,"biphone","UW-Z","type",120
"CMU",5,25923,"biphone","AX-Z","type",0
"CMU",5,25923,"biphone","AXR-Z","type",0
"CMU",5,25923,"biphone","IX-Z","type",0
"CMU",5,25923,"biphone","UX-Z","type",0
"CMU",5,25923,"biphone","B-Z","type",51
"CMU",5,25923,"biphone","CH-Z","type",0
"CMU",5,25923,"biphone","D-Z","type",227
"CMU",5,25923,"biphone","DH-Z","type",3
"CMU",5,25923,"biphone","F-Z","type",1
"CMU",5,25923,"biphone","G-Z","type",46
"CMU",5,25923,"biphone","HH-Z","type",0
"CMU",5,25923,"biphone","JH-Z","type",0
"CMU",5,25923,"biphone","K-Z","type",2
"CMU",5,25923,"biphone","L-Z","type",177
"CMU",5,25923,"biphone","M-Z","type",128
"CMU",5,25923,"biphone","N-Z","type",348
"CMU",5,25923,"biphone","NG-Z","type",36
"CMU",5,25923,"biphone","P-Z","type",0
"CMU",5,25923,"biphone","R-Z","type",75
"CMU",5,25923,"biphone","S-Z","type",0
"CMU",5,25923,"biphone","SH-Z","type",0
"CMU",5,25923,"biphone","T-Z","type",30
"CMU",5,25923,"biphone","TH-Z","type",0
"CMU",5,25923,"biphone","V-Z","type",44
"CMU",5,25923,"biphone","W-Z","type",0
"CMU",5,25923,"biphone","Y-Z","type",0
"CMU",5,25923,"biphone","Z-Z","type",0
"CMU",5,25923,"biphone","ZH-Z","type",0
"CMU",5,25923,"biphone","Q-Z","type",0
"CMU",5,25923,"biphone","AA-ZH","type",9
"CMU",5,25923,"biphone","AE-ZH","type",0
"CMU",5,25923,"biphone","AH-ZH","type",5
"CMU",5,25923,"biphone","AO-ZH","type",0
"CMU",5,25923,"biphone","AW-ZH","type",0
"CMU",5,25923,"biphone","AY-ZH","type",0
"CMU",5,25923,"biphone","EH-ZH","type",5
"CMU",5,25923,"biphone","ER-ZH","type",3
"CMU",5,25923,"biphone","EY-ZH","type",11
"CMU",5,25923,"biphone","IH-ZH","type",6
"CMU",5,25923,"biphone","IY-ZH","type",6
"CMU",5,25923,"biphone","OW-ZH","type",6
"CMU",5,25923,"biphone","OY-ZH","type",0
"CMU",5,25923,"biphone","UH-ZH","type",0
"CMU",5,25923,"biphone","UW-ZH","type",2
"CMU",5,25923,"biphone","AX-ZH","type",0
"CMU",5,25923,"biphone","AXR-ZH","type",0
"CMU",5,25923,"biphone","IX-ZH","type",0
"CMU",5,25923,"biphone","UX-ZH","type",0
"CMU",5,25923,"biphone","B-ZH","type",0
"CMU",5,25923,"biphone","CH-ZH","type",0
"CMU",5,25923,"biphone","D-ZH","type",0
"CMU",5,25923,"biphone","DH-ZH","type",0
"CMU",5,25923,"biphone","F-ZH","type",0
"CMU",5,25923,"biphone","G-ZH","type",0
"CMU",5,25923,"biphone","HH-ZH","type",0
"CMU",5,25923,"biphone","JH-ZH","type",0
"CMU",5,25923,"biphone","K-ZH","type",0
"CMU",5,25923,"biphone","L-ZH","type",0
"CMU",5,25923,"biphone","M-ZH","type",0
"CMU",5,25923,"biphone","N-ZH","type",0
"CMU",5,25923,"biphone","NG-ZH","type",0
"CMU",5,25923,"biphone","P-ZH","type",0
"CMU",5,25923,"biphone","R-ZH","type",0
"CMU",5,25923,"biphone","S-ZH","type",0
"CMU",5,25923,"biphone","SH-ZH","type",0
"CMU",5,25923,"biphone","T-ZH","type",0
"CMU",5,25923,"biphone","TH-ZH","type",0
"CMU",5,25923,"biphone","V-ZH","type",0
"CMU",5,25923,"biphone","W-ZH","type",0
"CMU",5,25923,"biphone","Y-ZH","type",0
"CMU",5,25923,"biphone","Z-ZH","type",0
"CMU",5,25923,"biphone","ZH-ZH","type",0
"CMU",5,25923,"biphone","Q-ZH","type",0
"CMU",5,25923,"biphone","AA-Q","type",0
"CMU",5,25923,"biphone","AE-Q","type",0
"CMU",5,25923,"biphone","AH-Q","type",0
"CMU",5,25923,"biphone","AO-Q","type",0
"CMU",5,25923,"biphone","AW-Q","type",0
"CMU",5,25923,"biphone","AY-Q","type",0
"CMU",5,25923,"biphone","EH-Q","type",0
"CMU",5,25923,"biphone","ER-Q","type",0
"CMU",5,25923,"biphone","EY-Q","type",0
"CMU",5,25923,"biphone","IH-Q","type",0
"CMU",5,25923,"biphone","IY-Q","type",0
"CMU",5,25923,"biphone","OW-Q","type",0
"CMU",5,25923,"biphone","OY-Q","type",0
"CMU",5,25923,"biphone","UH-Q","type",0
"CMU",5,25923,"biphone","UW-Q","type",0
"CMU",5,25923,"biphone","AX-Q","type",0
"CMU",5,25923,"biphone","AXR-Q","type",0
"CMU",5,25923,"biphone","IX-Q","type",0
"CMU",5,25923,"biphone","UX-Q","type",0
"CMU",5,25923,"biphone","B-Q","type",0
"CMU",5,25923,"biphone","CH-Q","type",0
"CMU",5,25923,"biphone","D-Q","type",0
"CMU",5,25923,"biphone","DH-Q","type",0
"CMU",5,25923,"biphone","F-Q","type",0
"CMU",5,25923,"biphone","G-Q","type",0
"CMU",5,25923,"biphone","HH-Q","type",0
"CMU",5,25923,"biphone","JH-Q","type",0
"CMU",5,25923,"biphone","K-Q","type",0
"CMU",5,25923,"biphone","L-Q","type",0
"CMU",5,25923,"biphone","M-Q","type",0
"CMU",5,25923,"biphone","N-Q","type",0
"CMU",5,25923,"biphone","NG-Q","type",0
"CMU",5,25923,"biphone","P-Q","type",0
"CMU",5,25923,"biphone","R-Q","type",0
"CMU",5,25923,"biphone","S-Q","type",0
"CMU",5,25923,"biphone","SH-Q","type",0
"CMU",5,25923,"biphone","T-Q","type",0
"CMU",5,25923,"biphone","TH-Q","type",0
"CMU",5,25923,"biphone","V-Q","type",0
"CMU",5,25923,"biphone","W-Q","type",0
"CMU",5,25923,"biphone","Y-Q","type",0
"CMU",5,25923,"biphone","Z-Q","type",0
"CMU",5,25923,"biphone","ZH-Q","type",0
"CMU",5,25923,"biphone","Q-Q","type",0
"CMU",6,27205,"biphone","AA-AA","type",1
"CMU",6,27205,"biphone","AE-AA","type",0
"CMU",6,27205,"biphone","AH-AA","type",0
"CMU",6,27205,"biphone","AO-AA","type",0
"CMU",6,27205,"biphone","AW-AA","type",1
"CMU",6,27205,"biphone","AY-AA","type",12
"CMU",6,27205,"biphone","EH-AA","type",0
"CMU",6,27205,"biphone","ER-AA","type",59
"CMU",6,27205,"biphone","EY-AA","type",3
"CMU",6,27205,"biphone","IH-AA","type",0
"CMU",6,27205,"biphone","IY-AA","type",52
"CMU",6,27205,"biphone","OW-AA","type",9
"CMU",6,27205,"biphone","OY-AA","type",2
"CMU",6,27205,"biphone","UH-AA","type",0
"CMU",6,27205,"biphone","UW-AA","type",12
"CMU",6,27205,"biphone","AX-AA","type",0
"CMU",6,27205,"biphone","AXR-AA","type",0
"CMU",6,27205,"biphone","IX-AA","type",0
"CMU",6,27205,"biphone","UX-AA","type",0
"CMU",6,27205,"biphone","B-AA","type",365
"CMU",6,27205,"biphone","CH-AA","type",47
"CMU",6,27205,"biphone","D-AA","type",233
"CMU",6,27205,"biphone","DH-AA","type",0
"CMU",6,27205,"biphone","F-AA","type",125
"CMU",6,27205,"biphone","G-AA","type",206
"CMU",6,27205,"biphone","HH-AA","type",300
"CMU",6,27205,"biphone","JH-AA","type",52
"CMU",6,27205,"biphone","K-AA","type",698
"CMU",6,27205,"biphone","L-AA","type",407
"CMU",6,27205,"biphone","M-AA","type",439
"CMU",6,27205,"biphone","N-AA","type",173
"CMU",6,27205,"biphone","NG-AA","type",2
"CMU",6,27205,"biphone","P-AA","type",240
"CMU",6,27205,"biphone","R-AA","type",401
"CMU",6,27205,"biphone","S-AA","type",205
"CMU",6,27205,"biphone","SH-AA","type",84
"CMU",6,27205,"biphone","T-AA","type",247
"CMU",6,27205,"biphone","TH-AA","type",7
"CMU",6,27205,"biphone","V-AA","type",121
"CMU",6,27205,"biphone","W-AA","type",196
"CMU",6,27205,"biphone","Y-AA","type",58
"CMU",6,27205,"biphone","Z-AA","type",65
"CMU",6,27205,"biphone","ZH-AA","type",4
"CMU",6,27205,"biphone","Q-AA","type",0
"CMU",6,27205,"biphone","AA-AE","type",0
"CMU",6,27205,"biphone","AE-AE","type",0
"CMU",6,27205,"biphone","AH-AE","type",0
"CMU",6,27205,"biphone","AO-AE","type",0
"CMU",6,27205,"biphone","AW-AE","type",1
"CMU",6,27205,"biphone","AY-AE","type",15
"CMU",6,27205,"biphone","EH-AE","type",0
"CMU",6,27205,"biphone","ER-AE","type",52
"CMU",6,27205,"biphone","EY-AE","type",1
"CMU",6,27205,"biphone","IH-AE","type",0
"CMU",6,27205,"biphone","IY-AE","type",57
"CMU",6,27205,"biphone","OW-AE","type",1
"CMU",6,27205,"biphone","OY-AE","type",0
"CMU",6,27205,"biphone","UH-AE","type",0
"CMU",6,27205,"biphone","UW-AE","type",4
"CMU",6,27205,"biphone","AX-AE","type",0
"CMU",6,27205,"biphone","AXR-AE","type",0
"CMU",6,27205,"biphone","IX-AE","type",0
"CMU",6,27205,"biphone","UX-AE","type",0
"CMU",6,27205,"biphone","B-AE","type",261
"CMU",6,27205,"biphone","CH-AE","type",67
"CMU",6,27205,"biphone","D-AE","type",137
"CMU",6,27205,"biphone","DH-AE","type",0
"CMU",6,27205,"biphone","F-AE","type",88
"CMU",6,27205,"biphone","G-AE","type",130
"CMU",6,27205,"biphone","HH-AE","type",260
"CMU",6,27205,"biphone","JH-AE","type",57
"CMU",6,27205,"biphone","K-AE","type",416
"CMU",6,27205,"biphone","L-AE","type",430
"CMU",6,27205,"biphone","M-AE","type",326
"CMU",6,27205,"biphone","N-AE","type",99
"CMU",6,27205,"biphone","NG-AE","type",0
"CMU",6,27205,"biphone","P-AE","type",174
"CMU",6,27205,"biphone","R-AE","type",488
"CMU",6,27205,"biphone","S-AE","type",174
"CMU",6,27205,"biphone","SH-AE","type",54
"CMU",6,27205,"biphone","T-AE","type",194
"CMU",6,27205,"biphone","TH-AE","type",11
"CMU",6,27205,"biphone","V-AE","type",105
"CMU",6,27205,"biphone","W-AE","type",32
"CMU",6,27205,"biphone","Y-AE","type",26
"CMU",6,27205,"biphone","Z-AE","type",37
"CMU",6,27205,"biphone","ZH-AE","type",1
"CMU",6,27205,"biphone","Q-AE","type",0
"CMU",6,27205,"biphone","AA-AH","type",3
"CMU",6,27205,"biphone","AE-AH","type",0
"CMU",6,27205,"biphone","AH-AH","type",0
"CMU",6,27205,"biphone","AO-AH","type",1
"CMU",6,27205,"biphone","AW-AH","type",18
"CMU",6,27205,"biphone","AY-AH","type",115
"CMU",6,27205,"biphone","EH-AH","type",1
"CMU",6,27205,"biphone","ER-AH","type",146
"CMU",6,27205,"biphone","EY-AH","type",18
"CMU",6,27205,"biphone","IH-AH","type",0
"CMU",6,27205,"biphone","IY-AH","type",432
"CMU",6,27205,"biphone","OW-AH","type",30
"CMU",6,27205,"biphone","OY-AH","type",12
"CMU",6,27205,"biphone","UH-AH","type",0
"CMU",6,27205,"biphone","UW-AH","type",41
"CMU",6,27205,"biphone","AX-AH","type",0
"CMU",6,27205,"biphone","AXR-AH","type",0
"CMU",6,27205,"biphone","IX-AH","type",0
"CMU",6,27205,"biphone","UX-AH","type",0
"CMU",6,27205,"biphone","B-AH","type",501
"CMU",6,27205,"biphone","CH-AH","type",104
"CMU",6,27205,"biphone","D-AH","type",821
"CMU",6,27205,"biphone","DH-AH","type",5
"CMU",6,27205,"biphone","F-AH","type",204
"CMU",6,27205,"biphone","G-AH","type",428
"CMU",6,27205,"biphone","HH-AH","type",186
"CMU",6,27205,"biphone","JH-AH","type",184
"CMU",6,27205,"biphone","K-AH","type",935
"CMU",6,27205,"biphone","L-AH","type",1076
"CMU",6,27205,"biphone","M-AH","type",1728
"CMU",6,27205,"biphone","N-AH","type",789
"CMU",6,27205,"biphone","NG-AH","type",7
"CMU",6,27205,"biphone","P-AH","type",300
"CMU",6,27205,"biphone","R-AH","type",1038
"CMU",6,27205,"biphone","S-AH","type",1054
"CMU",6,27205,"biphone","SH-AH","type",240
"CMU",6,27205,"biphone","T-AH","type",1041
"CMU",6,27205,"biphone","TH-AH","type",59
"CMU",6,27205,"biphone","V-AH","type",238
"CMU",6,27205,"biphone","W-AH","type",77
"CMU",6,27205,"biphone","Y-AH","type",135
"CMU",6,27205,"biphone","Z-AH","type",262
"CMU",6,27205,"biphone","ZH-AH","type",28
"CMU",6,27205,"biphone","Q-AH","type",0
"CMU",6,27205,"biphone","AA-AO","type",0
"CMU",6,27205,"biphone","AE-AO","type",0
"CMU",6,27205,"biphone","AH-AO","type",0
"CMU",6,27205,"biphone","AO-AO","type",0
"CMU",6,27205,"biphone","AW-AO","type",0
"CMU",6,27205,"biphone","AY-AO","type",2
"CMU",6,27205,"biphone","EH-AO","type",0
"CMU",6,27205,"biphone","ER-AO","type",16
"CMU",6,27205,"biphone","EY-AO","type",4
"CMU",6,27205,"biphone","IH-AO","type",0
"CMU",6,27205,"biphone","IY-AO","type",11
"CMU",6,27205,"biphone","OW-AO","type",1
"CMU",6,27205,"biphone","OY-AO","type",0
"CMU",6,27205,"biphone","UH-AO","type",0
"CMU",6,27205,"biphone","UW-AO","type",2
"CMU",6,27205,"biphone","AX-AO","type",0
"CMU",6,27205,"biphone","AXR-AO","type",0
"CMU",6,27205,"biphone","IX-AO","type",0
"CMU",6,27205,"biphone","UX-AO","type",0
"CMU",6,27205,"biphone","B-AO","type",155
"CMU",6,27205,"biphone","CH-AO","type",5
"CMU",6,27205,"biphone","D-AO","type",113
"CMU",6,27205,"biphone","DH-AO","type",0
"CMU",6,27205,"biphone","F-AO","type",165
"CMU",6,27205,"biphone","G-AO","type",58
"CMU",6,27205,"biphone","HH-AO","type",137
"CMU",6,27205,"biphone","JH-AO","type",27
"CMU",6,27205,"biphone","K-AO","type",277
"CMU",6,27205,"biphone","L-AO","type",218
"CMU",6,27205,"biphone","M-AO","type",180
"CMU",6,27205,"biphone","N-AO","type",103
"CMU",6,27205,"biphone","NG-AO","type",0
"CMU",6,27205,"biphone","P-AO","type",88
"CMU",6,27205,"biphone","R-AO","type",100
"CMU",6,27205,"biphone","S-AO","type",84
"CMU",6,27205,"biphone","SH-AO","type",31
"CMU",6,27205,"biphone","T-AO","type",97
"CMU",6,27205,"biphone","TH-AO","type",28
"CMU",6,27205,"biphone","V-AO","type",21
"CMU",6,27205,"biphone","W-AO","type",201
"CMU",6,27205,"biphone","Y-AO","type",15
"CMU",6,27205,"biphone","Z-AO","type",16
"CMU",6,27205,"biphone","ZH-AO","type",0
"CMU",6,27205,"biphone","Q-AO","type",0
"CMU",6,27205,"biphone","AA-AW","type",0
"CMU",6,27205,"biphone","AE-AW","type",0
"CMU",6,27205,"biphone","AH-AW","type",0
"CMU",6,27205,"biphone","AO-AW","type",0
"CMU",6,27205,"biphone","AW-AW","type",0
"CMU",6,27205,"biphone","AY-AW","type",1
"CMU",6,27205,"biphone","EH-AW","type",0
"CMU",6,27205,"biphone","ER-AW","type",6
"CMU",6,27205,"biphone","EY-AW","type",0
"CMU",6,27205,"biphone","IH-AW","type",0
"CMU",6,27205,"biphone","IY-AW","type",0
"CMU",6,27205,"biphone","OW-AW","type",1
"CMU",6,27205,"biphone","OY-AW","type",0
"CMU",6,27205,"biphone","UH-AW","type",0
"CMU",6,27205,"biphone","UW-AW","type",0
"CMU",6,27205,"biphone","AX-AW","type",0
"CMU",6,27205,"biphone","AXR-AW","type",0
"CMU",6,27205,"biphone","IX-AW","type",0
"CMU",6,27205,"biphone","UX-AW","type",0
"CMU",6,27205,"biphone","B-AW","type",55
"CMU",6,27205,"biphone","CH-AW","type",3
"CMU",6,27205,"biphone","D-AW","type",57
"CMU",6,27205,"biphone","DH-AW","type",0
"CMU",6,27205,"biphone","F-AW","type",13
"CMU",6,27205,"biphone","G-AW","type",11
"CMU",6,27205,"biphone","HH-AW","type",87
"CMU",6,27205,"biphone","JH-AW","type",1
"CMU",6,27205,"biphone","K-AW","type",59
"CMU",6,27205,"biphone","L-AW","type",64
"CMU",6,27205,"biphone","M-AW","type",23
"CMU",6,27205,"biphone","N-AW","type",29
"CMU",6,27205,"biphone","NG-AW","type",1
"CMU",6,27205,"biphone","P-AW","type",46
"CMU",6,27205,"biphone","R-AW","type",72
"CMU",6,27205,"biphone","S-AW","type",30
"CMU",6,27205,"biphone","SH-AW","type",7
"CMU",6,27205,"biphone","T-AW","type",27
"CMU",6,27205,"biphone","TH-AW","type",4
"CMU",6,27205,"biphone","V-AW","type",3
"CMU",6,27205,"biphone","W-AW","type",2
"CMU",6,27205,"biphone","Y-AW","type",0
"CMU",6,27205,"biphone","Z-AW","type",1
"CMU",6,27205,"biphone","ZH-AW","type",1
"CMU",6,27205,"biphone","Q-AW","type",0
"CMU",6,27205,"biphone","AA-AY","type",0
"CMU",6,27205,"biphone","AE-AY","type",0
"CMU",6,27205,"biphone","AH-AY","type",0
"CMU",6,27205,"biphone","AO-AY","type",0
"CMU",6,27205,"biphone","AW-AY","type",0
"CMU",6,27205,"biphone","AY-AY","type",0
"CMU",6,27205,"biphone","EH-AY","type",0
"CMU",6,27205,"biphone","ER-AY","type",28
"CMU",6,27205,"biphone","EY-AY","type",0
"CMU",6,27205,"biphone","IH-AY","type",0
"CMU",6,27205,"biphone","IY-AY","type",7
"CMU",6,27205,"biphone","OW-AY","type",3
"CMU",6,27205,"biphone","OY-AY","type",0
"CMU",6,27205,"biphone","UH-AY","type",0
"CMU",6,27205,"biphone","UW-AY","type",2
"CMU",6,27205,"biphone","AX-AY","type",0
"CMU",6,27205,"biphone","AXR-AY","type",0
"CMU",6,27205,"biphone","IX-AY","type",0
"CMU",6,27205,"biphone","UX-AY","type",0
"CMU",6,27205,"biphone","B-AY","type",87
"CMU",6,27205,"biphone","CH-AY","type",10
"CMU",6,27205,"biphone","D-AY","type",83
"CMU",6,27205,"biphone","DH-AY","type",3
"CMU",6,27205,"biphone","F-AY","type",115
"CMU",6,27205,"biphone","G-AY","type",15
"CMU",6,27205,"biphone","HH-AY","type",123
"CMU",6,27205,"biphone","JH-AY","type",7
"CMU",6,27205,"biphone","K-AY","type",37
"CMU",6,27205,"biphone","L-AY","type",296
"CMU",6,27205,"biphone","M-AY","type",146
"CMU",6,27205,"biphone","N-AY","type",102
"CMU",6,27205,"biphone","NG-AY","type",0
"CMU",6,27205,"biphone","P-AY","type",67
"CMU",6,27205,"biphone","R-AY","type",298
"CMU",6,27205,"biphone","S-AY","type",140
"CMU",6,27205,"biphone","SH-AY","type",14
"CMU",6,27205,"biphone","T-AY","type",147
"CMU",6,27205,"biphone","TH-AY","type",7
"CMU",6,27205,"biphone","V-AY","type",44
"CMU",6,27205,"biphone","W-AY","type",202
"CMU",6,27205,"biphone","Y-AY","type",1
"CMU",6,27205,"biphone","Z-AY","type",36
"CMU",6,27205,"biphone","ZH-AY","type",2
"CMU",6,27205,"biphone","Q-AY","type",0
"CMU",6,27205,"biphone","AA-EH","type",3
"CMU",6,27205,"biphone","AE-EH","type",0
"CMU",6,27205,"biphone","AH-EH","type",0
"CMU",6,27205,"biphone","AO-EH","type",2
"CMU",6,27205,"biphone","AW-EH","type",1
"CMU",6,27205,"biphone","AY-EH","type",10
"CMU",6,27205,"biphone","EH-EH","type",0
"CMU",6,27205,"biphone","ER-EH","type",43
"CMU",6,27205,"biphone","EY-EH","type",7
"CMU",6,27205,"biphone","IH-EH","type",0
"CMU",6,27205,"biphone","IY-EH","type",72
"CMU",6,27205,"biphone","OW-EH","type",2
"CMU",6,27205,"biphone","OY-EH","type",1
"CMU",6,27205,"biphone","UH-EH","type",0
"CMU",6,27205,"biphone","UW-EH","type",20
"CMU",6,27205,"biphone","AX-EH","type",0
"CMU",6,27205,"biphone","AXR-EH","type",0
"CMU",6,27205,"biphone","IX-EH","type",0
"CMU",6,27205,"biphone","UX-EH","type",0
"CMU",6,27205,"biphone","B-EH","type",360
"CMU",6,27205,"biphone","CH-EH","type",101
"CMU",6,27205,"biphone","D-EH","type",303
"CMU",6,27205,"biphone","DH-EH","type",1
"CMU",6,27205,"biphone","F-EH","type",167
"CMU",6,27205,"biphone","G-EH","type",70
"CMU",6,27205,"biphone","HH-EH","type",269
"CMU",6,27205,"biphone","JH-EH","type",132
"CMU",6,27205,"biphone","K-EH","type",202
"CMU",6,27205,"biphone","L-EH","type",377
"CMU",6,27205,"biphone","M-EH","type",330
"CMU",6,27205,"biphone","N-EH","type",237
"CMU",6,27205,"biphone","NG-EH","type",0
"CMU",6,27205,"biphone","P-EH","type",229
"CMU",6,27205,"biphone","R-EH","type",586
"CMU",6,27205,"biphone","S-EH","type",326
"CMU",6,27205,"biphone","SH-EH","type",78
"CMU",6,27205,"biphone","T-EH","type",336
"CMU",6,27205,"biphone","TH-EH","type",8
"CMU",6,27205,"biphone","V-EH","type",136
"CMU",6,27205,"biphone","W-EH","type",302
"CMU",6,27205,"biphone","Y-EH","type",40
"CMU",6,27205,"biphone","Z-EH","type",53
"CMU",6,27205,"biphone","ZH-EH","type",5
"CMU",6,27205,"biphone","Q-EH","type",0
"CMU",6,27205,"biphone","AA-ER","type",3
"CMU",6,27205,"biphone","AE-ER","type",0
"CMU",6,27205,"biphone","AH-ER","type",2
"CMU",6,27205,"biphone","AO-ER","type",0
"CMU",6,27205,"biphone","AW-ER","type",53
"CMU",6,27205,"biphone","AY-ER","type",102
"CMU",6,27205,"biphone","EH-ER","type",0
"CMU",6,27205,"biphone","ER-ER","type",28
"CMU",6,27205,"biphone","EY-ER","type",15
"CMU",6,27205,"biphone","IH-ER","type",0
"CMU",6,27205,"biphone","IY-ER","type",137
"CMU",6,27205,"biphone","OW-ER","type",21
"CMU",6,27205,"biphone","OY-ER","type",11
"CMU",6,27205,"biphone","UH-ER","type",0
"CMU",6,27205,"biphone","UW-ER","type",16
"CMU",6,27205,"biphone","AX-ER","type",0
"CMU",6,27205,"biphone","AXR-ER","type",0
"CMU",6,27205,"biphone","IX-ER","type",0
"CMU",6,27205,"biphone","UX-ER","type",0
"CMU",6,27205,"biphone","B-ER","type",568
"CMU",6,27205,"biphone","CH-ER","type",110
"CMU",6,27205,"biphone","D-ER","type",280
"CMU",6,27205,"biphone","DH-ER","type",50
"CMU",6,27205,"biphone","F-ER","type",258
"CMU",6,27205,"biphone","G-ER","type",178
"CMU",6,27205,"biphone","HH-ER","type",100
"CMU",6,27205,"biphone","JH-ER","type",93
"CMU",6,27205,"biphone","K-ER","type",411
"CMU",6,27205,"biphone","L-ER","type",550
"CMU",6,27205,"biphone","M-ER","type",250
"CMU",6,27205,"biphone","N-ER","type",353
"CMU",6,27205,"biphone","NG-ER","type",143
"CMU",6,27205,"biphone","P-ER","type",265
"CMU",6,27205,"biphone","R-ER","type",11
"CMU",6,27205,"biphone","S-ER","type",211
"CMU",6,27205,"biphone","SH-ER","type",39
"CMU",6,27205,"biphone","T-ER","type",607
"CMU",6,27205,"biphone","TH-ER","type",53
"CMU",6,27205,"biphone","V-ER","type",331
"CMU",6,27205,"biphone","W-ER","type",173
"CMU",6,27205,"biphone","Y-ER","type",70
"CMU",6,27205,"biphone","Z-ER","type",118
"CMU",6,27205,"biphone","ZH-ER","type",13
"CMU",6,27205,"biphone","Q-ER","type",0
"CMU",6,27205,"biphone","AA-EY","type",0
"CMU",6,27205,"biphone","AE-EY","type",0
"CMU",6,27205,"biphone","AH-EY","type",0
"CMU",6,27205,"biphone","AO-EY","type",0
"CMU",6,27205,"biphone","AW-EY","type",0
"CMU",6,27205,"biphone","AY-EY","type",2
"CMU",6,27205,"biphone","EH-EY","type",0
"CMU",6,27205,"biphone","ER-EY","type",42
"CMU",6,27205,"biphone","EY-EY","type",1
"CMU",6,27205,"biphone","IH-EY","type",0
"CMU",6,27205,"biphone","IY-EY","type",35
"CMU",6,27205,"biphone","OW-EY","type",2
"CMU",6,27205,"biphone","OY-EY","type",0
"CMU",6,27205,"biphone","UH-EY","type",0
"CMU",6,27205,"biphone","UW-EY","type",4
"CMU",6,27205,"biphone","AX-EY","type",0
"CMU",6,27205,"biphone","AXR-EY","type",0
"CMU",6,27205,"biphone","IX-EY","type",0
"CMU",6,27205,"biphone","UX-EY","type",0
"CMU",6,27205,"biphone","B-EY","type",85
"CMU",6,27205,"biphone","CH-EY","type",15
"CMU",6,27205,"biphone","D-EY","type",132
"CMU",6,27205,"biphone","DH-EY","type",0
"CMU",6,27205,"biphone","F-EY","type",52
"CMU",6,27205,"biphone","G-EY","type",63
"CMU",6,27205,"biphone","HH-EY","type",51
"CMU",6,27205,"biphone","JH-EY","type",17
"CMU",6,27205,"biphone","K-EY","type",131
"CMU",6,27205,"biphone","L-EY","type",242
"CMU",6,27205,"biphone","M-EY","type",141
"CMU",6,27205,"biphone","N-EY","type",96
"CMU",6,27205,"biphone","NG-EY","type",1
"CMU",6,27205,"biphone","P-EY","type",72
"CMU",6,27205,"biphone","R-EY","type",363
"CMU",6,27205,"biphone","S-EY","type",99
"CMU",6,27205,"biphone","SH-EY","type",26
"CMU",6,27205,"biphone","T-EY","type",177
"CMU",6,27205,"biphone","TH-EY","type",3
"CMU",6,27205,"biphone","V-EY","type",55
"CMU",6,27205,"biphone","W-EY","type",170
"CMU",6,27205,"biphone","Y-EY","type",7
"CMU",6,27205,"biphone","Z-EY","type",10
"CMU",6,27205,"biphone","ZH-EY","type",1
"CMU",6,27205,"biphone","Q-EY","type",0
"CMU",6,27205,"biphone","AA-IH","type",3
"CMU",6,27205,"biphone","AE-IH","type",0
"CMU",6,27205,"biphone","AH-IH","type",0
"CMU",6,27205,"biphone","AO-IH","type",4
"CMU",6,27205,"biphone","AW-IH","type",8
"CMU",6,27205,"biphone","AY-IH","type",16
"CMU",6,27205,"biphone","EH-IH","type",0
"CMU",6,27205,"biphone","ER-IH","type",209
"CMU",6,27205,"biphone","EY-IH","type",20
"CMU",6,27205,"biphone","IH-IH","type",0
"CMU",6,27205,"biphone","IY-IH","type",58
"CMU",6,27205,"biphone","OW-IH","type",25
"CMU",6,27205,"biphone","OY-IH","type",4
"CMU",6,27205,"biphone","UH-IH","type",0
"CMU",6,27205,"biphone","UW-IH","type",41
"CMU",6,27205,"biphone","AX-IH","type",0
"CMU",6,27205,"biphone","AXR-IH","type",0
"CMU",6,27205,"biphone","IX-IH","type",0
"CMU",6,27205,"biphone","UX-IH","type",0
"CMU",6,27205,"biphone","B-IH","type",345
"CMU",6,27205,"biphone","CH-IH","type",161
"CMU",6,27205,"biphone","D-IH","type",768
"CMU",6,27205,"biphone","DH-IH","type",6
"CMU",6,27205,"biphone","F-IH","type",272
"CMU",6,27205,"biphone","G-IH","type",188
"CMU",6,27205,"biphone","HH-IH","type",144
"CMU",6,27205,"biphone","JH-IH","type",165
"CMU",6,27205,"biphone","K-IH","type",468
"CMU",6,27205,"biphone","L-IH","type",1085
"CMU",6,27205,"biphone","M-IH","type",491
"CMU",6,27205,"biphone","N-IH","type",539
"CMU",6,27205,"biphone","NG-IH","type",9
"CMU",6,27205,"biphone","P-IH","type",334
"CMU",6,27205,"biphone","R-IH","type",999
"CMU",6,27205,"biphone","S-IH","type",582
"CMU",6,27205,"biphone","SH-IH","type",149
"CMU",6,27205,"biphone","T-IH","type",683
"CMU",6,27205,"biphone","TH-IH","type",50
"CMU",6,27205,"biphone","V-IH","type",293
"CMU",6,27205,"biphone","W-IH","type",541
"CMU",6,27205,"biphone","Y-IH","type",21
"CMU",6,27205,"biphone","Z-IH","type",168
"CMU",6,27205,"biphone","ZH-IH","type",12
"CMU",6,27205,"biphone","Q-IH","type",0
"CMU",6,27205,"biphone","AA-IY","type",6
"CMU",6,27205,"biphone","AE-IY","type",0
"CMU",6,27205,"biphone","AH-IY","type",2
"CMU",6,27205,"biphone","AO-IY","type",0
"CMU",6,27205,"biphone","AW-IY","type",2
"CMU",6,27205,"biphone","AY-IY","type",4
"CMU",6,27205,"biphone","EH-IY","type",0
"CMU",6,27205,"biphone","ER-IY","type",170
"CMU",6,27205,"biphone","EY-IY","type",1
"CMU",6,27205,"biphone","IH-IY","type",0
"CMU",6,27205,"biphone","IY-IY","type",6
"CMU",6,27205,"biphone","OW-IY","type",2
"CMU",6,27205,"biphone","OY-IY","type",2
"CMU",6,27205,"biphone","UH-IY","type",0
"CMU",6,27205,"biphone","UW-IY","type",17
"CMU",6,27205,"biphone","AX-IY","type",0
"CMU",6,27205,"biphone","AXR-IY","type",0
"CMU",6,27205,"biphone","IX-IY","type",0
"CMU",6,27205,"biphone","UX-IY","type",0
"CMU",6,27205,"biphone","B-IY","type",247
"CMU",6,27205,"biphone","CH-IY","type",120
"CMU",6,27205,"biphone","D-IY","type",351
"CMU",6,27205,"biphone","DH-IY","type",9
"CMU",6,27205,"biphone","F-IY","type",131
"CMU",6,27205,"biphone","G-IY","type",44
"CMU",6,27205,"biphone","HH-IY","type",50
"CMU",6,27205,"biphone","JH-IY","type",88
"CMU",6,27205,"biphone","K-IY","type",316
"CMU",6,27205,"biphone","L-IY","type",1061
"CMU",6,27205,"biphone","M-IY","type",217
"CMU",6,27205,"biphone","N-IY","type",543
"CMU",6,27205,"biphone","NG-IY","type",2
"CMU",6,27205,"biphone","P-IY","type",192
"CMU",6,27205,"biphone","R-IY","type",1037
"CMU",6,27205,"biphone","S-IY","type",462
"CMU",6,27205,"biphone","SH-IY","type",58
"CMU",6,27205,"biphone","T-IY","type",450
"CMU",6,27205,"biphone","TH-IY","type",41
"CMU",6,27205,"biphone","V-IY","type",168
"CMU",6,27205,"biphone","W-IY","type",136
"CMU",6,27205,"biphone","Y-IY","type",13
"CMU",6,27205,"biphone","Z-IY","type",116
"CMU",6,27205,"biphone","ZH-IY","type",6
"CMU",6,27205,"biphone","Q-IY","type",0
"CMU",6,27205,"biphone","AA-OW","type",2
"CMU",6,27205,"biphone","AE-OW","type",0
"CMU",6,27205,"biphone","AH-OW","type",0
"CMU",6,27205,"biphone","AO-OW","type",0
"CMU",6,27205,"biphone","AW-OW","type",1
"CMU",6,27205,"biphone","AY-OW","type",15
"CMU",6,27205,"biphone","EH-OW","type",0
"CMU",6,27205,"biphone","ER-OW","type",39
"CMU",6,27205,"biphone","EY-OW","type",10
"CMU",6,27205,"biphone","IH-OW","type",0
"CMU",6,27205,"biphone","IY-OW","type",139
"CMU",6,27205,"biphone","OW-OW","type",0
"CMU",6,27205,"biphone","OY-OW","type",2
"CMU",6,27205,"biphone","UH-OW","type",0
"CMU",6,27205,"biphone","UW-OW","type",4
"CMU",6,27205,"biphone","AX-OW","type",0
"CMU",6,27205,"biphone","AXR-OW","type",0
"CMU",6,27205,"biphone","IX-OW","type",0
"CMU",6,27205,"biphone","UX-OW","type",0
"CMU",6,27205,"biphone","B-OW","type",177
"CMU",6,27205,"biphone","CH-OW","type",12
"CMU",6,27205,"biphone","D-OW","type",145
"CMU",6,27205,"biphone","DH-OW","type",0
"CMU",6,27205,"biphone","F-OW","type",62
"CMU",6,27205,"biphone","G-OW","type",116
"CMU",6,27205,"biphone","HH-OW","type",150
"CMU",6,27205,"biphone","JH-OW","type",30
"CMU",6,27205,"biphone","K-OW","type",460
"CMU",6,27205,"biphone","L-OW","type",368
"CMU",6,27205,"biphone","M-OW","type",163
"CMU",6,27205,"biphone","N-OW","type",347
"CMU",6,27205,"biphone","NG-OW","type",1
"CMU",6,27205,"biphone","P-OW","type",137
"CMU",6,27205,"biphone","R-OW","type",623
"CMU",6,27205,"biphone","S-OW","type",132
"CMU",6,27205,"biphone","SH-OW","type",42
"CMU",6,27205,"biphone","T-OW","type",265
"CMU",6,27205,"biphone","TH-OW","type",9
"CMU",6,27205,"biphone","V-OW","type",65
"CMU",6,27205,"biphone","W-OW","type",22
"CMU",6,27205,"biphone","Y-OW","type",39
"CMU",6,27205,"biphone","Z-OW","type",43
"CMU",6,27205,"biphone","ZH-OW","type",1
"CMU",6,27205,"biphone","Q-OW","type",0
"CMU",6,27205,"biphone","AA-OY","type",1
"CMU",6,27205,"biphone","AE-OY","type",0
"CMU",6,27205,"biphone","AH-OY","type",0
"CMU",6,27205,"biphone","AO-OY","type",0
"CMU",6,27205,"biphone","AW-OY","type",0
"CMU",6,27205,"biphone","AY-OY","type",0
"CMU",6,27205,"biphone","EH-OY","type",0
"CMU",6,27205,"biphone","ER-OY","type",5
"CMU",6,27205,"biphone","EY-OY","type",0
"CMU",6,27205,"biphone","IH-OY","type",0
"CMU",6,27205,"biphone","IY-OY","type",1
"CMU",6,27205,"biphone","OW-OY","type",0
"CMU",6,27205,"biphone","OY-OY","type",0
"CMU",6,27205,"biphone","UH-OY","type",0
"CMU",6,27205,"biphone","UW-OY","type",0
"CMU",6,27205,"biphone","AX-OY","type",0
"CMU",6,27205,"biphone","AXR-OY","type",0
"CMU",6,27205,"biphone","IX-OY","type",0
"CMU",6,27205,"biphone","UX-OY","type",0
"CMU",6,27205,"biphone","B-OY","type",23
"CMU",6,27205,"biphone","CH-OY","type",3
"CMU",6,27205,"biphone","D-OY","type",2
"CMU",6,27205,"biphone","DH-OY","type",0
"CMU",6,27205,"biphone","F-OY","type",7
"CMU",6,27205,"biphone","G-OY","type",3
"CMU",6,27205,"biphone","HH-OY","type",16
"CMU",6,27205,"biphone","JH-OY","type",18
"CMU",6,27205,"biphone","K-OY","type",8
"CMU",6,27205,"biphone","L-OY","type",26
"CMU",6,27205,"biphone","M-OY","type",6
"CMU",6,27205,"biphone","N-OY","type",12
"CMU",6,27205,"biphone","NG-OY","type",0
"CMU",6,27205,"biphone","P-OY","type",19
"CMU",6,27205,"biphone","R-OY","type",34
"CMU",6,27205,"biphone","S-OY","type",6
"CMU",6,27205,"biphone","SH-OY","type",7
"CMU",6,27205,"biphone","T-OY","type",11
"CMU",6,27205,"biphone","TH-OY","type",0
"CMU",6,27205,"biphone","V-OY","type",14
"CMU",6,27205,"biphone","W-OY","type",6
"CMU",6,27205,"biphone","Y-OY","type",0
"CMU",6,27205,"biphone","Z-OY","type",1
"CMU",6,27205,"biphone","ZH-OY","type",0
"CMU",6,27205,"biphone","Q-OY","type",0
"CMU",6,27205,"biphone","AA-UH","type",0
"CMU",6,27205,"biphone","AE-UH","type",0
"CMU",6,27205,"biphone","AH-UH","type",0
"CMU",6,27205,"biphone","AO-UH","type",0
"CMU",6,27205,"biphone","AW-UH","type",0
"CMU",6,27205,"biphone","AY-UH","type",0
"CMU",6,27205,"biphone","EH-UH","type",0
"CMU",6,27205,"biphone","ER-UH","type",0
"CMU",6,27205,"biphone","EY-UH","type",0
"CMU",6,27205,"biphone","IH-UH","type",0
"CMU",6,27205,"biphone","IY-UH","type",0
"CMU",6,27205,"biphone","OW-UH","type",1
"CMU",6,27205,"biphone","OY-UH","type",0
"CMU",6,27205,"biphone","UH-UH","type",0
"CMU",6,27205,"biphone","UW-UH","type",0
"CMU",6,27205,"biphone","AX-UH","type",0
"CMU",6,27205,"biphone","AXR-UH","type",0
"CMU",6,27205,"biphone","IX-UH","type",0
"CMU",6,27205,"biphone","UX-UH","type",0
"CMU",6,27205,"biphone","B-UH","type",78
"CMU",6,27205,"biphone","CH-UH","type",4
"CMU",6,27205,"biphone","D-UH","type",17
"CMU",6,27205,"biphone","DH-UH","type",0
"CMU",6,27205,"biphone","F-UH","type",45
"CMU",6,27205,"biphone","G-UH","type",47
"CMU",6,27205,"biphone","HH-UH","type",17
"CMU",6,27205,"biphone","JH-UH","type",4
"CMU",6,27205,"biphone","K-UH","type",36
"CMU",6,27205,"biphone","L-UH","type",18
"CMU",6,27205,"biphone","M-UH","type",25
"CMU",6,27205,"biphone","N-UH","type",11
"CMU",6,27205,"biphone","NG-UH","type",0
"CMU",6,27205,"biphone","P-UH","type",20
"CMU",6,27205,"biphone","R-UH","type",16
"CMU",6,27205,"biphone","S-UH","type",2
"CMU",6,27205,"biphone","SH-UH","type",17
"CMU",6,27205,"biphone","T-UH","type",18
"CMU",6,27205,"biphone","TH-UH","type",0
"CMU",6,27205,"biphone","V-UH","type",4
"CMU",6,27205,"biphone","W-UH","type",127
"CMU",6,27205,"biphone","Y-UH","type",34
"CMU",6,27205,"biphone","Z-UH","type",4
"CMU",6,27205,"biphone","ZH-UH","type",2
"CMU",6,27205,"biphone","Q-UH","type",0
"CMU",6,27205,"biphone","AA-UW","type",2
"CMU",6,27205,"biphone","AE-UW","type",0
"CMU",6,27205,"biphone","AH-UW","type",0
"CMU",6,27205,"biphone","AO-UW","type",0
"CMU",6,27205,"biphone","AW-UW","type",1
"CMU",6,27205,"biphone","AY-UW","type",1
"CMU",6,27205,"biphone","EH-UW","type",0
"CMU",6,27205,"biphone","ER-UW","type",15
"CMU",6,27205,"biphone","EY-UW","type",0
"CMU",6,27205,"biphone","IH-UW","type",0
"CMU",6,27205,"biphone","IY-UW","type",10
"CMU",6,27205,"biphone","OW-UW","type",0
"CMU",6,27205,"biphone","OY-UW","type",1
"CMU",6,27205,"biphone","UH-UW","type",0
"CMU",6,27205,"biphone","UW-UW","type",0
"CMU",6,27205,"biphone","AX-UW","type",0
"CMU",6,27205,"biphone","AXR-UW","type",0
"CMU",6,27205,"biphone","IX-UW","type",0
"CMU",6,27205,"biphone","UX-UW","type",0
"CMU",6,27205,"biphone","B-UW","type",65
"CMU",6,27205,"biphone","CH-UW","type",19
"CMU",6,27205,"biphone","D-UW","type",80
"CMU",6,27205,"biphone","DH-UW","type",0
"CMU",6,27205,"biphone","F-UW","type",26
"CMU",6,27205,"biphone","G-UW","type",35
"CMU",6,27205,"biphone","HH-UW","type",26
"CMU",6,27205,"biphone","JH-UW","type",46
"CMU",6,27205,"biphone","K-UW","type",96
"CMU",6,27205,"biphone","L-UW","type",185
"CMU",6,27205,"biphone","M-UW","type",43
"CMU",6,27205,"biphone","N-UW","type",108
"CMU",6,27205,"biphone","NG-UW","type",0
"CMU",6,27205,"biphone","P-UW","type",35
"CMU",6,27205,"biphone","R-UW","type",270
"CMU",6,27205,"biphone","S-UW","type",90
"CMU",6,27205,"biphone","SH-UW","type",37
"CMU",6,27205,"biphone","T-UW","type",101
"CMU",6,27205,"biphone","TH-UW","type",2
"CMU",6,27205,"biphone","V-UW","type",1
"CMU",6,27205,"biphone","W-UW","type",6
"CMU",6,27205,"biphone","Y-UW","type",399
"CMU",6,27205,"biphone","Z-UW","type",26
"CMU",6,27205,"biphone","ZH-UW","type",3
"CMU",6,27205,"biphone","Q-UW","type",0
"CMU",6,27205,"biphone","AA-AX","type",0
"CMU",6,27205,"biphone","AE-AX","type",0
"CMU",6,27205,"biphone","AH-AX","type",0
"CMU",6,27205,"biphone","AO-AX","type",0
"CMU",6,27205,"biphone","AW-AX","type",0
"CMU",6,27205,"biphone","AY-AX","type",0
"CMU",6,27205,"biphone","EH-AX","type",0
"CMU",6,27205,"biphone","ER-AX","type",0
"CMU",6,27205,"biphone","EY-AX","type",0
"CMU",6,27205,"biphone","IH-AX","type",0
"CMU",6,27205,"biphone","IY-AX","type",0
"CMU",6,27205,"biphone","OW-AX","type",0
"CMU",6,27205,"biphone","OY-AX","type",0
"CMU",6,27205,"biphone","UH-AX","type",0
"CMU",6,27205,"biphone","UW-AX","type",0
"CMU",6,27205,"biphone","AX-AX","type",0
"CMU",6,27205,"biphone","AXR-AX","type",0
"CMU",6,27205,"biphone","IX-AX","type",0
"CMU",6,27205,"biphone","UX-AX","type",0
"CMU",6,27205,"biphone","B-AX","type",0
"CMU",6,27205,"biphone","CH-AX","type",0
"CMU",6,27205,"biphone","D-AX","type",0
"CMU",6,27205,"biphone","DH-AX","type",0
"CMU",6,27205,"biphone","F-AX","type",0
"CMU",6,27205,"biphone","G-AX","type",0
"CMU",6,27205,"biphone","HH-AX","type",0
"CMU",6,27205,"biphone","JH-AX","type",0
"CMU",6,27205,"biphone","K-AX","type",0
"CMU",6,27205,"biphone","L-AX","type",0
"CMU",6,27205,"biphone","M-AX","type",0
"CMU",6,27205,"biphone","N-AX","type",0
"CMU",6,27205,"biphone","NG-AX","type",0
"CMU",6,27205,"biphone","P-AX","type",0
"CMU",6,27205,"biphone","R-AX","type",0
"CMU",6,27205,"biphone","S-AX","type",0
"CMU",6,27205,"biphone","SH-AX","type",0
"CMU",6,27205,"biphone","T-AX","type",0
"CMU",6,27205,"biphone","TH-AX","type",0
"CMU",6,27205,"biphone","V-AX","type",0
"CMU",6,27205,"biphone","W-AX","type",0
"CMU",6,27205,"biphone","Y-AX","type",0
"CMU",6,27205,"biphone","Z-AX","type",0
"CMU",6,27205,"biphone","ZH-AX","type",0
"CMU",6,27205,"biphone","Q-AX","type",0
"CMU",6,27205,"biphone","AA-AXR","type",0
"CMU",6,27205,"biphone","AE-AXR","type",0
"CMU",6,27205,"biphone","AH-AXR","type",0
"CMU",6,27205,"biphone","AO-AXR","type",0
"CMU",6,27205,"biphone","AW-AXR","type",0
"CMU",6,27205,"biphone","AY-AXR","type",0
"CMU",6,27205,"biphone","EH-AXR","type",0
"CMU",6,27205,"biphone","ER-AXR","type",0
"CMU",6,27205,"biphone","EY-AXR","type",0
"CMU",6,27205,"biphone","IH-AXR","type",0
"CMU",6,27205,"biphone","IY-AXR","type",0
"CMU",6,27205,"biphone","OW-AXR","type",0
"CMU",6,27205,"biphone","OY-AXR","type",0
"CMU",6,27205,"biphone","UH-AXR","type",0
"CMU",6,27205,"biphone","UW-AXR","type",0
"CMU",6,27205,"biphone","AX-AXR","type",0
"CMU",6,27205,"biphone","AXR-AXR","type",0
"CMU",6,27205,"biphone","IX-AXR","type",0
"CMU",6,27205,"biphone","UX-AXR","type",0
"CMU",6,27205,"biphone","B-AXR","type",0
"CMU",6,27205,"biphone","CH-AXR","type",0
"CMU",6,27205,"biphone","D-AXR","type",0
"CMU",6,27205,"biphone","DH-AXR","type",0
"CMU",6,27205,"biphone","F-AXR","type",0
"CMU",6,27205,"biphone","G-AXR","type",0
"CMU",6,27205,"biphone","HH-AXR","type",0
"CMU",6,27205,"biphone","JH-AXR","type",0
"CMU",6,27205,"biphone","K-AXR","type",0
"CMU",6,27205,"biphone","L-AXR","type",0
"CMU",6,27205,"biphone","M-AXR","type",0
"CMU",6,27205,"biphone","N-AXR","type",0
"CMU",6,27205,"biphone","NG-AXR","type",0
"CMU",6,27205,"biphone","P-AXR","type",0
"CMU",6,27205,"biphone","R-AXR","type",0
"CMU",6,27205,"biphone","S-AXR","type",0
"CMU",6,27205,"biphone","SH-AXR","type",0
"CMU",6,27205,"biphone","T-AXR","type",0
"CMU",6,27205,"biphone","TH-AXR","type",0
"CMU",6,27205,"biphone","V-AXR","type",0
"CMU",6,27205,"biphone","W-AXR","type",0
"CMU",6,27205,"biphone","Y-AXR","type",0
"CMU",6,27205,"biphone","Z-AXR","type",0
"CMU",6,27205,"biphone","ZH-AXR","type",0
"CMU",6,27205,"biphone","Q-AXR","type",0
"CMU",6,27205,"biphone","AA-IX","type",0
"CMU",6,27205,"biphone","AE-IX","type",0
"CMU",6,27205,"biphone","AH-IX","type",0
"CMU",6,27205,"biphone","AO-IX","type",0
"CMU",6,27205,"biphone","AW-IX","type",0
"CMU",6,27205,"biphone","AY-IX","type",0
"CMU",6,27205,"biphone","EH-IX","type",0
"CMU",6,27205,"biphone","ER-IX","type",0
"CMU",6,27205,"biphone","EY-IX","type",0
"CMU",6,27205,"biphone","IH-IX","type",0
"CMU",6,27205,"biphone","IY-IX","type",0
"CMU",6,27205,"biphone","OW-IX","type",0
"CMU",6,27205,"biphone","OY-IX","type",0
"CMU",6,27205,"biphone","UH-IX","type",0
"CMU",6,27205,"biphone","UW-IX","type",0
"CMU",6,27205,"biphone","AX-IX","type",0
"CMU",6,27205,"biphone","AXR-IX","type",0
"CMU",6,27205,"biphone","IX-IX","type",0
"CMU",6,27205,"biphone","UX-IX","type",0
"CMU",6,27205,"biphone","B-IX","type",0
"CMU",6,27205,"biphone","CH-IX","type",0
"CMU",6,27205,"biphone","D-IX","type",0
"CMU",6,27205,"biphone","DH-IX","type",0
"CMU",6,27205,"biphone","F-IX","type",0
"CMU",6,27205,"biphone","G-IX","type",0
"CMU",6,27205,"biphone","HH-IX","type",0
"CMU",6,27205,"biphone","JH-IX","type",0
"CMU",6,27205,"biphone","K-IX","type",0
"CMU",6,27205,"biphone","L-IX","type",0
"CMU",6,27205,"biphone","M-IX","type",0
"CMU",6,27205,"biphone","N-IX","type",0
"CMU",6,27205,"biphone","NG-IX","type",0
"CMU",6,27205,"biphone","P-IX","type",0
"CMU",6,27205,"biphone","R-IX","type",0
"CMU",6,27205,"biphone","S-IX","type",0
"CMU",6,27205,"biphone","SH-IX","type",0
"CMU",6,27205,"biphone","T-IX","type",0
"CMU",6,27205,"biphone","TH-IX","type",0
"CMU",6,27205,"biphone","V-IX","type",0
"CMU",6,27205,"biphone","W-IX","type",0
"CMU",6,27205,"biphone","Y-IX","type",0
"CMU",6,27205,"biphone","Z-IX","type",0
"CMU",6,27205,"biphone","ZH-IX","type",0
"CMU",6,27205,"biphone","Q-IX","type",0
"CMU",6,27205,"biphone","AA-UX","type",0
"CMU",6,27205,"biphone","AE-UX","type",0
"CMU",6,27205,"biphone","AH-UX","type",0
"CMU",6,27205,"biphone","AO-UX","type",0
"CMU",6,27205,"biphone","AW-UX","type",0
"CMU",6,27205,"biphone","AY-UX","type",0
"CMU",6,27205,"biphone","EH-UX","type",0
"CMU",6,27205,"biphone","ER-UX","type",0
"CMU",6,27205,"biphone","EY-UX","type",0
"CMU",6,27205,"biphone","IH-UX","type",0
"CMU",6,27205,"biphone","IY-UX","type",0
"CMU",6,27205,"biphone","OW-UX","type",0
"CMU",6,27205,"biphone","OY-UX","type",0
"CMU",6,27205,"biphone","UH-UX","type",0
"CMU",6,27205,"biphone","UW-UX","type",0
"CMU",6,27205,"biphone","AX-UX","type",0
"CMU",6,27205,"biphone","AXR-UX","type",0
"CMU",6,27205,"biphone","IX-UX","type",0
"CMU",6,27205,"biphone","UX-UX","type",0
"CMU",6,27205,"biphone","B-UX","type",0
"CMU",6,27205,"biphone","CH-UX","type",0
"CMU",6,27205,"biphone","D-UX","type",0
"CMU",6,27205,"biphone","DH-UX","type",0
"CMU",6,27205,"biphone","F-UX","type",0
"CMU",6,27205,"biphone","G-UX","type",0
"CMU",6,27205,"biphone","HH-UX","type",0
"CMU",6,27205,"biphone","JH-UX","type",0
"CMU",6,27205,"biphone","K-UX","type",0
"CMU",6,27205,"biphone","L-UX","type",0
"CMU",6,27205,"biphone","M-UX","type",0
"CMU",6,27205,"biphone","N-UX","type",0
"CMU",6,27205,"biphone","NG-UX","type",0
"CMU",6,27205,"biphone","P-UX","type",0
"CMU",6,27205,"biphone","R-UX","type",0
"CMU",6,27205,"biphone","S-UX","type",0
"CMU",6,27205,"biphone","SH-UX","type",0
"CMU",6,27205,"biphone","T-UX","type",0
"CMU",6,27205,"biphone","TH-UX","type",0
"CMU",6,27205,"biphone","V-UX","type",0
"CMU",6,27205,"biphone","W-UX","type",0
"CMU",6,27205,"biphone","Y-UX","type",0
"CMU",6,27205,"biphone","Z-UX","type",0
"CMU",6,27205,"biphone","ZH-UX","type",0
"CMU",6,27205,"biphone","Q-UX","type",0
"CMU",6,27205,"biphone","AA-B","type",149
"CMU",6,27205,"biphone","AE-B","type",114
"CMU",6,27205,"biphone","AH-B","type",239
"CMU",6,27205,"biphone","AO-B","type",11
"CMU",6,27205,"biphone","AW-B","type",14
"CMU",6,27205,"biphone","AY-B","type",45
"CMU",6,27205,"biphone","EH-B","type",77
"CMU",6,27205,"biphone","ER-B","type",85
"CMU",6,27205,"biphone","EY-B","type",94
"CMU",6,27205,"biphone","IH-B","type",127
"CMU",6,27205,"biphone","IY-B","type",98
"CMU",6,27205,"biphone","OW-B","type",135
"CMU",6,27205,"biphone","OY-B","type",5
"CMU",6,27205,"biphone","UH-B","type",1
"CMU",6,27205,"biphone","UW-B","type",79
"CMU",6,27205,"biphone","AX-B","type",0
"CMU",6,27205,"biphone","AXR-B","type",0
"CMU",6,27205,"biphone","IX-B","type",0
"CMU",6,27205,"biphone","UX-B","type",0
"CMU",6,27205,"biphone","B-B","type",0
"CMU",6,27205,"biphone","CH-B","type",8
"CMU",6,27205,"biphone","D-B","type",33
"CMU",6,27205,"biphone","DH-B","type",0
"CMU",6,27205,"biphone","F-B","type",7
"CMU",6,27205,"biphone","G-B","type",8
"CMU",6,27205,"biphone","HH-B","type",0
"CMU",6,27205,"biphone","JH-B","type",0
"CMU",6,27205,"biphone","K-B","type",24
"CMU",6,27205,"biphone","L-B","type",173
"CMU",6,27205,"biphone","M-B","type",226
"CMU",6,27205,"biphone","N-B","type",80
"CMU",6,27205,"biphone","NG-B","type",9
"CMU",6,27205,"biphone","P-B","type",5
"CMU",6,27205,"biphone","R-B","type",116
"CMU",6,27205,"biphone","S-B","type",70
"CMU",6,27205,"biphone","SH-B","type",25
"CMU",6,27205,"biphone","T-B","type",32
"CMU",6,27205,"biphone","TH-B","type",12
"CMU",6,27205,"biphone","V-B","type",2
"CMU",6,27205,"biphone","W-B","type",0
"CMU",6,27205,"biphone","Y-B","type",0
"CMU",6,27205,"biphone","Z-B","type",48
"CMU",6,27205,"biphone","ZH-B","type",0
"CMU",6,27205,"biphone","Q-B","type",0
"CMU",6,27205,"biphone","AA-CH","type",55
"CMU",6,27205,"biphone","AE-CH","type",58
"CMU",6,27205,"biphone","AH-CH","type",43
"CMU",6,27205,"biphone","AO-CH","type",4
"CMU",6,27205,"biphone","AW-CH","type",5
"CMU",6,27205,"biphone","AY-CH","type",1
"CMU",6,27205,"biphone","EH-CH","type",36
"CMU",6,27205,"biphone","ER-CH","type",29
"CMU",6,27205,"biphone","EY-CH","type",12
"CMU",6,27205,"biphone","IH-CH","type",101
"CMU",6,27205,"biphone","IY-CH","type",43
"CMU",6,27205,"biphone","OW-CH","type",17
"CMU",6,27205,"biphone","OY-CH","type",2
"CMU",6,27205,"biphone","UH-CH","type",1
"CMU",6,27205,"biphone","UW-CH","type",49
"CMU",6,27205,"biphone","AX-CH","type",0
"CMU",6,27205,"biphone","AXR-CH","type",0
"CMU",6,27205,"biphone","IX-CH","type",0
"CMU",6,27205,"biphone","UX-CH","type",0
"CMU",6,27205,"biphone","B-CH","type",5
"CMU",6,27205,"biphone","CH-CH","type",0
"CMU",6,27205,"biphone","D-CH","type",3
"CMU",6,27205,"biphone","DH-CH","type",0
"CMU",6,27205,"biphone","F-CH","type",0
"CMU",6,27205,"biphone","G-CH","type",0
"CMU",6,27205,"biphone","HH-CH","type",0
"CMU",6,27205,"biphone","JH-CH","type",0
"CMU",6,27205,"biphone","K-CH","type",12
"CMU",6,27205,"biphone","L-CH","type",28
"CMU",6,27205,"biphone","M-CH","type",7
"CMU",6,27205,"biphone","N-CH","type",89
"CMU",6,27205,"biphone","NG-CH","type",3
"CMU",6,27205,"biphone","P-CH","type",7
"CMU",6,27205,"biphone","R-CH","type",35
"CMU",6,27205,"biphone","S-CH","type",17
"CMU",6,27205,"biphone","SH-CH","type",0
"CMU",6,27205,"biphone","T-CH","type",7
"CMU",6,27205,"biphone","TH-CH","type",0
"CMU",6,27205,"biphone","V-CH","type",0
"CMU",6,27205,"biphone","W-CH","type",0
"CMU",6,27205,"biphone","Y-CH","type",0
"CMU",6,27205,"biphone","Z-CH","type",1
"CMU",6,27205,"biphone","ZH-CH","type",0
"CMU",6,27205,"biphone","Q-CH","type",0
"CMU",6,27205,"biphone","AA-D","type",214
"CMU",6,27205,"biphone","AE-D","type",216
"CMU",6,27205,"biphone","AH-D","type",363
"CMU",6,27205,"biphone","AO-D","type",39
"CMU",6,27205,"biphone","AW-D","type",24
"CMU",6,27205,"biphone","AY-D","type",191
"CMU",6,27205,"biphone","EH-D","type",297
"CMU",6,27205,"biphone","ER-D","type",452
"CMU",6,27205,"biphone","EY-D","type",181
"CMU",6,27205,"biphone","IH-D","type",420
"CMU",6,27205,"biphone","IY-D","type",205
"CMU",6,27205,"biphone","OW-D","type",140
"CMU",6,27205,"biphone","OY-D","type",27
"CMU",6,27205,"biphone","UH-D","type",156
"CMU",6,27205,"biphone","UW-D","type",102
"CMU",6,27205,"biphone","AX-D","type",0
"CMU",6,27205,"biphone","AXR-D","type",0
"CMU",6,27205,"biphone","IX-D","type",0
"CMU",6,27205,"biphone","UX-D","type",0
"CMU",6,27205,"biphone","B-D","type",16
"CMU",6,27205,"biphone","CH-D","type",5
"CMU",6,27205,"biphone","D-D","type",2
"CMU",6,27205,"biphone","DH-D","type",2
"CMU",6,27205,"biphone","F-D","type",3
"CMU",6,27205,"biphone","G-D","type",23
"CMU",6,27205,"biphone","HH-D","type",0
"CMU",6,27205,"biphone","JH-D","type",29
"CMU",6,27205,"biphone","K-D","type",18
"CMU",6,27205,"biphone","L-D","type",497
"CMU",6,27205,"biphone","M-D","type",36
"CMU",6,27205,"biphone","N-D","type",1001
"CMU",6,27205,"biphone","NG-D","type",14
"CMU",6,27205,"biphone","P-D","type",5
"CMU",6,27205,"biphone","R-D","type",304
"CMU",6,27205,"biphone","S-D","type",22
"CMU",6,27205,"biphone","SH-D","type",1
"CMU",6,27205,"biphone","T-D","type",9
"CMU",6,27205,"biphone","TH-D","type",4
"CMU",6,27205,"biphone","V-D","type",30
"CMU",6,27205,"biphone","W-D","type",0
"CMU",6,27205,"biphone","Y-D","type",0
"CMU",6,27205,"biphone","Z-D","type",57
"CMU",6,27205,"biphone","ZH-D","type",3
"CMU",6,27205,"biphone","Q-D","type",0
"CMU",6,27205,"biphone","AA-DH","type",5
"CMU",6,27205,"biphone","AE-DH","type",8
"CMU",6,27205,"biphone","AH-DH","type",18
"CMU",6,27205,"biphone","AO-DH","type",0
"CMU",6,27205,"biphone","AW-DH","type",0
"CMU",6,27205,"biphone","AY-DH","type",1
"CMU",6,27205,"biphone","EH-DH","type",15
"CMU",6,27205,"biphone","ER-DH","type",4
"CMU",6,27205,"biphone","EY-DH","type",2
"CMU",6,27205,"biphone","IH-DH","type",10
"CMU",6,27205,"biphone","IY-DH","type",1
"CMU",6,27205,"biphone","OW-DH","type",4
"CMU",6,27205,"biphone","OY-DH","type",0
"CMU",6,27205,"biphone","UH-DH","type",0
"CMU",6,27205,"biphone","UW-DH","type",3
"CMU",6,27205,"biphone","AX-DH","type",0
"CMU",6,27205,"biphone","AXR-DH","type",0
"CMU",6,27205,"biphone","IX-DH","type",0
"CMU",6,27205,"biphone","UX-DH","type",0
"CMU",6,27205,"biphone","B-DH","type",0
"CMU",6,27205,"biphone","CH-DH","type",0
"CMU",6,27205,"biphone","D-DH","type",0
"CMU",6,27205,"biphone","DH-DH","type",0
"CMU",6,27205,"biphone","F-DH","type",0
"CMU",6,27205,"biphone","G-DH","type",0
"CMU",6,27205,"biphone","HH-DH","type",0
"CMU",6,27205,"biphone","JH-DH","type",0
"CMU",6,27205,"biphone","K-DH","type",0
"CMU",6,27205,"biphone","L-DH","type",1
"CMU",6,27205,"biphone","M-DH","type",0
"CMU",6,27205,"biphone","N-DH","type",2
"CMU",6,27205,"biphone","NG-DH","type",0
"CMU",6,27205,"biphone","P-DH","type",0
"CMU",6,27205,"biphone","R-DH","type",4
"CMU",6,27205,"biphone","S-DH","type",0
"CMU",6,27205,"biphone","SH-DH","type",0
"CMU",6,27205,"biphone","T-DH","type",3
"CMU",6,27205,"biphone","TH-DH","type",0
"CMU",6,27205,"biphone","V-DH","type",0
"CMU",6,27205,"biphone","W-DH","type",0
"CMU",6,27205,"biphone","Y-DH","type",0
"CMU",6,27205,"biphone","Z-DH","type",0
"CMU",6,27205,"biphone","ZH-DH","type",0
"CMU",6,27205,"biphone","Q-DH","type",0
"CMU",6,27205,"biphone","AA-F","type",84
"CMU",6,27205,"biphone","AE-F","type",101
"CMU",6,27205,"biphone","AH-F","type",178
"CMU",6,27205,"biphone","AO-F","type",157
"CMU",6,27205,"biphone","AW-F","type",3
"CMU",6,27205,"biphone","AY-F","type",41
"CMU",6,27205,"biphone","EH-F","type",93
"CMU",6,27205,"biphone","ER-F","type",37
"CMU",6,27205,"biphone","EY-F","type",25
"CMU",6,27205,"biphone","IH-F","type",179
"CMU",6,27205,"biphone","IY-F","type",48
"CMU",6,27205,"biphone","OW-F","type",37
"CMU",6,27205,"biphone","OY-F","type",2
"CMU",6,27205,"biphone","UH-F","type",1
"CMU",6,27205,"biphone","UW-F","type",32
"CMU",6,27205,"biphone","AX-F","type",0
"CMU",6,27205,"biphone","AXR-F","type",0
"CMU",6,27205,"biphone","IX-F","type",0
"CMU",6,27205,"biphone","UX-F","type",0
"CMU",6,27205,"biphone","B-F","type",0
"CMU",6,27205,"biphone","CH-F","type",8
"CMU",6,27205,"biphone","D-F","type",21
"CMU",6,27205,"biphone","DH-F","type",0
"CMU",6,27205,"biphone","F-F","type",0
"CMU",6,27205,"biphone","G-F","type",10
"CMU",6,27205,"biphone","HH-F","type",0
"CMU",6,27205,"biphone","JH-F","type",0
"CMU",6,27205,"biphone","K-F","type",17
"CMU",6,27205,"biphone","L-F","type",127
"CMU",6,27205,"biphone","M-F","type",29
"CMU",6,27205,"biphone","N-F","type",86
"CMU",6,27205,"biphone","NG-F","type",5
"CMU",6,27205,"biphone","P-F","type",21
"CMU",6,27205,"biphone","R-F","type",57
"CMU",6,27205,"biphone","S-F","type",24
"CMU",6,27205,"biphone","SH-F","type",6
"CMU",6,27205,"biphone","T-F","type",30
"CMU",6,27205,"biphone","TH-F","type",4
"CMU",6,27205,"biphone","V-F","type",0
"CMU",6,27205,"biphone","W-F","type",0
"CMU",6,27205,"biphone","Y-F","type",0
"CMU",6,27205,"biphone","Z-F","type",0
"CMU",6,27205,"biphone","ZH-F","type",0
"CMU",6,27205,"biphone","Q-F","type",0
"CMU",6,27205,"biphone","AA-G","type",100
"CMU",6,27205,"biphone","AE-G","type",127
"CMU",6,27205,"biphone","AH-G","type",178
"CMU",6,27205,"biphone","AO-G","type",35
"CMU",6,27205,"biphone","AW-G","type",4
"CMU",6,27205,"biphone","AY-G","type",39
"CMU",6,27205,"biphone","EH-G","type",78
"CMU",6,27205,"biphone","ER-G","type",184
"CMU",6,27205,"biphone","EY-G","type",39
"CMU",6,27205,"biphone","IH-G","type",243
"CMU",6,27205,"biphone","IY-G","type",107
"CMU",6,27205,"biphone","OW-G","type",52
"CMU",6,27205,"biphone","OY-G","type",0
"CMU",6,27205,"biphone","UH-G","type",2
"CMU",6,27205,"biphone","UW-G","type",32
"CMU",6,27205,"biphone","AX-G","type",0
"CMU",6,27205,"biphone","AXR-G","type",0
"CMU",6,27205,"biphone","IX-G","type",0
"CMU",6,27205,"biphone","UX-G","type",0
"CMU",6,27205,"biphone","B-G","type",1
"CMU",6,27205,"biphone","CH-G","type",1
"CMU",6,27205,"biphone","D-G","type",7
"CMU",6,27205,"biphone","DH-G","type",0
"CMU",6,27205,"biphone","F-G","type",2
"CMU",6,27205,"biphone","G-G","type",0
"CMU",6,27205,"biphone","HH-G","type",0
"CMU",6,27205,"biphone","JH-G","type",0
"CMU",6,27205,"biphone","K-G","type",1
"CMU",6,27205,"biphone","L-G","type",33
"CMU",6,27205,"biphone","M-G","type",4
"CMU",6,27205,"biphone","N-G","type",16
"CMU",6,27205,"biphone","NG-G","type",191
"CMU",6,27205,"biphone","P-G","type",4
"CMU",6,27205,"biphone","R-G","type",75
"CMU",6,27205,"biphone","S-G","type",11
"CMU",6,27205,"biphone","SH-G","type",0
"CMU",6,27205,"biphone","T-G","type",16
"CMU",6,27205,"biphone","TH-G","type",3
"CMU",6,27205,"biphone","V-G","type",0
"CMU",6,27205,"biphone","W-G","type",0
"CMU",6,27205,"biphone","Y-G","type",0
"CMU",6,27205,"biphone","Z-G","type",1
"CMU",6,27205,"biphone","ZH-G","type",0
"CMU",6,27205,"biphone","Q-G","type",0
"CMU",6,27205,"biphone","AA-HH","type",12
"CMU",6,27205,"biphone","AE-HH","type",19
"CMU",6,27205,"biphone","AH-HH","type",61
"CMU",6,27205,"biphone","AO-HH","type",1
"CMU",6,27205,"biphone","AW-HH","type",0
"CMU",6,27205,"biphone","AY-HH","type",6
"CMU",6,27205,"biphone","EH-HH","type",13
"CMU",6,27205,"biphone","ER-HH","type",21
"CMU",6,27205,"biphone","EY-HH","type",20
"CMU",6,27205,"biphone","IH-HH","type",26
"CMU",6,27205,"biphone","IY-HH","type",18
"CMU",6,27205,"biphone","OW-HH","type",28
"CMU",6,27205,"biphone","OY-HH","type",1
"CMU",6,27205,"biphone","UH-HH","type",0
"CMU",6,27205,"biphone","UW-HH","type",10
"CMU",6,27205,"biphone","AX-HH","type",0
"CMU",6,27205,"biphone","AXR-HH","type",0
"CMU",6,27205,"biphone","IX-HH","type",0
"CMU",6,27205,"biphone","UX-HH","type",0
"CMU",6,27205,"biphone","B-HH","type",4
"CMU",6,27205,"biphone","CH-HH","type",4
"CMU",6,27205,"biphone","D-HH","type",18
"CMU",6,27205,"biphone","DH-HH","type",0
"CMU",6,27205,"biphone","F-HH","type",6
"CMU",6,27205,"biphone","G-HH","type",8
"CMU",6,27205,"biphone","HH-HH","type",0
"CMU",6,27205,"biphone","JH-HH","type",1
"CMU",6,27205,"biphone","K-HH","type",37
"CMU",6,27205,"biphone","L-HH","type",55
"CMU",6,27205,"biphone","M-HH","type",8
"CMU",6,27205,"biphone","N-HH","type",57
"CMU",6,27205,"biphone","NG-HH","type",12
"CMU",6,27205,"biphone","P-HH","type",5
"CMU",6,27205,"biphone","R-HH","type",39
"CMU",6,27205,"biphone","S-HH","type",14
"CMU",6,27205,"biphone","SH-HH","type",1
"CMU",6,27205,"biphone","T-HH","type",27
"CMU",6,27205,"biphone","TH-HH","type",0
"CMU",6,27205,"biphone","V-HH","type",2
"CMU",6,27205,"biphone","W-HH","type",0
"CMU",6,27205,"biphone","Y-HH","type",0
"CMU",6,27205,"biphone","Z-HH","type",2
"CMU",6,27205,"biphone","ZH-HH","type",0
"CMU",6,27205,"biphone","Q-HH","type",0
"CMU",6,27205,"biphone","AA-JH","type",37
"CMU",6,27205,"biphone","AE-JH","type",26
"CMU",6,27205,"biphone","AH-JH","type",77
"CMU",6,27205,"biphone","AO-JH","type",2
"CMU",6,27205,"biphone","AW-JH","type",0
"CMU",6,27205,"biphone","AY-JH","type",6
"CMU",6,27205,"biphone","EH-JH","type",35
"CMU",6,27205,"biphone","ER-JH","type",52
"CMU",6,27205,"biphone","EY-JH","type",36
"CMU",6,27205,"biphone","IH-JH","type",163
"CMU",6,27205,"biphone","IY-JH","type",26
"CMU",6,27205,"biphone","OW-JH","type",12
"CMU",6,27205,"biphone","OY-JH","type",0
"CMU",6,27205,"biphone","UH-JH","type",1
"CMU",6,27205,"biphone","UW-JH","type",28
"CMU",6,27205,"biphone","AX-JH","type",0
"CMU",6,27205,"biphone","AXR-JH","type",0
"CMU",6,27205,"biphone","IX-JH","type",0
"CMU",6,27205,"biphone","UX-JH","type",0
"CMU",6,27205,"biphone","B-JH","type",3
"CMU",6,27205,"biphone","CH-JH","type",1
"CMU",6,27205,"biphone","D-JH","type",3
"CMU",6,27205,"biphone","DH-JH","type",0
"CMU",6,27205,"biphone","F-JH","type",0
"CMU",6,27205,"biphone","G-JH","type",1
"CMU",6,27205,"biphone","HH-JH","type",0
"CMU",6,27205,"biphone","JH-JH","type",0
"CMU",6,27205,"biphone","K-JH","type",1
"CMU",6,27205,"biphone","L-JH","type",21
"CMU",6,27205,"biphone","M-JH","type",1
"CMU",6,27205,"biphone","N-JH","type",113
"CMU",6,27205,"biphone","NG-JH","type",6
"CMU",6,27205,"biphone","P-JH","type",2
"CMU",6,27205,"biphone","R-JH","type",54
"CMU",6,27205,"biphone","S-JH","type",1
"CMU",6,27205,"biphone","SH-JH","type",0
"CMU",6,27205,"biphone","T-JH","type",5
"CMU",6,27205,"biphone","TH-JH","type",1
"CMU",6,27205,"biphone","V-JH","type",0
"CMU",6,27205,"biphone","W-JH","type",0
"CMU",6,27205,"biphone","Y-JH","type",0
"CMU",6,27205,"biphone","Z-JH","type",0
"CMU",6,27205,"biphone","ZH-JH","type",0
"CMU",6,27205,"biphone","Q-JH","type",0
"CMU",6,27205,"biphone","AA-K","type",406
"CMU",6,27205,"biphone","AE-K","type",456
"CMU",6,27205,"biphone","AH-K","type",658
"CMU",6,27205,"biphone","AO-K","type",48
"CMU",6,27205,"biphone","AW-K","type",6
"CMU",6,27205,"biphone","AY-K","type",115
"CMU",6,27205,"biphone","EH-K","type",475
"CMU",6,27205,"biphone","ER-K","type",137
"CMU",6,27205,"biphone","EY-K","type",117
"CMU",6,27205,"biphone","IH-K","type",981
"CMU",6,27205,"biphone","IY-K","type",190
"CMU",6,27205,"biphone","OW-K","type",160
"CMU",6,27205,"biphone","OY-K","type",4
"CMU",6,27205,"biphone","UH-K","type",63
"CMU",6,27205,"biphone","UW-K","type",80
"CMU",6,27205,"biphone","AX-K","type",0
"CMU",6,27205,"biphone","AXR-K","type",0
"CMU",6,27205,"biphone","IX-K","type",0
"CMU",6,27205,"biphone","UX-K","type",0
"CMU",6,27205,"biphone","B-K","type",7
"CMU",6,27205,"biphone","CH-K","type",6
"CMU",6,27205,"biphone","D-K","type",31
"CMU",6,27205,"biphone","DH-K","type",0
"CMU",6,27205,"biphone","F-K","type",18
"CMU",6,27205,"biphone","G-K","type",2
"CMU",6,27205,"biphone","HH-K","type",0
"CMU",6,27205,"biphone","JH-K","type",3
"CMU",6,27205,"biphone","K-K","type",1
"CMU",6,27205,"biphone","L-K","type",116
"CMU",6,27205,"biphone","M-K","type",23
"CMU",6,27205,"biphone","N-K","type",93
"CMU",6,27205,"biphone","NG-K","type",317
"CMU",6,27205,"biphone","P-K","type",23
"CMU",6,27205,"biphone","R-K","type",168
"CMU",6,27205,"biphone","S-K","type",550
"CMU",6,27205,"biphone","SH-K","type",9
"CMU",6,27205,"biphone","T-K","type",49
"CMU",6,27205,"biphone","TH-K","type",7
"CMU",6,27205,"biphone","V-K","type",6
"CMU",6,27205,"biphone","W-K","type",0
"CMU",6,27205,"biphone","Y-K","type",0
"CMU",6,27205,"biphone","Z-K","type",7
"CMU",6,27205,"biphone","ZH-K","type",1
"CMU",6,27205,"biphone","Q-K","type",0
"CMU",6,27205,"biphone","AA-L","type",498
"CMU",6,27205,"biphone","AE-L","type",403
"CMU",6,27205,"biphone","AH-L","type",2227
"CMU",6,27205,"biphone","AO-L","type",294
"CMU",6,27205,"biphone","AW-L","type",34
"CMU",6,27205,"biphone","AY-L","type",129
"CMU",6,27205,"biphone","EH-L","type",1025
"CMU",6,27205,"biphone","ER-L","type",135
"CMU",6,27205,"biphone","EY-L","type",178
"CMU",6,27205,"biphone","IH-L","type",789
"CMU",6,27205,"biphone","IY-L","type",245
"CMU",6,27205,"biphone","OW-L","type",622
"CMU",6,27205,"biphone","OY-L","type",36
"CMU",6,27205,"biphone","UH-L","type",70
"CMU",6,27205,"biphone","UW-L","type",171
"CMU",6,27205,"biphone","AX-L","type",0
"CMU",6,27205,"biphone","AXR-L","type",0
"CMU",6,27205,"biphone","IX-L","type",0
"CMU",6,27205,"biphone","UX-L","type",0
"CMU",6,27205,"biphone","B-L","type",254
"CMU",6,27205,"biphone","CH-L","type",16
"CMU",6,27205,"biphone","D-L","type",177
"CMU",6,27205,"biphone","DH-L","type",1
"CMU",6,27205,"biphone","F-L","type",219
"CMU",6,27205,"biphone","G-L","type",225
"CMU",6,27205,"biphone","HH-L","type",3
"CMU",6,27205,"biphone","JH-L","type",4
"CMU",6,27205,"biphone","K-L","type",470
"CMU",6,27205,"biphone","L-L","type",4
"CMU",6,27205,"biphone","M-L","type",69
"CMU",6,27205,"biphone","N-L","type",89
"CMU",6,27205,"biphone","NG-L","type",11
"CMU",6,27205,"biphone","P-L","type",254
"CMU",6,27205,"biphone","R-L","type",143
"CMU",6,27205,"biphone","S-L","type",298
"CMU",6,27205,"biphone","SH-L","type",31
"CMU",6,27205,"biphone","T-L","type",197
"CMU",6,27205,"biphone","TH-L","type",21
"CMU",6,27205,"biphone","V-L","type",55
"CMU",6,27205,"biphone","W-L","type",0
"CMU",6,27205,"biphone","Y-L","type",0
"CMU",6,27205,"biphone","Z-L","type",62
"CMU",6,27205,"biphone","ZH-L","type",0
"CMU",6,27205,"biphone","Q-L","type",0
"CMU",6,27205,"biphone","AA-M","type",241
"CMU",6,27205,"biphone","AE-M","type",375
"CMU",6,27205,"biphone","AH-M","type",709
"CMU",6,27205,"biphone","AO-M","type",11
"CMU",6,27205,"biphone","AW-M","type",20
"CMU",6,27205,"biphone","AY-M","type",99
"CMU",6,27205,"biphone","EH-M","type",251
"CMU",6,27205,"biphone","ER-M","type",122
"CMU",6,27205,"biphone","EY-M","type",93
"CMU",6,27205,"biphone","IH-M","type",341
"CMU",6,27205,"biphone","IY-M","type",143
"CMU",6,27205,"biphone","OW-M","type",152
"CMU",6,27205,"biphone","OY-M","type",2
"CMU",6,27205,"biphone","UH-M","type",3
"CMU",6,27205,"biphone","UW-M","type",129
"CMU",6,27205,"biphone","AX-M","type",0
"CMU",6,27205,"biphone","AXR-M","type",0
"CMU",6,27205,"biphone","IX-M","type",0
"CMU",6,27205,"biphone","UX-M","type",0
"CMU",6,27205,"biphone","B-M","type",13
"CMU",6,27205,"biphone","CH-M","type",19
"CMU",6,27205,"biphone","D-M","type",73
"CMU",6,27205,"biphone","DH-M","type",2
"CMU",6,27205,"biphone","F-M","type",27
"CMU",6,27205,"biphone","G-M","type",37
"CMU",6,27205,"biphone","HH-M","type",0
"CMU",6,27205,"biphone","JH-M","type",6
"CMU",6,27205,"biphone","K-M","type",125
"CMU",6,27205,"biphone","L-M","type",232
"CMU",6,27205,"biphone","M-M","type",2
"CMU",6,27205,"biphone","N-M","type",68
"CMU",6,27205,"biphone","NG-M","type",17
"CMU",6,27205,"biphone","P-M","type",16
"CMU",6,27205,"biphone","R-M","type",221
"CMU",6,27205,"biphone","S-M","type",176
"CMU",6,27205,"biphone","SH-M","type",50
"CMU",6,27205,"biphone","T-M","type",116
"CMU",6,27205,"biphone","TH-M","type",12
"CMU",6,27205,"biphone","V-M","type",3
"CMU",6,27205,"biphone","W-M","type",0
"CMU",6,27205,"biphone","Y-M","type",0
"CMU",6,27205,"biphone","Z-M","type",67
"CMU",6,27205,"biphone","ZH-M","type",1
"CMU",6,27205,"biphone","Q-M","type",0
"CMU",6,27205,"biphone","AA-N","type",720
"CMU",6,27205,"biphone","AE-N","type",952
"CMU",6,27205,"biphone","AH-N","type",3896
"CMU",6,27205,"biphone","AO-N","type",108
"CMU",6,27205,"biphone","AW-N","type",163
"CMU",6,27205,"biphone","AY-N","type",317
"CMU",6,27205,"biphone","EH-N","type",859
"CMU",6,27205,"biphone","ER-N","type",238
"CMU",6,27205,"biphone","EY-N","type",257
"CMU",6,27205,"biphone","IH-N","type",1429
"CMU",6,27205,"biphone","IY-N","type",551
"CMU",6,27205,"biphone","OW-N","type",289
"CMU",6,27205,"biphone","OY-N","type",29
"CMU",6,27205,"biphone","UH-N","type",8
"CMU",6,27205,"biphone","UW-N","type",155
"CMU",6,27205,"biphone","AX-N","type",0
"CMU",6,27205,"biphone","AXR-N","type",0
"CMU",6,27205,"biphone","IX-N","type",0
"CMU",6,27205,"biphone","UX-N","type",0
"CMU",6,27205,"biphone","B-N","type",13
"CMU",6,27205,"biphone","CH-N","type",4
"CMU",6,27205,"biphone","D-N","type",57
"CMU",6,27205,"biphone","DH-N","type",0
"CMU",6,27205,"biphone","F-N","type",14
"CMU",6,27205,"biphone","G-N","type",63
"CMU",6,27205,"biphone","HH-N","type",0
"CMU",6,27205,"biphone","JH-N","type",2
"CMU",6,27205,"biphone","K-N","type",90
"CMU",6,27205,"biphone","L-N","type",31
"CMU",6,27205,"biphone","M-N","type",19
"CMU",6,27205,"biphone","N-N","type",6
"CMU",6,27205,"biphone","NG-N","type",1
"CMU",6,27205,"biphone","P-N","type",13
"CMU",6,27205,"biphone","R-N","type",185
"CMU",6,27205,"biphone","S-N","type",124
"CMU",6,27205,"biphone","SH-N","type",27
"CMU",6,27205,"biphone","T-N","type",102
"CMU",6,27205,"biphone","TH-N","type",6
"CMU",6,27205,"biphone","V-N","type",5
"CMU",6,27205,"biphone","W-N","type",0
"CMU",6,27205,"biphone","Y-N","type",0
"CMU",6,27205,"biphone","Z-N","type",31
"CMU",6,27205,"biphone","ZH-N","type",0
"CMU",6,27205,"biphone","Q-N","type",0
"CMU",6,27205,"biphone","AA-NG","type",56
"CMU",6,27205,"biphone","AE-NG","type",188
"CMU",6,27205,"biphone","AH-NG","type",106
"CMU",6,27205,"biphone","AO-NG","type",62
"CMU",6,27205,"biphone","AW-NG","type",0
"CMU",6,27205,"biphone","AY-NG","type",4
"CMU",6,27205,"biphone","EH-NG","type",56
"CMU",6,27205,"biphone","ER-NG","type",0
"CMU",6,27205,"biphone","EY-NG","type",8
"CMU",6,27205,"biphone","IH-NG","type",1749
"CMU",6,27205,"biphone","IY-NG","type",1
"CMU",6,27205,"biphone","OW-NG","type",7
"CMU",6,27205,"biphone","OY-NG","type",0
"CMU",6,27205,"biphone","UH-NG","type",1
"CMU",6,27205,"biphone","UW-NG","type",3
"CMU",6,27205,"biphone","AX-NG","type",0
"CMU",6,27205,"biphone","AXR-NG","type",0
"CMU",6,27205,"biphone","IX-NG","type",0
"CMU",6,27205,"biphone","UX-NG","type",0
"CMU",6,27205,"biphone","B-NG","type",0
"CMU",6,27205,"biphone","CH-NG","type",0
"CMU",6,27205,"biphone","D-NG","type",0
"CMU",6,27205,"biphone","DH-NG","type",0
"CMU",6,27205,"biphone","F-NG","type",0
"CMU",6,27205,"biphone","G-NG","type",0
"CMU",6,27205,"biphone","HH-NG","type",0
"CMU",6,27205,"biphone","JH-NG","type",0
"CMU",6,27205,"biphone","K-NG","type",0
"CMU",6,27205,"biphone","L-NG","type",0
"CMU",6,27205,"biphone","M-NG","type",0
"CMU",6,27205,"biphone","N-NG","type",0
"CMU",6,27205,"biphone","NG-NG","type",0
"CMU",6,27205,"biphone","P-NG","type",0
"CMU",6,27205,"biphone","R-NG","type",3
"CMU",6,27205,"biphone","S-NG","type",0
"CMU",6,27205,"biphone","SH-NG","type",0
"CMU",6,27205,"biphone","T-NG","type",0
"CMU",6,27205,"biphone","TH-NG","type",0
"CMU",6,27205,"biphone","V-NG","type",0
"CMU",6,27205,"biphone","W-NG","type",0
"CMU",6,27205,"biphone","Y-NG","type",0
"CMU",6,27205,"biphone","Z-NG","type",0
"CMU",6,27205,"biphone","ZH-NG","type",0
"CMU",6,27205,"biphone","Q-NG","type",0
"CMU",6,27205,"biphone","AA-P","type",145
"CMU",6,27205,"biphone","AE-P","type",142
"CMU",6,27205,"biphone","AH-P","type",230
"CMU",6,27205,"biphone","AO-P","type",14
"CMU",6,27205,"biphone","AW-P","type",2
"CMU",6,27205,"biphone","AY-P","type",48
"CMU",6,27205,"biphone","EH-P","type",85
"CMU",6,27205,"biphone","ER-P","type",25
"CMU",6,27205,"biphone","EY-P","type",49
"CMU",6,27205,"biphone","IH-P","type",224
"CMU",6,27205,"biphone","IY-P","type",68
"CMU",6,27205,"biphone","OW-P","type",60
"CMU",6,27205,"biphone","OY-P","type",1
"CMU",6,27205,"biphone","UH-P","type",0
"CMU",6,27205,"biphone","UW-P","type",53
"CMU",6,27205,"biphone","AX-P","type",0
"CMU",6,27205,"biphone","AXR-P","type",0
"CMU",6,27205,"biphone","IX-P","type",0
"CMU",6,27205,"biphone","UX-P","type",0
"CMU",6,27205,"biphone","B-P","type",1
"CMU",6,27205,"biphone","CH-P","type",0
"CMU",6,27205,"biphone","D-P","type",9
"CMU",6,27205,"biphone","DH-P","type",0
"CMU",6,27205,"biphone","F-P","type",1
"CMU",6,27205,"biphone","G-P","type",3
"CMU",6,27205,"biphone","HH-P","type",0
"CMU",6,27205,"biphone","JH-P","type",4
"CMU",6,27205,"biphone","K-P","type",9
"CMU",6,27205,"biphone","L-P","type",41
"CMU",6,27205,"biphone","M-P","type",271
"CMU",6,27205,"biphone","N-P","type",10
"CMU",6,27205,"biphone","NG-P","type",3
"CMU",6,27205,"biphone","P-P","type",0
"CMU",6,27205,"biphone","R-P","type",49
"CMU",6,27205,"biphone","S-P","type",309
"CMU",6,27205,"biphone","SH-P","type",0
"CMU",6,27205,"biphone","T-P","type",12
"CMU",6,27205,"biphone","TH-P","type",3
"CMU",6,27205,"biphone","V-P","type",0
"CMU",6,27205,"biphone","W-P","type",0
"CMU",6,27205,"biphone","Y-P","type",0
"CMU",6,27205,"biphone","Z-P","type",0
"CMU",6,27205,"biphone","ZH-P","type",0
"CMU",6,27205,"biphone","Q-P","type",0
"CMU",6,27205,"biphone","AA-R","type",1490
"CMU",6,27205,"biphone","AE-R","type",111
"CMU",6,27205,"biphone","AH-R","type",33
"CMU",6,27205,"biphone","AO-R","type",1270
"CMU",6,27205,"biphone","AW-R","type",21
"CMU",6,27205,"biphone","AY-R","type",107
"CMU",6,27205,"biphone","EH-R","type",678
"CMU",6,27205,"biphone","ER-R","type",25
"CMU",6,27205,"biphone","EY-R","type",19
"CMU",6,27205,"biphone","IH-R","type",344
"CMU",6,27205,"biphone","IY-R","type",53
"CMU",6,27205,"biphone","OW-R","type",5
"CMU",6,27205,"biphone","OY-R","type",0
"CMU",6,27205,"biphone","UH-R","type",173
"CMU",6,27205,"biphone","UW-R","type",50
"CMU",6,27205,"biphone","AX-R","type",0
"CMU",6,27205,"biphone","AXR-R","type",0
"CMU",6,27205,"biphone","IX-R","type",0
"CMU",6,27205,"biphone","UX-R","type",0
"CMU",6,27205,"biphone","B-R","type",546
"CMU",6,27205,"biphone","CH-R","type",1
"CMU",6,27205,"biphone","D-R","type",306
"CMU",6,27205,"biphone","DH-R","type",1
"CMU",6,27205,"biphone","F-R","type",271
"CMU",6,27205,"biphone","G-R","type",386
"CMU",6,27205,"biphone","HH-R","type",6
"CMU",6,27205,"biphone","JH-R","type",4
"CMU",6,27205,"biphone","K-R","type",447
"CMU",6,27205,"biphone","L-R","type",31
"CMU",6,27205,"biphone","M-R","type",41
"CMU",6,27205,"biphone","N-R","type",71
"CMU",6,27205,"biphone","NG-R","type",1
"CMU",6,27205,"biphone","P-R","type",348
"CMU",6,27205,"biphone","R-R","type",1
"CMU",6,27205,"biphone","S-R","type",9
"CMU",6,27205,"biphone","SH-R","type",35
"CMU",6,27205,"biphone","T-R","type",583
"CMU",6,27205,"biphone","TH-R","type",60
"CMU",6,27205,"biphone","V-R","type",31
"CMU",6,27205,"biphone","W-R","type",1
"CMU",6,27205,"biphone","Y-R","type",0
"CMU",6,27205,"biphone","Z-R","type",9
"CMU",6,27205,"biphone","ZH-R","type",0
"CMU",6,27205,"biphone","Q-R","type",0
"CMU",6,27205,"biphone","AA-S","type",283
"CMU",6,27205,"biphone","AE-S","type",333
"CMU",6,27205,"biphone","AH-S","type",844
"CMU",6,27205,"biphone","AO-S","type",102
"CMU",6,27205,"biphone","AW-S","type",97
"CMU",6,27205,"biphone","AY-S","type",111
"CMU",6,27205,"biphone","EH-S","type",467
"CMU",6,27205,"biphone","ER-S","type",128
"CMU",6,27205,"biphone","EY-S","type",157
"CMU",6,27205,"biphone","IH-S","type",701
"CMU",6,27205,"biphone","IY-S","type",198
"CMU",6,27205,"biphone","OW-S","type",199
"CMU",6,27205,"biphone","OY-S","type",25
"CMU",6,27205,"biphone","UH-S","type",8
"CMU",6,27205,"biphone","UW-S","type",133
"CMU",6,27205,"biphone","AX-S","type",0
"CMU",6,27205,"biphone","AXR-S","type",0
"CMU",6,27205,"biphone","IX-S","type",0
"CMU",6,27205,"biphone","UX-S","type",0
"CMU",6,27205,"biphone","B-S","type",28
"CMU",6,27205,"biphone","CH-S","type",1
"CMU",6,27205,"biphone","D-S","type",40
"CMU",6,27205,"biphone","DH-S","type",1
"CMU",6,27205,"biphone","F-S","type",44
"CMU",6,27205,"biphone","G-S","type",8
"CMU",6,27205,"biphone","HH-S","type",0
"CMU",6,27205,"biphone","JH-S","type",3
"CMU",6,27205,"biphone","K-S","type",563
"CMU",6,27205,"biphone","L-S","type",156
"CMU",6,27205,"biphone","M-S","type",47
"CMU",6,27205,"biphone","N-S","type",427
"CMU",6,27205,"biphone","NG-S","type",14
"CMU",6,27205,"biphone","P-S","type",149
"CMU",6,27205,"biphone","R-S","type",168
"CMU",6,27205,"biphone","S-S","type",2
"CMU",6,27205,"biphone","SH-S","type",0
"CMU",6,27205,"biphone","T-S","type",755
"CMU",6,27205,"biphone","TH-S","type",13
"CMU",6,27205,"biphone","V-S","type",5
"CMU",6,27205,"biphone","W-S","type",0
"CMU",6,27205,"biphone","Y-S","type",0
"CMU",6,27205,"biphone","Z-S","type",3
"CMU",6,27205,"biphone","ZH-S","type",0
"CMU",6,27205,"biphone","Q-S","type",0
"CMU",6,27205,"biphone","AA-SH","type",41
"CMU",6,27205,"biphone","AE-SH","type",79
"CMU",6,27205,"biphone","AH-SH","type",62
"CMU",6,27205,"biphone","AO-SH","type",11
"CMU",6,27205,"biphone","AW-SH","type",6
"CMU",6,27205,"biphone","AY-SH","type",4
"CMU",6,27205,"biphone","EH-SH","type",39
"CMU",6,27205,"biphone","ER-SH","type",33
"CMU",6,27205,"biphone","EY-SH","type",33
"CMU",6,27205,"biphone","IH-SH","type",174
"CMU",6,27205,"biphone","IY-SH","type",27
"CMU",6,27205,"biphone","OW-SH","type",34
"CMU",6,27205,"biphone","OY-SH","type",0
"CMU",6,27205,"biphone","UH-SH","type",28
"CMU",6,27205,"biphone","UW-SH","type",13
"CMU",6,27205,"biphone","AX-SH","type",0
"CMU",6,27205,"biphone","AXR-SH","type",0
"CMU",6,27205,"biphone","IX-SH","type",0
"CMU",6,27205,"biphone","UX-SH","type",0
"CMU",6,27205,"biphone","B-SH","type",0
"CMU",6,27205,"biphone","CH-SH","type",0
"CMU",6,27205,"biphone","D-SH","type",9
"CMU",6,27205,"biphone","DH-SH","type",0
"CMU",6,27205,"biphone","F-SH","type",3
"CMU",6,27205,"biphone","G-SH","type",2
"CMU",6,27205,"biphone","HH-SH","type",0
"CMU",6,27205,"biphone","JH-SH","type",1
"CMU",6,27205,"biphone","K-SH","type",26
"CMU",6,27205,"biphone","L-SH","type",6
"CMU",6,27205,"biphone","M-SH","type",8
"CMU",6,27205,"biphone","N-SH","type",47
"CMU",6,27205,"biphone","NG-SH","type",7
"CMU",6,27205,"biphone","P-SH","type",11
"CMU",6,27205,"biphone","R-SH","type",38
"CMU",6,27205,"biphone","S-SH","type",1
"CMU",6,27205,"biphone","SH-SH","type",0
"CMU",6,27205,"biphone","T-SH","type",2
"CMU",6,27205,"biphone","TH-SH","type",1
"CMU",6,27205,"biphone","V-SH","type",0
"CMU",6,27205,"biphone","W-SH","type",0
"CMU",6,27205,"biphone","Y-SH","type",0
"CMU",6,27205,"biphone","Z-SH","type",1
"CMU",6,27205,"biphone","ZH-SH","type",0
"CMU",6,27205,"biphone","Q-SH","type",0
"CMU",6,27205,"biphone","AA-T","type",326
"CMU",6,27205,"biphone","AE-T","type",261
"CMU",6,27205,"biphone","AH-T","type",547
"CMU",6,27205,"biphone","AO-T","type",54
"CMU",6,27205,"biphone","AW-T","type",125
"CMU",6,27205,"biphone","AY-T","type",291
"CMU",6,27205,"biphone","EH-T","type",422
"CMU",6,27205,"biphone","ER-T","type",304
"CMU",6,27205,"biphone","EY-T","type",265
"CMU",6,27205,"biphone","IH-T","type",657
"CMU",6,27205,"biphone","IY-T","type",277
"CMU",6,27205,"biphone","OW-T","type",183
"CMU",6,27205,"biphone","OY-T","type",14
"CMU",6,27205,"biphone","UH-T","type",29
"CMU",6,27205,"biphone","UW-T","type",127
"CMU",6,27205,"biphone","AX-T","type",0
"CMU",6,27205,"biphone","AXR-T","type",0
"CMU",6,27205,"biphone","IX-T","type",0
"CMU",6,27205,"biphone","UX-T","type",0
"CMU",6,27205,"biphone","B-T","type",4
"CMU",6,27205,"biphone","CH-T","type",31
"CMU",6,27205,"biphone","D-T","type",8
"CMU",6,27205,"biphone","DH-T","type",0
"CMU",6,27205,"biphone","F-T","type",96
"CMU",6,27205,"biphone","G-T","type",9
"CMU",6,27205,"biphone","HH-T","type",0
"CMU",6,27205,"biphone","JH-T","type",0
"CMU",6,27205,"biphone","K-T","type",190
"CMU",6,27205,"biphone","L-T","type",297
"CMU",6,27205,"biphone","M-T","type",16
"CMU",6,27205,"biphone","N-T","type",720
"CMU",6,27205,"biphone","NG-T","type",7
"CMU",6,27205,"biphone","P-T","type",110
"CMU",6,27205,"biphone","R-T","type",393
"CMU",6,27205,"biphone","S-T","type",1479
"CMU",6,27205,"biphone","SH-T","type",30
"CMU",6,27205,"biphone","T-T","type",4
"CMU",6,27205,"biphone","TH-T","type",1
"CMU",6,27205,"biphone","V-T","type",5
"CMU",6,27205,"biphone","W-T","type",0
"CMU",6,27205,"biphone","Y-T","type",1
"CMU",6,27205,"biphone","Z-T","type",4
"CMU",6,27205,"biphone","ZH-T","type",0
"CMU",6,27205,"biphone","Q-T","type",0
"CMU",6,27205,"biphone","AA-TH","type",20
"CMU",6,27205,"biphone","AE-TH","type",70
"CMU",6,27205,"biphone","AH-TH","type",45
"CMU",6,27205,"biphone","AO-TH","type",21
"CMU",6,27205,"biphone","AW-TH","type",21
"CMU",6,27205,"biphone","AY-TH","type",3
"CMU",6,27205,"biphone","EH-TH","type",45
"CMU",6,27205,"biphone","ER-TH","type",57
"CMU",6,27205,"biphone","EY-TH","type",8
"CMU",6,27205,"biphone","IH-TH","type",50
"CMU",6,27205,"biphone","IY-TH","type",15
"CMU",6,27205,"biphone","OW-TH","type",11
"CMU",6,27205,"biphone","OY-TH","type",3
"CMU",6,27205,"biphone","UH-TH","type",1
"CMU",6,27205,"biphone","UW-TH","type",29
"CMU",6,27205,"biphone","AX-TH","type",0
"CMU",6,27205,"biphone","AXR-TH","type",0
"CMU",6,27205,"biphone","IX-TH","type",0
"CMU",6,27205,"biphone","UX-TH","type",0
"CMU",6,27205,"biphone","B-TH","type",0
"CMU",6,27205,"biphone","CH-TH","type",0
"CMU",6,27205,"biphone","D-TH","type",1
"CMU",6,27205,"biphone","DH-TH","type",0
"CMU",6,27205,"biphone","F-TH","type",3
"CMU",6,27205,"biphone","G-TH","type",0
"CMU",6,27205,"biphone","HH-TH","type",0
"CMU",6,27205,"biphone","JH-TH","type",0
"CMU",6,27205,"biphone","K-TH","type",1
"CMU",6,27205,"biphone","L-TH","type",12
"CMU",6,27205,"biphone","M-TH","type",3
"CMU",6,27205,"biphone","N-TH","type",32
"CMU",6,27205,"biphone","NG-TH","type",2
"CMU",6,27205,"biphone","P-TH","type",0
"CMU",6,27205,"biphone","R-TH","type",21
"CMU",6,27205,"biphone","S-TH","type",4
"CMU",6,27205,"biphone","SH-TH","type",0
"CMU",6,27205,"biphone","T-TH","type",1
"CMU",6,27205,"biphone","TH-TH","type",0
"CMU",6,27205,"biphone","V-TH","type",1
"CMU",6,27205,"biphone","W-TH","type",0
"CMU",6,27205,"biphone","Y-TH","type",0
"CMU",6,27205,"biphone","Z-TH","type",0
"CMU",6,27205,"biphone","ZH-TH","type",0
"CMU",6,27205,"biphone","Q-TH","type",0
"CMU",6,27205,"biphone","AA-V","type",102
"CMU",6,27205,"biphone","AE-V","type",109
"CMU",6,27205,"biphone","AH-V","type",126
"CMU",6,27205,"biphone","AO-V","type",7
"CMU",6,27205,"biphone","AW-V","type",1
"CMU",6,27205,"biphone","AY-V","type",53
"CMU",6,27205,"biphone","EH-V","type",172
"CMU",6,27205,"biphone","ER-V","type",60
"CMU",6,27205,"biphone","EY-V","type",82
"CMU",6,27205,"biphone","IH-V","type",177
"CMU",6,27205,"biphone","IY-V","type",117
"CMU",6,27205,"biphone","OW-V","type",179
"CMU",6,27205,"biphone","OY-V","type",1
"CMU",6,27205,"biphone","UH-V","type",0
"CMU",6,27205,"biphone","UW-V","type",24
"CMU",6,27205,"biphone","AX-V","type",0
"CMU",6,27205,"biphone","AXR-V","type",0
"CMU",6,27205,"biphone","IX-V","type",0
"CMU",6,27205,"biphone","UX-V","type",0
"CMU",6,27205,"biphone","B-V","type",4
"CMU",6,27205,"biphone","CH-V","type",0
"CMU",6,27205,"biphone","D-V","type",20
"CMU",6,27205,"biphone","DH-V","type",0
"CMU",6,27205,"biphone","F-V","type",0
"CMU",6,27205,"biphone","G-V","type",1
"CMU",6,27205,"biphone","HH-V","type",0
"CMU",6,27205,"biphone","JH-V","type",0
"CMU",6,27205,"biphone","K-V","type",7
"CMU",6,27205,"biphone","L-V","type",109
"CMU",6,27205,"biphone","M-V","type",3
"CMU",6,27205,"biphone","N-V","type",52
"CMU",6,27205,"biphone","NG-V","type",1
"CMU",6,27205,"biphone","P-V","type",0
"CMU",6,27205,"biphone","R-V","type",63
"CMU",6,27205,"biphone","S-V","type",6
"CMU",6,27205,"biphone","SH-V","type",2
"CMU",6,27205,"biphone","T-V","type",7
"CMU",6,27205,"biphone","TH-V","type",3
"CMU",6,27205,"biphone","V-V","type",0
"CMU",6,27205,"biphone","W-V","type",0
"CMU",6,27205,"biphone","Y-V","type",0
"CMU",6,27205,"biphone","Z-V","type",3
"CMU",6,27205,"biphone","ZH-V","type",0
"CMU",6,27205,"biphone","Q-V","type",0
"CMU",6,27205,"biphone","AA-W","type",21
"CMU",6,27205,"biphone","AE-W","type",1
"CMU",6,27205,"biphone","AH-W","type",59
"CMU",6,27205,"biphone","AO-W","type",1
"CMU",6,27205,"biphone","AW-W","type",4
"CMU",6,27205,"biphone","AY-W","type",8
"CMU",6,27205,"biphone","EH-W","type",11
"CMU",6,27205,"biphone","ER-W","type",19
"CMU",6,27205,"biphone","EY-W","type",5
"CMU",6,27205,"biphone","IH-W","type",6
"CMU",6,27205,"biphone","IY-W","type",27
"CMU",6,27205,"biphone","OW-W","type",18
"CMU",6,27205,"biphone","OY-W","type",0
"CMU",6,27205,"biphone","UH-W","type",0
"CMU",6,27205,"biphone","UW-W","type",7
"CMU",6,27205,"biphone","AX-W","type",0
"CMU",6,27205,"biphone","AXR-W","type",0
"CMU",6,27205,"biphone","IX-W","type",0
"CMU",6,27205,"biphone","UX-W","type",0
"CMU",6,27205,"biphone","B-W","type",11
"CMU",6,27205,"biphone","CH-W","type",10
"CMU",6,27205,"biphone","D-W","type",82
"CMU",6,27205,"biphone","DH-W","type",0
"CMU",6,27205,"biphone","F-W","type",5
"CMU",6,27205,"biphone","G-W","type",62
"CMU",6,27205,"biphone","HH-W","type",109
"CMU",6,27205,"biphone","JH-W","type",9
"CMU",6,27205,"biphone","K-W","type",239
"CMU",6,27205,"biphone","L-W","type",55
"CMU",6,27205,"biphone","M-W","type",18
"CMU",6,27205,"biphone","N-W","type",57
"CMU",6,27205,"biphone","NG-W","type",7
"CMU",6,27205,"biphone","P-W","type",14
"CMU",6,27205,"biphone","R-W","type",55
"CMU",6,27205,"biphone","S-W","type",133
"CMU",6,27205,"biphone","SH-W","type",27
"CMU",6,27205,"biphone","T-W","type",100
"CMU",6,27205,"biphone","TH-W","type",18
"CMU",6,27205,"biphone","V-W","type",6
"CMU",6,27205,"biphone","W-W","type",0
"CMU",6,27205,"biphone","Y-W","type",0
"CMU",6,27205,"biphone","Z-W","type",24
"CMU",6,27205,"biphone","ZH-W","type",4
"CMU",6,27205,"biphone","Q-W","type",0
"CMU",6,27205,"biphone","AA-Y","type",13
"CMU",6,27205,"biphone","AE-Y","type",0
"CMU",6,27205,"biphone","AH-Y","type",9
"CMU",6,27205,"biphone","AO-Y","type",2
"CMU",6,27205,"biphone","AW-Y","type",2
"CMU",6,27205,"biphone","AY-Y","type",3
"CMU",6,27205,"biphone","EH-Y","type",0
"CMU",6,27205,"biphone","ER-Y","type",2
"CMU",6,27205,"biphone","EY-Y","type",14
"CMU",6,27205,"biphone","IH-Y","type",2
"CMU",6,27205,"biphone","IY-Y","type",10
"CMU",6,27205,"biphone","OW-Y","type",12
"CMU",6,27205,"biphone","OY-Y","type",0
"CMU",6,27205,"biphone","UH-Y","type",0
"CMU",6,27205,"biphone","UW-Y","type",7
"CMU",6,27205,"biphone","AX-Y","type",0
"CMU",6,27205,"biphone","AXR-Y","type",0
"CMU",6,27205,"biphone","IX-Y","type",0
"CMU",6,27205,"biphone","UX-Y","type",0
"CMU",6,27205,"biphone","B-Y","type",48
"CMU",6,27205,"biphone","CH-Y","type",1
"CMU",6,27205,"biphone","D-Y","type",26
"CMU",6,27205,"biphone","DH-Y","type",1
"CMU",6,27205,"biphone","F-Y","type",46
"CMU",6,27205,"biphone","G-Y","type",20
"CMU",6,27205,"biphone","HH-Y","type",43
"CMU",6,27205,"biphone","JH-Y","type",4
"CMU",6,27205,"biphone","K-Y","type",78
"CMU",6,27205,"biphone","L-Y","type",53
"CMU",6,27205,"biphone","M-Y","type",43
"CMU",6,27205,"biphone","N-Y","type",89
"CMU",6,27205,"biphone","NG-Y","type",3
"CMU",6,27205,"biphone","P-Y","type",22
"CMU",6,27205,"biphone","R-Y","type",10
"CMU",6,27205,"biphone","S-Y","type",12
"CMU",6,27205,"biphone","SH-Y","type",4
"CMU",6,27205,"biphone","T-Y","type",23
"CMU",6,27205,"biphone","TH-Y","type",7
"CMU",6,27205,"biphone","V-Y","type",25
"CMU",6,27205,"biphone","W-Y","type",0
"CMU",6,27205,"biphone","Y-Y","type",0
"CMU",6,27205,"biphone","Z-Y","type",1
"CMU",6,27205,"biphone","ZH-Y","type",2
"CMU",6,27205,"biphone","Q-Y","type",0
"CMU",6,27205,"biphone","AA-Z","type",82
"CMU",6,27205,"biphone","AE-Z","type",56
"CMU",6,27205,"biphone","AH-Z","type",382
"CMU",6,27205,"biphone","AO-Z","type",29
"CMU",6,27205,"biphone","AW-Z","type",19
"CMU",6,27205,"biphone","AY-Z","type",124
"CMU",6,27205,"biphone","EH-Z","type",76
"CMU",6,27205,"biphone","ER-Z","type",811
"CMU",6,27205,"biphone","EY-Z","type",143
"CMU",6,27205,"biphone","IH-Z","type",410
"CMU",6,27205,"biphone","IY-Z","type",451
"CMU",6,27205,"biphone","OW-Z","type",260
"CMU",6,27205,"biphone","OY-Z","type",20
"CMU",6,27205,"biphone","UH-Z","type",1
"CMU",6,27205,"biphone","UW-Z","type",140
"CMU",6,27205,"biphone","AX-Z","type",0
"CMU",6,27205,"biphone","AXR-Z","type",0
"CMU",6,27205,"biphone","IX-Z","type",0
"CMU",6,27205,"biphone","UX-Z","type",0
"CMU",6,27205,"biphone","B-Z","type",31
"CMU",6,27205,"biphone","CH-Z","type",0
"CMU",6,27205,"biphone","D-Z","type",210
"CMU",6,27205,"biphone","DH-Z","type",0
"CMU",6,27205,"biphone","F-Z","type",0
"CMU",6,27205,"biphone","G-Z","type",41
"CMU",6,27205,"biphone","HH-Z","type",0
"CMU",6,27205,"biphone","JH-Z","type",1
"CMU",6,27205,"biphone","K-Z","type",2
"CMU",6,27205,"biphone","L-Z","type",506
"CMU",6,27205,"biphone","M-Z","type",123
"CMU",6,27205,"biphone","N-Z","type",871
"CMU",6,27205,"biphone","NG-Z","type",179
"CMU",6,27205,"biphone","P-Z","type",1
"CMU",6,27205,"biphone","R-Z","type",108
"CMU",6,27205,"biphone","S-Z","type",0
"CMU",6,27205,"biphone","SH-Z","type",0
"CMU",6,27205,"biphone","T-Z","type",79
"CMU",6,27205,"biphone","TH-Z","type",0
"CMU",6,27205,"biphone","V-Z","type",41
"CMU",6,27205,"biphone","W-Z","type",0
"CMU",6,27205,"biphone","Y-Z","type",0
"CMU",6,27205,"biphone","Z-Z","type",0
"CMU",6,27205,"biphone","ZH-Z","type",0
"CMU",6,27205,"biphone","Q-Z","type",0
"CMU",6,27205,"biphone","AA-ZH","type",13
"CMU",6,27205,"biphone","AE-ZH","type",2
"CMU",6,27205,"biphone","AH-ZH","type",3
"CMU",6,27205,"biphone","AO-ZH","type",0
"CMU",6,27205,"biphone","AW-ZH","type",0
"CMU",6,27205,"biphone","AY-ZH","type",0
"CMU",6,27205,"biphone","EH-ZH","type",8
"CMU",6,27205,"biphone","ER-ZH","type",4
"CMU",6,27205,"biphone","EY-ZH","type",15
"CMU",6,27205,"biphone","IH-ZH","type",5
"CMU",6,27205,"biphone","IY-ZH","type",4
"CMU",6,27205,"biphone","OW-ZH","type",3
"CMU",6,27205,"biphone","OY-ZH","type",0
"CMU",6,27205,"biphone","UH-ZH","type",0
"CMU",6,27205,"biphone","UW-ZH","type",6
"CMU",6,27205,"biphone","AX-ZH","type",0
"CMU",6,27205,"biphone","AXR-ZH","type",0
"CMU",6,27205,"biphone","IX-ZH","type",0
"CMU",6,27205,"biphone","UX-ZH","type",0
"CMU",6,27205,"biphone","B-ZH","type",0
"CMU",6,27205,"biphone","CH-ZH","type",0
"CMU",6,27205,"biphone","D-ZH","type",0
"CMU",6,27205,"biphone","DH-ZH","type",0
"CMU",6,27205,"biphone","F-ZH","type",0
"CMU",6,27205,"biphone","G-ZH","type",2
"CMU",6,27205,"biphone","HH-ZH","type",0
"CMU",6,27205,"biphone","JH-ZH","type",0
"CMU",6,27205,"biphone","K-ZH","type",0
"CMU",6,27205,"biphone","L-ZH","type",1
"CMU",6,27205,"biphone","M-ZH","type",0
"CMU",6,27205,"biphone","N-ZH","type",3
"CMU",6,27205,"biphone","NG-ZH","type",0
"CMU",6,27205,"biphone","P-ZH","type",0
"CMU",6,27205,"biphone","R-ZH","type",4
"CMU",6,27205,"biphone","S-ZH","type",0
"CMU",6,27205,"biphone","SH-ZH","type",0
"CMU",6,27205,"biphone","T-ZH","type",0
"CMU",6,27205,"biphone","TH-ZH","type",0
"CMU",6,27205,"biphone","V-ZH","type",0
"CMU",6,27205,"biphone","W-ZH","type",0
"CMU",6,27205,"biphone","Y-ZH","type",0
"CMU",6,27205,"biphone","Z-ZH","type",0
"CMU",6,27205,"biphone","ZH-ZH","type",0
"CMU",6,27205,"biphone","Q-ZH","type",0
"CMU",6,27205,"biphone","AA-Q","type",0
"CMU",6,27205,"biphone","AE-Q","type",0
"CMU",6,27205,"biphone","AH-Q","type",0
"CMU",6,27205,"biphone","AO-Q","type",0
"CMU",6,27205,"biphone","AW-Q","type",0
"CMU",6,27205,"biphone","AY-Q","type",0
"CMU",6,27205,"biphone","EH-Q","type",0
"CMU",6,27205,"biphone","ER-Q","type",0
"CMU",6,27205,"biphone","EY-Q","type",0
"CMU",6,27205,"biphone","IH-Q","type",0
"CMU",6,27205,"biphone","IY-Q","type",0
"CMU",6,27205,"biphone","OW-Q","type",0
"CMU",6,27205,"biphone","OY-Q","type",0
"CMU",6,27205,"biphone","UH-Q","type",0
"CMU",6,27205,"biphone","UW-Q","type",0
"CMU",6,27205,"biphone","AX-Q","type",0
"CMU",6,27205,"biphone","AXR-Q","type",0
"CMU",6,27205,"biphone","IX-Q","type",0
"CMU",6,27205,"biphone","UX-Q","type",0
"CMU",6,27205,"biphone","B-Q","type",0
"CMU",6,27205,"biphone","CH-Q","type",0
"CMU",6,27205,"biphone","D-Q","type",0
"CMU",6,27205,"biphone","DH-Q","type",0
"CMU",6,27205,"biphone","F-Q","type",0
"CMU",6,27205,"biphone","G-Q","type",0
"CMU",6,27205,"biphone","HH-Q","type",0
"CMU",6,27205,"biphone","JH-Q","type",0
"CMU",6,27205,"biphone","K-Q","type",0
"CMU",6,27205,"biphone","L-Q","type",0
"CMU",6,27205,"biphone","M-Q","type",0
"CMU",6,27205,"biphone","N-Q","type",0
"CMU",6,27205,"biphone","NG-Q","type",0
"CMU",6,27205,"biphone","P-Q","type",0
"CMU",6,27205,"biphone","R-Q","type",0
"CMU",6,27205,"biphone","S-Q","type",0
"CMU",6,27205,"biphone","SH-Q","type",0
"CMU",6,27205,"biphone","T-Q","type",0
"CMU",6,27205,"biphone","TH-Q","type",0
"CMU",6,27205,"biphone","V-Q","type",0
"CMU",6,27205,"biphone","W-Q","type",0
"CMU",6,27205,"biphone","Y-Q","type",0
"CMU",6,27205,"biphone","Z-Q","type",0
"CMU",6,27205,"biphone","ZH-Q","type",0
"CMU",6,27205,"biphone","Q-Q","type",0
"CMU",7,20994,"biphone","AA-AA","type",1
"CMU",7,20994,"biphone","AE-AA","type",0
"CMU",7,20994,"biphone","AH-AA","type",1
"CMU",7,20994,"biphone","AO-AA","type",0
"CMU",7,20994,"biphone","AW-AA","type",4
"CMU",7,20994,"biphone","AY-AA","type",6
"CMU",7,20994,"biphone","EH-AA","type",0
"CMU",7,20994,"biphone","ER-AA","type",66
"CMU",7,20994,"biphone","EY-AA","type",2
"CMU",7,20994,"biphone","IH-AA","type",0
"CMU",7,20994,"biphone","IY-AA","type",97
"CMU",7,20994,"biphone","OW-AA","type",7
"CMU",7,20994,"biphone","OY-AA","type",1
"CMU",7,20994,"biphone","UH-AA","type",0
"CMU",7,20994,"biphone","UW-AA","type",18
"CMU",7,20994,"biphone","AX-AA","type",0
"CMU",7,20994,"biphone","AXR-AA","type",0
"CMU",7,20994,"biphone","IX-AA","type",0
"CMU",7,20994,"biphone","UX-AA","type",0
"CMU",7,20994,"biphone","B-AA","type",298
"CMU",7,20994,"biphone","CH-AA","type",29
"CMU",7,20994,"biphone","D-AA","type",160
"CMU",7,20994,"biphone","DH-AA","type",0
"CMU",7,20994,"biphone","F-AA","type",102
"CMU",7,20994,"biphone","G-AA","type",209
"CMU",7,20994,"biphone","HH-AA","type",297
"CMU",7,20994,"biphone","JH-AA","type",40
"CMU",7,20994,"biphone","K-AA","type",615
"CMU",7,20994,"biphone","L-AA","type",354
"CMU",7,20994,"biphone","M-AA","type",508
"CMU",7,20994,"biphone","N-AA","type",206
"CMU",7,20994,"biphone","NG-AA","type",0
"CMU",7,20994,"biphone","P-AA","type",237
"CMU",7,20994,"biphone","R-AA","type",388
"CMU",7,20994,"biphone","S-AA","type",169
"CMU",7,20994,"biphone","SH-AA","type",55
"CMU",7,20994,"biphone","T-AA","type",283
"CMU",7,20994,"biphone","TH-AA","type",13
"CMU",7,20994,"biphone","V-AA","type",116
"CMU",7,20994,"biphone","W-AA","type",143
"CMU",7,20994,"biphone","Y-AA","type",58
"CMU",7,20994,"biphone","Z-AA","type",69
"CMU",7,20994,"biphone","ZH-AA","type",4
"CMU",7,20994,"biphone","Q-AA","type",0
"CMU",7,20994,"biphone","AA-AE","type",0
"CMU",7,20994,"biphone","AE-AE","type",0
"CMU",7,20994,"biphone","AH-AE","type",0
"CMU",7,20994,"biphone","AO-AE","type",0
"CMU",7,20994,"biphone","AW-AE","type",0
"CMU",7,20994,"biphone","AY-AE","type",8
"CMU",7,20994,"biphone","EH-AE","type",0
"CMU",7,20994,"biphone","ER-AE","type",36
"CMU",7,20994,"biphone","EY-AE","type",0
"CMU",7,20994,"biphone","IH-AE","type",1
"CMU",7,20994,"biphone","IY-AE","type",63
"CMU",7,20994,"biphone","OW-AE","type",1
"CMU",7,20994,"biphone","OY-AE","type",1
"CMU",7,20994,"biphone","UH-AE","type",0
"CMU",7,20994,"biphone","UW-AE","type",2
"CMU",7,20994,"biphone","AX-AE","type",0
"CMU",7,20994,"biphone","AXR-AE","type",0
"CMU",7,20994,"biphone","IX-AE","type",0
"CMU",7,20994,"biphone","UX-AE","type",0
"CMU",7,20994,"biphone","B-AE","type",233
"CMU",7,20994,"biphone","CH-AE","type",41
"CMU",7,20994,"biphone","D-AE","type",98
"CMU",7,20994,"biphone","DH-AE","type",0
"CMU",7,20994,"biphone","F-AE","type",76
"CMU",7,20994,"biphone","G-AE","type",99
"CMU",7,20994,"biphone","HH-AE","type",266
"CMU",7,20994,"biphone","JH-AE","type",37
"CMU",7,20994,"biphone","K-AE","type",337
"CMU",7,20994,"biphone","L-AE","type",443
"CMU",7,20994,"biphone","M-AE","type",283
"CMU",7,20994,"biphone","N-AE","type",105
"CMU",7,20994,"biphone","NG-AE","type",0
"CMU",7,20994,"biphone","P-AE","type",157
"CMU",7,20994,"biphone","R-AE","type",464
"CMU",7,20994,"biphone","S-AE","type",143
"CMU",7,20994,"biphone","SH-AE","type",30
"CMU",7,20994,"biphone","T-AE","type",187
"CMU",7,20994,"biphone","TH-AE","type",10
"CMU",7,20994,"biphone","V-AE","type",138
"CMU",7,20994,"biphone","W-AE","type",22
"CMU",7,20994,"biphone","Y-AE","type",11
"CMU",7,20994,"biphone","Z-AE","type",27
"CMU",7,20994,"biphone","ZH-AE","type",1
"CMU",7,20994,"biphone","Q-AE","type",0
"CMU",7,20994,"biphone","AA-AH","type",2
"CMU",7,20994,"biphone","AE-AH","type",1
"CMU",7,20994,"biphone","AH-AH","type",0
"CMU",7,20994,"biphone","AO-AH","type",0
"CMU",7,20994,"biphone","AW-AH","type",12
"CMU",7,20994,"biphone","AY-AH","type",99
"CMU",7,20994,"biphone","EH-AH","type",1
"CMU",7,20994,"biphone","ER-AH","type",158
"CMU",7,20994,"biphone","EY-AH","type",18
"CMU",7,20994,"biphone","IH-AH","type",0
"CMU",7,20994,"biphone","IY-AH","type",478
"CMU",7,20994,"biphone","OW-AH","type",20
"CMU",7,20994,"biphone","OY-AH","type",8
"CMU",7,20994,"biphone","UH-AH","type",0
"CMU",7,20994,"biphone","UW-AH","type",46
"CMU",7,20994,"biphone","AX-AH","type",0
"CMU",7,20994,"biphone","AXR-AH","type",0
"CMU",7,20994,"biphone","IX-AH","type",0
"CMU",7,20994,"biphone","UX-AH","type",0
"CMU",7,20994,"biphone","B-AH","type",454
"CMU",7,20994,"biphone","CH-AH","type",77
"CMU",7,20994,"biphone","D-AH","type",590
"CMU",7,20994,"biphone","DH-AH","type",4
"CMU",7,20994,"biphone","F-AH","type",221
"CMU",7,20994,"biphone","G-AH","type",396
"CMU",7,20994,"biphone","HH-AH","type",159
"CMU",7,20994,"biphone","JH-AH","type",168
"CMU",7,20994,"biphone","K-AH","type",938
"CMU",7,20994,"biphone","L-AH","type",990
"CMU",7,20994,"biphone","M-AH","type",1403
"CMU",7,20994,"biphone","N-AH","type",842
"CMU",7,20994,"biphone","NG-AH","type",5
"CMU",7,20994,"biphone","P-AH","type",265
"CMU",7,20994,"biphone","R-AH","type",1014
"CMU",7,20994,"biphone","S-AH","type",972
"CMU",7,20994,"biphone","SH-AH","type",310
"CMU",7,20994,"biphone","T-AH","type",908
"CMU",7,20994,"biphone","TH-AH","type",61
"CMU",7,20994,"biphone","V-AH","type",248
"CMU",7,20994,"biphone","W-AH","type",88
"CMU",7,20994,"biphone","Y-AH","type",139
"CMU",7,20994,"biphone","Z-AH","type",225
"CMU",7,20994,"biphone","ZH-AH","type",49
"CMU",7,20994,"biphone","Q-AH","type",0
"CMU",7,20994,"biphone","AA-AO","type",1
"CMU",7,20994,"biphone","AE-AO","type",0
"CMU",7,20994,"biphone","AH-AO","type",0
"CMU",7,20994,"biphone","AO-AO","type",0
"CMU",7,20994,"biphone","AW-AO","type",1
"CMU",7,20994,"biphone","AY-AO","type",3
"CMU",7,20994,"biphone","EH-AO","type",0
"CMU",7,20994,"biphone","ER-AO","type",10
"CMU",7,20994,"biphone","EY-AO","type",0
"CMU",7,20994,"biphone","IH-AO","type",0
"CMU",7,20994,"biphone","IY-AO","type",24
"CMU",7,20994,"biphone","OW-AO","type",0
"CMU",7,20994,"biphone","OY-AO","type",0
"CMU",7,20994,"biphone","UH-AO","type",0
"CMU",7,20994,"biphone","UW-AO","type",2
"CMU",7,20994,"biphone","AX-AO","type",0
"CMU",7,20994,"biphone","AXR-AO","type",0
"CMU",7,20994,"biphone","IX-AO","type",0
"CMU",7,20994,"biphone","UX-AO","type",0
"CMU",7,20994,"biphone","B-AO","type",137
"CMU",7,20994,"biphone","CH-AO","type",12
"CMU",7,20994,"biphone","D-AO","type",97
"CMU",7,20994,"biphone","DH-AO","type",0
"CMU",7,20994,"biphone","F-AO","type",143
"CMU",7,20994,"biphone","G-AO","type",50
"CMU",7,20994,"biphone","HH-AO","type",116
"CMU",7,20994,"biphone","JH-AO","type",17
"CMU",7,20994,"biphone","K-AO","type",243
"CMU",7,20994,"biphone","L-AO","type",158
"CMU",7,20994,"biphone","M-AO","type",160
"CMU",7,20994,"biphone","N-AO","type",119
"CMU",7,20994,"biphone","NG-AO","type",0
"CMU",7,20994,"biphone","P-AO","type",89
"CMU",7,20994,"biphone","R-AO","type",118
"CMU",7,20994,"biphone","S-AO","type",72
"CMU",7,20994,"biphone","SH-AO","type",22
"CMU",7,20994,"biphone","T-AO","type",104
"CMU",7,20994,"biphone","TH-AO","type",29
"CMU",7,20994,"biphone","V-AO","type",19
"CMU",7,20994,"biphone","W-AO","type",189
"CMU",7,20994,"biphone","Y-AO","type",20
"CMU",7,20994,"biphone","Z-AO","type",12
"CMU",7,20994,"biphone","ZH-AO","type",2
"CMU",7,20994,"biphone","Q-AO","type",0
"CMU",7,20994,"biphone","AA-AW","type",0
"CMU",7,20994,"biphone","AE-AW","type",0
"CMU",7,20994,"biphone","AH-AW","type",0
"CMU",7,20994,"biphone","AO-AW","type",0
"CMU",7,20994,"biphone","AW-AW","type",0
"CMU",7,20994,"biphone","AY-AW","type",0
"CMU",7,20994,"biphone","EH-AW","type",0
"CMU",7,20994,"biphone","ER-AW","type",5
"CMU",7,20994,"biphone","EY-AW","type",0
"CMU",7,20994,"biphone","IH-AW","type",0
"CMU",7,20994,"biphone","IY-AW","type",1
"CMU",7,20994,"biphone","OW-AW","type",0
"CMU",7,20994,"biphone","OY-AW","type",0
"CMU",7,20994,"biphone","UH-AW","type",0
"CMU",7,20994,"biphone","UW-AW","type",0
"CMU",7,20994,"biphone","AX-AW","type",0
"CMU",7,20994,"biphone","AXR-AW","type",0
"CMU",7,20994,"biphone","IX-AW","type",0
"CMU",7,20994,"biphone","UX-AW","type",0
"CMU",7,20994,"biphone","B-AW","type",58
"CMU",7,20994,"biphone","CH-AW","type",0
"CMU",7,20994,"biphone","D-AW","type",55
"CMU",7,20994,"biphone","DH-AW","type",0
"CMU",7,20994,"biphone","F-AW","type",12
"CMU",7,20994,"biphone","G-AW","type",4
"CMU",7,20994,"biphone","HH-AW","type",74
"CMU",7,20994,"biphone","JH-AW","type",0
"CMU",7,20994,"biphone","K-AW","type",48
"CMU",7,20994,"biphone","L-AW","type",42
"CMU",7,20994,"biphone","M-AW","type",10
"CMU",7,20994,"biphone","N-AW","type",24
"CMU",7,20994,"biphone","NG-AW","type",0
"CMU",7,20994,"biphone","P-AW","type",31
"CMU",7,20994,"biphone","R-AW","type",53
"CMU",7,20994,"biphone","S-AW","type",22
"CMU",7,20994,"biphone","SH-AW","type",0
"CMU",7,20994,"biphone","T-AW","type",32
"CMU",7,20994,"biphone","TH-AW","type",5
"CMU",7,20994,"biphone","V-AW","type",5
"CMU",7,20994,"biphone","W-AW","type",0
"CMU",7,20994,"biphone","Y-AW","type",2
"CMU",7,20994,"biphone","Z-AW","type",0
"CMU",7,20994,"biphone","ZH-AW","type",0
"CMU",7,20994,"biphone","Q-AW","type",0
"CMU",7,20994,"biphone","AA-AY","type",0
"CMU",7,20994,"biphone","AE-AY","type",0
"CMU",7,20994,"biphone","AH-AY","type",0
"CMU",7,20994,"biphone","AO-AY","type",0
"CMU",7,20994,"biphone","AW-AY","type",0
"CMU",7,20994,"biphone","AY-AY","type",0
"CMU",7,20994,"biphone","EH-AY","type",0
"CMU",7,20994,"biphone","ER-AY","type",40
"CMU",7,20994,"biphone","EY-AY","type",0
"CMU",7,20994,"biphone","IH-AY","type",0
"CMU",7,20994,"biphone","IY-AY","type",2
"CMU",7,20994,"biphone","OW-AY","type",1
"CMU",7,20994,"biphone","OY-AY","type",0
"CMU",7,20994,"biphone","UH-AY","type",0
"CMU",7,20994,"biphone","UW-AY","type",1
"CMU",7,20994,"biphone","AX-AY","type",0
"CMU",7,20994,"biphone","AXR-AY","type",0
"CMU",7,20994,"biphone","IX-AY","type",0
"CMU",7,20994,"biphone","UX-AY","type",0
"CMU",7,20994,"biphone","B-AY","type",61
"CMU",7,20994,"biphone","CH-AY","type",13
"CMU",7,20994,"biphone","D-AY","type",96
"CMU",7,20994,"biphone","DH-AY","type",0
"CMU",7,20994,"biphone","F-AY","type",145
"CMU",7,20994,"biphone","G-AY","type",11
"CMU",7,20994,"biphone","HH-AY","type",92
"CMU",7,20994,"biphone","JH-AY","type",8
"CMU",7,20994,"biphone","K-AY","type",28
"CMU",7,20994,"biphone","L-AY","type",313
"CMU",7,20994,"biphone","M-AY","type",114
"CMU",7,20994,"biphone","N-AY","type",83
"CMU",7,20994,"biphone","NG-AY","type",0
"CMU",7,20994,"biphone","P-AY","type",46
"CMU",7,20994,"biphone","R-AY","type",246
"CMU",7,20994,"biphone","S-AY","type",148
"CMU",7,20994,"biphone","SH-AY","type",17
"CMU",7,20994,"biphone","T-AY","type",163
"CMU",7,20994,"biphone","TH-AY","type",5
"CMU",7,20994,"biphone","V-AY","type",67
"CMU",7,20994,"biphone","W-AY","type",150
"CMU",7,20994,"biphone","Y-AY","type",0
"CMU",7,20994,"biphone","Z-AY","type",27
"CMU",7,20994,"biphone","ZH-AY","type",0
"CMU",7,20994,"biphone","Q-AY","type",0
"CMU",7,20994,"biphone","AA-EH","type",3
"CMU",7,20994,"biphone","AE-EH","type",0
"CMU",7,20994,"biphone","AH-EH","type",2
"CMU",7,20994,"biphone","AO-EH","type",0
"CMU",7,20994,"biphone","AW-EH","type",0
"CMU",7,20994,"biphone","AY-EH","type",10
"CMU",7,20994,"biphone","EH-EH","type",0
"CMU",7,20994,"biphone","ER-EH","type",62
"CMU",7,20994,"biphone","EY-EH","type",6
"CMU",7,20994,"biphone","IH-EH","type",0
"CMU",7,20994,"biphone","IY-EH","type",52
"CMU",7,20994,"biphone","OW-EH","type",5
"CMU",7,20994,"biphone","OY-EH","type",1
"CMU",7,20994,"biphone","UH-EH","type",0
"CMU",7,20994,"biphone","UW-EH","type",12
"CMU",7,20994,"biphone","AX-EH","type",0
"CMU",7,20994,"biphone","AXR-EH","type",0
"CMU",7,20994,"biphone","IX-EH","type",0
"CMU",7,20994,"biphone","UX-EH","type",0
"CMU",7,20994,"biphone","B-EH","type",263
"CMU",7,20994,"biphone","CH-EH","type",101
"CMU",7,20994,"biphone","D-EH","type",248
"CMU",7,20994,"biphone","DH-EH","type",4
"CMU",7,20994,"biphone","F-EH","type",153
"CMU",7,20994,"biphone","G-EH","type",47
"CMU",7,20994,"biphone","HH-EH","type",209
"CMU",7,20994,"biphone","JH-EH","type",128
"CMU",7,20994,"biphone","K-EH","type",151
"CMU",7,20994,"biphone","L-EH","type",332
"CMU",7,20994,"biphone","M-EH","type",273
"CMU",7,20994,"biphone","N-EH","type",187
"CMU",7,20994,"biphone","NG-EH","type",1
"CMU",7,20994,"biphone","P-EH","type",255
"CMU",7,20994,"biphone","R-EH","type",550
"CMU",7,20994,"biphone","S-EH","type",326
"CMU",7,20994,"biphone","SH-EH","type",52
"CMU",7,20994,"biphone","T-EH","type",388
"CMU",7,20994,"biphone","TH-EH","type",10
"CMU",7,20994,"biphone","V-EH","type",149
"CMU",7,20994,"biphone","W-EH","type",273
"CMU",7,20994,"biphone","Y-EH","type",30
"CMU",7,20994,"biphone","Z-EH","type",39
"CMU",7,20994,"biphone","ZH-EH","type",0
"CMU",7,20994,"biphone","Q-EH","type",0
"CMU",7,20994,"biphone","AA-ER","type",0
"CMU",7,20994,"biphone","AE-ER","type",0
"CMU",7,20994,"biphone","AH-ER","type",0
"CMU",7,20994,"biphone","AO-ER","type",0
"CMU",7,20994,"biphone","AW-ER","type",37
"CMU",7,20994,"biphone","AY-ER","type",88
"CMU",7,20994,"biphone","EH-ER","type",0
"CMU",7,20994,"biphone","ER-ER","type",16
"CMU",7,20994,"biphone","EY-ER","type",13
"CMU",7,20994,"biphone","IH-ER","type",0
"CMU",7,20994,"biphone","IY-ER","type",47
"CMU",7,20994,"biphone","OW-ER","type",9
"CMU",7,20994,"biphone","OY-ER","type",9
"CMU",7,20994,"biphone","UH-ER","type",0
"CMU",7,20994,"biphone","UW-ER","type",10
"CMU",7,20994,"biphone","AX-ER","type",0
"CMU",7,20994,"biphone","AXR-ER","type",0
"CMU",7,20994,"biphone","IX-ER","type",0
"CMU",7,20994,"biphone","UX-ER","type",0
"CMU",7,20994,"biphone","B-ER","type",478
"CMU",7,20994,"biphone","CH-ER","type",91
"CMU",7,20994,"biphone","D-ER","type",333
"CMU",7,20994,"biphone","DH-ER","type",51
"CMU",7,20994,"biphone","F-ER","type",176
"CMU",7,20994,"biphone","G-ER","type",153
"CMU",7,20994,"biphone","HH-ER","type",55
"CMU",7,20994,"biphone","JH-ER","type",114
"CMU",7,20994,"biphone","K-ER","type",281
"CMU",7,20994,"biphone","L-ER","type",285
"CMU",7,20994,"biphone","M-ER","type",192
"CMU",7,20994,"biphone","N-ER","type",197
"CMU",7,20994,"biphone","NG-ER","type",84
"CMU",7,20994,"biphone","P-ER","type",264
"CMU",7,20994,"biphone","R-ER","type",13
"CMU",7,20994,"biphone","S-ER","type",171
"CMU",7,20994,"biphone","SH-ER","type",25
"CMU",7,20994,"biphone","T-ER","type",667
"CMU",7,20994,"biphone","TH-ER","type",31
"CMU",7,20994,"biphone","V-ER","type",337
"CMU",7,20994,"biphone","W-ER","type",165
"CMU",7,20994,"biphone","Y-ER","type",43
"CMU",7,20994,"biphone","Z-ER","type",80
"CMU",7,20994,"biphone","ZH-ER","type",12
"CMU",7,20994,"biphone","Q-ER","type",0
"CMU",7,20994,"biphone","AA-EY","type",1
"CMU",7,20994,"biphone","AE-EY","type",0
"CMU",7,20994,"biphone","AH-EY","type",0
"CMU",7,20994,"biphone","AO-EY","type",0
"CMU",7,20994,"biphone","AW-EY","type",0
"CMU",7,20994,"biphone","AY-EY","type",0
"CMU",7,20994,"biphone","EH-EY","type",0
"CMU",7,20994,"biphone","ER-EY","type",46
"CMU",7,20994,"biphone","EY-EY","type",1
"CMU",7,20994,"biphone","IH-EY","type",0
"CMU",7,20994,"biphone","IY-EY","type",38
"CMU",7,20994,"biphone","OW-EY","type",4
"CMU",7,20994,"biphone","OY-EY","type",0
"CMU",7,20994,"biphone","UH-EY","type",0
"CMU",7,20994,"biphone","UW-EY","type",3
"CMU",7,20994,"biphone","AX-EY","type",0
"CMU",7,20994,"biphone","AXR-EY","type",0
"CMU",7,20994,"biphone","IX-EY","type",0
"CMU",7,20994,"biphone","UX-EY","type",0
"CMU",7,20994,"biphone","B-EY","type",56
"CMU",7,20994,"biphone","CH-EY","type",6
"CMU",7,20994,"biphone","D-EY","type",116
"CMU",7,20994,"biphone","DH-EY","type",0
"CMU",7,20994,"biphone","F-EY","type",32
"CMU",7,20994,"biphone","G-EY","type",64
"CMU",7,20994,"biphone","HH-EY","type",32
"CMU",7,20994,"biphone","JH-EY","type",9
"CMU",7,20994,"biphone","K-EY","type",113
"CMU",7,20994,"biphone","L-EY","type",209
"CMU",7,20994,"biphone","M-EY","type",114
"CMU",7,20994,"biphone","N-EY","type",96
"CMU",7,20994,"biphone","NG-EY","type",0
"CMU",7,20994,"biphone","P-EY","type",80
"CMU",7,20994,"biphone","R-EY","type",307
"CMU",7,20994,"biphone","S-EY","type",70
"CMU",7,20994,"biphone","SH-EY","type",20
"CMU",7,20994,"biphone","T-EY","type",186
"CMU",7,20994,"biphone","TH-EY","type",2
"CMU",7,20994,"biphone","V-EY","type",65
"CMU",7,20994,"biphone","W-EY","type",90
"CMU",7,20994,"biphone","Y-EY","type",3
"CMU",7,20994,"biphone","Z-EY","type",13
"CMU",7,20994,"biphone","ZH-EY","type",1
"CMU",7,20994,"biphone","Q-EY","type",0
"CMU",7,20994,"biphone","AA-IH","type",3
"CMU",7,20994,"biphone","AE-IH","type",0
"CMU",7,20994,"biphone","AH-IH","type",0
"CMU",7,20994,"biphone","AO-IH","type",3
"CMU",7,20994,"biphone","AW-IH","type",5
"CMU",7,20994,"biphone","AY-IH","type",17
"CMU",7,20994,"biphone","EH-IH","type",0
"CMU",7,20994,"biphone","ER-IH","type",213
"CMU",7,20994,"biphone","EY-IH","type",17
"CMU",7,20994,"biphone","IH-IH","type",0
"CMU",7,20994,"biphone","IY-IH","type",48
"CMU",7,20994,"biphone","OW-IH","type",32
"CMU",7,20994,"biphone","OY-IH","type",4
"CMU",7,20994,"biphone","UH-IH","type",0
"CMU",7,20994,"biphone","UW-IH","type",39
"CMU",7,20994,"biphone","AX-IH","type",0
"CMU",7,20994,"biphone","AXR-IH","type",0
"CMU",7,20994,"biphone","IX-IH","type",0
"CMU",7,20994,"biphone","UX-IH","type",0
"CMU",7,20994,"biphone","B-IH","type",226
"CMU",7,20994,"biphone","CH-IH","type",122
"CMU",7,20994,"biphone","D-IH","type",746
"CMU",7,20994,"biphone","DH-IH","type",2
"CMU",7,20994,"biphone","F-IH","type",194
"CMU",7,20994,"biphone","G-IH","type",123
"CMU",7,20994,"biphone","HH-IH","type",112
"CMU",7,20994,"biphone","JH-IH","type",140
"CMU",7,20994,"biphone","K-IH","type",369
"CMU",7,20994,"biphone","L-IH","type",1006
"CMU",7,20994,"biphone","M-IH","type",451
"CMU",7,20994,"biphone","N-IH","type",561
"CMU",7,20994,"biphone","NG-IH","type",5
"CMU",7,20994,"biphone","P-IH","type",225
"CMU",7,20994,"biphone","R-IH","type",984
"CMU",7,20994,"biphone","S-IH","type",664
"CMU",7,20994,"biphone","SH-IH","type",119
"CMU",7,20994,"biphone","T-IH","type",728
"CMU",7,20994,"biphone","TH-IH","type",26
"CMU",7,20994,"biphone","V-IH","type",277
"CMU",7,20994,"biphone","W-IH","type",360
"CMU",7,20994,"biphone","Y-IH","type",9
"CMU",7,20994,"biphone","Z-IH","type",169
"CMU",7,20994,"biphone","ZH-IH","type",10
"CMU",7,20994,"biphone","Q-IH","type",0
"CMU",7,20994,"biphone","AA-IY","type",8
"CMU",7,20994,"biphone","AE-IY","type",0
"CMU",7,20994,"biphone","AH-IY","type",0
"CMU",7,20994,"biphone","AO-IY","type",0
"CMU",7,20994,"biphone","AW-IY","type",3
"CMU",7,20994,"biphone","AY-IY","type",1
"CMU",7,20994,"biphone","EH-IY","type",0
"CMU",7,20994,"biphone","ER-IY","type",98
"CMU",7,20994,"biphone","EY-IY","type",4
"CMU",7,20994,"biphone","IH-IY","type",0
"CMU",7,20994,"biphone","IY-IY","type",2
"CMU",7,20994,"biphone","OW-IY","type",3
"CMU",7,20994,"biphone","OY-IY","type",5
"CMU",7,20994,"biphone","UH-IY","type",0
"CMU",7,20994,"biphone","UW-IY","type",12
"CMU",7,20994,"biphone","AX-IY","type",0
"CMU",7,20994,"biphone","AXR-IY","type",0
"CMU",7,20994,"biphone","IX-IY","type",0
"CMU",7,20994,"biphone","UX-IY","type",0
"CMU",7,20994,"biphone","B-IY","type",164
"CMU",7,20994,"biphone","CH-IY","type",84
"CMU",7,20994,"biphone","D-IY","type",290
"CMU",7,20994,"biphone","DH-IY","type",11
"CMU",7,20994,"biphone","F-IY","type",152
"CMU",7,20994,"biphone","G-IY","type",40
"CMU",7,20994,"biphone","HH-IY","type",38
"CMU",7,20994,"biphone","JH-IY","type",76
"CMU",7,20994,"biphone","K-IY","type",304
"CMU",7,20994,"biphone","L-IY","type",811
"CMU",7,20994,"biphone","M-IY","type",134
"CMU",7,20994,"biphone","N-IY","type",505
"CMU",7,20994,"biphone","NG-IY","type",0
"CMU",7,20994,"biphone","P-IY","type",168
"CMU",7,20994,"biphone","R-IY","type",1057
"CMU",7,20994,"biphone","S-IY","type",370
"CMU",7,20994,"biphone","SH-IY","type",47
"CMU",7,20994,"biphone","T-IY","type",480
"CMU",7,20994,"biphone","TH-IY","type",43
"CMU",7,20994,"biphone","V-IY","type",168
"CMU",7,20994,"biphone","W-IY","type",97
"CMU",7,20994,"biphone","Y-IY","type",6
"CMU",7,20994,"biphone","Z-IY","type",86
"CMU",7,20994,"biphone","ZH-IY","type",3
"CMU",7,20994,"biphone","Q-IY","type",0
"CMU",7,20994,"biphone","AA-OW","type",12
"CMU",7,20994,"biphone","AE-OW","type",0
"CMU",7,20994,"biphone","AH-OW","type",0
"CMU",7,20994,"biphone","AO-OW","type",0
"CMU",7,20994,"biphone","AW-OW","type",0
"CMU",7,20994,"biphone","AY-OW","type",11
"CMU",7,20994,"biphone","EH-OW","type",0
"CMU",7,20994,"biphone","ER-OW","type",49
"CMU",7,20994,"biphone","EY-OW","type",4
"CMU",7,20994,"biphone","IH-OW","type",0
"CMU",7,20994,"biphone","IY-OW","type",173
"CMU",7,20994,"biphone","OW-OW","type",0
"CMU",7,20994,"biphone","OY-OW","type",0
"CMU",7,20994,"biphone","UH-OW","type",0
"CMU",7,20994,"biphone","UW-OW","type",4
"CMU",7,20994,"biphone","AX-OW","type",0
"CMU",7,20994,"biphone","AXR-OW","type",0
"CMU",7,20994,"biphone","IX-OW","type",0
"CMU",7,20994,"biphone","UX-OW","type",0
"CMU",7,20994,"biphone","B-OW","type",118
"CMU",7,20994,"biphone","CH-OW","type",21
"CMU",7,20994,"biphone","D-OW","type",197
"CMU",7,20994,"biphone","DH-OW","type",0
"CMU",7,20994,"biphone","F-OW","type",38
"CMU",7,20994,"biphone","G-OW","type",123
"CMU",7,20994,"biphone","HH-OW","type",153
"CMU",7,20994,"biphone","JH-OW","type",22
"CMU",7,20994,"biphone","K-OW","type",341
"CMU",7,20994,"biphone","L-OW","type",269
"CMU",7,20994,"biphone","M-OW","type",138
"CMU",7,20994,"biphone","N-OW","type",318
"CMU",7,20994,"biphone","NG-OW","type",1
"CMU",7,20994,"biphone","P-OW","type",109
"CMU",7,20994,"biphone","R-OW","type",415
"CMU",7,20994,"biphone","S-OW","type",118
"CMU",7,20994,"biphone","SH-OW","type",19
"CMU",7,20994,"biphone","T-OW","type",283
"CMU",7,20994,"biphone","TH-OW","type",4
"CMU",7,20994,"biphone","V-OW","type",39
"CMU",7,20994,"biphone","W-OW","type",19
"CMU",7,20994,"biphone","Y-OW","type",26
"CMU",7,20994,"biphone","Z-OW","type",45
"CMU",7,20994,"biphone","ZH-OW","type",0
"CMU",7,20994,"biphone","Q-OW","type",0
"CMU",7,20994,"biphone","AA-OY","type",0
"CMU",7,20994,"biphone","AE-OY","type",0
"CMU",7,20994,"biphone","AH-OY","type",0
"CMU",7,20994,"biphone","AO-OY","type",0
"CMU",7,20994,"biphone","AW-OY","type",0
"CMU",7,20994,"biphone","AY-OY","type",0
"CMU",7,20994,"biphone","EH-OY","type",0
"CMU",7,20994,"biphone","ER-OY","type",6
"CMU",7,20994,"biphone","EY-OY","type",0
"CMU",7,20994,"biphone","IH-OY","type",0
"CMU",7,20994,"biphone","IY-OY","type",0
"CMU",7,20994,"biphone","OW-OY","type",0
"CMU",7,20994,"biphone","OY-OY","type",0
"CMU",7,20994,"biphone","UH-OY","type",0
"CMU",7,20994,"biphone","UW-OY","type",0
"CMU",7,20994,"biphone","AX-OY","type",0
"CMU",7,20994,"biphone","AXR-OY","type",0
"CMU",7,20994,"biphone","IX-OY","type",0
"CMU",7,20994,"biphone","UX-OY","type",0
"CMU",7,20994,"biphone","B-OY","type",19
"CMU",7,20994,"biphone","CH-OY","type",0
"CMU",7,20994,"biphone","D-OY","type",3
"CMU",7,20994,"biphone","DH-OY","type",0
"CMU",7,20994,"biphone","F-OY","type",1
"CMU",7,20994,"biphone","G-OY","type",2
"CMU",7,20994,"biphone","HH-OY","type",0
"CMU",7,20994,"biphone","JH-OY","type",10
"CMU",7,20994,"biphone","K-OY","type",3
"CMU",7,20994,"biphone","L-OY","type",33
"CMU",7,20994,"biphone","M-OY","type",6
"CMU",7,20994,"biphone","N-OY","type",8
"CMU",7,20994,"biphone","NG-OY","type",0
"CMU",7,20994,"biphone","P-OY","type",26
"CMU",7,20994,"biphone","R-OY","type",24
"CMU",7,20994,"biphone","S-OY","type",2
"CMU",7,20994,"biphone","SH-OY","type",0
"CMU",7,20994,"biphone","T-OY","type",7
"CMU",7,20994,"biphone","TH-OY","type",0
"CMU",7,20994,"biphone","V-OY","type",8
"CMU",7,20994,"biphone","W-OY","type",5
"CMU",7,20994,"biphone","Y-OY","type",0
"CMU",7,20994,"biphone","Z-OY","type",2
"CMU",7,20994,"biphone","ZH-OY","type",0
"CMU",7,20994,"biphone","Q-OY","type",0
"CMU",7,20994,"biphone","AA-UH","type",0
"CMU",7,20994,"biphone","AE-UH","type",0
"CMU",7,20994,"biphone","AH-UH","type",0
"CMU",7,20994,"biphone","AO-UH","type",0
"CMU",7,20994,"biphone","AW-UH","type",0
"CMU",7,20994,"biphone","AY-UH","type",0
"CMU",7,20994,"biphone","EH-UH","type",0
"CMU",7,20994,"biphone","ER-UH","type",0
"CMU",7,20994,"biphone","EY-UH","type",0
"CMU",7,20994,"biphone","IH-UH","type",0
"CMU",7,20994,"biphone","IY-UH","type",0
"CMU",7,20994,"biphone","OW-UH","type",0
"CMU",7,20994,"biphone","OY-UH","type",0
"CMU",7,20994,"biphone","UH-UH","type",0
"CMU",7,20994,"biphone","UW-UH","type",0
"CMU",7,20994,"biphone","AX-UH","type",0
"CMU",7,20994,"biphone","AXR-UH","type",0
"CMU",7,20994,"biphone","IX-UH","type",0
"CMU",7,20994,"biphone","UX-UH","type",0
"CMU",7,20994,"biphone","B-UH","type",79
"CMU",7,20994,"biphone","CH-UH","type",6
"CMU",7,20994,"biphone","D-UH","type",11
"CMU",7,20994,"biphone","DH-UH","type",0
"CMU",7,20994,"biphone","F-UH","type",33
"CMU",7,20994,"biphone","G-UH","type",23
"CMU",7,20994,"biphone","HH-UH","type",13
"CMU",7,20994,"biphone","JH-UH","type",8
"CMU",7,20994,"biphone","K-UH","type",23
"CMU",7,20994,"biphone","L-UH","type",11
"CMU",7,20994,"biphone","M-UH","type",16
"CMU",7,20994,"biphone","N-UH","type",7
"CMU",7,20994,"biphone","NG-UH","type",0
"CMU",7,20994,"biphone","P-UH","type",12
"CMU",7,20994,"biphone","R-UH","type",36
"CMU",7,20994,"biphone","S-UH","type",5
"CMU",7,20994,"biphone","SH-UH","type",15
"CMU",7,20994,"biphone","T-UH","type",24
"CMU",7,20994,"biphone","TH-UH","type",0
"CMU",7,20994,"biphone","V-UH","type",0
"CMU",7,20994,"biphone","W-UH","type",96
"CMU",7,20994,"biphone","Y-UH","type",39
"CMU",7,20994,"biphone","Z-UH","type",1
"CMU",7,20994,"biphone","ZH-UH","type",0
"CMU",7,20994,"biphone","Q-UH","type",0
"CMU",7,20994,"biphone","AA-UW","type",2
"CMU",7,20994,"biphone","AE-UW","type",0
"CMU",7,20994,"biphone","AH-UW","type",0
"CMU",7,20994,"biphone","AO-UW","type",0
"CMU",7,20994,"biphone","AW-UW","type",0
"CMU",7,20994,"biphone","AY-UW","type",0
"CMU",7,20994,"biphone","EH-UW","type",0
"CMU",7,20994,"biphone","ER-UW","type",4
"CMU",7,20994,"biphone","EY-UW","type",1
"CMU",7,20994,"biphone","IH-UW","type",0
"CMU",7,20994,"biphone","IY-UW","type",15
"CMU",7,20994,"biphone","OW-UW","type",1
"CMU",7,20994,"biphone","OY-UW","type",0
"CMU",7,20994,"biphone","UH-UW","type",0
"CMU",7,20994,"biphone","UW-UW","type",0
"CMU",7,20994,"biphone","AX-UW","type",0
"CMU",7,20994,"biphone","AXR-UW","type",0
"CMU",7,20994,"biphone","IX-UW","type",0
"CMU",7,20994,"biphone","UX-UW","type",0
"CMU",7,20994,"biphone","B-UW","type",36
"CMU",7,20994,"biphone","CH-UW","type",23
"CMU",7,20994,"biphone","D-UW","type",76
"CMU",7,20994,"biphone","DH-UW","type",1
"CMU",7,20994,"biphone","F-UW","type",17
"CMU",7,20994,"biphone","G-UW","type",20
"CMU",7,20994,"biphone","HH-UW","type",27
"CMU",7,20994,"biphone","JH-UW","type",46
"CMU",7,20994,"biphone","K-UW","type",67
"CMU",7,20994,"biphone","L-UW","type",151
"CMU",7,20994,"biphone","M-UW","type",43
"CMU",7,20994,"biphone","N-UW","type",89
"CMU",7,20994,"biphone","NG-UW","type",0
"CMU",7,20994,"biphone","P-UW","type",22
"CMU",7,20994,"biphone","R-UW","type",203
"CMU",7,20994,"biphone","S-UW","type",86
"CMU",7,20994,"biphone","SH-UW","type",21
"CMU",7,20994,"biphone","T-UW","type",87
"CMU",7,20994,"biphone","TH-UW","type",2
"CMU",7,20994,"biphone","V-UW","type",7
"CMU",7,20994,"biphone","W-UW","type",1
"CMU",7,20994,"biphone","Y-UW","type",359
"CMU",7,20994,"biphone","Z-UW","type",28
"CMU",7,20994,"biphone","ZH-UW","type",1
"CMU",7,20994,"biphone","Q-UW","type",0
"CMU",7,20994,"biphone","AA-AX","type",0
"CMU",7,20994,"biphone","AE-AX","type",0
"CMU",7,20994,"biphone","AH-AX","type",0
"CMU",7,20994,"biphone","AO-AX","type",0
"CMU",7,20994,"biphone","AW-AX","type",0
"CMU",7,20994,"biphone","AY-AX","type",0
"CMU",7,20994,"biphone","EH-AX","type",0
"CMU",7,20994,"biphone","ER-AX","type",0
"CMU",7,20994,"biphone","EY-AX","type",0
"CMU",7,20994,"biphone","IH-AX","type",0
"CMU",7,20994,"biphone","IY-AX","type",0
"CMU",7,20994,"biphone","OW-AX","type",0
"CMU",7,20994,"biphone","OY-AX","type",0
"CMU",7,20994,"biphone","UH-AX","type",0
"CMU",7,20994,"biphone","UW-AX","type",0
"CMU",7,20994,"biphone","AX-AX","type",0
"CMU",7,20994,"biphone","AXR-AX","type",0
"CMU",7,20994,"biphone","IX-AX","type",0
"CMU",7,20994,"biphone","UX-AX","type",0
"CMU",7,20994,"biphone","B-AX","type",0
"CMU",7,20994,"biphone","CH-AX","type",0
"CMU",7,20994,"biphone","D-AX","type",0
"CMU",7,20994,"biphone","DH-AX","type",0
"CMU",7,20994,"biphone","F-AX","type",0
"CMU",7,20994,"biphone","G-AX","type",0
"CMU",7,20994,"biphone","HH-AX","type",0
"CMU",7,20994,"biphone","JH-AX","type",0
"CMU",7,20994,"biphone","K-AX","type",0
"CMU",7,20994,"biphone","L-AX","type",0
"CMU",7,20994,"biphone","M-AX","type",0
"CMU",7,20994,"biphone","N-AX","type",0
"CMU",7,20994,"biphone","NG-AX","type",0
"CMU",7,20994,"biphone","P-AX","type",0
"CMU",7,20994,"biphone","R-AX","type",0
"CMU",7,20994,"biphone","S-AX","type",0
"CMU",7,20994,"biphone","SH-AX","type",0
"CMU",7,20994,"biphone","T-AX","type",0
"CMU",7,20994,"biphone","TH-AX","type",0
"CMU",7,20994,"biphone","V-AX","type",0
"CMU",7,20994,"biphone","W-AX","type",0
"CMU",7,20994,"biphone","Y-AX","type",0
"CMU",7,20994,"biphone","Z-AX","type",0
"CMU",7,20994,"biphone","ZH-AX","type",0
"CMU",7,20994,"biphone","Q-AX","type",0
"CMU",7,20994,"biphone","AA-AXR","type",0
"CMU",7,20994,"biphone","AE-AXR","type",0
"CMU",7,20994,"biphone","AH-AXR","type",0
"CMU",7,20994,"biphone","AO-AXR","type",0
"CMU",7,20994,"biphone","AW-AXR","type",0
"CMU",7,20994,"biphone","AY-AXR","type",0
"CMU",7,20994,"biphone","EH-AXR","type",0
"CMU",7,20994,"biphone","ER-AXR","type",0
"CMU",7,20994,"biphone","EY-AXR","type",0
"CMU",7,20994,"biphone","IH-AXR","type",0
"CMU",7,20994,"biphone","IY-AXR","type",0
"CMU",7,20994,"biphone","OW-AXR","type",0
"CMU",7,20994,"biphone","OY-AXR","type",0
"CMU",7,20994,"biphone","UH-AXR","type",0
"CMU",7,20994,"biphone","UW-AXR","type",0
"CMU",7,20994,"biphone","AX-AXR","type",0
"CMU",7,20994,"biphone","AXR-AXR","type",0
"CMU",7,20994,"biphone","IX-AXR","type",0
"CMU",7,20994,"biphone","UX-AXR","type",0
"CMU",7,20994,"biphone","B-AXR","type",0
"CMU",7,20994,"biphone","CH-AXR","type",0
"CMU",7,20994,"biphone","D-AXR","type",0
"CMU",7,20994,"biphone","DH-AXR","type",0
"CMU",7,20994,"biphone","F-AXR","type",0
"CMU",7,20994,"biphone","G-AXR","type",0
"CMU",7,20994,"biphone","HH-AXR","type",0
"CMU",7,20994,"biphone","JH-AXR","type",0
"CMU",7,20994,"biphone","K-AXR","type",0
"CMU",7,20994,"biphone","L-AXR","type",0
"CMU",7,20994,"biphone","M-AXR","type",0
"CMU",7,20994,"biphone","N-AXR","type",0
"CMU",7,20994,"biphone","NG-AXR","type",0
"CMU",7,20994,"biphone","P-AXR","type",0
"CMU",7,20994,"biphone","R-AXR","type",0
"CMU",7,20994,"biphone","S-AXR","type",0
"CMU",7,20994,"biphone","SH-AXR","type",0
"CMU",7,20994,"biphone","T-AXR","type",0
"CMU",7,20994,"biphone","TH-AXR","type",0
"CMU",7,20994,"biphone","V-AXR","type",0
"CMU",7,20994,"biphone","W-AXR","type",0
"CMU",7,20994,"biphone","Y-AXR","type",0
"CMU",7,20994,"biphone","Z-AXR","type",0
"CMU",7,20994,"biphone","ZH-AXR","type",0
"CMU",7,20994,"biphone","Q-AXR","type",0
"CMU",7,20994,"biphone","AA-IX","type",0
"CMU",7,20994,"biphone","AE-IX","type",0
"CMU",7,20994,"biphone","AH-IX","type",0
"CMU",7,20994,"biphone","AO-IX","type",0
"CMU",7,20994,"biphone","AW-IX","type",0
"CMU",7,20994,"biphone","AY-IX","type",0
"CMU",7,20994,"biphone","EH-IX","type",0
"CMU",7,20994,"biphone","ER-IX","type",0
"CMU",7,20994,"biphone","EY-IX","type",0
"CMU",7,20994,"biphone","IH-IX","type",0
"CMU",7,20994,"biphone","IY-IX","type",0
"CMU",7,20994,"biphone","OW-IX","type",0
"CMU",7,20994,"biphone","OY-IX","type",0
"CMU",7,20994,"biphone","UH-IX","type",0
"CMU",7,20994,"biphone","UW-IX","type",0
"CMU",7,20994,"biphone","AX-IX","type",0
"CMU",7,20994,"biphone","AXR-IX","type",0
"CMU",7,20994,"biphone","IX-IX","type",0
"CMU",7,20994,"biphone","UX-IX","type",0
"CMU",7,20994,"biphone","B-IX","type",0
"CMU",7,20994,"biphone","CH-IX","type",0
"CMU",7,20994,"biphone","D-IX","type",0
"CMU",7,20994,"biphone","DH-IX","type",0
"CMU",7,20994,"biphone","F-IX","type",0
"CMU",7,20994,"biphone","G-IX","type",0
"CMU",7,20994,"biphone","HH-IX","type",0
"CMU",7,20994,"biphone","JH-IX","type",0
"CMU",7,20994,"biphone","K-IX","type",0
"CMU",7,20994,"biphone","L-IX","type",0
"CMU",7,20994,"biphone","M-IX","type",0
"CMU",7,20994,"biphone","N-IX","type",0
"CMU",7,20994,"biphone","NG-IX","type",0
"CMU",7,20994,"biphone","P-IX","type",0
"CMU",7,20994,"biphone","R-IX","type",0
"CMU",7,20994,"biphone","S-IX","type",0
"CMU",7,20994,"biphone","SH-IX","type",0
"CMU",7,20994,"biphone","T-IX","type",0
"CMU",7,20994,"biphone","TH-IX","type",0
"CMU",7,20994,"biphone","V-IX","type",0
"CMU",7,20994,"biphone","W-IX","type",0
"CMU",7,20994,"biphone","Y-IX","type",0
"CMU",7,20994,"biphone","Z-IX","type",0
"CMU",7,20994,"biphone","ZH-IX","type",0
"CMU",7,20994,"biphone","Q-IX","type",0
"CMU",7,20994,"biphone","AA-UX","type",0
"CMU",7,20994,"biphone","AE-UX","type",0
"CMU",7,20994,"biphone","AH-UX","type",0
"CMU",7,20994,"biphone","AO-UX","type",0
"CMU",7,20994,"biphone","AW-UX","type",0
"CMU",7,20994,"biphone","AY-UX","type",0
"CMU",7,20994,"biphone","EH-UX","type",0
"CMU",7,20994,"biphone","ER-UX","type",0
"CMU",7,20994,"biphone","EY-UX","type",0
"CMU",7,20994,"biphone","IH-UX","type",0
"CMU",7,20994,"biphone","IY-UX","type",0
"CMU",7,20994,"biphone","OW-UX","type",0
"CMU",7,20994,"biphone","OY-UX","type",0
"CMU",7,20994,"biphone","UH-UX","type",0
"CMU",7,20994,"biphone","UW-UX","type",0
"CMU",7,20994,"biphone","AX-UX","type",0
"CMU",7,20994,"biphone","AXR-UX","type",0
"CMU",7,20994,"biphone","IX-UX","type",0
"CMU",7,20994,"biphone","UX-UX","type",0
"CMU",7,20994,"biphone","B-UX","type",0
"CMU",7,20994,"biphone","CH-UX","type",0
"CMU",7,20994,"biphone","D-UX","type",0
"CMU",7,20994,"biphone","DH-UX","type",0
"CMU",7,20994,"biphone","F-UX","type",0
"CMU",7,20994,"biphone","G-UX","type",0
"CMU",7,20994,"biphone","HH-UX","type",0
"CMU",7,20994,"biphone","JH-UX","type",0
"CMU",7,20994,"biphone","K-UX","type",0
"CMU",7,20994,"biphone","L-UX","type",0
"CMU",7,20994,"biphone","M-UX","type",0
"CMU",7,20994,"biphone","N-UX","type",0
"CMU",7,20994,"biphone","NG-UX","type",0
"CMU",7,20994,"biphone","P-UX","type",0
"CMU",7,20994,"biphone","R-UX","type",0
"CMU",7,20994,"biphone","S-UX","type",0
"CMU",7,20994,"biphone","SH-UX","type",0
"CMU",7,20994,"biphone","T-UX","type",0
"CMU",7,20994,"biphone","TH-UX","type",0
"CMU",7,20994,"biphone","V-UX","type",0
"CMU",7,20994,"biphone","W-UX","type",0
"CMU",7,20994,"biphone","Y-UX","type",0
"CMU",7,20994,"biphone","Z-UX","type",0
"CMU",7,20994,"biphone","ZH-UX","type",0
"CMU",7,20994,"biphone","Q-UX","type",0
"CMU",7,20994,"biphone","AA-B","type",89
"CMU",7,20994,"biphone","AE-B","type",93
"CMU",7,20994,"biphone","AH-B","type",326
"CMU",7,20994,"biphone","AO-B","type",10
"CMU",7,20994,"biphone","AW-B","type",7
"CMU",7,20994,"biphone","AY-B","type",40
"CMU",7,20994,"biphone","EH-B","type",46
"CMU",7,20994,"biphone","ER-B","type",108
"CMU",7,20994,"biphone","EY-B","type",55
"CMU",7,20994,"biphone","IH-B","type",100
"CMU",7,20994,"biphone","IY-B","type",72
"CMU",7,20994,"biphone","OW-B","type",96
"CMU",7,20994,"biphone","OY-B","type",0
"CMU",7,20994,"biphone","UH-B","type",1
"CMU",7,20994,"biphone","UW-B","type",62
"CMU",7,20994,"biphone","AX-B","type",0
"CMU",7,20994,"biphone","AXR-B","type",0
"CMU",7,20994,"biphone","IX-B","type",0
"CMU",7,20994,"biphone","UX-B","type",0
"CMU",7,20994,"biphone","B-B","type",0
"CMU",7,20994,"biphone","CH-B","type",10
"CMU",7,20994,"biphone","D-B","type",72
"CMU",7,20994,"biphone","DH-B","type",0
"CMU",7,20994,"biphone","F-B","type",6
"CMU",7,20994,"biphone","G-B","type",8
"CMU",7,20994,"biphone","HH-B","type",0
"CMU",7,20994,"biphone","JH-B","type",1
"CMU",7,20994,"biphone","K-B","type",44
"CMU",7,20994,"biphone","L-B","type",129
"CMU",7,20994,"biphone","M-B","type",265
"CMU",7,20994,"biphone","N-B","type",140
"CMU",7,20994,"biphone","NG-B","type",11
"CMU",7,20994,"biphone","P-B","type",8
"CMU",7,20994,"biphone","R-B","type",102
"CMU",7,20994,"biphone","S-B","type",79
"CMU",7,20994,"biphone","SH-B","type",10
"CMU",7,20994,"biphone","T-B","type",42
"CMU",7,20994,"biphone","TH-B","type",8
"CMU",7,20994,"biphone","V-B","type",1
"CMU",7,20994,"biphone","W-B","type",0
"CMU",7,20994,"biphone","Y-B","type",0
"CMU",7,20994,"biphone","Z-B","type",68
"CMU",7,20994,"biphone","ZH-B","type",0
"CMU",7,20994,"biphone","Q-B","type",0
"CMU",7,20994,"biphone","AA-CH","type",36
"CMU",7,20994,"biphone","AE-CH","type",53
"CMU",7,20994,"biphone","AH-CH","type",46
"CMU",7,20994,"biphone","AO-CH","type",2
"CMU",7,20994,"biphone","AW-CH","type",3
"CMU",7,20994,"biphone","AY-CH","type",2
"CMU",7,20994,"biphone","EH-CH","type",20
"CMU",7,20994,"biphone","ER-CH","type",40
"CMU",7,20994,"biphone","EY-CH","type",3
"CMU",7,20994,"biphone","IH-CH","type",99
"CMU",7,20994,"biphone","IY-CH","type",38
"CMU",7,20994,"biphone","OW-CH","type",11
"CMU",7,20994,"biphone","OY-CH","type",3
"CMU",7,20994,"biphone","UH-CH","type",0
"CMU",7,20994,"biphone","UW-CH","type",31
"CMU",7,20994,"biphone","AX-CH","type",0
"CMU",7,20994,"biphone","AXR-CH","type",0
"CMU",7,20994,"biphone","IX-CH","type",0
"CMU",7,20994,"biphone","UX-CH","type",0
"CMU",7,20994,"biphone","B-CH","type",0
"CMU",7,20994,"biphone","CH-CH","type",0
"CMU",7,20994,"biphone","D-CH","type",7
"CMU",7,20994,"biphone","DH-CH","type",0
"CMU",7,20994,"biphone","F-CH","type",0
"CMU",7,20994,"biphone","G-CH","type",0
"CMU",7,20994,"biphone","HH-CH","type",0
"CMU",7,20994,"biphone","JH-CH","type",0
"CMU",7,20994,"biphone","K-CH","type",22
"CMU",7,20994,"biphone","L-CH","type",17
"CMU",7,20994,"biphone","M-CH","type",5
"CMU",7,20994,"biphone","N-CH","type",105
"CMU",7,20994,"biphone","NG-CH","type",0
"CMU",7,20994,"biphone","P-CH","type",9
"CMU",7,20994,"biphone","R-CH","type",27
"CMU",7,20994,"biphone","S-CH","type",28
"CMU",7,20994,"biphone","SH-CH","type",1
"CMU",7,20994,"biphone","T-CH","type",5
"CMU",7,20994,"biphone","TH-CH","type",1
"CMU",7,20994,"biphone","V-CH","type",3
"CMU",7,20994,"biphone","W-CH","type",0
"CMU",7,20994,"biphone","Y-CH","type",0
"CMU",7,20994,"biphone","Z-CH","type",0
"CMU",7,20994,"biphone","ZH-CH","type",0
"CMU",7,20994,"biphone","Q-CH","type",0
"CMU",7,20994,"biphone","AA-D","type",151
"CMU",7,20994,"biphone","AE-D","type",161
"CMU",7,20994,"biphone","AH-D","type",347
"CMU",7,20994,"biphone","AO-D","type",43
"CMU",7,20994,"biphone","AW-D","type",20
"CMU",7,20994,"biphone","AY-D","type",172
"CMU",7,20994,"biphone","EH-D","type",307
"CMU",7,20994,"biphone","ER-D","type",230
"CMU",7,20994,"biphone","EY-D","type",126
"CMU",7,20994,"biphone","IH-D","type",358
"CMU",7,20994,"biphone","IY-D","type",189
"CMU",7,20994,"biphone","OW-D","type",120
"CMU",7,20994,"biphone","OY-D","type",26
"CMU",7,20994,"biphone","UH-D","type",108
"CMU",7,20994,"biphone","UW-D","type",91
"CMU",7,20994,"biphone","AX-D","type",0
"CMU",7,20994,"biphone","AXR-D","type",0
"CMU",7,20994,"biphone","IX-D","type",0
"CMU",7,20994,"biphone","UX-D","type",0
"CMU",7,20994,"biphone","B-D","type",11
"CMU",7,20994,"biphone","CH-D","type",2
"CMU",7,20994,"biphone","D-D","type",0
"CMU",7,20994,"biphone","DH-D","type",3
"CMU",7,20994,"biphone","F-D","type",4
"CMU",7,20994,"biphone","G-D","type",18
"CMU",7,20994,"biphone","HH-D","type",0
"CMU",7,20994,"biphone","JH-D","type",33
"CMU",7,20994,"biphone","K-D","type",24
"CMU",7,20994,"biphone","L-D","type",528
"CMU",7,20994,"biphone","M-D","type",42
"CMU",7,20994,"biphone","N-D","type",1165
"CMU",7,20994,"biphone","NG-D","type",9
"CMU",7,20994,"biphone","P-D","type",9
"CMU",7,20994,"biphone","R-D","type",343
"CMU",7,20994,"biphone","S-D","type",19
"CMU",7,20994,"biphone","SH-D","type",1
"CMU",7,20994,"biphone","T-D","type",11
"CMU",7,20994,"biphone","TH-D","type",5
"CMU",7,20994,"biphone","V-D","type",22
"CMU",7,20994,"biphone","W-D","type",0
"CMU",7,20994,"biphone","Y-D","type",0
"CMU",7,20994,"biphone","Z-D","type",85
"CMU",7,20994,"biphone","ZH-D","type",4
"CMU",7,20994,"biphone","Q-D","type",0
"CMU",7,20994,"biphone","AA-DH","type",6
"CMU",7,20994,"biphone","AE-DH","type",4
"CMU",7,20994,"biphone","AH-DH","type",17
"CMU",7,20994,"biphone","AO-DH","type",0
"CMU",7,20994,"biphone","AW-DH","type",0
"CMU",7,20994,"biphone","AY-DH","type",0
"CMU",7,20994,"biphone","EH-DH","type",18
"CMU",7,20994,"biphone","ER-DH","type",9
"CMU",7,20994,"biphone","EY-DH","type",1
"CMU",7,20994,"biphone","IH-DH","type",7
"CMU",7,20994,"biphone","IY-DH","type",0
"CMU",7,20994,"biphone","OW-DH","type",1
"CMU",7,20994,"biphone","OY-DH","type",0
"CMU",7,20994,"biphone","UH-DH","type",0
"CMU",7,20994,"biphone","UW-DH","type",5
"CMU",7,20994,"biphone","AX-DH","type",0
"CMU",7,20994,"biphone","AXR-DH","type",0
"CMU",7,20994,"biphone","IX-DH","type",0
"CMU",7,20994,"biphone","UX-DH","type",0
"CMU",7,20994,"biphone","B-DH","type",0
"CMU",7,20994,"biphone","CH-DH","type",0
"CMU",7,20994,"biphone","D-DH","type",0
"CMU",7,20994,"biphone","DH-DH","type",0
"CMU",7,20994,"biphone","F-DH","type",0
"CMU",7,20994,"biphone","G-DH","type",0
"CMU",7,20994,"biphone","HH-DH","type",0
"CMU",7,20994,"biphone","JH-DH","type",0
"CMU",7,20994,"biphone","K-DH","type",0
"CMU",7,20994,"biphone","L-DH","type",1
"CMU",7,20994,"biphone","M-DH","type",0
"CMU",7,20994,"biphone","N-DH","type",2
"CMU",7,20994,"biphone","NG-DH","type",0
"CMU",7,20994,"biphone","P-DH","type",0
"CMU",7,20994,"biphone","R-DH","type",5
"CMU",7,20994,"biphone","S-DH","type",0
"CMU",7,20994,"biphone","SH-DH","type",0
"CMU",7,20994,"biphone","T-DH","type",0
"CMU",7,20994,"biphone","TH-DH","type",0
"CMU",7,20994,"biphone","V-DH","type",0
"CMU",7,20994,"biphone","W-DH","type",0
"CMU",7,20994,"biphone","Y-DH","type",0
"CMU",7,20994,"biphone","Z-DH","type",0
"CMU",7,20994,"biphone","ZH-DH","type",0
"CMU",7,20994,"biphone","Q-DH","type",0
"CMU",7,20994,"biphone","AA-F","type",51
"CMU",7,20994,"biphone","AE-F","type",89
"CMU",7,20994,"biphone","AH-F","type",205
"CMU",7,20994,"biphone","AO-F","type",106
"CMU",7,20994,"biphone","AW-F","type",4
"CMU",7,20994,"biphone","AY-F","type",33
"CMU",7,20994,"biphone","EH-F","type",59
"CMU",7,20994,"biphone","ER-F","type",55
"CMU",7,20994,"biphone","EY-F","type",9
"CMU",7,20994,"biphone","IH-F","type",180
"CMU",7,20994,"biphone","IY-F","type",53
"CMU",7,20994,"biphone","OW-F","type",31
"CMU",7,20994,"biphone","OY-F","type",1
"CMU",7,20994,"biphone","UH-F","type",0
"CMU",7,20994,"biphone","UW-F","type",12
"CMU",7,20994,"biphone","AX-F","type",0
"CMU",7,20994,"biphone","AXR-F","type",0
"CMU",7,20994,"biphone","IX-F","type",0
"CMU",7,20994,"biphone","UX-F","type",0
"CMU",7,20994,"biphone","B-F","type",1
"CMU",7,20994,"biphone","CH-F","type",7
"CMU",7,20994,"biphone","D-F","type",42
"CMU",7,20994,"biphone","DH-F","type",0
"CMU",7,20994,"biphone","F-F","type",0
"CMU",7,20994,"biphone","G-F","type",6
"CMU",7,20994,"biphone","HH-F","type",0
"CMU",7,20994,"biphone","JH-F","type",2
"CMU",7,20994,"biphone","K-F","type",22
"CMU",7,20994,"biphone","L-F","type",115
"CMU",7,20994,"biphone","M-F","type",28
"CMU",7,20994,"biphone","N-F","type",123
"CMU",7,20994,"biphone","NG-F","type",6
"CMU",7,20994,"biphone","P-F","type",13
"CMU",7,20994,"biphone","R-F","type",62
"CMU",7,20994,"biphone","S-F","type",46
"CMU",7,20994,"biphone","SH-F","type",6
"CMU",7,20994,"biphone","T-F","type",58
"CMU",7,20994,"biphone","TH-F","type",5
"CMU",7,20994,"biphone","V-F","type",1
"CMU",7,20994,"biphone","W-F","type",0
"CMU",7,20994,"biphone","Y-F","type",0
"CMU",7,20994,"biphone","Z-F","type",6
"CMU",7,20994,"biphone","ZH-F","type",0
"CMU",7,20994,"biphone","Q-F","type",0
"CMU",7,20994,"biphone","AA-G","type",85
"CMU",7,20994,"biphone","AE-G","type",94
"CMU",7,20994,"biphone","AH-G","type",189
"CMU",7,20994,"biphone","AO-G","type",30
"CMU",7,20994,"biphone","AW-G","type",5
"CMU",7,20994,"biphone","AY-G","type",15
"CMU",7,20994,"biphone","EH-G","type",85
"CMU",7,20994,"biphone","ER-G","type",217
"CMU",7,20994,"biphone","EY-G","type",29
"CMU",7,20994,"biphone","IH-G","type",219
"CMU",7,20994,"biphone","IY-G","type",67
"CMU",7,20994,"biphone","OW-G","type",42
"CMU",7,20994,"biphone","OY-G","type",1
"CMU",7,20994,"biphone","UH-G","type",5
"CMU",7,20994,"biphone","UW-G","type",42
"CMU",7,20994,"biphone","AX-G","type",0
"CMU",7,20994,"biphone","AXR-G","type",0
"CMU",7,20994,"biphone","IX-G","type",0
"CMU",7,20994,"biphone","UX-G","type",0
"CMU",7,20994,"biphone","B-G","type",1
"CMU",7,20994,"biphone","CH-G","type",2
"CMU",7,20994,"biphone","D-G","type",10
"CMU",7,20994,"biphone","DH-G","type",0
"CMU",7,20994,"biphone","F-G","type",7
"CMU",7,20994,"biphone","G-G","type",0
"CMU",7,20994,"biphone","HH-G","type",0
"CMU",7,20994,"biphone","JH-G","type",0
"CMU",7,20994,"biphone","K-G","type",7
"CMU",7,20994,"biphone","L-G","type",49
"CMU",7,20994,"biphone","M-G","type",9
"CMU",7,20994,"biphone","N-G","type",37
"CMU",7,20994,"biphone","NG-G","type",205
"CMU",7,20994,"biphone","P-G","type",7
"CMU",7,20994,"biphone","R-G","type",78
"CMU",7,20994,"biphone","S-G","type",14
"CMU",7,20994,"biphone","SH-G","type",1
"CMU",7,20994,"biphone","T-G","type",12
"CMU",7,20994,"biphone","TH-G","type",2
"CMU",7,20994,"biphone","V-G","type",5
"CMU",7,20994,"biphone","W-G","type",0
"CMU",7,20994,"biphone","Y-G","type",0
"CMU",7,20994,"biphone","Z-G","type",3
"CMU",7,20994,"biphone","ZH-G","type",0
"CMU",7,20994,"biphone","Q-G","type",0
"CMU",7,20994,"biphone","AA-HH","type",20
"CMU",7,20994,"biphone","AE-HH","type",6
"CMU",7,20994,"biphone","AH-HH","type",73
"CMU",7,20994,"biphone","AO-HH","type",1
"CMU",7,20994,"biphone","AW-HH","type",0
"CMU",7,20994,"biphone","AY-HH","type",4
"CMU",7,20994,"biphone","EH-HH","type",7
"CMU",7,20994,"biphone","ER-HH","type",44
"CMU",7,20994,"biphone","EY-HH","type",6
"CMU",7,20994,"biphone","IH-HH","type",40
"CMU",7,20994,"biphone","IY-HH","type",32
"CMU",7,20994,"biphone","OW-HH","type",34
"CMU",7,20994,"biphone","OY-HH","type",0
"CMU",7,20994,"biphone","UH-HH","type",3
"CMU",7,20994,"biphone","UW-HH","type",8
"CMU",7,20994,"biphone","AX-HH","type",0
"CMU",7,20994,"biphone","AXR-HH","type",0
"CMU",7,20994,"biphone","IX-HH","type",0
"CMU",7,20994,"biphone","UX-HH","type",0
"CMU",7,20994,"biphone","B-HH","type",7
"CMU",7,20994,"biphone","CH-HH","type",6
"CMU",7,20994,"biphone","D-HH","type",38
"CMU",7,20994,"biphone","DH-HH","type",0
"CMU",7,20994,"biphone","F-HH","type",3
"CMU",7,20994,"biphone","G-HH","type",9
"CMU",7,20994,"biphone","HH-HH","type",0
"CMU",7,20994,"biphone","JH-HH","type",4
"CMU",7,20994,"biphone","K-HH","type",59
"CMU",7,20994,"biphone","L-HH","type",29
"CMU",7,20994,"biphone","M-HH","type",10
"CMU",7,20994,"biphone","N-HH","type",103
"CMU",7,20994,"biphone","NG-HH","type",11
"CMU",7,20994,"biphone","P-HH","type",10
"CMU",7,20994,"biphone","R-HH","type",20
"CMU",7,20994,"biphone","S-HH","type",19
"CMU",7,20994,"biphone","SH-HH","type",1
"CMU",7,20994,"biphone","T-HH","type",45
"CMU",7,20994,"biphone","TH-HH","type",2
"CMU",7,20994,"biphone","V-HH","type",1
"CMU",7,20994,"biphone","W-HH","type",0
"CMU",7,20994,"biphone","Y-HH","type",0
"CMU",7,20994,"biphone","Z-HH","type",5
"CMU",7,20994,"biphone","ZH-HH","type",0
"CMU",7,20994,"biphone","Q-HH","type",0
"CMU",7,20994,"biphone","AA-JH","type",27
"CMU",7,20994,"biphone","AE-JH","type",23
"CMU",7,20994,"biphone","AH-JH","type",88
"CMU",7,20994,"biphone","AO-JH","type",2
"CMU",7,20994,"biphone","AW-JH","type",0
"CMU",7,20994,"biphone","AY-JH","type",10
"CMU",7,20994,"biphone","EH-JH","type",32
"CMU",7,20994,"biphone","ER-JH","type",30
"CMU",7,20994,"biphone","EY-JH","type",30
"CMU",7,20994,"biphone","IH-JH","type",164
"CMU",7,20994,"biphone","IY-JH","type",18
"CMU",7,20994,"biphone","OW-JH","type",17
"CMU",7,20994,"biphone","OY-JH","type",0
"CMU",7,20994,"biphone","UH-JH","type",1
"CMU",7,20994,"biphone","UW-JH","type",17
"CMU",7,20994,"biphone","AX-JH","type",0
"CMU",7,20994,"biphone","AXR-JH","type",0
"CMU",7,20994,"biphone","IX-JH","type",0
"CMU",7,20994,"biphone","UX-JH","type",0
"CMU",7,20994,"biphone","B-JH","type",7
"CMU",7,20994,"biphone","CH-JH","type",0
"CMU",7,20994,"biphone","D-JH","type",2
"CMU",7,20994,"biphone","DH-JH","type",0
"CMU",7,20994,"biphone","F-JH","type",0
"CMU",7,20994,"biphone","G-JH","type",2
"CMU",7,20994,"biphone","HH-JH","type",0
"CMU",7,20994,"biphone","JH-JH","type",0
"CMU",7,20994,"biphone","K-JH","type",4
"CMU",7,20994,"biphone","L-JH","type",13
"CMU",7,20994,"biphone","M-JH","type",0
"CMU",7,20994,"biphone","N-JH","type",158
"CMU",7,20994,"biphone","NG-JH","type",1
"CMU",7,20994,"biphone","P-JH","type",2
"CMU",7,20994,"biphone","R-JH","type",40
"CMU",7,20994,"biphone","S-JH","type",7
"CMU",7,20994,"biphone","SH-JH","type",1
"CMU",7,20994,"biphone","T-JH","type",4
"CMU",7,20994,"biphone","TH-JH","type",0
"CMU",7,20994,"biphone","V-JH","type",0
"CMU",7,20994,"biphone","W-JH","type",0
"CMU",7,20994,"biphone","Y-JH","type",0
"CMU",7,20994,"biphone","Z-JH","type",0
"CMU",7,20994,"biphone","ZH-JH","type",0
"CMU",7,20994,"biphone","Q-JH","type",0
"CMU",7,20994,"biphone","AA-K","type",350
"CMU",7,20994,"biphone","AE-K","type",446
"CMU",7,20994,"biphone","AH-K","type",631
"CMU",7,20994,"biphone","AO-K","type",50
"CMU",7,20994,"biphone","AW-K","type",5
"CMU",7,20994,"biphone","AY-K","type",97
"CMU",7,20994,"biphone","EH-K","type",481
"CMU",7,20994,"biphone","ER-K","type",142
"CMU",7,20994,"biphone","EY-K","type",134
"CMU",7,20994,"biphone","IH-K","type",927
"CMU",7,20994,"biphone","IY-K","type",145
"CMU",7,20994,"biphone","OW-K","type",118
"CMU",7,20994,"biphone","OY-K","type",3
"CMU",7,20994,"biphone","UH-K","type",83
"CMU",7,20994,"biphone","UW-K","type",70
"CMU",7,20994,"biphone","AX-K","type",0
"CMU",7,20994,"biphone","AXR-K","type",0
"CMU",7,20994,"biphone","IX-K","type",0
"CMU",7,20994,"biphone","UX-K","type",0
"CMU",7,20994,"biphone","B-K","type",10
"CMU",7,20994,"biphone","CH-K","type",5
"CMU",7,20994,"biphone","D-K","type",28
"CMU",7,20994,"biphone","DH-K","type",0
"CMU",7,20994,"biphone","F-K","type",8
"CMU",7,20994,"biphone","G-K","type",1
"CMU",7,20994,"biphone","HH-K","type",0
"CMU",7,20994,"biphone","JH-K","type",5
"CMU",7,20994,"biphone","K-K","type",2
"CMU",7,20994,"biphone","L-K","type",109
"CMU",7,20994,"biphone","M-K","type",18
"CMU",7,20994,"biphone","N-K","type",145
"CMU",7,20994,"biphone","NG-K","type",247
"CMU",7,20994,"biphone","P-K","type",28
"CMU",7,20994,"biphone","R-K","type",188
"CMU",7,20994,"biphone","S-K","type",625
"CMU",7,20994,"biphone","SH-K","type",11
"CMU",7,20994,"biphone","T-K","type",51
"CMU",7,20994,"biphone","TH-K","type",10
"CMU",7,20994,"biphone","V-K","type",3
"CMU",7,20994,"biphone","W-K","type",0
"CMU",7,20994,"biphone","Y-K","type",0
"CMU",7,20994,"biphone","Z-K","type",7
"CMU",7,20994,"biphone","ZH-K","type",0
"CMU",7,20994,"biphone","Q-K","type",0
"CMU",7,20994,"biphone","AA-L","type",475
"CMU",7,20994,"biphone","AE-L","type",341
"CMU",7,20994,"biphone","AH-L","type",1900
"CMU",7,20994,"biphone","AO-L","type",269
"CMU",7,20994,"biphone","AW-L","type",10
"CMU",7,20994,"biphone","AY-L","type",94
"CMU",7,20994,"biphone","EH-L","type",800
"CMU",7,20994,"biphone","ER-L","type",131
"CMU",7,20994,"biphone","EY-L","type",153
"CMU",7,20994,"biphone","IH-L","type",684
"CMU",7,20994,"biphone","IY-L","type",241
"CMU",7,20994,"biphone","OW-L","type",486
"CMU",7,20994,"biphone","OY-L","type",12
"CMU",7,20994,"biphone","UH-L","type",60
"CMU",7,20994,"biphone","UW-L","type",136
"CMU",7,20994,"biphone","AX-L","type",0
"CMU",7,20994,"biphone","AXR-L","type",0
"CMU",7,20994,"biphone","IX-L","type",0
"CMU",7,20994,"biphone","UX-L","type",0
"CMU",7,20994,"biphone","B-L","type",270
"CMU",7,20994,"biphone","CH-L","type",7
"CMU",7,20994,"biphone","D-L","type",120
"CMU",7,20994,"biphone","DH-L","type",0
"CMU",7,20994,"biphone","F-L","type",165
"CMU",7,20994,"biphone","G-L","type",144
"CMU",7,20994,"biphone","HH-L","type",1
"CMU",7,20994,"biphone","JH-L","type",3
"CMU",7,20994,"biphone","K-L","type",372
"CMU",7,20994,"biphone","L-L","type",0
"CMU",7,20994,"biphone","M-L","type",26
"CMU",7,20994,"biphone","N-L","type",75
"CMU",7,20994,"biphone","NG-L","type",25
"CMU",7,20994,"biphone","P-L","type",265
"CMU",7,20994,"biphone","R-L","type",116
"CMU",7,20994,"biphone","S-L","type",155
"CMU",7,20994,"biphone","SH-L","type",20
"CMU",7,20994,"biphone","T-L","type",145
"CMU",7,20994,"biphone","TH-L","type",7
"CMU",7,20994,"biphone","V-L","type",24
"CMU",7,20994,"biphone","W-L","type",0
"CMU",7,20994,"biphone","Y-L","type",0
"CMU",7,20994,"biphone","Z-L","type",36
"CMU",7,20994,"biphone","ZH-L","type",0
"CMU",7,20994,"biphone","Q-L","type",0
"CMU",7,20994,"biphone","AA-M","type",299
"CMU",7,20994,"biphone","AE-M","type",335
"CMU",7,20994,"biphone","AH-M","type",692
"CMU",7,20994,"biphone","AO-M","type",16
"CMU",7,20994,"biphone","AW-M","type",22
"CMU",7,20994,"biphone","AY-M","type",80
"CMU",7,20994,"biphone","EH-M","type",238
"CMU",7,20994,"biphone","ER-M","type",212
"CMU",7,20994,"biphone","EY-M","type",65
"CMU",7,20994,"biphone","IH-M","type",325
"CMU",7,20994,"biphone","IY-M","type",118
"CMU",7,20994,"biphone","OW-M","type",127
"CMU",7,20994,"biphone","OY-M","type",2
"CMU",7,20994,"biphone","UH-M","type",4
"CMU",7,20994,"biphone","UW-M","type",122
"CMU",7,20994,"biphone","AX-M","type",0
"CMU",7,20994,"biphone","AXR-M","type",0
"CMU",7,20994,"biphone","IX-M","type",0
"CMU",7,20994,"biphone","UX-M","type",0
"CMU",7,20994,"biphone","B-M","type",10
"CMU",7,20994,"biphone","CH-M","type",10
"CMU",7,20994,"biphone","D-M","type",101
"CMU",7,20994,"biphone","DH-M","type",1
"CMU",7,20994,"biphone","F-M","type",10
"CMU",7,20994,"biphone","G-M","type",39
"CMU",7,20994,"biphone","HH-M","type",0
"CMU",7,20994,"biphone","JH-M","type",8
"CMU",7,20994,"biphone","K-M","type",65
"CMU",7,20994,"biphone","L-M","type",118
"CMU",7,20994,"biphone","M-M","type",3
"CMU",7,20994,"biphone","N-M","type",53
"CMU",7,20994,"biphone","NG-M","type",7
"CMU",7,20994,"biphone","P-M","type",11
"CMU",7,20994,"biphone","R-M","type",148
"CMU",7,20994,"biphone","S-M","type",165
"CMU",7,20994,"biphone","SH-M","type",20
"CMU",7,20994,"biphone","T-M","type",85
"CMU",7,20994,"biphone","TH-M","type",7
"CMU",7,20994,"biphone","V-M","type",4
"CMU",7,20994,"biphone","W-M","type",0
"CMU",7,20994,"biphone","Y-M","type",0
"CMU",7,20994,"biphone","Z-M","type",60
"CMU",7,20994,"biphone","ZH-M","type",1
"CMU",7,20994,"biphone","Q-M","type",0
"CMU",7,20994,"biphone","AA-N","type",838
"CMU",7,20994,"biphone","AE-N","type",1071
"CMU",7,20994,"biphone","AH-N","type",3661
"CMU",7,20994,"biphone","AO-N","type",91
"CMU",7,20994,"biphone","AW-N","type",170
"CMU",7,20994,"biphone","AY-N","type",346
"CMU",7,20994,"biphone","EH-N","type",821
"CMU",7,20994,"biphone","ER-N","type",179
"CMU",7,20994,"biphone","EY-N","type",229
"CMU",7,20994,"biphone","IH-N","type",1367
"CMU",7,20994,"biphone","IY-N","type",501
"CMU",7,20994,"biphone","OW-N","type",337
"CMU",7,20994,"biphone","OY-N","type",38
"CMU",7,20994,"biphone","UH-N","type",3
"CMU",7,20994,"biphone","UW-N","type",135
"CMU",7,20994,"biphone","AX-N","type",0
"CMU",7,20994,"biphone","AXR-N","type",0
"CMU",7,20994,"biphone","IX-N","type",0
"CMU",7,20994,"biphone","UX-N","type",0
"CMU",7,20994,"biphone","B-N","type",3
"CMU",7,20994,"biphone","CH-N","type",5
"CMU",7,20994,"biphone","D-N","type",42
"CMU",7,20994,"biphone","DH-N","type",1
"CMU",7,20994,"biphone","F-N","type",5
"CMU",7,20994,"biphone","G-N","type",65
"CMU",7,20994,"biphone","HH-N","type",0
"CMU",7,20994,"biphone","JH-N","type",2
"CMU",7,20994,"biphone","K-N","type",51
"CMU",7,20994,"biphone","L-N","type",17
"CMU",7,20994,"biphone","M-N","type",16
"CMU",7,20994,"biphone","N-N","type",5
"CMU",7,20994,"biphone","NG-N","type",1
"CMU",7,20994,"biphone","P-N","type",12
"CMU",7,20994,"biphone","R-N","type",185
"CMU",7,20994,"biphone","S-N","type",75
"CMU",7,20994,"biphone","SH-N","type",19
"CMU",7,20994,"biphone","T-N","type",82
"CMU",7,20994,"biphone","TH-N","type",3
"CMU",7,20994,"biphone","V-N","type",5
"CMU",7,20994,"biphone","W-N","type",0
"CMU",7,20994,"biphone","Y-N","type",1
"CMU",7,20994,"biphone","Z-N","type",25
"CMU",7,20994,"biphone","ZH-N","type",1
"CMU",7,20994,"biphone","Q-N","type",0
"CMU",7,20994,"biphone","AA-NG","type",48
"CMU",7,20994,"biphone","AE-NG","type",181
"CMU",7,20994,"biphone","AH-NG","type",72
"CMU",7,20994,"biphone","AO-NG","type",52
"CMU",7,20994,"biphone","AW-NG","type",0
"CMU",7,20994,"biphone","AY-NG","type",3
"CMU",7,20994,"biphone","EH-NG","type",45
"CMU",7,20994,"biphone","ER-NG","type",0
"CMU",7,20994,"biphone","EY-NG","type",9
"CMU",7,20994,"biphone","IH-NG","type",1428
"CMU",7,20994,"biphone","IY-NG","type",6
"CMU",7,20994,"biphone","OW-NG","type",8
"CMU",7,20994,"biphone","OY-NG","type",0
"CMU",7,20994,"biphone","UH-NG","type",0
"CMU",7,20994,"biphone","UW-NG","type",1
"CMU",7,20994,"biphone","AX-NG","type",0
"CMU",7,20994,"biphone","AXR-NG","type",0
"CMU",7,20994,"biphone","IX-NG","type",0
"CMU",7,20994,"biphone","UX-NG","type",0
"CMU",7,20994,"biphone","B-NG","type",0
"CMU",7,20994,"biphone","CH-NG","type",0
"CMU",7,20994,"biphone","D-NG","type",0
"CMU",7,20994,"biphone","DH-NG","type",0
"CMU",7,20994,"biphone","F-NG","type",0
"CMU",7,20994,"biphone","G-NG","type",0
"CMU",7,20994,"biphone","HH-NG","type",0
"CMU",7,20994,"biphone","JH-NG","type",0
"CMU",7,20994,"biphone","K-NG","type",0
"CMU",7,20994,"biphone","L-NG","type",0
"CMU",7,20994,"biphone","M-NG","type",0
"CMU",7,20994,"biphone","N-NG","type",0
"CMU",7,20994,"biphone","NG-NG","type",0
"CMU",7,20994,"biphone","P-NG","type",0
"CMU",7,20994,"biphone","R-NG","type",1
"CMU",7,20994,"biphone","S-NG","type",0
"CMU",7,20994,"biphone","SH-NG","type",0
"CMU",7,20994,"biphone","T-NG","type",0
"CMU",7,20994,"biphone","TH-NG","type",0
"CMU",7,20994,"biphone","V-NG","type",0
"CMU",7,20994,"biphone","W-NG","type",0
"CMU",7,20994,"biphone","Y-NG","type",0
"CMU",7,20994,"biphone","Z-NG","type",0
"CMU",7,20994,"biphone","ZH-NG","type",0
"CMU",7,20994,"biphone","Q-NG","type",0
"CMU",7,20994,"biphone","AA-P","type",148
"CMU",7,20994,"biphone","AE-P","type",129
"CMU",7,20994,"biphone","AH-P","type",246
"CMU",7,20994,"biphone","AO-P","type",9
"CMU",7,20994,"biphone","AW-P","type",3
"CMU",7,20994,"biphone","AY-P","type",32
"CMU",7,20994,"biphone","EH-P","type",68
"CMU",7,20994,"biphone","ER-P","type",43
"CMU",7,20994,"biphone","EY-P","type",46
"CMU",7,20994,"biphone","IH-P","type",199
"CMU",7,20994,"biphone","IY-P","type",73
"CMU",7,20994,"biphone","OW-P","type",54
"CMU",7,20994,"biphone","OY-P","type",1
"CMU",7,20994,"biphone","UH-P","type",1
"CMU",7,20994,"biphone","UW-P","type",66
"CMU",7,20994,"biphone","AX-P","type",0
"CMU",7,20994,"biphone","AXR-P","type",0
"CMU",7,20994,"biphone","IX-P","type",0
"CMU",7,20994,"biphone","UX-P","type",0
"CMU",7,20994,"biphone","B-P","type",1
"CMU",7,20994,"biphone","CH-P","type",1
"CMU",7,20994,"biphone","D-P","type",15
"CMU",7,20994,"biphone","DH-P","type",0
"CMU",7,20994,"biphone","F-P","type",1
"CMU",7,20994,"biphone","G-P","type",4
"CMU",7,20994,"biphone","HH-P","type",0
"CMU",7,20994,"biphone","JH-P","type",0
"CMU",7,20994,"biphone","K-P","type",15
"CMU",7,20994,"biphone","L-P","type",38
"CMU",7,20994,"biphone","M-P","type",304
"CMU",7,20994,"biphone","N-P","type",37
"CMU",7,20994,"biphone","NG-P","type",1
"CMU",7,20994,"biphone","P-P","type",0
"CMU",7,20994,"biphone","R-P","type",58
"CMU",7,20994,"biphone","S-P","type",353
"CMU",7,20994,"biphone","SH-P","type",0
"CMU",7,20994,"biphone","T-P","type",13
"CMU",7,20994,"biphone","TH-P","type",5
"CMU",7,20994,"biphone","V-P","type",0
"CMU",7,20994,"biphone","W-P","type",0
"CMU",7,20994,"biphone","Y-P","type",0
"CMU",7,20994,"biphone","Z-P","type",3
"CMU",7,20994,"biphone","ZH-P","type",0
"CMU",7,20994,"biphone","Q-P","type",0
"CMU",7,20994,"biphone","AA-R","type",1440
"CMU",7,20994,"biphone","AE-R","type",75
"CMU",7,20994,"biphone","AH-R","type",34
"CMU",7,20994,"biphone","AO-R","type",1185
"CMU",7,20994,"biphone","AW-R","type",13
"CMU",7,20994,"biphone","AY-R","type",93
"CMU",7,20994,"biphone","EH-R","type",675
"CMU",7,20994,"biphone","ER-R","type",20
"CMU",7,20994,"biphone","EY-R","type",15
"CMU",7,20994,"biphone","IH-R","type",285
"CMU",7,20994,"biphone","IY-R","type",57
"CMU",7,20994,"biphone","OW-R","type",6
"CMU",7,20994,"biphone","OY-R","type",1
"CMU",7,20994,"biphone","UH-R","type",150
"CMU",7,20994,"biphone","UW-R","type",27
"CMU",7,20994,"biphone","AX-R","type",0
"CMU",7,20994,"biphone","AXR-R","type",0
"CMU",7,20994,"biphone","IX-R","type",0
"CMU",7,20994,"biphone","UX-R","type",0
"CMU",7,20994,"biphone","B-R","type",539
"CMU",7,20994,"biphone","CH-R","type",3
"CMU",7,20994,"biphone","D-R","type",271
"CMU",7,20994,"biphone","DH-R","type",1
"CMU",7,20994,"biphone","F-R","type",256
"CMU",7,20994,"biphone","G-R","type",406
"CMU",7,20994,"biphone","HH-R","type",2
"CMU",7,20994,"biphone","JH-R","type",3
"CMU",7,20994,"biphone","K-R","type",417
"CMU",7,20994,"biphone","L-R","type",27
"CMU",7,20994,"biphone","M-R","type",13
"CMU",7,20994,"biphone","N-R","type",57
"CMU",7,20994,"biphone","NG-R","type",3
"CMU",7,20994,"biphone","P-R","type",416
"CMU",7,20994,"biphone","R-R","type",1
"CMU",7,20994,"biphone","S-R","type",16
"CMU",7,20994,"biphone","SH-R","type",20
"CMU",7,20994,"biphone","T-R","type",664
"CMU",7,20994,"biphone","TH-R","type",44
"CMU",7,20994,"biphone","V-R","type",36
"CMU",7,20994,"biphone","W-R","type",0
"CMU",7,20994,"biphone","Y-R","type",0
"CMU",7,20994,"biphone","Z-R","type",15
"CMU",7,20994,"biphone","ZH-R","type",0
"CMU",7,20994,"biphone","Q-R","type",0
"CMU",7,20994,"biphone","AA-S","type",208
"CMU",7,20994,"biphone","AE-S","type",264
"CMU",7,20994,"biphone","AH-S","type",925
"CMU",7,20994,"biphone","AO-S","type",81
"CMU",7,20994,"biphone","AW-S","type",77
"CMU",7,20994,"biphone","AY-S","type",89
"CMU",7,20994,"biphone","EH-S","type",461
"CMU",7,20994,"biphone","ER-S","type",193
"CMU",7,20994,"biphone","EY-S","type",122
"CMU",7,20994,"biphone","IH-S","type",848
"CMU",7,20994,"biphone","IY-S","type",190
"CMU",7,20994,"biphone","OW-S","type",191
"CMU",7,20994,"biphone","OY-S","type",13
"CMU",7,20994,"biphone","UH-S","type",8
"CMU",7,20994,"biphone","UW-S","type",109
"CMU",7,20994,"biphone","AX-S","type",0
"CMU",7,20994,"biphone","AXR-S","type",0
"CMU",7,20994,"biphone","IX-S","type",0
"CMU",7,20994,"biphone","UX-S","type",0
"CMU",7,20994,"biphone","B-S","type",45
"CMU",7,20994,"biphone","CH-S","type",3
"CMU",7,20994,"biphone","D-S","type",62
"CMU",7,20994,"biphone","DH-S","type",1
"CMU",7,20994,"biphone","F-S","type",58
"CMU",7,20994,"biphone","G-S","type",14
"CMU",7,20994,"biphone","HH-S","type",0
"CMU",7,20994,"biphone","JH-S","type",2
"CMU",7,20994,"biphone","K-S","type",694
"CMU",7,20994,"biphone","L-S","type",145
"CMU",7,20994,"biphone","M-S","type",66
"CMU",7,20994,"biphone","N-S","type",581
"CMU",7,20994,"biphone","NG-S","type",24
"CMU",7,20994,"biphone","P-S","type",130
"CMU",7,20994,"biphone","R-S","type",147
"CMU",7,20994,"biphone","S-S","type",6
"CMU",7,20994,"biphone","SH-S","type",0
"CMU",7,20994,"biphone","T-S","type",821
"CMU",7,20994,"biphone","TH-S","type",27
"CMU",7,20994,"biphone","V-S","type",7
"CMU",7,20994,"biphone","W-S","type",0
"CMU",7,20994,"biphone","Y-S","type",1
"CMU",7,20994,"biphone","Z-S","type",2
"CMU",7,20994,"biphone","ZH-S","type",0
"CMU",7,20994,"biphone","Q-S","type",0
"CMU",7,20994,"biphone","AA-SH","type",27
"CMU",7,20994,"biphone","AE-SH","type",55
"CMU",7,20994,"biphone","AH-SH","type",31
"CMU",7,20994,"biphone","AO-SH","type",6
"CMU",7,20994,"biphone","AW-SH","type",4
"CMU",7,20994,"biphone","AY-SH","type",4
"CMU",7,20994,"biphone","EH-SH","type",57
"CMU",7,20994,"biphone","ER-SH","type",36
"CMU",7,20994,"biphone","EY-SH","type",60
"CMU",7,20994,"biphone","IH-SH","type",175
"CMU",7,20994,"biphone","IY-SH","type",22
"CMU",7,20994,"biphone","OW-SH","type",35
"CMU",7,20994,"biphone","OY-SH","type",0
"CMU",7,20994,"biphone","UH-SH","type",15
"CMU",7,20994,"biphone","UW-SH","type",12
"CMU",7,20994,"biphone","AX-SH","type",0
"CMU",7,20994,"biphone","AXR-SH","type",0
"CMU",7,20994,"biphone","IX-SH","type",0
"CMU",7,20994,"biphone","UX-SH","type",0
"CMU",7,20994,"biphone","B-SH","type",1
"CMU",7,20994,"biphone","CH-SH","type",0
"CMU",7,20994,"biphone","D-SH","type",8
"CMU",7,20994,"biphone","DH-SH","type",0
"CMU",7,20994,"biphone","F-SH","type",1
"CMU",7,20994,"biphone","G-SH","type",1
"CMU",7,20994,"biphone","HH-SH","type",0
"CMU",7,20994,"biphone","JH-SH","type",1
"CMU",7,20994,"biphone","K-SH","type",46
"CMU",7,20994,"biphone","L-SH","type",7
"CMU",7,20994,"biphone","M-SH","type",6
"CMU",7,20994,"biphone","N-SH","type",42
"CMU",7,20994,"biphone","NG-SH","type",3
"CMU",7,20994,"biphone","P-SH","type",22
"CMU",7,20994,"biphone","R-SH","type",33
"CMU",7,20994,"biphone","S-SH","type",2
"CMU",7,20994,"biphone","SH-SH","type",0
"CMU",7,20994,"biphone","T-SH","type",5
"CMU",7,20994,"biphone","TH-SH","type",2
"CMU",7,20994,"biphone","V-SH","type",0
"CMU",7,20994,"biphone","W-SH","type",0
"CMU",7,20994,"biphone","Y-SH","type",0
"CMU",7,20994,"biphone","Z-SH","type",0
"CMU",7,20994,"biphone","ZH-SH","type",0
"CMU",7,20994,"biphone","Q-SH","type",0
"CMU",7,20994,"biphone","AA-T","type",261
"CMU",7,20994,"biphone","AE-T","type",229
"CMU",7,20994,"biphone","AH-T","type",633
"CMU",7,20994,"biphone","AO-T","type",72
"CMU",7,20994,"biphone","AW-T","type",98
"CMU",7,20994,"biphone","AY-T","type",290
"CMU",7,20994,"biphone","EH-T","type",345
"CMU",7,20994,"biphone","ER-T","type",184
"CMU",7,20994,"biphone","EY-T","type",368
"CMU",7,20994,"biphone","IH-T","type",482
"CMU",7,20994,"biphone","IY-T","type",233
"CMU",7,20994,"biphone","OW-T","type",166
"CMU",7,20994,"biphone","OY-T","type",9
"CMU",7,20994,"biphone","UH-T","type",14
"CMU",7,20994,"biphone","UW-T","type",119
"CMU",7,20994,"biphone","AX-T","type",0
"CMU",7,20994,"biphone","AXR-T","type",0
"CMU",7,20994,"biphone","IX-T","type",0
"CMU",7,20994,"biphone","UX-T","type",0
"CMU",7,20994,"biphone","B-T","type",3
"CMU",7,20994,"biphone","CH-T","type",16
"CMU",7,20994,"biphone","D-T","type",9
"CMU",7,20994,"biphone","DH-T","type",0
"CMU",7,20994,"biphone","F-T","type",97
"CMU",7,20994,"biphone","G-T","type",1
"CMU",7,20994,"biphone","HH-T","type",0
"CMU",7,20994,"biphone","JH-T","type",3
"CMU",7,20994,"biphone","K-T","type",283
"CMU",7,20994,"biphone","L-T","type",222
"CMU",7,20994,"biphone","M-T","type",12
"CMU",7,20994,"biphone","N-T","type",884
"CMU",7,20994,"biphone","NG-T","type",21
"CMU",7,20994,"biphone","P-T","type",105
"CMU",7,20994,"biphone","R-T","type",487
"CMU",7,20994,"biphone","S-T","type",1888
"CMU",7,20994,"biphone","SH-T","type",12
"CMU",7,20994,"biphone","T-T","type",8
"CMU",7,20994,"biphone","TH-T","type",3
"CMU",7,20994,"biphone","V-T","type",3
"CMU",7,20994,"biphone","W-T","type",0
"CMU",7,20994,"biphone","Y-T","type",0
"CMU",7,20994,"biphone","Z-T","type",10
"CMU",7,20994,"biphone","ZH-T","type",0
"CMU",7,20994,"biphone","Q-T","type",0
"CMU",7,20994,"biphone","AA-TH","type",17
"CMU",7,20994,"biphone","AE-TH","type",44
"CMU",7,20994,"biphone","AH-TH","type",45
"CMU",7,20994,"biphone","AO-TH","type",24
"CMU",7,20994,"biphone","AW-TH","type",15
"CMU",7,20994,"biphone","AY-TH","type",1
"CMU",7,20994,"biphone","EH-TH","type",38
"CMU",7,20994,"biphone","ER-TH","type",60
"CMU",7,20994,"biphone","EY-TH","type",9
"CMU",7,20994,"biphone","IH-TH","type",53
"CMU",7,20994,"biphone","IY-TH","type",13
"CMU",7,20994,"biphone","OW-TH","type",2
"CMU",7,20994,"biphone","OY-TH","type",0
"CMU",7,20994,"biphone","UH-TH","type",1
"CMU",7,20994,"biphone","UW-TH","type",14
"CMU",7,20994,"biphone","AX-TH","type",0
"CMU",7,20994,"biphone","AXR-TH","type",0
"CMU",7,20994,"biphone","IX-TH","type",0
"CMU",7,20994,"biphone","UX-TH","type",0
"CMU",7,20994,"biphone","B-TH","type",1
"CMU",7,20994,"biphone","CH-TH","type",0
"CMU",7,20994,"biphone","D-TH","type",1
"CMU",7,20994,"biphone","DH-TH","type",0
"CMU",7,20994,"biphone","F-TH","type",0
"CMU",7,20994,"biphone","G-TH","type",1
"CMU",7,20994,"biphone","HH-TH","type",0
"CMU",7,20994,"biphone","JH-TH","type",0
"CMU",7,20994,"biphone","K-TH","type",6
"CMU",7,20994,"biphone","L-TH","type",17
"CMU",7,20994,"biphone","M-TH","type",2
"CMU",7,20994,"biphone","N-TH","type",44
"CMU",7,20994,"biphone","NG-TH","type",6
"CMU",7,20994,"biphone","P-TH","type",0
"CMU",7,20994,"biphone","R-TH","type",38
"CMU",7,20994,"biphone","S-TH","type",2
"CMU",7,20994,"biphone","SH-TH","type",0
"CMU",7,20994,"biphone","T-TH","type",1
"CMU",7,20994,"biphone","TH-TH","type",0
"CMU",7,20994,"biphone","V-TH","type",1
"CMU",7,20994,"biphone","W-TH","type",0
"CMU",7,20994,"biphone","Y-TH","type",0
"CMU",7,20994,"biphone","Z-TH","type",0
"CMU",7,20994,"biphone","ZH-TH","type",0
"CMU",7,20994,"biphone","Q-TH","type",0
"CMU",7,20994,"biphone","AA-V","type",91
"CMU",7,20994,"biphone","AE-V","type",84
"CMU",7,20994,"biphone","AH-V","type",195
"CMU",7,20994,"biphone","AO-V","type",14
"CMU",7,20994,"biphone","AW-V","type",1
"CMU",7,20994,"biphone","AY-V","type",45
"CMU",7,20994,"biphone","EH-V","type",127
"CMU",7,20994,"biphone","ER-V","type",66
"CMU",7,20994,"biphone","EY-V","type",88
"CMU",7,20994,"biphone","IH-V","type",219
"CMU",7,20994,"biphone","IY-V","type",114
"CMU",7,20994,"biphone","OW-V","type",176
"CMU",7,20994,"biphone","OY-V","type",2
"CMU",7,20994,"biphone","UH-V","type",0
"CMU",7,20994,"biphone","UW-V","type",37
"CMU",7,20994,"biphone","AX-V","type",0
"CMU",7,20994,"biphone","AXR-V","type",0
"CMU",7,20994,"biphone","IX-V","type",0
"CMU",7,20994,"biphone","UX-V","type",0
"CMU",7,20994,"biphone","B-V","type",2
"CMU",7,20994,"biphone","CH-V","type",0
"CMU",7,20994,"biphone","D-V","type",29
"CMU",7,20994,"biphone","DH-V","type",0
"CMU",7,20994,"biphone","F-V","type",0
"CMU",7,20994,"biphone","G-V","type",0
"CMU",7,20994,"biphone","HH-V","type",0
"CMU",7,20994,"biphone","JH-V","type",0
"CMU",7,20994,"biphone","K-V","type",6
"CMU",7,20994,"biphone","L-V","type",85
"CMU",7,20994,"biphone","M-V","type",1
"CMU",7,20994,"biphone","N-V","type",74
"CMU",7,20994,"biphone","NG-V","type",0
"CMU",7,20994,"biphone","P-V","type",1
"CMU",7,20994,"biphone","R-V","type",31
"CMU",7,20994,"biphone","S-V","type",15
"CMU",7,20994,"biphone","SH-V","type",2
"CMU",7,20994,"biphone","T-V","type",12
"CMU",7,20994,"biphone","TH-V","type",2
"CMU",7,20994,"biphone","V-V","type",0
"CMU",7,20994,"biphone","W-V","type",0
"CMU",7,20994,"biphone","Y-V","type",0
"CMU",7,20994,"biphone","Z-V","type",8
"CMU",7,20994,"biphone","ZH-V","type",0
"CMU",7,20994,"biphone","Q-V","type",0
"CMU",7,20994,"biphone","AA-W","type",14
"CMU",7,20994,"biphone","AE-W","type",1
"CMU",7,20994,"biphone","AH-W","type",61
"CMU",7,20994,"biphone","AO-W","type",0
"CMU",7,20994,"biphone","AW-W","type",1
"CMU",7,20994,"biphone","AY-W","type",7
"CMU",7,20994,"biphone","EH-W","type",0
"CMU",7,20994,"biphone","ER-W","type",31
"CMU",7,20994,"biphone","EY-W","type",1
"CMU",7,20994,"biphone","IH-W","type",9
"CMU",7,20994,"biphone","IY-W","type",24
"CMU",7,20994,"biphone","OW-W","type",7
"CMU",7,20994,"biphone","OY-W","type",0
"CMU",7,20994,"biphone","UH-W","type",0
"CMU",7,20994,"biphone","UW-W","type",3
"CMU",7,20994,"biphone","AX-W","type",0
"CMU",7,20994,"biphone","AXR-W","type",0
"CMU",7,20994,"biphone","IX-W","type",0
"CMU",7,20994,"biphone","UX-W","type",0
"CMU",7,20994,"biphone","B-W","type",10
"CMU",7,20994,"biphone","CH-W","type",4
"CMU",7,20994,"biphone","D-W","type",74
"CMU",7,20994,"biphone","DH-W","type",0
"CMU",7,20994,"biphone","F-W","type",4
"CMU",7,20994,"biphone","G-W","type",63
"CMU",7,20994,"biphone","HH-W","type",97
"CMU",7,20994,"biphone","JH-W","type",3
"CMU",7,20994,"biphone","K-W","type",287
"CMU",7,20994,"biphone","L-W","type",31
"CMU",7,20994,"biphone","M-W","type",16
"CMU",7,20994,"biphone","N-W","type",61
"CMU",7,20994,"biphone","NG-W","type",5
"CMU",7,20994,"biphone","P-W","type",12
"CMU",7,20994,"biphone","R-W","type",27
"CMU",7,20994,"biphone","S-W","type",120
"CMU",7,20994,"biphone","SH-W","type",15
"CMU",7,20994,"biphone","T-W","type",86
"CMU",7,20994,"biphone","TH-W","type",19
"CMU",7,20994,"biphone","V-W","type",2
"CMU",7,20994,"biphone","W-W","type",0
"CMU",7,20994,"biphone","Y-W","type",0
"CMU",7,20994,"biphone","Z-W","type",30
"CMU",7,20994,"biphone","ZH-W","type",2
"CMU",7,20994,"biphone","Q-W","type",0
"CMU",7,20994,"biphone","AA-Y","type",12
"CMU",7,20994,"biphone","AE-Y","type",0
"CMU",7,20994,"biphone","AH-Y","type",3
"CMU",7,20994,"biphone","AO-Y","type",0
"CMU",7,20994,"biphone","AW-Y","type",0
"CMU",7,20994,"biphone","AY-Y","type",1
"CMU",7,20994,"biphone","EH-Y","type",0
"CMU",7,20994,"biphone","ER-Y","type",2
"CMU",7,20994,"biphone","EY-Y","type",4
"CMU",7,20994,"biphone","IH-Y","type",5
"CMU",7,20994,"biphone","IY-Y","type",10
"CMU",7,20994,"biphone","OW-Y","type",7
"CMU",7,20994,"biphone","OY-Y","type",0
"CMU",7,20994,"biphone","UH-Y","type",0
"CMU",7,20994,"biphone","UW-Y","type",9
"CMU",7,20994,"biphone","AX-Y","type",0
"CMU",7,20994,"biphone","AXR-Y","type",0
"CMU",7,20994,"biphone","IX-Y","type",0
"CMU",7,20994,"biphone","UX-Y","type",0
"CMU",7,20994,"biphone","B-Y","type",39
"CMU",7,20994,"biphone","CH-Y","type",4
"CMU",7,20994,"biphone","D-Y","type",14
"CMU",7,20994,"biphone","DH-Y","type",1
"CMU",7,20994,"biphone","F-Y","type",27
"CMU",7,20994,"biphone","G-Y","type",21
"CMU",7,20994,"biphone","HH-Y","type",29
"CMU",7,20994,"biphone","JH-Y","type",1
"CMU",7,20994,"biphone","K-Y","type",91
"CMU",7,20994,"biphone","L-Y","type",70
"CMU",7,20994,"biphone","M-Y","type",49
"CMU",7,20994,"biphone","N-Y","type",84
"CMU",7,20994,"biphone","NG-Y","type",1
"CMU",7,20994,"biphone","P-Y","type",32
"CMU",7,20994,"biphone","R-Y","type",3
"CMU",7,20994,"biphone","S-Y","type",5
"CMU",7,20994,"biphone","SH-Y","type",7
"CMU",7,20994,"biphone","T-Y","type",19
"CMU",7,20994,"biphone","TH-Y","type",1
"CMU",7,20994,"biphone","V-Y","type",22
"CMU",7,20994,"biphone","W-Y","type",0
"CMU",7,20994,"biphone","Y-Y","type",0
"CMU",7,20994,"biphone","Z-Y","type",3
"CMU",7,20994,"biphone","ZH-Y","type",0
"CMU",7,20994,"biphone","Q-Y","type",0
"CMU",7,20994,"biphone","AA-Z","type",74
"CMU",7,20994,"biphone","AE-Z","type",35
"CMU",7,20994,"biphone","AH-Z","type",353
"CMU",7,20994,"biphone","AO-Z","type",17
"CMU",7,20994,"biphone","AW-Z","type",16
"CMU",7,20994,"biphone","AY-Z","type",190
"CMU",7,20994,"biphone","EH-Z","type",86
"CMU",7,20994,"biphone","ER-Z","type",505
"CMU",7,20994,"biphone","EY-Z","type",90
"CMU",7,20994,"biphone","IH-Z","type",420
"CMU",7,20994,"biphone","IY-Z","type",418
"CMU",7,20994,"biphone","OW-Z","type",206
"CMU",7,20994,"biphone","OY-Z","type",12
"CMU",7,20994,"biphone","UH-Z","type",1
"CMU",7,20994,"biphone","UW-Z","type",91
"CMU",7,20994,"biphone","AX-Z","type",0
"CMU",7,20994,"biphone","AXR-Z","type",0
"CMU",7,20994,"biphone","IX-Z","type",0
"CMU",7,20994,"biphone","UX-Z","type",0
"CMU",7,20994,"biphone","B-Z","type",30
"CMU",7,20994,"biphone","CH-Z","type",0
"CMU",7,20994,"biphone","D-Z","type",299
"CMU",7,20994,"biphone","DH-Z","type",0
"CMU",7,20994,"biphone","F-Z","type",3
"CMU",7,20994,"biphone","G-Z","type",57
"CMU",7,20994,"biphone","HH-Z","type",0
"CMU",7,20994,"biphone","JH-Z","type",0
"CMU",7,20994,"biphone","K-Z","type",0
"CMU",7,20994,"biphone","L-Z","type",427
"CMU",7,20994,"biphone","M-Z","type",155
"CMU",7,20994,"biphone","N-Z","type",860
"CMU",7,20994,"biphone","NG-Z","type",125
"CMU",7,20994,"biphone","P-Z","type",0
"CMU",7,20994,"biphone","R-Z","type",116
"CMU",7,20994,"biphone","S-Z","type",0
"CMU",7,20994,"biphone","SH-Z","type",0
"CMU",7,20994,"biphone","T-Z","type",48
"CMU",7,20994,"biphone","TH-Z","type",0
"CMU",7,20994,"biphone","V-Z","type",37
"CMU",7,20994,"biphone","W-Z","type",0
"CMU",7,20994,"biphone","Y-Z","type",0
"CMU",7,20994,"biphone","Z-Z","type",0
"CMU",7,20994,"biphone","ZH-Z","type",0
"CMU",7,20994,"biphone","Q-Z","type",0
"CMU",7,20994,"biphone","AA-ZH","type",12
"CMU",7,20994,"biphone","AE-ZH","type",4
"CMU",7,20994,"biphone","AH-ZH","type",1
"CMU",7,20994,"biphone","AO-ZH","type",0
"CMU",7,20994,"biphone","AW-ZH","type",0
"CMU",7,20994,"biphone","AY-ZH","type",0
"CMU",7,20994,"biphone","EH-ZH","type",6
"CMU",7,20994,"biphone","ER-ZH","type",8
"CMU",7,20994,"biphone","EY-ZH","type",15
"CMU",7,20994,"biphone","IH-ZH","type",14
"CMU",7,20994,"biphone","IY-ZH","type",7
"CMU",7,20994,"biphone","OW-ZH","type",9
"CMU",7,20994,"biphone","OY-ZH","type",0
"CMU",7,20994,"biphone","UH-ZH","type",0
"CMU",7,20994,"biphone","UW-ZH","type",6
"CMU",7,20994,"biphone","AX-ZH","type",0
"CMU",7,20994,"biphone","AXR-ZH","type",0
"CMU",7,20994,"biphone","IX-ZH","type",0
"CMU",7,20994,"biphone","UX-ZH","type",0
"CMU",7,20994,"biphone","B-ZH","type",0
"CMU",7,20994,"biphone","CH-ZH","type",0
"CMU",7,20994,"biphone","D-ZH","type",0
"CMU",7,20994,"biphone","DH-ZH","type",0
"CMU",7,20994,"biphone","F-ZH","type",0
"CMU",7,20994,"biphone","G-ZH","type",1
"CMU",7,20994,"biphone","HH-ZH","type",0
"CMU",7,20994,"biphone","JH-ZH","type",0
"CMU",7,20994,"biphone","K-ZH","type",0
"CMU",7,20994,"biphone","L-ZH","type",0
"CMU",7,20994,"biphone","M-ZH","type",0
"CMU",7,20994,"biphone","N-ZH","type",2
"CMU",7,20994,"biphone","NG-ZH","type",0
"CMU",7,20994,"biphone","P-ZH","type",0
"CMU",7,20994,"biphone","R-ZH","type",1
"CMU",7,20994,"biphone","S-ZH","type",1
"CMU",7,20994,"biphone","SH-ZH","type",0
"CMU",7,20994,"biphone","T-ZH","type",0
"CMU",7,20994,"biphone","TH-ZH","type",0
"CMU",7,20994,"biphone","V-ZH","type",0
"CMU",7,20994,"biphone","W-ZH","type",0
"CMU",7,20994,"biphone","Y-ZH","type",0
"CMU",7,20994,"biphone","Z-ZH","type",0
"CMU",7,20994,"biphone","ZH-ZH","type",0
"CMU",7,20994,"biphone","Q-ZH","type",0
"CMU",7,20994,"biphone","AA-Q","type",0
"CMU",7,20994,"biphone","AE-Q","type",0
"CMU",7,20994,"biphone","AH-Q","type",0
"CMU",7,20994,"biphone","AO-Q","type",0
"CMU",7,20994,"biphone","AW-Q","type",0
"CMU",7,20994,"biphone","AY-Q","type",0
"CMU",7,20994,"biphone","EH-Q","type",0
"CMU",7,20994,"biphone","ER-Q","type",0
"CMU",7,20994,"biphone","EY-Q","type",0
"CMU",7,20994,"biphone","IH-Q","type",0
"CMU",7,20994,"biphone","IY-Q","type",0
"CMU",7,20994,"biphone","OW-Q","type",0
"CMU",7,20994,"biphone","OY-Q","type",0
"CMU",7,20994,"biphone","UH-Q","type",0
"CMU",7,20994,"biphone","UW-Q","type",0
"CMU",7,20994,"biphone","AX-Q","type",0
"CMU",7,20994,"biphone","AXR-Q","type",0
"CMU",7,20994,"biphone","IX-Q","type",0
"CMU",7,20994,"biphone","UX-Q","type",0
"CMU",7,20994,"biphone","B-Q","type",0
"CMU",7,20994,"biphone","CH-Q","type",0
"CMU",7,20994,"biphone","D-Q","type",0
"CMU",7,20994,"biphone","DH-Q","type",0
"CMU",7,20994,"biphone","F-Q","type",0
"CMU",7,20994,"biphone","G-Q","type",0
"CMU",7,20994,"biphone","HH-Q","type",0
"CMU",7,20994,"biphone","JH-Q","type",0
"CMU",7,20994,"biphone","K-Q","type",0
"CMU",7,20994,"biphone","L-Q","type",0
"CMU",7,20994,"biphone","M-Q","type",0
"CMU",7,20994,"biphone","N-Q","type",0
"CMU",7,20994,"biphone","NG-Q","type",0
"CMU",7,20994,"biphone","P-Q","type",0
"CMU",7,20994,"biphone","R-Q","type",0
"CMU",7,20994,"biphone","S-Q","type",0
"CMU",7,20994,"biphone","SH-Q","type",0
"CMU",7,20994,"biphone","T-Q","type",0
"CMU",7,20994,"biphone","TH-Q","type",0
"CMU",7,20994,"biphone","V-Q","type",0
"CMU",7,20994,"biphone","W-Q","type",0
"CMU",7,20994,"biphone","Y-Q","type",0
"CMU",7,20994,"biphone","Z-Q","type",0
"CMU",7,20994,"biphone","ZH-Q","type",0
"CMU",7,20994,"biphone","Q-Q","type",0
"CMU",8,15211,"biphone","AA-AA","type",0
"CMU",8,15211,"biphone","AE-AA","type",0
"CMU",8,15211,"biphone","AH-AA","type",2
"CMU",8,15211,"biphone","AO-AA","type",0
"CMU",8,15211,"biphone","AW-AA","type",1
"CMU",8,15211,"biphone","AY-AA","type",10
"CMU",8,15211,"biphone","EH-AA","type",0
"CMU",8,15211,"biphone","ER-AA","type",31
"CMU",8,15211,"biphone","EY-AA","type",1
"CMU",8,15211,"biphone","IH-AA","type",3
"CMU",8,15211,"biphone","IY-AA","type",93
"CMU",8,15211,"biphone","OW-AA","type",1
"CMU",8,15211,"biphone","OY-AA","type",1
"CMU",8,15211,"biphone","UH-AA","type",0
"CMU",8,15211,"biphone","UW-AA","type",9
"CMU",8,15211,"biphone","AX-AA","type",0
"CMU",8,15211,"biphone","AXR-AA","type",0
"CMU",8,15211,"biphone","IX-AA","type",0
"CMU",8,15211,"biphone","UX-AA","type",0
"CMU",8,15211,"biphone","B-AA","type",199
"CMU",8,15211,"biphone","CH-AA","type",32
"CMU",8,15211,"biphone","D-AA","type",100
"CMU",8,15211,"biphone","DH-AA","type",0
"CMU",8,15211,"biphone","F-AA","type",85
"CMU",8,15211,"biphone","G-AA","type",139
"CMU",8,15211,"biphone","HH-AA","type",201
"CMU",8,15211,"biphone","JH-AA","type",26
"CMU",8,15211,"biphone","K-AA","type",524
"CMU",8,15211,"biphone","L-AA","type",210
"CMU",8,15211,"biphone","M-AA","type",395
"CMU",8,15211,"biphone","N-AA","type",246
"CMU",8,15211,"biphone","NG-AA","type",1
"CMU",8,15211,"biphone","P-AA","type",203
"CMU",8,15211,"biphone","R-AA","type",322
"CMU",8,15211,"biphone","S-AA","type",147
"CMU",8,15211,"biphone","SH-AA","type",26
"CMU",8,15211,"biphone","T-AA","type",247
"CMU",8,15211,"biphone","TH-AA","type",15
"CMU",8,15211,"biphone","V-AA","type",97
"CMU",8,15211,"biphone","W-AA","type",114
"CMU",8,15211,"biphone","Y-AA","type",79
"CMU",8,15211,"biphone","Z-AA","type",46
"CMU",8,15211,"biphone","ZH-AA","type",5
"CMU",8,15211,"biphone","Q-AA","type",0
"CMU",8,15211,"biphone","AA-AE","type",0
"CMU",8,15211,"biphone","AE-AE","type",0
"CMU",8,15211,"biphone","AH-AE","type",0
"CMU",8,15211,"biphone","AO-AE","type",0
"CMU",8,15211,"biphone","AW-AE","type",0
"CMU",8,15211,"biphone","AY-AE","type",12
"CMU",8,15211,"biphone","EH-AE","type",0
"CMU",8,15211,"biphone","ER-AE","type",31
"CMU",8,15211,"biphone","EY-AE","type",0
"CMU",8,15211,"biphone","IH-AE","type",0
"CMU",8,15211,"biphone","IY-AE","type",53
"CMU",8,15211,"biphone","OW-AE","type",3
"CMU",8,15211,"biphone","OY-AE","type",1
"CMU",8,15211,"biphone","UH-AE","type",0
"CMU",8,15211,"biphone","UW-AE","type",1
"CMU",8,15211,"biphone","AX-AE","type",0
"CMU",8,15211,"biphone","AXR-AE","type",0
"CMU",8,15211,"biphone","IX-AE","type",0
"CMU",8,15211,"biphone","UX-AE","type",0
"CMU",8,15211,"biphone","B-AE","type",152
"CMU",8,15211,"biphone","CH-AE","type",33
"CMU",8,15211,"biphone","D-AE","type",62
"CMU",8,15211,"biphone","DH-AE","type",0
"CMU",8,15211,"biphone","F-AE","type",57
"CMU",8,15211,"biphone","G-AE","type",48
"CMU",8,15211,"biphone","HH-AE","type",168
"CMU",8,15211,"biphone","JH-AE","type",25
"CMU",8,15211,"biphone","K-AE","type",281
"CMU",8,15211,"biphone","L-AE","type",329
"CMU",8,15211,"biphone","M-AE","type",288
"CMU",8,15211,"biphone","N-AE","type",127
"CMU",8,15211,"biphone","NG-AE","type",1
"CMU",8,15211,"biphone","P-AE","type",135
"CMU",8,15211,"biphone","R-AE","type",432
"CMU",8,15211,"biphone","S-AE","type",123
"CMU",8,15211,"biphone","SH-AE","type",28
"CMU",8,15211,"biphone","T-AE","type",178
"CMU",8,15211,"biphone","TH-AE","type",9
"CMU",8,15211,"biphone","V-AE","type",149
"CMU",8,15211,"biphone","W-AE","type",13
"CMU",8,15211,"biphone","Y-AE","type",10
"CMU",8,15211,"biphone","Z-AE","type",25
"CMU",8,15211,"biphone","ZH-AE","type",0
"CMU",8,15211,"biphone","Q-AE","type",0
"CMU",8,15211,"biphone","AA-AH","type",0
"CMU",8,15211,"biphone","AE-AH","type",1
"CMU",8,15211,"biphone","AH-AH","type",0
"CMU",8,15211,"biphone","AO-AH","type",2
"CMU",8,15211,"biphone","AW-AH","type",7
"CMU",8,15211,"biphone","AY-AH","type",78
"CMU",8,15211,"biphone","EH-AH","type",1
"CMU",8,15211,"biphone","ER-AH","type",113
"CMU",8,15211,"biphone","EY-AH","type",13
"CMU",8,15211,"biphone","IH-AH","type",0
"CMU",8,15211,"biphone","IY-AH","type",483
"CMU",8,15211,"biphone","OW-AH","type",21
"CMU",8,15211,"biphone","OY-AH","type",5
"CMU",8,15211,"biphone","UH-AH","type",0
"CMU",8,15211,"biphone","UW-AH","type",47
"CMU",8,15211,"biphone","AX-AH","type",0
"CMU",8,15211,"biphone","AXR-AH","type",0
"CMU",8,15211,"biphone","IX-AH","type",0
"CMU",8,15211,"biphone","UX-AH","type",0
"CMU",8,15211,"biphone","B-AH","type",400
"CMU",8,15211,"biphone","CH-AH","type",50
"CMU",8,15211,"biphone","D-AH","type",489
"CMU",8,15211,"biphone","DH-AH","type",4
"CMU",8,15211,"biphone","F-AH","type",169
"CMU",8,15211,"biphone","G-AH","type",336
"CMU",8,15211,"biphone","HH-AH","type",80
"CMU",8,15211,"biphone","JH-AH","type",179
"CMU",8,15211,"biphone","K-AH","type",943
"CMU",8,15211,"biphone","L-AH","type",838
"CMU",8,15211,"biphone","M-AH","type",1037
"CMU",8,15211,"biphone","N-AH","type",741
"CMU",8,15211,"biphone","NG-AH","type",16
"CMU",8,15211,"biphone","P-AH","type",262
"CMU",8,15211,"biphone","R-AH","type",888
"CMU",8,15211,"biphone","S-AH","type",888
"CMU",8,15211,"biphone","SH-AH","type",418
"CMU",8,15211,"biphone","T-AH","type",871
"CMU",8,15211,"biphone","TH-AH","type",43
"CMU",8,15211,"biphone","V-AH","type",228
"CMU",8,15211,"biphone","W-AH","type",104
"CMU",8,15211,"biphone","Y-AH","type",143
"CMU",8,15211,"biphone","Z-AH","type",231
"CMU",8,15211,"biphone","ZH-AH","type",56
"CMU",8,15211,"biphone","Q-AH","type",0
"CMU",8,15211,"biphone","AA-AO","type",1
"CMU",8,15211,"biphone","AE-AO","type",0
"CMU",8,15211,"biphone","AH-AO","type",1
"CMU",8,15211,"biphone","AO-AO","type",0
"CMU",8,15211,"biphone","AW-AO","type",0
"CMU",8,15211,"biphone","AY-AO","type",1
"CMU",8,15211,"biphone","EH-AO","type",0
"CMU",8,15211,"biphone","ER-AO","type",10
"CMU",8,15211,"biphone","EY-AO","type",1
"CMU",8,15211,"biphone","IH-AO","type",0
"CMU",8,15211,"biphone","IY-AO","type",21
"CMU",8,15211,"biphone","OW-AO","type",0
"CMU",8,15211,"biphone","OY-AO","type",0
"CMU",8,15211,"biphone","UH-AO","type",0
"CMU",8,15211,"biphone","UW-AO","type",1
"CMU",8,15211,"biphone","AX-AO","type",0
"CMU",8,15211,"biphone","AXR-AO","type",0
"CMU",8,15211,"biphone","IX-AO","type",0
"CMU",8,15211,"biphone","UX-AO","type",0
"CMU",8,15211,"biphone","B-AO","type",90
"CMU",8,15211,"biphone","CH-AO","type",4
"CMU",8,15211,"biphone","D-AO","type",68
"CMU",8,15211,"biphone","DH-AO","type",1
"CMU",8,15211,"biphone","F-AO","type",143
"CMU",8,15211,"biphone","G-AO","type",29
"CMU",8,15211,"biphone","HH-AO","type",76
"CMU",8,15211,"biphone","JH-AO","type",12
"CMU",8,15211,"biphone","K-AO","type",190
"CMU",8,15211,"biphone","L-AO","type",93
"CMU",8,15211,"biphone","M-AO","type",69
"CMU",8,15211,"biphone","N-AO","type",89
"CMU",8,15211,"biphone","NG-AO","type",0
"CMU",8,15211,"biphone","P-AO","type",83
"CMU",8,15211,"biphone","R-AO","type",84
"CMU",8,15211,"biphone","S-AO","type",64
"CMU",8,15211,"biphone","SH-AO","type",14
"CMU",8,15211,"biphone","T-AO","type",99
"CMU",8,15211,"biphone","TH-AO","type",23
"CMU",8,15211,"biphone","V-AO","type",15
"CMU",8,15211,"biphone","W-AO","type",115
"CMU",8,15211,"biphone","Y-AO","type",15
"CMU",8,15211,"biphone","Z-AO","type",21
"CMU",8,15211,"biphone","ZH-AO","type",1
"CMU",8,15211,"biphone","Q-AO","type",0
"CMU",8,15211,"biphone","AA-AW","type",0
"CMU",8,15211,"biphone","AE-AW","type",0
"CMU",8,15211,"biphone","AH-AW","type",0
"CMU",8,15211,"biphone","AO-AW","type",0
"CMU",8,15211,"biphone","AW-AW","type",0
"CMU",8,15211,"biphone","AY-AW","type",0
"CMU",8,15211,"biphone","EH-AW","type",0
"CMU",8,15211,"biphone","ER-AW","type",4
"CMU",8,15211,"biphone","EY-AW","type",0
"CMU",8,15211,"biphone","IH-AW","type",0
"CMU",8,15211,"biphone","IY-AW","type",0
"CMU",8,15211,"biphone","OW-AW","type",0
"CMU",8,15211,"biphone","OY-AW","type",0
"CMU",8,15211,"biphone","UH-AW","type",0
"CMU",8,15211,"biphone","UW-AW","type",0
"CMU",8,15211,"biphone","AX-AW","type",0
"CMU",8,15211,"biphone","AXR-AW","type",0
"CMU",8,15211,"biphone","IX-AW","type",0
"CMU",8,15211,"biphone","UX-AW","type",0
"CMU",8,15211,"biphone","B-AW","type",36
"CMU",8,15211,"biphone","CH-AW","type",4
"CMU",8,15211,"biphone","D-AW","type",23
"CMU",8,15211,"biphone","DH-AW","type",0
"CMU",8,15211,"biphone","F-AW","type",4
"CMU",8,15211,"biphone","G-AW","type",0
"CMU",8,15211,"biphone","HH-AW","type",61
"CMU",8,15211,"biphone","JH-AW","type",0
"CMU",8,15211,"biphone","K-AW","type",62
"CMU",8,15211,"biphone","L-AW","type",26
"CMU",8,15211,"biphone","M-AW","type",15
"CMU",8,15211,"biphone","N-AW","type",12
"CMU",8,15211,"biphone","NG-AW","type",0
"CMU",8,15211,"biphone","P-AW","type",16
"CMU",8,15211,"biphone","R-AW","type",41
"CMU",8,15211,"biphone","S-AW","type",10
"CMU",8,15211,"biphone","SH-AW","type",0
"CMU",8,15211,"biphone","T-AW","type",22
"CMU",8,15211,"biphone","TH-AW","type",2
"CMU",8,15211,"biphone","V-AW","type",1
"CMU",8,15211,"biphone","W-AW","type",2
"CMU",8,15211,"biphone","Y-AW","type",0
"CMU",8,15211,"biphone","Z-AW","type",0
"CMU",8,15211,"biphone","ZH-AW","type",0
"CMU",8,15211,"biphone","Q-AW","type",0
"CMU",8,15211,"biphone","AA-AY","type",0
"CMU",8,15211,"biphone","AE-AY","type",0
"CMU",8,15211,"biphone","AH-AY","type",0
"CMU",8,15211,"biphone","AO-AY","type",0
"CMU",8,15211,"biphone","AW-AY","type",0
"CMU",8,15211,"biphone","AY-AY","type",0
"CMU",8,15211,"biphone","EH-AY","type",0
"CMU",8,15211,"biphone","ER-AY","type",35
"CMU",8,15211,"biphone","EY-AY","type",0
"CMU",8,15211,"biphone","IH-AY","type",0
"CMU",8,15211,"biphone","IY-AY","type",0
"CMU",8,15211,"biphone","OW-AY","type",0
"CMU",8,15211,"biphone","OY-AY","type",0
"CMU",8,15211,"biphone","UH-AY","type",0
"CMU",8,15211,"biphone","UW-AY","type",0
"CMU",8,15211,"biphone","AX-AY","type",0
"CMU",8,15211,"biphone","AXR-AY","type",0
"CMU",8,15211,"biphone","IX-AY","type",0
"CMU",8,15211,"biphone","UX-AY","type",0
"CMU",8,15211,"biphone","B-AY","type",66
"CMU",8,15211,"biphone","CH-AY","type",17
"CMU",8,15211,"biphone","D-AY","type",105
"CMU",8,15211,"biphone","DH-AY","type",0
"CMU",8,15211,"biphone","F-AY","type",140
"CMU",8,15211,"biphone","G-AY","type",9
"CMU",8,15211,"biphone","HH-AY","type",88
"CMU",8,15211,"biphone","JH-AY","type",8
"CMU",8,15211,"biphone","K-AY","type",23
"CMU",8,15211,"biphone","L-AY","type",222
"CMU",8,15211,"biphone","M-AY","type",95
"CMU",8,15211,"biphone","N-AY","type",74
"CMU",8,15211,"biphone","NG-AY","type",1
"CMU",8,15211,"biphone","P-AY","type",37
"CMU",8,15211,"biphone","R-AY","type",141
"CMU",8,15211,"biphone","S-AY","type",119
"CMU",8,15211,"biphone","SH-AY","type",9
"CMU",8,15211,"biphone","T-AY","type",162
"CMU",8,15211,"biphone","TH-AY","type",3
"CMU",8,15211,"biphone","V-AY","type",40
"CMU",8,15211,"biphone","W-AY","type",89
"CMU",8,15211,"biphone","Y-AY","type",0
"CMU",8,15211,"biphone","Z-AY","type",16
"CMU",8,15211,"biphone","ZH-AY","type",0
"CMU",8,15211,"biphone","Q-AY","type",0
"CMU",8,15211,"biphone","AA-EH","type",0
"CMU",8,15211,"biphone","AE-EH","type",0
"CMU",8,15211,"biphone","AH-EH","type",1
"CMU",8,15211,"biphone","AO-EH","type",0
"CMU",8,15211,"biphone","AW-EH","type",0
"CMU",8,15211,"biphone","AY-EH","type",3
"CMU",8,15211,"biphone","EH-EH","type",0
"CMU",8,15211,"biphone","ER-EH","type",38
"CMU",8,15211,"biphone","EY-EH","type",4
"CMU",8,15211,"biphone","IH-EH","type",2
"CMU",8,15211,"biphone","IY-EH","type",45
"CMU",8,15211,"biphone","OW-EH","type",4
"CMU",8,15211,"biphone","OY-EH","type",0
"CMU",8,15211,"biphone","UH-EH","type",0
"CMU",8,15211,"biphone","UW-EH","type",17
"CMU",8,15211,"biphone","AX-EH","type",0
"CMU",8,15211,"biphone","AXR-EH","type",0
"CMU",8,15211,"biphone","IX-EH","type",0
"CMU",8,15211,"biphone","UX-EH","type",0
"CMU",8,15211,"biphone","B-EH","type",225
"CMU",8,15211,"biphone","CH-EH","type",85
"CMU",8,15211,"biphone","D-EH","type",208
"CMU",8,15211,"biphone","DH-EH","type",4
"CMU",8,15211,"biphone","F-EH","type",155
"CMU",8,15211,"biphone","G-EH","type",53
"CMU",8,15211,"biphone","HH-EH","type",136
"CMU",8,15211,"biphone","JH-EH","type",125
"CMU",8,15211,"biphone","K-EH","type",98
"CMU",8,15211,"biphone","L-EH","type",281
"CMU",8,15211,"biphone","M-EH","type",260
"CMU",8,15211,"biphone","N-EH","type",163
"CMU",8,15211,"biphone","NG-EH","type",2
"CMU",8,15211,"biphone","P-EH","type",200
"CMU",8,15211,"biphone","R-EH","type",444
"CMU",8,15211,"biphone","S-EH","type",292
"CMU",8,15211,"biphone","SH-EH","type",31
"CMU",8,15211,"biphone","T-EH","type",306
"CMU",8,15211,"biphone","TH-EH","type",12
"CMU",8,15211,"biphone","V-EH","type",137
"CMU",8,15211,"biphone","W-EH","type",173
"CMU",8,15211,"biphone","Y-EH","type",29
"CMU",8,15211,"biphone","Z-EH","type",35
"CMU",8,15211,"biphone","ZH-EH","type",0
"CMU",8,15211,"biphone","Q-EH","type",0
"CMU",8,15211,"biphone","AA-ER","type",0
"CMU",8,15211,"biphone","AE-ER","type",0
"CMU",8,15211,"biphone","AH-ER","type",0
"CMU",8,15211,"biphone","AO-ER","type",0
"CMU",8,15211,"biphone","AW-ER","type",20
"CMU",8,15211,"biphone","AY-ER","type",40
"CMU",8,15211,"biphone","EH-ER","type",1
"CMU",8,15211,"biphone","ER-ER","type",6
"CMU",8,15211,"biphone","EY-ER","type",8
"CMU",8,15211,"biphone","IH-ER","type",0
"CMU",8,15211,"biphone","IY-ER","type",25
"CMU",8,15211,"biphone","OW-ER","type",5
"CMU",8,15211,"biphone","OY-ER","type",3
"CMU",8,15211,"biphone","UH-ER","type",0
"CMU",8,15211,"biphone","UW-ER","type",8
"CMU",8,15211,"biphone","AX-ER","type",0
"CMU",8,15211,"biphone","AXR-ER","type",0
"CMU",8,15211,"biphone","IX-ER","type",0
"CMU",8,15211,"biphone","UX-ER","type",0
"CMU",8,15211,"biphone","B-ER","type",380
"CMU",8,15211,"biphone","CH-ER","type",71
"CMU",8,15211,"biphone","D-ER","type",346
"CMU",8,15211,"biphone","DH-ER","type",53
"CMU",8,15211,"biphone","F-ER","type",122
"CMU",8,15211,"biphone","G-ER","type",100
"CMU",8,15211,"biphone","HH-ER","type",35
"CMU",8,15211,"biphone","JH-ER","type",68
"CMU",8,15211,"biphone","K-ER","type",190
"CMU",8,15211,"biphone","L-ER","type",155
"CMU",8,15211,"biphone","M-ER","type",131
"CMU",8,15211,"biphone","N-ER","type",142
"CMU",8,15211,"biphone","NG-ER","type",32
"CMU",8,15211,"biphone","P-ER","type",242
"CMU",8,15211,"biphone","R-ER","type",6
"CMU",8,15211,"biphone","S-ER","type",124
"CMU",8,15211,"biphone","SH-ER","type",15
"CMU",8,15211,"biphone","T-ER","type",681
"CMU",8,15211,"biphone","TH-ER","type",15
"CMU",8,15211,"biphone","V-ER","type",262
"CMU",8,15211,"biphone","W-ER","type",88
"CMU",8,15211,"biphone","Y-ER","type",35
"CMU",8,15211,"biphone","Z-ER","type",68
"CMU",8,15211,"biphone","ZH-ER","type",11
"CMU",8,15211,"biphone","Q-ER","type",0
"CMU",8,15211,"biphone","AA-EY","type",0
"CMU",8,15211,"biphone","AE-EY","type",0
"CMU",8,15211,"biphone","AH-EY","type",2
"CMU",8,15211,"biphone","AO-EY","type",0
"CMU",8,15211,"biphone","AW-EY","type",0
"CMU",8,15211,"biphone","AY-EY","type",0
"CMU",8,15211,"biphone","EH-EY","type",0
"CMU",8,15211,"biphone","ER-EY","type",95
"CMU",8,15211,"biphone","EY-EY","type",0
"CMU",8,15211,"biphone","IH-EY","type",0
"CMU",8,15211,"biphone","IY-EY","type",55
"CMU",8,15211,"biphone","OW-EY","type",3
"CMU",8,15211,"biphone","OY-EY","type",0
"CMU",8,15211,"biphone","UH-EY","type",0
"CMU",8,15211,"biphone","UW-EY","type",14
"CMU",8,15211,"biphone","AX-EY","type",0
"CMU",8,15211,"biphone","AXR-EY","type",0
"CMU",8,15211,"biphone","IX-EY","type",0
"CMU",8,15211,"biphone","UX-EY","type",0
"CMU",8,15211,"biphone","B-EY","type",38
"CMU",8,15211,"biphone","CH-EY","type",19
"CMU",8,15211,"biphone","D-EY","type",80
"CMU",8,15211,"biphone","DH-EY","type",0
"CMU",8,15211,"biphone","F-EY","type",20
"CMU",8,15211,"biphone","G-EY","type",46
"CMU",8,15211,"biphone","HH-EY","type",30
"CMU",8,15211,"biphone","JH-EY","type",8
"CMU",8,15211,"biphone","K-EY","type",98
"CMU",8,15211,"biphone","L-EY","type",202
"CMU",8,15211,"biphone","M-EY","type",119
"CMU",8,15211,"biphone","N-EY","type",81
"CMU",8,15211,"biphone","NG-EY","type",1
"CMU",8,15211,"biphone","P-EY","type",72
"CMU",8,15211,"biphone","R-EY","type",207
"CMU",8,15211,"biphone","S-EY","type",71
"CMU",8,15211,"biphone","SH-EY","type",15
"CMU",8,15211,"biphone","T-EY","type",141
"CMU",8,15211,"biphone","TH-EY","type",0
"CMU",8,15211,"biphone","V-EY","type",57
"CMU",8,15211,"biphone","W-EY","type",49
"CMU",8,15211,"biphone","Y-EY","type",3
"CMU",8,15211,"biphone","Z-EY","type",6
"CMU",8,15211,"biphone","ZH-EY","type",2
"CMU",8,15211,"biphone","Q-EY","type",0
"CMU",8,15211,"biphone","AA-IH","type",2
"CMU",8,15211,"biphone","AE-IH","type",0
"CMU",8,15211,"biphone","AH-IH","type",1
"CMU",8,15211,"biphone","AO-IH","type",3
"CMU",8,15211,"biphone","AW-IH","type",3
"CMU",8,15211,"biphone","AY-IH","type",21
"CMU",8,15211,"biphone","EH-IH","type",0
"CMU",8,15211,"biphone","ER-IH","type",120
"CMU",8,15211,"biphone","EY-IH","type",13
"CMU",8,15211,"biphone","IH-IH","type",0
"CMU",8,15211,"biphone","IY-IH","type",34
"CMU",8,15211,"biphone","OW-IH","type",14
"CMU",8,15211,"biphone","OY-IH","type",1
"CMU",8,15211,"biphone","UH-IH","type",1
"CMU",8,15211,"biphone","UW-IH","type",11
"CMU",8,15211,"biphone","AX-IH","type",0
"CMU",8,15211,"biphone","AXR-IH","type",0
"CMU",8,15211,"biphone","IX-IH","type",0
"CMU",8,15211,"biphone","UX-IH","type",0
"CMU",8,15211,"biphone","B-IH","type",177
"CMU",8,15211,"biphone","CH-IH","type",78
"CMU",8,15211,"biphone","D-IH","type",726
"CMU",8,15211,"biphone","DH-IH","type",2
"CMU",8,15211,"biphone","F-IH","type",157
"CMU",8,15211,"biphone","G-IH","type",110
"CMU",8,15211,"biphone","HH-IH","type",81
"CMU",8,15211,"biphone","JH-IH","type",139
"CMU",8,15211,"biphone","K-IH","type",220
"CMU",8,15211,"biphone","L-IH","type",820
"CMU",8,15211,"biphone","M-IH","type",473
"CMU",8,15211,"biphone","N-IH","type",475
"CMU",8,15211,"biphone","NG-IH","type",4
"CMU",8,15211,"biphone","P-IH","type",166
"CMU",8,15211,"biphone","R-IH","type",744
"CMU",8,15211,"biphone","S-IH","type",671
"CMU",8,15211,"biphone","SH-IH","type",97
"CMU",8,15211,"biphone","T-IH","type",877
"CMU",8,15211,"biphone","TH-IH","type",17
"CMU",8,15211,"biphone","V-IH","type",295
"CMU",8,15211,"biphone","W-IH","type",249
"CMU",8,15211,"biphone","Y-IH","type",9
"CMU",8,15211,"biphone","Z-IH","type",190
"CMU",8,15211,"biphone","ZH-IH","type",9
"CMU",8,15211,"biphone","Q-IH","type",0
"CMU",8,15211,"biphone","AA-IY","type",4
"CMU",8,15211,"biphone","AE-IY","type",0
"CMU",8,15211,"biphone","AH-IY","type",0
"CMU",8,15211,"biphone","AO-IY","type",0
"CMU",8,15211,"biphone","AW-IY","type",6
"CMU",8,15211,"biphone","AY-IY","type",0
"CMU",8,15211,"biphone","EH-IY","type",0
"CMU",8,15211,"biphone","ER-IY","type",71
"CMU",8,15211,"biphone","EY-IY","type",1
"CMU",8,15211,"biphone","IH-IY","type",0
"CMU",8,15211,"biphone","IY-IY","type",0
"CMU",8,15211,"biphone","OW-IY","type",1
"CMU",8,15211,"biphone","OY-IY","type",0
"CMU",8,15211,"biphone","UH-IY","type",0
"CMU",8,15211,"biphone","UW-IY","type",8
"CMU",8,15211,"biphone","AX-IY","type",0
"CMU",8,15211,"biphone","AXR-IY","type",0
"CMU",8,15211,"biphone","IX-IY","type",0
"CMU",8,15211,"biphone","UX-IY","type",0
"CMU",8,15211,"biphone","B-IY","type",87
"CMU",8,15211,"biphone","CH-IY","type",75
"CMU",8,15211,"biphone","D-IY","type",262
"CMU",8,15211,"biphone","DH-IY","type",5
"CMU",8,15211,"biphone","F-IY","type",129
"CMU",8,15211,"biphone","G-IY","type",33
"CMU",8,15211,"biphone","HH-IY","type",36
"CMU",8,15211,"biphone","JH-IY","type",93
"CMU",8,15211,"biphone","K-IY","type",476
"CMU",8,15211,"biphone","L-IY","type",650
"CMU",8,15211,"biphone","M-IY","type",129
"CMU",8,15211,"biphone","N-IY","type",384
"CMU",8,15211,"biphone","NG-IY","type",1
"CMU",8,15211,"biphone","P-IY","type",141
"CMU",8,15211,"biphone","R-IY","type",969
"CMU",8,15211,"biphone","S-IY","type",270
"CMU",8,15211,"biphone","SH-IY","type",65
"CMU",8,15211,"biphone","T-IY","type",458
"CMU",8,15211,"biphone","TH-IY","type",32
"CMU",8,15211,"biphone","V-IY","type",105
"CMU",8,15211,"biphone","W-IY","type",65
"CMU",8,15211,"biphone","Y-IY","type",4
"CMU",8,15211,"biphone","Z-IY","type",87
"CMU",8,15211,"biphone","ZH-IY","type",2
"CMU",8,15211,"biphone","Q-IY","type",0
"CMU",8,15211,"biphone","AA-OW","type",0
"CMU",8,15211,"biphone","AE-OW","type",0
"CMU",8,15211,"biphone","AH-OW","type",0
"CMU",8,15211,"biphone","AO-OW","type",0
"CMU",8,15211,"biphone","AW-OW","type",0
"CMU",8,15211,"biphone","AY-OW","type",10
"CMU",8,15211,"biphone","EH-OW","type",0
"CMU",8,15211,"biphone","ER-OW","type",16
"CMU",8,15211,"biphone","EY-OW","type",4
"CMU",8,15211,"biphone","IH-OW","type",0
"CMU",8,15211,"biphone","IY-OW","type",137
"CMU",8,15211,"biphone","OW-OW","type",0
"CMU",8,15211,"biphone","OY-OW","type",0
"CMU",8,15211,"biphone","UH-OW","type",0
"CMU",8,15211,"biphone","UW-OW","type",3
"CMU",8,15211,"biphone","AX-OW","type",0
"CMU",8,15211,"biphone","AXR-OW","type",0
"CMU",8,15211,"biphone","IX-OW","type",0
"CMU",8,15211,"biphone","UX-OW","type",0
"CMU",8,15211,"biphone","B-OW","type",59
"CMU",8,15211,"biphone","CH-OW","type",5
"CMU",8,15211,"biphone","D-OW","type",148
"CMU",8,15211,"biphone","DH-OW","type",0
"CMU",8,15211,"biphone","F-OW","type",52
"CMU",8,15211,"biphone","G-OW","type",81
"CMU",8,15211,"biphone","HH-OW","type",111
"CMU",8,15211,"biphone","JH-OW","type",24
"CMU",8,15211,"biphone","K-OW","type",210
"CMU",8,15211,"biphone","L-OW","type",194
"CMU",8,15211,"biphone","M-OW","type",145
"CMU",8,15211,"biphone","N-OW","type",234
"CMU",8,15211,"biphone","NG-OW","type",1
"CMU",8,15211,"biphone","P-OW","type",106
"CMU",8,15211,"biphone","R-OW","type",351
"CMU",8,15211,"biphone","S-OW","type",74
"CMU",8,15211,"biphone","SH-OW","type",6
"CMU",8,15211,"biphone","T-OW","type",233
"CMU",8,15211,"biphone","TH-OW","type",3
"CMU",8,15211,"biphone","V-OW","type",39
"CMU",8,15211,"biphone","W-OW","type",17
"CMU",8,15211,"biphone","Y-OW","type",31
"CMU",8,15211,"biphone","Z-OW","type",23
"CMU",8,15211,"biphone","ZH-OW","type",0
"CMU",8,15211,"biphone","Q-OW","type",0
"CMU",8,15211,"biphone","AA-OY","type",0
"CMU",8,15211,"biphone","AE-OY","type",0
"CMU",8,15211,"biphone","AH-OY","type",0
"CMU",8,15211,"biphone","AO-OY","type",0
"CMU",8,15211,"biphone","AW-OY","type",0
"CMU",8,15211,"biphone","AY-OY","type",0
"CMU",8,15211,"biphone","EH-OY","type",0
"CMU",8,15211,"biphone","ER-OY","type",0
"CMU",8,15211,"biphone","EY-OY","type",0
"CMU",8,15211,"biphone","IH-OY","type",0
"CMU",8,15211,"biphone","IY-OY","type",0
"CMU",8,15211,"biphone","OW-OY","type",0
"CMU",8,15211,"biphone","OY-OY","type",0
"CMU",8,15211,"biphone","UH-OY","type",0
"CMU",8,15211,"biphone","UW-OY","type",0
"CMU",8,15211,"biphone","AX-OY","type",0
"CMU",8,15211,"biphone","AXR-OY","type",0
"CMU",8,15211,"biphone","IX-OY","type",0
"CMU",8,15211,"biphone","UX-OY","type",0
"CMU",8,15211,"biphone","B-OY","type",8
"CMU",8,15211,"biphone","CH-OY","type",0
"CMU",8,15211,"biphone","D-OY","type",3
"CMU",8,15211,"biphone","DH-OY","type",0
"CMU",8,15211,"biphone","F-OY","type",1
"CMU",8,15211,"biphone","G-OY","type",0
"CMU",8,15211,"biphone","HH-OY","type",1
"CMU",8,15211,"biphone","JH-OY","type",3
"CMU",8,15211,"biphone","K-OY","type",3
"CMU",8,15211,"biphone","L-OY","type",9
"CMU",8,15211,"biphone","M-OY","type",4
"CMU",8,15211,"biphone","N-OY","type",7
"CMU",8,15211,"biphone","NG-OY","type",0
"CMU",8,15211,"biphone","P-OY","type",18
"CMU",8,15211,"biphone","R-OY","type",11
"CMU",8,15211,"biphone","S-OY","type",1
"CMU",8,15211,"biphone","SH-OY","type",0
"CMU",8,15211,"biphone","T-OY","type",3
"CMU",8,15211,"biphone","TH-OY","type",0
"CMU",8,15211,"biphone","V-OY","type",3
"CMU",8,15211,"biphone","W-OY","type",5
"CMU",8,15211,"biphone","Y-OY","type",0
"CMU",8,15211,"biphone","Z-OY","type",0
"CMU",8,15211,"biphone","ZH-OY","type",0
"CMU",8,15211,"biphone","Q-OY","type",0
"CMU",8,15211,"biphone","AA-UH","type",0
"CMU",8,15211,"biphone","AE-UH","type",0
"CMU",8,15211,"biphone","AH-UH","type",0
"CMU",8,15211,"biphone","AO-UH","type",0
"CMU",8,15211,"biphone","AW-UH","type",0
"CMU",8,15211,"biphone","AY-UH","type",0
"CMU",8,15211,"biphone","EH-UH","type",0
"CMU",8,15211,"biphone","ER-UH","type",0
"CMU",8,15211,"biphone","EY-UH","type",0
"CMU",8,15211,"biphone","IH-UH","type",0
"CMU",8,15211,"biphone","IY-UH","type",0
"CMU",8,15211,"biphone","OW-UH","type",0
"CMU",8,15211,"biphone","OY-UH","type",0
"CMU",8,15211,"biphone","UH-UH","type",0
"CMU",8,15211,"biphone","UW-UH","type",1
"CMU",8,15211,"biphone","AX-UH","type",0
"CMU",8,15211,"biphone","AXR-UH","type",0
"CMU",8,15211,"biphone","IX-UH","type",0
"CMU",8,15211,"biphone","UX-UH","type",0
"CMU",8,15211,"biphone","B-UH","type",51
"CMU",8,15211,"biphone","CH-UH","type",7
"CMU",8,15211,"biphone","D-UH","type",8
"CMU",8,15211,"biphone","DH-UH","type",0
"CMU",8,15211,"biphone","F-UH","type",15
"CMU",8,15211,"biphone","G-UH","type",17
"CMU",8,15211,"biphone","HH-UH","type",21
"CMU",8,15211,"biphone","JH-UH","type",3
"CMU",8,15211,"biphone","K-UH","type",8
"CMU",8,15211,"biphone","L-UH","type",11
"CMU",8,15211,"biphone","M-UH","type",21
"CMU",8,15211,"biphone","N-UH","type",8
"CMU",8,15211,"biphone","NG-UH","type",0
"CMU",8,15211,"biphone","P-UH","type",10
"CMU",8,15211,"biphone","R-UH","type",35
"CMU",8,15211,"biphone","S-UH","type",1
"CMU",8,15211,"biphone","SH-UH","type",6
"CMU",8,15211,"biphone","T-UH","type",6
"CMU",8,15211,"biphone","TH-UH","type",1
"CMU",8,15211,"biphone","V-UH","type",2
"CMU",8,15211,"biphone","W-UH","type",49
"CMU",8,15211,"biphone","Y-UH","type",38
"CMU",8,15211,"biphone","Z-UH","type",1
"CMU",8,15211,"biphone","ZH-UH","type",0
"CMU",8,15211,"biphone","Q-UH","type",0
"CMU",8,15211,"biphone","AA-UW","type",2
"CMU",8,15211,"biphone","AE-UW","type",0
"CMU",8,15211,"biphone","AH-UW","type",0
"CMU",8,15211,"biphone","AO-UW","type",0
"CMU",8,15211,"biphone","AW-UW","type",0
"CMU",8,15211,"biphone","AY-UW","type",1
"CMU",8,15211,"biphone","EH-UW","type",0
"CMU",8,15211,"biphone","ER-UW","type",3
"CMU",8,15211,"biphone","EY-UW","type",0
"CMU",8,15211,"biphone","IH-UW","type",0
"CMU",8,15211,"biphone","IY-UW","type",12
"CMU",8,15211,"biphone","OW-UW","type",0
"CMU",8,15211,"biphone","OY-UW","type",1
"CMU",8,15211,"biphone","UH-UW","type",0
"CMU",8,15211,"biphone","UW-UW","type",0
"CMU",8,15211,"biphone","AX-UW","type",0
"CMU",8,15211,"biphone","AXR-UW","type",0
"CMU",8,15211,"biphone","IX-UW","type",0
"CMU",8,15211,"biphone","UX-UW","type",0
"CMU",8,15211,"biphone","B-UW","type",28
"CMU",8,15211,"biphone","CH-UW","type",28
"CMU",8,15211,"biphone","D-UW","type",49
"CMU",8,15211,"biphone","DH-UW","type",0
"CMU",8,15211,"biphone","F-UW","type",21
"CMU",8,15211,"biphone","G-UW","type",24
"CMU",8,15211,"biphone","HH-UW","type",9
"CMU",8,15211,"biphone","JH-UW","type",27
"CMU",8,15211,"biphone","K-UW","type",67
"CMU",8,15211,"biphone","L-UW","type",108
"CMU",8,15211,"biphone","M-UW","type",42
"CMU",8,15211,"biphone","N-UW","type",74
"CMU",8,15211,"biphone","NG-UW","type",0
"CMU",8,15211,"biphone","P-UW","type",12
"CMU",8,15211,"biphone","R-UW","type",120
"CMU",8,15211,"biphone","S-UW","type",75
"CMU",8,15211,"biphone","SH-UW","type",12
"CMU",8,15211,"biphone","T-UW","type",57
"CMU",8,15211,"biphone","TH-UW","type",0
"CMU",8,15211,"biphone","V-UW","type",1
"CMU",8,15211,"biphone","W-UW","type",2
"CMU",8,15211,"biphone","Y-UW","type",353
"CMU",8,15211,"biphone","Z-UW","type",17
"CMU",8,15211,"biphone","ZH-UW","type",1
"CMU",8,15211,"biphone","Q-UW","type",0
"CMU",8,15211,"biphone","AA-AX","type",0
"CMU",8,15211,"biphone","AE-AX","type",0
"CMU",8,15211,"biphone","AH-AX","type",0
"CMU",8,15211,"biphone","AO-AX","type",0
"CMU",8,15211,"biphone","AW-AX","type",0
"CMU",8,15211,"biphone","AY-AX","type",0
"CMU",8,15211,"biphone","EH-AX","type",0
"CMU",8,15211,"biphone","ER-AX","type",0
"CMU",8,15211,"biphone","EY-AX","type",0
"CMU",8,15211,"biphone","IH-AX","type",0
"CMU",8,15211,"biphone","IY-AX","type",0
"CMU",8,15211,"biphone","OW-AX","type",0
"CMU",8,15211,"biphone","OY-AX","type",0
"CMU",8,15211,"biphone","UH-AX","type",0
"CMU",8,15211,"biphone","UW-AX","type",0
"CMU",8,15211,"biphone","AX-AX","type",0
"CMU",8,15211,"biphone","AXR-AX","type",0
"CMU",8,15211,"biphone","IX-AX","type",0
"CMU",8,15211,"biphone","UX-AX","type",0
"CMU",8,15211,"biphone","B-AX","type",0
"CMU",8,15211,"biphone","CH-AX","type",0
"CMU",8,15211,"biphone","D-AX","type",0
"CMU",8,15211,"biphone","DH-AX","type",0
"CMU",8,15211,"biphone","F-AX","type",0
"CMU",8,15211,"biphone","G-AX","type",0
"CMU",8,15211,"biphone","HH-AX","type",0
"CMU",8,15211,"biphone","JH-AX","type",0
"CMU",8,15211,"biphone","K-AX","type",0
"CMU",8,15211,"biphone","L-AX","type",0
"CMU",8,15211,"biphone","M-AX","type",0
"CMU",8,15211,"biphone","N-AX","type",0
"CMU",8,15211,"biphone","NG-AX","type",0
"CMU",8,15211,"biphone","P-AX","type",0
"CMU",8,15211,"biphone","R-AX","type",0
"CMU",8,15211,"biphone","S-AX","type",0
"CMU",8,15211,"biphone","SH-AX","type",0
"CMU",8,15211,"biphone","T-AX","type",0
"CMU",8,15211,"biphone","TH-AX","type",0
"CMU",8,15211,"biphone","V-AX","type",0
"CMU",8,15211,"biphone","W-AX","type",0
"CMU",8,15211,"biphone","Y-AX","type",0
"CMU",8,15211,"biphone","Z-AX","type",0
"CMU",8,15211,"biphone","ZH-AX","type",0
"CMU",8,15211,"biphone","Q-AX","type",0
"CMU",8,15211,"biphone","AA-AXR","type",0
"CMU",8,15211,"biphone","AE-AXR","type",0
"CMU",8,15211,"biphone","AH-AXR","type",0
"CMU",8,15211,"biphone","AO-AXR","type",0
"CMU",8,15211,"biphone","AW-AXR","type",0
"CMU",8,15211,"biphone","AY-AXR","type",0
"CMU",8,15211,"biphone","EH-AXR","type",0
"CMU",8,15211,"biphone","ER-AXR","type",0
"CMU",8,15211,"biphone","EY-AXR","type",0
"CMU",8,15211,"biphone","IH-AXR","type",0
"CMU",8,15211,"biphone","IY-AXR","type",0
"CMU",8,15211,"biphone","OW-AXR","type",0
"CMU",8,15211,"biphone","OY-AXR","type",0
"CMU",8,15211,"biphone","UH-AXR","type",0
"CMU",8,15211,"biphone","UW-AXR","type",0
"CMU",8,15211,"biphone","AX-AXR","type",0
"CMU",8,15211,"biphone","AXR-AXR","type",0
"CMU",8,15211,"biphone","IX-AXR","type",0
"CMU",8,15211,"biphone","UX-AXR","type",0
"CMU",8,15211,"biphone","B-AXR","type",0
"CMU",8,15211,"biphone","CH-AXR","type",0
"CMU",8,15211,"biphone","D-AXR","type",0
"CMU",8,15211,"biphone","DH-AXR","type",0
"CMU",8,15211,"biphone","F-AXR","type",0
"CMU",8,15211,"biphone","G-AXR","type",0
"CMU",8,15211,"biphone","HH-AXR","type",0
"CMU",8,15211,"biphone","JH-AXR","type",0
"CMU",8,15211,"biphone","K-AXR","type",0
"CMU",8,15211,"biphone","L-AXR","type",0
"CMU",8,15211,"biphone","M-AXR","type",0
"CMU",8,15211,"biphone","N-AXR","type",0
"CMU",8,15211,"biphone","NG-AXR","type",0
"CMU",8,15211,"biphone","P-AXR","type",0
"CMU",8,15211,"biphone","R-AXR","type",0
"CMU",8,15211,"biphone","S-AXR","type",0
"CMU",8,15211,"biphone","SH-AXR","type",0
"CMU",8,15211,"biphone","T-AXR","type",0
"CMU",8,15211,"biphone","TH-AXR","type",0
"CMU",8,15211,"biphone","V-AXR","type",0
"CMU",8,15211,"biphone","W-AXR","type",0
"CMU",8,15211,"biphone","Y-AXR","type",0
"CMU",8,15211,"biphone","Z-AXR","type",0
"CMU",8,15211,"biphone","ZH-AXR","type",0
"CMU",8,15211,"biphone","Q-AXR","type",0
"CMU",8,15211,"biphone","AA-IX","type",0
"CMU",8,15211,"biphone","AE-IX","type",0
"CMU",8,15211,"biphone","AH-IX","type",0
"CMU",8,15211,"biphone","AO-IX","type",0
"CMU",8,15211,"biphone","AW-IX","type",0
"CMU",8,15211,"biphone","AY-IX","type",0
"CMU",8,15211,"biphone","EH-IX","type",0
"CMU",8,15211,"biphone","ER-IX","type",0
"CMU",8,15211,"biphone","EY-IX","type",0
"CMU",8,15211,"biphone","IH-IX","type",0
"CMU",8,15211,"biphone","IY-IX","type",0
"CMU",8,15211,"biphone","OW-IX","type",0
"CMU",8,15211,"biphone","OY-IX","type",0
"CMU",8,15211,"biphone","UH-IX","type",0
"CMU",8,15211,"biphone","UW-IX","type",0
"CMU",8,15211,"biphone","AX-IX","type",0
"CMU",8,15211,"biphone","AXR-IX","type",0
"CMU",8,15211,"biphone","IX-IX","type",0
"CMU",8,15211,"biphone","UX-IX","type",0
"CMU",8,15211,"biphone","B-IX","type",0
"CMU",8,15211,"biphone","CH-IX","type",0
"CMU",8,15211,"biphone","D-IX","type",0
"CMU",8,15211,"biphone","DH-IX","type",0
"CMU",8,15211,"biphone","F-IX","type",0
"CMU",8,15211,"biphone","G-IX","type",0
"CMU",8,15211,"biphone","HH-IX","type",0
"CMU",8,15211,"biphone","JH-IX","type",0
"CMU",8,15211,"biphone","K-IX","type",0
"CMU",8,15211,"biphone","L-IX","type",0
"CMU",8,15211,"biphone","M-IX","type",0
"CMU",8,15211,"biphone","N-IX","type",0
"CMU",8,15211,"biphone","NG-IX","type",0
"CMU",8,15211,"biphone","P-IX","type",0
"CMU",8,15211,"biphone","R-IX","type",0
"CMU",8,15211,"biphone","S-IX","type",0
"CMU",8,15211,"biphone","SH-IX","type",0
"CMU",8,15211,"biphone","T-IX","type",0
"CMU",8,15211,"biphone","TH-IX","type",0
"CMU",8,15211,"biphone","V-IX","type",0
"CMU",8,15211,"biphone","W-IX","type",0
"CMU",8,15211,"biphone","Y-IX","type",0
"CMU",8,15211,"biphone","Z-IX","type",0
"CMU",8,15211,"biphone","ZH-IX","type",0
"CMU",8,15211,"biphone","Q-IX","type",0
"CMU",8,15211,"biphone","AA-UX","type",0
"CMU",8,15211,"biphone","AE-UX","type",0
"CMU",8,15211,"biphone","AH-UX","type",0
"CMU",8,15211,"biphone","AO-UX","type",0
"CMU",8,15211,"biphone","AW-UX","type",0
"CMU",8,15211,"biphone","AY-UX","type",0
"CMU",8,15211,"biphone","EH-UX","type",0
"CMU",8,15211,"biphone","ER-UX","type",0
"CMU",8,15211,"biphone","EY-UX","type",0
"CMU",8,15211,"biphone","IH-UX","type",0
"CMU",8,15211,"biphone","IY-UX","type",0
"CMU",8,15211,"biphone","OW-UX","type",0
"CMU",8,15211,"biphone","OY-UX","type",0
"CMU",8,15211,"biphone","UH-UX","type",0
"CMU",8,15211,"biphone","UW-UX","type",0
"CMU",8,15211,"biphone","AX-UX","type",0
"CMU",8,15211,"biphone","AXR-UX","type",0
"CMU",8,15211,"biphone","IX-UX","type",0
"CMU",8,15211,"biphone","UX-UX","type",0
"CMU",8,15211,"biphone","B-UX","type",0
"CMU",8,15211,"biphone","CH-UX","type",0
"CMU",8,15211,"biphone","D-UX","type",0
"CMU",8,15211,"biphone","DH-UX","type",0
"CMU",8,15211,"biphone","F-UX","type",0
"CMU",8,15211,"biphone","G-UX","type",0
"CMU",8,15211,"biphone","HH-UX","type",0
"CMU",8,15211,"biphone","JH-UX","type",0
"CMU",8,15211,"biphone","K-UX","type",0
"CMU",8,15211,"biphone","L-UX","type",0
"CMU",8,15211,"biphone","M-UX","type",0
"CMU",8,15211,"biphone","N-UX","type",0
"CMU",8,15211,"biphone","NG-UX","type",0
"CMU",8,15211,"biphone","P-UX","type",0
"CMU",8,15211,"biphone","R-UX","type",0
"CMU",8,15211,"biphone","S-UX","type",0
"CMU",8,15211,"biphone","SH-UX","type",0
"CMU",8,15211,"biphone","T-UX","type",0
"CMU",8,15211,"biphone","TH-UX","type",0
"CMU",8,15211,"biphone","V-UX","type",0
"CMU",8,15211,"biphone","W-UX","type",0
"CMU",8,15211,"biphone","Y-UX","type",0
"CMU",8,15211,"biphone","Z-UX","type",0
"CMU",8,15211,"biphone","ZH-UX","type",0
"CMU",8,15211,"biphone","Q-UX","type",0
"CMU",8,15211,"biphone","AA-B","type",61
"CMU",8,15211,"biphone","AE-B","type",73
"CMU",8,15211,"biphone","AH-B","type",374
"CMU",8,15211,"biphone","AO-B","type",8
"CMU",8,15211,"biphone","AW-B","type",1
"CMU",8,15211,"biphone","AY-B","type",35
"CMU",8,15211,"biphone","EH-B","type",21
"CMU",8,15211,"biphone","ER-B","type",103
"CMU",8,15211,"biphone","EY-B","type",41
"CMU",8,15211,"biphone","IH-B","type",88
"CMU",8,15211,"biphone","IY-B","type",37
"CMU",8,15211,"biphone","OW-B","type",82
"CMU",8,15211,"biphone","OY-B","type",0
"CMU",8,15211,"biphone","UH-B","type",0
"CMU",8,15211,"biphone","UW-B","type",33
"CMU",8,15211,"biphone","AX-B","type",0
"CMU",8,15211,"biphone","AXR-B","type",0
"CMU",8,15211,"biphone","IX-B","type",0
"CMU",8,15211,"biphone","UX-B","type",0
"CMU",8,15211,"biphone","B-B","type",0
"CMU",8,15211,"biphone","CH-B","type",6
"CMU",8,15211,"biphone","D-B","type",44
"CMU",8,15211,"biphone","DH-B","type",0
"CMU",8,15211,"biphone","F-B","type",2
"CMU",8,15211,"biphone","G-B","type",3
"CMU",8,15211,"biphone","HH-B","type",0
"CMU",8,15211,"biphone","JH-B","type",1
"CMU",8,15211,"biphone","K-B","type",22
"CMU",8,15211,"biphone","L-B","type",81
"CMU",8,15211,"biphone","M-B","type",211
"CMU",8,15211,"biphone","N-B","type",214
"CMU",8,15211,"biphone","NG-B","type",8
"CMU",8,15211,"biphone","P-B","type",7
"CMU",8,15211,"biphone","R-B","type",68
"CMU",8,15211,"biphone","S-B","type",80
"CMU",8,15211,"biphone","SH-B","type",6
"CMU",8,15211,"biphone","T-B","type",29
"CMU",8,15211,"biphone","TH-B","type",3
"CMU",8,15211,"biphone","V-B","type",2
"CMU",8,15211,"biphone","W-B","type",0
"CMU",8,15211,"biphone","Y-B","type",0
"CMU",8,15211,"biphone","Z-B","type",44
"CMU",8,15211,"biphone","ZH-B","type",0
"CMU",8,15211,"biphone","Q-B","type",0
"CMU",8,15211,"biphone","AA-CH","type",31
"CMU",8,15211,"biphone","AE-CH","type",34
"CMU",8,15211,"biphone","AH-CH","type",45
"CMU",8,15211,"biphone","AO-CH","type",1
"CMU",8,15211,"biphone","AW-CH","type",4
"CMU",8,15211,"biphone","AY-CH","type",1
"CMU",8,15211,"biphone","EH-CH","type",17
"CMU",8,15211,"biphone","ER-CH","type",18
"CMU",8,15211,"biphone","EY-CH","type",3
"CMU",8,15211,"biphone","IH-CH","type",93
"CMU",8,15211,"biphone","IY-CH","type",27
"CMU",8,15211,"biphone","OW-CH","type",15
"CMU",8,15211,"biphone","OY-CH","type",4
"CMU",8,15211,"biphone","UH-CH","type",0
"CMU",8,15211,"biphone","UW-CH","type",25
"CMU",8,15211,"biphone","AX-CH","type",0
"CMU",8,15211,"biphone","AXR-CH","type",0
"CMU",8,15211,"biphone","IX-CH","type",0
"CMU",8,15211,"biphone","UX-CH","type",0
"CMU",8,15211,"biphone","B-CH","type",1
"CMU",8,15211,"biphone","CH-CH","type",0
"CMU",8,15211,"biphone","D-CH","type",2
"CMU",8,15211,"biphone","DH-CH","type",0
"CMU",8,15211,"biphone","F-CH","type",0
"CMU",8,15211,"biphone","G-CH","type",0
"CMU",8,15211,"biphone","HH-CH","type",0
"CMU",8,15211,"biphone","JH-CH","type",0
"CMU",8,15211,"biphone","K-CH","type",18
"CMU",8,15211,"biphone","L-CH","type",10
"CMU",8,15211,"biphone","M-CH","type",4
"CMU",8,15211,"biphone","N-CH","type",74
"CMU",8,15211,"biphone","NG-CH","type",1
"CMU",8,15211,"biphone","P-CH","type",8
"CMU",8,15211,"biphone","R-CH","type",27
"CMU",8,15211,"biphone","S-CH","type",41
"CMU",8,15211,"biphone","SH-CH","type",0
"CMU",8,15211,"biphone","T-CH","type",2
"CMU",8,15211,"biphone","TH-CH","type",2
"CMU",8,15211,"biphone","V-CH","type",3
"CMU",8,15211,"biphone","W-CH","type",0
"CMU",8,15211,"biphone","Y-CH","type",0
"CMU",8,15211,"biphone","Z-CH","type",0
"CMU",8,15211,"biphone","ZH-CH","type",0
"CMU",8,15211,"biphone","Q-CH","type",0
"CMU",8,15211,"biphone","AA-D","type",131
"CMU",8,15211,"biphone","AE-D","type",118
"CMU",8,15211,"biphone","AH-D","type",330
"CMU",8,15211,"biphone","AO-D","type",32
"CMU",8,15211,"biphone","AW-D","type",10
"CMU",8,15211,"biphone","AY-D","type",150
"CMU",8,15211,"biphone","EH-D","type",187
"CMU",8,15211,"biphone","ER-D","type",148
"CMU",8,15211,"biphone","EY-D","type",94
"CMU",8,15211,"biphone","IH-D","type",399
"CMU",8,15211,"biphone","IY-D","type",129
"CMU",8,15211,"biphone","OW-D","type",82
"CMU",8,15211,"biphone","OY-D","type",12
"CMU",8,15211,"biphone","UH-D","type",68
"CMU",8,15211,"biphone","UW-D","type",69
"CMU",8,15211,"biphone","AX-D","type",0
"CMU",8,15211,"biphone","AXR-D","type",0
"CMU",8,15211,"biphone","IX-D","type",0
"CMU",8,15211,"biphone","UX-D","type",0
"CMU",8,15211,"biphone","B-D","type",16
"CMU",8,15211,"biphone","CH-D","type",0
"CMU",8,15211,"biphone","D-D","type",0
"CMU",8,15211,"biphone","DH-D","type",2
"CMU",8,15211,"biphone","F-D","type",2
"CMU",8,15211,"biphone","G-D","type",12
"CMU",8,15211,"biphone","HH-D","type",0
"CMU",8,15211,"biphone","JH-D","type",17
"CMU",8,15211,"biphone","K-D","type",35
"CMU",8,15211,"biphone","L-D","type",386
"CMU",8,15211,"biphone","M-D","type",14
"CMU",8,15211,"biphone","N-D","type",1042
"CMU",8,15211,"biphone","NG-D","type",2
"CMU",8,15211,"biphone","P-D","type",6
"CMU",8,15211,"biphone","R-D","type",260
"CMU",8,15211,"biphone","S-D","type",12
"CMU",8,15211,"biphone","SH-D","type",1
"CMU",8,15211,"biphone","T-D","type",5
"CMU",8,15211,"biphone","TH-D","type",2
"CMU",8,15211,"biphone","V-D","type",11
"CMU",8,15211,"biphone","W-D","type",0
"CMU",8,15211,"biphone","Y-D","type",0
"CMU",8,15211,"biphone","Z-D","type",80
"CMU",8,15211,"biphone","ZH-D","type",3
"CMU",8,15211,"biphone","Q-D","type",0
"CMU",8,15211,"biphone","AA-DH","type",7
"CMU",8,15211,"biphone","AE-DH","type",0
"CMU",8,15211,"biphone","AH-DH","type",18
"CMU",8,15211,"biphone","AO-DH","type",0
"CMU",8,15211,"biphone","AW-DH","type",1
"CMU",8,15211,"biphone","AY-DH","type",0
"CMU",8,15211,"biphone","EH-DH","type",24
"CMU",8,15211,"biphone","ER-DH","type",5
"CMU",8,15211,"biphone","EY-DH","type",1
"CMU",8,15211,"biphone","IH-DH","type",10
"CMU",8,15211,"biphone","IY-DH","type",0
"CMU",8,15211,"biphone","OW-DH","type",1
"CMU",8,15211,"biphone","OY-DH","type",0
"CMU",8,15211,"biphone","UH-DH","type",0
"CMU",8,15211,"biphone","UW-DH","type",0
"CMU",8,15211,"biphone","AX-DH","type",0
"CMU",8,15211,"biphone","AXR-DH","type",0
"CMU",8,15211,"biphone","IX-DH","type",0
"CMU",8,15211,"biphone","UX-DH","type",0
"CMU",8,15211,"biphone","B-DH","type",0
"CMU",8,15211,"biphone","CH-DH","type",0
"CMU",8,15211,"biphone","D-DH","type",0
"CMU",8,15211,"biphone","DH-DH","type",0
"CMU",8,15211,"biphone","F-DH","type",0
"CMU",8,15211,"biphone","G-DH","type",0
"CMU",8,15211,"biphone","HH-DH","type",0
"CMU",8,15211,"biphone","JH-DH","type",0
"CMU",8,15211,"biphone","K-DH","type",0
"CMU",8,15211,"biphone","L-DH","type",0
"CMU",8,15211,"biphone","M-DH","type",0
"CMU",8,15211,"biphone","N-DH","type",1
"CMU",8,15211,"biphone","NG-DH","type",0
"CMU",8,15211,"biphone","P-DH","type",0
"CMU",8,15211,"biphone","R-DH","type",1
"CMU",8,15211,"biphone","S-DH","type",0
"CMU",8,15211,"biphone","SH-DH","type",0
"CMU",8,15211,"biphone","T-DH","type",0
"CMU",8,15211,"biphone","TH-DH","type",0
"CMU",8,15211,"biphone","V-DH","type",0
"CMU",8,15211,"biphone","W-DH","type",0
"CMU",8,15211,"biphone","Y-DH","type",0
"CMU",8,15211,"biphone","Z-DH","type",0
"CMU",8,15211,"biphone","ZH-DH","type",0
"CMU",8,15211,"biphone","Q-DH","type",0
"CMU",8,15211,"biphone","AA-F","type",47
"CMU",8,15211,"biphone","AE-F","type",86
"CMU",8,15211,"biphone","AH-F","type",218
"CMU",8,15211,"biphone","AO-F","type",87
"CMU",8,15211,"biphone","AW-F","type",1
"CMU",8,15211,"biphone","AY-F","type",24
"CMU",8,15211,"biphone","EH-F","type",65
"CMU",8,15211,"biphone","ER-F","type",68
"CMU",8,15211,"biphone","EY-F","type",8
"CMU",8,15211,"biphone","IH-F","type",171
"CMU",8,15211,"biphone","IY-F","type",40
"CMU",8,15211,"biphone","OW-F","type",29
"CMU",8,15211,"biphone","OY-F","type",3
"CMU",8,15211,"biphone","UH-F","type",1
"CMU",8,15211,"biphone","UW-F","type",12
"CMU",8,15211,"biphone","AX-F","type",0
"CMU",8,15211,"biphone","AXR-F","type",0
"CMU",8,15211,"biphone","IX-F","type",0
"CMU",8,15211,"biphone","UX-F","type",0
"CMU",8,15211,"biphone","B-F","type",2
"CMU",8,15211,"biphone","CH-F","type",6
"CMU",8,15211,"biphone","D-F","type",35
"CMU",8,15211,"biphone","DH-F","type",0
"CMU",8,15211,"biphone","F-F","type",0
"CMU",8,15211,"biphone","G-F","type",3
"CMU",8,15211,"biphone","HH-F","type",0
"CMU",8,15211,"biphone","JH-F","type",2
"CMU",8,15211,"biphone","K-F","type",33
"CMU",8,15211,"biphone","L-F","type",44
"CMU",8,15211,"biphone","M-F","type",24
"CMU",8,15211,"biphone","N-F","type",128
"CMU",8,15211,"biphone","NG-F","type",3
"CMU",8,15211,"biphone","P-F","type",16
"CMU",8,15211,"biphone","R-F","type",33
"CMU",8,15211,"biphone","S-F","type",51
"CMU",8,15211,"biphone","SH-F","type",3
"CMU",8,15211,"biphone","T-F","type",38
"CMU",8,15211,"biphone","TH-F","type",5
"CMU",8,15211,"biphone","V-F","type",0
"CMU",8,15211,"biphone","W-F","type",0
"CMU",8,15211,"biphone","Y-F","type",0
"CMU",8,15211,"biphone","Z-F","type",3
"CMU",8,15211,"biphone","ZH-F","type",0
"CMU",8,15211,"biphone","Q-F","type",0
"CMU",8,15211,"biphone","AA-G","type",111
"CMU",8,15211,"biphone","AE-G","type",92
"CMU",8,15211,"biphone","AH-G","type",198
"CMU",8,15211,"biphone","AO-G","type",27
"CMU",8,15211,"biphone","AW-G","type",2
"CMU",8,15211,"biphone","AY-G","type",16
"CMU",8,15211,"biphone","EH-G","type",60
"CMU",8,15211,"biphone","ER-G","type",218
"CMU",8,15211,"biphone","EY-G","type",35
"CMU",8,15211,"biphone","IH-G","type",178
"CMU",8,15211,"biphone","IY-G","type",52
"CMU",8,15211,"biphone","OW-G","type",38
"CMU",8,15211,"biphone","OY-G","type",0
"CMU",8,15211,"biphone","UH-G","type",2
"CMU",8,15211,"biphone","UW-G","type",37
"CMU",8,15211,"biphone","AX-G","type",0
"CMU",8,15211,"biphone","AXR-G","type",0
"CMU",8,15211,"biphone","IX-G","type",0
"CMU",8,15211,"biphone","UX-G","type",0
"CMU",8,15211,"biphone","B-G","type",1
"CMU",8,15211,"biphone","CH-G","type",1
"CMU",8,15211,"biphone","D-G","type",15
"CMU",8,15211,"biphone","DH-G","type",0
"CMU",8,15211,"biphone","F-G","type",5
"CMU",8,15211,"biphone","G-G","type",0
"CMU",8,15211,"biphone","HH-G","type",0
"CMU",8,15211,"biphone","JH-G","type",0
"CMU",8,15211,"biphone","K-G","type",5
"CMU",8,15211,"biphone","L-G","type",35
"CMU",8,15211,"biphone","M-G","type",9
"CMU",8,15211,"biphone","N-G","type",28
"CMU",8,15211,"biphone","NG-G","type",144
"CMU",8,15211,"biphone","P-G","type",6
"CMU",8,15211,"biphone","R-G","type",71
"CMU",8,15211,"biphone","S-G","type",13
"CMU",8,15211,"biphone","SH-G","type",1
"CMU",8,15211,"biphone","T-G","type",7
"CMU",8,15211,"biphone","TH-G","type",0
"CMU",8,15211,"biphone","V-G","type",0
"CMU",8,15211,"biphone","W-G","type",0
"CMU",8,15211,"biphone","Y-G","type",0
"CMU",8,15211,"biphone","Z-G","type",2
"CMU",8,15211,"biphone","ZH-G","type",0
"CMU",8,15211,"biphone","Q-G","type",0
"CMU",8,15211,"biphone","AA-HH","type",17
"CMU",8,15211,"biphone","AE-HH","type",1
"CMU",8,15211,"biphone","AH-HH","type",52
"CMU",8,15211,"biphone","AO-HH","type",0
"CMU",8,15211,"biphone","AW-HH","type",0
"CMU",8,15211,"biphone","AY-HH","type",2
"CMU",8,15211,"biphone","EH-HH","type",5
"CMU",8,15211,"biphone","ER-HH","type",41
"CMU",8,15211,"biphone","EY-HH","type",8
"CMU",8,15211,"biphone","IH-HH","type",30
"CMU",8,15211,"biphone","IY-HH","type",25
"CMU",8,15211,"biphone","OW-HH","type",21
"CMU",8,15211,"biphone","OY-HH","type",0
"CMU",8,15211,"biphone","UH-HH","type",3
"CMU",8,15211,"biphone","UW-HH","type",10
"CMU",8,15211,"biphone","AX-HH","type",0
"CMU",8,15211,"biphone","AXR-HH","type",0
"CMU",8,15211,"biphone","IX-HH","type",0
"CMU",8,15211,"biphone","UX-HH","type",0
"CMU",8,15211,"biphone","B-HH","type",2
"CMU",8,15211,"biphone","CH-HH","type",2
"CMU",8,15211,"biphone","D-HH","type",32
"CMU",8,15211,"biphone","DH-HH","type",0
"CMU",8,15211,"biphone","F-HH","type",3
"CMU",8,15211,"biphone","G-HH","type",5
"CMU",8,15211,"biphone","HH-HH","type",0
"CMU",8,15211,"biphone","JH-HH","type",2
"CMU",8,15211,"biphone","K-HH","type",28
"CMU",8,15211,"biphone","L-HH","type",29
"CMU",8,15211,"biphone","M-HH","type",5
"CMU",8,15211,"biphone","N-HH","type",85
"CMU",8,15211,"biphone","NG-HH","type",33
"CMU",8,15211,"biphone","P-HH","type",6
"CMU",8,15211,"biphone","R-HH","type",12
"CMU",8,15211,"biphone","S-HH","type",24
"CMU",8,15211,"biphone","SH-HH","type",1
"CMU",8,15211,"biphone","T-HH","type",30
"CMU",8,15211,"biphone","TH-HH","type",2
"CMU",8,15211,"biphone","V-HH","type",2
"CMU",8,15211,"biphone","W-HH","type",0
"CMU",8,15211,"biphone","Y-HH","type",0
"CMU",8,15211,"biphone","Z-HH","type",7
"CMU",8,15211,"biphone","ZH-HH","type",0
"CMU",8,15211,"biphone","Q-HH","type",0
"CMU",8,15211,"biphone","AA-JH","type",31
"CMU",8,15211,"biphone","AE-JH","type",26
"CMU",8,15211,"biphone","AH-JH","type",104
"CMU",8,15211,"biphone","AO-JH","type",1
"CMU",8,15211,"biphone","AW-JH","type",0
"CMU",8,15211,"biphone","AY-JH","type",13
"CMU",8,15211,"biphone","EH-JH","type",36
"CMU",8,15211,"biphone","ER-JH","type",33
"CMU",8,15211,"biphone","EY-JH","type",14
"CMU",8,15211,"biphone","IH-JH","type",123
"CMU",8,15211,"biphone","IY-JH","type",32
"CMU",8,15211,"biphone","OW-JH","type",9
"CMU",8,15211,"biphone","OY-JH","type",0
"CMU",8,15211,"biphone","UH-JH","type",0
"CMU",8,15211,"biphone","UW-JH","type",25
"CMU",8,15211,"biphone","AX-JH","type",0
"CMU",8,15211,"biphone","AXR-JH","type",0
"CMU",8,15211,"biphone","IX-JH","type",0
"CMU",8,15211,"biphone","UX-JH","type",0
"CMU",8,15211,"biphone","B-JH","type",10
"CMU",8,15211,"biphone","CH-JH","type",0
"CMU",8,15211,"biphone","D-JH","type",0
"CMU",8,15211,"biphone","DH-JH","type",0
"CMU",8,15211,"biphone","F-JH","type",0
"CMU",8,15211,"biphone","G-JH","type",0
"CMU",8,15211,"biphone","HH-JH","type",0
"CMU",8,15211,"biphone","JH-JH","type",0
"CMU",8,15211,"biphone","K-JH","type",0
"CMU",8,15211,"biphone","L-JH","type",15
"CMU",8,15211,"biphone","M-JH","type",0
"CMU",8,15211,"biphone","N-JH","type",133
"CMU",8,15211,"biphone","NG-JH","type",2
"CMU",8,15211,"biphone","P-JH","type",3
"CMU",8,15211,"biphone","R-JH","type",34
"CMU",8,15211,"biphone","S-JH","type",2
"CMU",8,15211,"biphone","SH-JH","type",0
"CMU",8,15211,"biphone","T-JH","type",8
"CMU",8,15211,"biphone","TH-JH","type",0
"CMU",8,15211,"biphone","V-JH","type",0
"CMU",8,15211,"biphone","W-JH","type",0
"CMU",8,15211,"biphone","Y-JH","type",0
"CMU",8,15211,"biphone","Z-JH","type",0
"CMU",8,15211,"biphone","ZH-JH","type",0
"CMU",8,15211,"biphone","Q-JH","type",0
"CMU",8,15211,"biphone","AA-K","type",254
"CMU",8,15211,"biphone","AE-K","type",411
"CMU",8,15211,"biphone","AH-K","type",577
"CMU",8,15211,"biphone","AO-K","type",31
"CMU",8,15211,"biphone","AW-K","type",0
"CMU",8,15211,"biphone","AY-K","type",84
"CMU",8,15211,"biphone","EH-K","type",418
"CMU",8,15211,"biphone","ER-K","type",103
"CMU",8,15211,"biphone","EY-K","type",100
"CMU",8,15211,"biphone","IH-K","type",764
"CMU",8,15211,"biphone","IY-K","type",149
"CMU",8,15211,"biphone","OW-K","type",83
"CMU",8,15211,"biphone","OY-K","type",1
"CMU",8,15211,"biphone","UH-K","type",67
"CMU",8,15211,"biphone","UW-K","type",57
"CMU",8,15211,"biphone","AX-K","type",0
"CMU",8,15211,"biphone","AXR-K","type",0
"CMU",8,15211,"biphone","IX-K","type",0
"CMU",8,15211,"biphone","UX-K","type",0
"CMU",8,15211,"biphone","B-K","type",5
"CMU",8,15211,"biphone","CH-K","type",7
"CMU",8,15211,"biphone","D-K","type",19
"CMU",8,15211,"biphone","DH-K","type",0
"CMU",8,15211,"biphone","F-K","type",4
"CMU",8,15211,"biphone","G-K","type",1
"CMU",8,15211,"biphone","HH-K","type",0
"CMU",8,15211,"biphone","JH-K","type",2
"CMU",8,15211,"biphone","K-K","type",3
"CMU",8,15211,"biphone","L-K","type",84
"CMU",8,15211,"biphone","M-K","type",15
"CMU",8,15211,"biphone","N-K","type",102
"CMU",8,15211,"biphone","NG-K","type",194
"CMU",8,15211,"biphone","P-K","type",8
"CMU",8,15211,"biphone","R-K","type",167
"CMU",8,15211,"biphone","S-K","type",769
"CMU",8,15211,"biphone","SH-K","type",8
"CMU",8,15211,"biphone","T-K","type",41
"CMU",8,15211,"biphone","TH-K","type",4
"CMU",8,15211,"biphone","V-K","type",0
"CMU",8,15211,"biphone","W-K","type",0
"CMU",8,15211,"biphone","Y-K","type",0
"CMU",8,15211,"biphone","Z-K","type",14
"CMU",8,15211,"biphone","ZH-K","type",1
"CMU",8,15211,"biphone","Q-K","type",0
"CMU",8,15211,"biphone","AA-L","type",344
"CMU",8,15211,"biphone","AE-L","type",291
"CMU",8,15211,"biphone","AH-L","type",1715
"CMU",8,15211,"biphone","AO-L","type",158
"CMU",8,15211,"biphone","AW-L","type",4
"CMU",8,15211,"biphone","AY-L","type",70
"CMU",8,15211,"biphone","EH-L","type",553
"CMU",8,15211,"biphone","ER-L","type",98
"CMU",8,15211,"biphone","EY-L","type",79
"CMU",8,15211,"biphone","IH-L","type",583
"CMU",8,15211,"biphone","IY-L","type",203
"CMU",8,15211,"biphone","OW-L","type",362
"CMU",8,15211,"biphone","OY-L","type",8
"CMU",8,15211,"biphone","UH-L","type",35
"CMU",8,15211,"biphone","UW-L","type",87
"CMU",8,15211,"biphone","AX-L","type",0
"CMU",8,15211,"biphone","AXR-L","type",0
"CMU",8,15211,"biphone","IX-L","type",0
"CMU",8,15211,"biphone","UX-L","type",0
"CMU",8,15211,"biphone","B-L","type",165
"CMU",8,15211,"biphone","CH-L","type",3
"CMU",8,15211,"biphone","D-L","type",78
"CMU",8,15211,"biphone","DH-L","type",0
"CMU",8,15211,"biphone","F-L","type",138
"CMU",8,15211,"biphone","G-L","type",130
"CMU",8,15211,"biphone","HH-L","type",1
"CMU",8,15211,"biphone","JH-L","type",1
"CMU",8,15211,"biphone","K-L","type",301
"CMU",8,15211,"biphone","L-L","type",3
"CMU",8,15211,"biphone","M-L","type",18
"CMU",8,15211,"biphone","N-L","type",53
"CMU",8,15211,"biphone","NG-L","type",28
"CMU",8,15211,"biphone","P-L","type",195
"CMU",8,15211,"biphone","R-L","type",58
"CMU",8,15211,"biphone","S-L","type",108
"CMU",8,15211,"biphone","SH-L","type",16
"CMU",8,15211,"biphone","T-L","type",100
"CMU",8,15211,"biphone","TH-L","type",9
"CMU",8,15211,"biphone","V-L","type",23
"CMU",8,15211,"biphone","W-L","type",0
"CMU",8,15211,"biphone","Y-L","type",0
"CMU",8,15211,"biphone","Z-L","type",18
"CMU",8,15211,"biphone","ZH-L","type",0
"CMU",8,15211,"biphone","Q-L","type",0
"CMU",8,15211,"biphone","AA-M","type",260
"CMU",8,15211,"biphone","AE-M","type",258
"CMU",8,15211,"biphone","AH-M","type",638
"CMU",8,15211,"biphone","AO-M","type",9
"CMU",8,15211,"biphone","AW-M","type",20
"CMU",8,15211,"biphone","AY-M","type",57
"CMU",8,15211,"biphone","EH-M","type",187
"CMU",8,15211,"biphone","ER-M","type",159
"CMU",8,15211,"biphone","EY-M","type",56
"CMU",8,15211,"biphone","IH-M","type",318
"CMU",8,15211,"biphone","IY-M","type",136
"CMU",8,15211,"biphone","OW-M","type",135
"CMU",8,15211,"biphone","OY-M","type",2
"CMU",8,15211,"biphone","UH-M","type",9
"CMU",8,15211,"biphone","UW-M","type",88
"CMU",8,15211,"biphone","AX-M","type",0
"CMU",8,15211,"biphone","AXR-M","type",0
"CMU",8,15211,"biphone","IX-M","type",0
"CMU",8,15211,"biphone","UX-M","type",0
"CMU",8,15211,"biphone","B-M","type",12
"CMU",8,15211,"biphone","CH-M","type",14
"CMU",8,15211,"biphone","D-M","type",43
"CMU",8,15211,"biphone","DH-M","type",1
"CMU",8,15211,"biphone","F-M","type",5
"CMU",8,15211,"biphone","G-M","type",23
"CMU",8,15211,"biphone","HH-M","type",0
"CMU",8,15211,"biphone","JH-M","type",6
"CMU",8,15211,"biphone","K-M","type",57
"CMU",8,15211,"biphone","L-M","type",133
"CMU",8,15211,"biphone","M-M","type",3
"CMU",8,15211,"biphone","N-M","type",31
"CMU",8,15211,"biphone","NG-M","type",4
"CMU",8,15211,"biphone","P-M","type",7
"CMU",8,15211,"biphone","R-M","type",129
"CMU",8,15211,"biphone","S-M","type",117
"CMU",8,15211,"biphone","SH-M","type",15
"CMU",8,15211,"biphone","T-M","type",42
"CMU",8,15211,"biphone","TH-M","type",7
"CMU",8,15211,"biphone","V-M","type",6
"CMU",8,15211,"biphone","W-M","type",0
"CMU",8,15211,"biphone","Y-M","type",0
"CMU",8,15211,"biphone","Z-M","type",34
"CMU",8,15211,"biphone","ZH-M","type",0
"CMU",8,15211,"biphone","Q-M","type",0
"CMU",8,15211,"biphone","AA-N","type",707
"CMU",8,15211,"biphone","AE-N","type",948
"CMU",8,15211,"biphone","AH-N","type",3329
"CMU",8,15211,"biphone","AO-N","type",57
"CMU",8,15211,"biphone","AW-N","type",152
"CMU",8,15211,"biphone","AY-N","type",256
"CMU",8,15211,"biphone","EH-N","type",750
"CMU",8,15211,"biphone","ER-N","type",111
"CMU",8,15211,"biphone","EY-N","type",192
"CMU",8,15211,"biphone","IH-N","type",1148
"CMU",8,15211,"biphone","IY-N","type",477
"CMU",8,15211,"biphone","OW-N","type",269
"CMU",8,15211,"biphone","OY-N","type",22
"CMU",8,15211,"biphone","UH-N","type",3
"CMU",8,15211,"biphone","UW-N","type",97
"CMU",8,15211,"biphone","AX-N","type",0
"CMU",8,15211,"biphone","AXR-N","type",0
"CMU",8,15211,"biphone","IX-N","type",0
"CMU",8,15211,"biphone","UX-N","type",0
"CMU",8,15211,"biphone","B-N","type",6
"CMU",8,15211,"biphone","CH-N","type",6
"CMU",8,15211,"biphone","D-N","type",21
"CMU",8,15211,"biphone","DH-N","type",0
"CMU",8,15211,"biphone","F-N","type",3
"CMU",8,15211,"biphone","G-N","type",63
"CMU",8,15211,"biphone","HH-N","type",0
"CMU",8,15211,"biphone","JH-N","type",1
"CMU",8,15211,"biphone","K-N","type",33
"CMU",8,15211,"biphone","L-N","type",12
"CMU",8,15211,"biphone","M-N","type",12
"CMU",8,15211,"biphone","N-N","type",6
"CMU",8,15211,"biphone","NG-N","type",2
"CMU",8,15211,"biphone","P-N","type",6
"CMU",8,15211,"biphone","R-N","type",127
"CMU",8,15211,"biphone","S-N","type",44
"CMU",8,15211,"biphone","SH-N","type",17
"CMU",8,15211,"biphone","T-N","type",38
"CMU",8,15211,"biphone","TH-N","type",5
"CMU",8,15211,"biphone","V-N","type",2
"CMU",8,15211,"biphone","W-N","type",0
"CMU",8,15211,"biphone","Y-N","type",0
"CMU",8,15211,"biphone","Z-N","type",16
"CMU",8,15211,"biphone","ZH-N","type",0
"CMU",8,15211,"biphone","Q-N","type",0
"CMU",8,15211,"biphone","AA-NG","type",36
"CMU",8,15211,"biphone","AE-NG","type",144
"CMU",8,15211,"biphone","AH-NG","type",43
"CMU",8,15211,"biphone","AO-NG","type",27
"CMU",8,15211,"biphone","AW-NG","type",0
"CMU",8,15211,"biphone","AY-NG","type",2
"CMU",8,15211,"biphone","EH-NG","type",31
"CMU",8,15211,"biphone","ER-NG","type",0
"CMU",8,15211,"biphone","EY-NG","type",7
"CMU",8,15211,"biphone","IH-NG","type",1240
"CMU",8,15211,"biphone","IY-NG","type",3
"CMU",8,15211,"biphone","OW-NG","type",5
"CMU",8,15211,"biphone","OY-NG","type",0
"CMU",8,15211,"biphone","UH-NG","type",0
"CMU",8,15211,"biphone","UW-NG","type",0
"CMU",8,15211,"biphone","AX-NG","type",0
"CMU",8,15211,"biphone","AXR-NG","type",0
"CMU",8,15211,"biphone","IX-NG","type",0
"CMU",8,15211,"biphone","UX-NG","type",0
"CMU",8,15211,"biphone","B-NG","type",0
"CMU",8,15211,"biphone","CH-NG","type",0
"CMU",8,15211,"biphone","D-NG","type",0
"CMU",8,15211,"biphone","DH-NG","type",0
"CMU",8,15211,"biphone","F-NG","type",0
"CMU",8,15211,"biphone","G-NG","type",0
"CMU",8,15211,"biphone","HH-NG","type",0
"CMU",8,15211,"biphone","JH-NG","type",0
"CMU",8,15211,"biphone","K-NG","type",0
"CMU",8,15211,"biphone","L-NG","type",0
"CMU",8,15211,"biphone","M-NG","type",0
"CMU",8,15211,"biphone","N-NG","type",0
"CMU",8,15211,"biphone","NG-NG","type",0
"CMU",8,15211,"biphone","P-NG","type",0
"CMU",8,15211,"biphone","R-NG","type",0
"CMU",8,15211,"biphone","S-NG","type",0
"CMU",8,15211,"biphone","SH-NG","type",0
"CMU",8,15211,"biphone","T-NG","type",0
"CMU",8,15211,"biphone","TH-NG","type",0
"CMU",8,15211,"biphone","V-NG","type",0
"CMU",8,15211,"biphone","W-NG","type",0
"CMU",8,15211,"biphone","Y-NG","type",0
"CMU",8,15211,"biphone","Z-NG","type",0
"CMU",8,15211,"biphone","ZH-NG","type",0
"CMU",8,15211,"biphone","Q-NG","type",0
"CMU",8,15211,"biphone","AA-P","type",111
"CMU",8,15211,"biphone","AE-P","type",98
"CMU",8,15211,"biphone","AH-P","type",197
"CMU",8,15211,"biphone","AO-P","type",7
"CMU",8,15211,"biphone","AW-P","type",1
"CMU",8,15211,"biphone","AY-P","type",31
"CMU",8,15211,"biphone","EH-P","type",83
"CMU",8,15211,"biphone","ER-P","type",50
"CMU",8,15211,"biphone","EY-P","type",29
"CMU",8,15211,"biphone","IH-P","type",163
"CMU",8,15211,"biphone","IY-P","type",71
"CMU",8,15211,"biphone","OW-P","type",57
"CMU",8,15211,"biphone","OY-P","type",0
"CMU",8,15211,"biphone","UH-P","type",1
"CMU",8,15211,"biphone","UW-P","type",56
"CMU",8,15211,"biphone","AX-P","type",0
"CMU",8,15211,"biphone","AXR-P","type",0
"CMU",8,15211,"biphone","IX-P","type",0
"CMU",8,15211,"biphone","UX-P","type",0
"CMU",8,15211,"biphone","B-P","type",1
"CMU",8,15211,"biphone","CH-P","type",0
"CMU",8,15211,"biphone","D-P","type",14
"CMU",8,15211,"biphone","DH-P","type",0
"CMU",8,15211,"biphone","F-P","type",1
"CMU",8,15211,"biphone","G-P","type",2
"CMU",8,15211,"biphone","HH-P","type",0
"CMU",8,15211,"biphone","JH-P","type",2
"CMU",8,15211,"biphone","K-P","type",10
"CMU",8,15211,"biphone","L-P","type",35
"CMU",8,15211,"biphone","M-P","type",275
"CMU",8,15211,"biphone","N-P","type",21
"CMU",8,15211,"biphone","NG-P","type",1
"CMU",8,15211,"biphone","P-P","type",2
"CMU",8,15211,"biphone","R-P","type",47
"CMU",8,15211,"biphone","S-P","type",308
"CMU",8,15211,"biphone","SH-P","type",2
"CMU",8,15211,"biphone","T-P","type",18
"CMU",8,15211,"biphone","TH-P","type",3
"CMU",8,15211,"biphone","V-P","type",2
"CMU",8,15211,"biphone","W-P","type",0
"CMU",8,15211,"biphone","Y-P","type",0
"CMU",8,15211,"biphone","Z-P","type",9
"CMU",8,15211,"biphone","ZH-P","type",0
"CMU",8,15211,"biphone","Q-P","type",0
"CMU",8,15211,"biphone","AA-R","type",1058
"CMU",8,15211,"biphone","AE-R","type",54
"CMU",8,15211,"biphone","AH-R","type",38
"CMU",8,15211,"biphone","AO-R","type",883
"CMU",8,15211,"biphone","AW-R","type",11
"CMU",8,15211,"biphone","AY-R","type",67
"CMU",8,15211,"biphone","EH-R","type",588
"CMU",8,15211,"biphone","ER-R","type",19
"CMU",8,15211,"biphone","EY-R","type",5
"CMU",8,15211,"biphone","IH-R","type",239
"CMU",8,15211,"biphone","IY-R","type",48
"CMU",8,15211,"biphone","OW-R","type",5
"CMU",8,15211,"biphone","OY-R","type",2
"CMU",8,15211,"biphone","UH-R","type",108
"CMU",8,15211,"biphone","UW-R","type",27
"CMU",8,15211,"biphone","AX-R","type",0
"CMU",8,15211,"biphone","AXR-R","type",0
"CMU",8,15211,"biphone","IX-R","type",0
"CMU",8,15211,"biphone","UX-R","type",0
"CMU",8,15211,"biphone","B-R","type",371
"CMU",8,15211,"biphone","CH-R","type",5
"CMU",8,15211,"biphone","D-R","type",201
"CMU",8,15211,"biphone","DH-R","type",0
"CMU",8,15211,"biphone","F-R","type",171
"CMU",8,15211,"biphone","G-R","type",351
"CMU",8,15211,"biphone","HH-R","type",0
"CMU",8,15211,"biphone","JH-R","type",0
"CMU",8,15211,"biphone","K-R","type",323
"CMU",8,15211,"biphone","L-R","type",21
"CMU",8,15211,"biphone","M-R","type",5
"CMU",8,15211,"biphone","N-R","type",43
"CMU",8,15211,"biphone","NG-R","type",3
"CMU",8,15211,"biphone","P-R","type",431
"CMU",8,15211,"biphone","R-R","type",0
"CMU",8,15211,"biphone","S-R","type",14
"CMU",8,15211,"biphone","SH-R","type",8
"CMU",8,15211,"biphone","T-R","type",659
"CMU",8,15211,"biphone","TH-R","type",19
"CMU",8,15211,"biphone","V-R","type",28
"CMU",8,15211,"biphone","W-R","type",0
"CMU",8,15211,"biphone","Y-R","type",0
"CMU",8,15211,"biphone","Z-R","type",4
"CMU",8,15211,"biphone","ZH-R","type",0
"CMU",8,15211,"biphone","Q-R","type",0
"CMU",8,15211,"biphone","AA-S","type",189
"CMU",8,15211,"biphone","AE-S","type",244
"CMU",8,15211,"biphone","AH-S","type",877
"CMU",8,15211,"biphone","AO-S","type",50
"CMU",8,15211,"biphone","AW-S","type",58
"CMU",8,15211,"biphone","AY-S","type",72
"CMU",8,15211,"biphone","EH-S","type",431
"CMU",8,15211,"biphone","ER-S","type",244
"CMU",8,15211,"biphone","EY-S","type",85
"CMU",8,15211,"biphone","IH-S","type",802
"CMU",8,15211,"biphone","IY-S","type",134
"CMU",8,15211,"biphone","OW-S","type",165
"CMU",8,15211,"biphone","OY-S","type",2
"CMU",8,15211,"biphone","UH-S","type",4
"CMU",8,15211,"biphone","UW-S","type",79
"CMU",8,15211,"biphone","AX-S","type",0
"CMU",8,15211,"biphone","AXR-S","type",0
"CMU",8,15211,"biphone","IX-S","type",0
"CMU",8,15211,"biphone","UX-S","type",0
"CMU",8,15211,"biphone","B-S","type",39
"CMU",8,15211,"biphone","CH-S","type",0
"CMU",8,15211,"biphone","D-S","type",87
"CMU",8,15211,"biphone","DH-S","type",0
"CMU",8,15211,"biphone","F-S","type",113
"CMU",8,15211,"biphone","G-S","type",19
"CMU",8,15211,"biphone","HH-S","type",0
"CMU",8,15211,"biphone","JH-S","type",3
"CMU",8,15211,"biphone","K-S","type",567
"CMU",8,15211,"biphone","L-S","type",178
"CMU",8,15211,"biphone","M-S","type",56
"CMU",8,15211,"biphone","N-S","type",739
"CMU",8,15211,"biphone","NG-S","type",10
"CMU",8,15211,"biphone","P-S","type",112
"CMU",8,15211,"biphone","R-S","type",148
"CMU",8,15211,"biphone","S-S","type",10
"CMU",8,15211,"biphone","SH-S","type",0
"CMU",8,15211,"biphone","T-S","type",787
"CMU",8,15211,"biphone","TH-S","type",24
"CMU",8,15211,"biphone","V-S","type",13
"CMU",8,15211,"biphone","W-S","type",0
"CMU",8,15211,"biphone","Y-S","type",0
"CMU",8,15211,"biphone","Z-S","type",1
"CMU",8,15211,"biphone","ZH-S","type",0
"CMU",8,15211,"biphone","Q-S","type",0
"CMU",8,15211,"biphone","AA-SH","type",25
"CMU",8,15211,"biphone","AE-SH","type",35
"CMU",8,15211,"biphone","AH-SH","type",40
"CMU",8,15211,"biphone","AO-SH","type",7
"CMU",8,15211,"biphone","AW-SH","type",1
"CMU",8,15211,"biphone","AY-SH","type",3
"CMU",8,15211,"biphone","EH-SH","type",44
"CMU",8,15211,"biphone","ER-SH","type",43
"CMU",8,15211,"biphone","EY-SH","type",134
"CMU",8,15211,"biphone","IH-SH","type",159
"CMU",8,15211,"biphone","IY-SH","type",19
"CMU",8,15211,"biphone","OW-SH","type",44
"CMU",8,15211,"biphone","OY-SH","type",0
"CMU",8,15211,"biphone","UH-SH","type",6
"CMU",8,15211,"biphone","UW-SH","type",9
"CMU",8,15211,"biphone","AX-SH","type",0
"CMU",8,15211,"biphone","AXR-SH","type",0
"CMU",8,15211,"biphone","IX-SH","type",0
"CMU",8,15211,"biphone","UX-SH","type",0
"CMU",8,15211,"biphone","B-SH","type",0
"CMU",8,15211,"biphone","CH-SH","type",0
"CMU",8,15211,"biphone","D-SH","type",11
"CMU",8,15211,"biphone","DH-SH","type",0
"CMU",8,15211,"biphone","F-SH","type",1
"CMU",8,15211,"biphone","G-SH","type",2
"CMU",8,15211,"biphone","HH-SH","type",0
"CMU",8,15211,"biphone","JH-SH","type",0
"CMU",8,15211,"biphone","K-SH","type",66
"CMU",8,15211,"biphone","L-SH","type",11
"CMU",8,15211,"biphone","M-SH","type",6
"CMU",8,15211,"biphone","N-SH","type",52
"CMU",8,15211,"biphone","NG-SH","type",2
"CMU",8,15211,"biphone","P-SH","type",20
"CMU",8,15211,"biphone","R-SH","type",16
"CMU",8,15211,"biphone","S-SH","type",3
"CMU",8,15211,"biphone","SH-SH","type",0
"CMU",8,15211,"biphone","T-SH","type",2
"CMU",8,15211,"biphone","TH-SH","type",0
"CMU",8,15211,"biphone","V-SH","type",1
"CMU",8,15211,"biphone","W-SH","type",0
"CMU",8,15211,"biphone","Y-SH","type",0
"CMU",8,15211,"biphone","Z-SH","type",0
"CMU",8,15211,"biphone","ZH-SH","type",0
"CMU",8,15211,"biphone","Q-SH","type",0
"CMU",8,15211,"biphone","AA-T","type",182
"CMU",8,15211,"biphone","AE-T","type",184
"CMU",8,15211,"biphone","AH-T","type",626
"CMU",8,15211,"biphone","AO-T","type",90
"CMU",8,15211,"biphone","AW-T","type",39
"CMU",8,15211,"biphone","AY-T","type",180
"CMU",8,15211,"biphone","EH-T","type",236
"CMU",8,15211,"biphone","ER-T","type",137
"CMU",8,15211,"biphone","EY-T","type",449
"CMU",8,15211,"biphone","IH-T","type",425
"CMU",8,15211,"biphone","IY-T","type",186
"CMU",8,15211,"biphone","OW-T","type",154
"CMU",8,15211,"biphone","OY-T","type",7
"CMU",8,15211,"biphone","UH-T","type",11
"CMU",8,15211,"biphone","UW-T","type",129
"CMU",8,15211,"biphone","AX-T","type",0
"CMU",8,15211,"biphone","AXR-T","type",0
"CMU",8,15211,"biphone","IX-T","type",0
"CMU",8,15211,"biphone","UX-T","type",0
"CMU",8,15211,"biphone","B-T","type",5
"CMU",8,15211,"biphone","CH-T","type",7
"CMU",8,15211,"biphone","D-T","type",5
"CMU",8,15211,"biphone","DH-T","type",0
"CMU",8,15211,"biphone","F-T","type",80
"CMU",8,15211,"biphone","G-T","type",1
"CMU",8,15211,"biphone","HH-T","type",0
"CMU",8,15211,"biphone","JH-T","type",1
"CMU",8,15211,"biphone","K-T","type",328
"CMU",8,15211,"biphone","L-T","type",195
"CMU",8,15211,"biphone","M-T","type",6
"CMU",8,15211,"biphone","N-T","type",998
"CMU",8,15211,"biphone","NG-T","type",91
"CMU",8,15211,"biphone","P-T","type",79
"CMU",8,15211,"biphone","R-T","type",295
"CMU",8,15211,"biphone","S-T","type",1681
"CMU",8,15211,"biphone","SH-T","type",18
"CMU",8,15211,"biphone","T-T","type",1
"CMU",8,15211,"biphone","TH-T","type",0
"CMU",8,15211,"biphone","V-T","type",1
"CMU",8,15211,"biphone","W-T","type",0
"CMU",8,15211,"biphone","Y-T","type",0
"CMU",8,15211,"biphone","Z-T","type",6
"CMU",8,15211,"biphone","ZH-T","type",0
"CMU",8,15211,"biphone","Q-T","type",0
"CMU",8,15211,"biphone","AA-TH","type",8
"CMU",8,15211,"biphone","AE-TH","type",29
"CMU",8,15211,"biphone","AH-TH","type",37
"CMU",8,15211,"biphone","AO-TH","type",12
"CMU",8,15211,"biphone","AW-TH","type",9
"CMU",8,15211,"biphone","AY-TH","type",1
"CMU",8,15211,"biphone","EH-TH","type",19
"CMU",8,15211,"biphone","ER-TH","type",17
"CMU",8,15211,"biphone","EY-TH","type",3
"CMU",8,15211,"biphone","IH-TH","type",37
"CMU",8,15211,"biphone","IY-TH","type",10
"CMU",8,15211,"biphone","OW-TH","type",3
"CMU",8,15211,"biphone","OY-TH","type",0
"CMU",8,15211,"biphone","UH-TH","type",0
"CMU",8,15211,"biphone","UW-TH","type",10
"CMU",8,15211,"biphone","AX-TH","type",0
"CMU",8,15211,"biphone","AXR-TH","type",0
"CMU",8,15211,"biphone","IX-TH","type",0
"CMU",8,15211,"biphone","UX-TH","type",0
"CMU",8,15211,"biphone","B-TH","type",1
"CMU",8,15211,"biphone","CH-TH","type",0
"CMU",8,15211,"biphone","D-TH","type",4
"CMU",8,15211,"biphone","DH-TH","type",0
"CMU",8,15211,"biphone","F-TH","type",5
"CMU",8,15211,"biphone","G-TH","type",0
"CMU",8,15211,"biphone","HH-TH","type",0
"CMU",8,15211,"biphone","JH-TH","type",0
"CMU",8,15211,"biphone","K-TH","type",4
"CMU",8,15211,"biphone","L-TH","type",11
"CMU",8,15211,"biphone","M-TH","type",0
"CMU",8,15211,"biphone","N-TH","type",34
"CMU",8,15211,"biphone","NG-TH","type",3
"CMU",8,15211,"biphone","P-TH","type",1
"CMU",8,15211,"biphone","R-TH","type",34
"CMU",8,15211,"biphone","S-TH","type",4
"CMU",8,15211,"biphone","SH-TH","type",0
"CMU",8,15211,"biphone","T-TH","type",1
"CMU",8,15211,"biphone","TH-TH","type",0
"CMU",8,15211,"biphone","V-TH","type",1
"CMU",8,15211,"biphone","W-TH","type",0
"CMU",8,15211,"biphone","Y-TH","type",0
"CMU",8,15211,"biphone","Z-TH","type",0
"CMU",8,15211,"biphone","ZH-TH","type",0
"CMU",8,15211,"biphone","Q-TH","type",0
"CMU",8,15211,"biphone","AA-V","type",93
"CMU",8,15211,"biphone","AE-V","type",55
"CMU",8,15211,"biphone","AH-V","type",215
"CMU",8,15211,"biphone","AO-V","type",12
"CMU",8,15211,"biphone","AW-V","type",0
"CMU",8,15211,"biphone","AY-V","type",45
"CMU",8,15211,"biphone","EH-V","type",88
"CMU",8,15211,"biphone","ER-V","type",43
"CMU",8,15211,"biphone","EY-V","type",56
"CMU",8,15211,"biphone","IH-V","type",239
"CMU",8,15211,"biphone","IY-V","type",98
"CMU",8,15211,"biphone","OW-V","type",156
"CMU",8,15211,"biphone","OY-V","type",1
"CMU",8,15211,"biphone","UH-V","type",0
"CMU",8,15211,"biphone","UW-V","type",30
"CMU",8,15211,"biphone","AX-V","type",0
"CMU",8,15211,"biphone","AXR-V","type",0
"CMU",8,15211,"biphone","IX-V","type",0
"CMU",8,15211,"biphone","UX-V","type",0
"CMU",8,15211,"biphone","B-V","type",7
"CMU",8,15211,"biphone","CH-V","type",0
"CMU",8,15211,"biphone","D-V","type",30
"CMU",8,15211,"biphone","DH-V","type",0
"CMU",8,15211,"biphone","F-V","type",1
"CMU",8,15211,"biphone","G-V","type",0
"CMU",8,15211,"biphone","HH-V","type",0
"CMU",8,15211,"biphone","JH-V","type",1
"CMU",8,15211,"biphone","K-V","type",4
"CMU",8,15211,"biphone","L-V","type",94
"CMU",8,15211,"biphone","M-V","type",2
"CMU",8,15211,"biphone","N-V","type",81
"CMU",8,15211,"biphone","NG-V","type",1
"CMU",8,15211,"biphone","P-V","type",1
"CMU",8,15211,"biphone","R-V","type",24
"CMU",8,15211,"biphone","S-V","type",14
"CMU",8,15211,"biphone","SH-V","type",0
"CMU",8,15211,"biphone","T-V","type",4
"CMU",8,15211,"biphone","TH-V","type",1
"CMU",8,15211,"biphone","V-V","type",0
"CMU",8,15211,"biphone","W-V","type",0
"CMU",8,15211,"biphone","Y-V","type",0
"CMU",8,15211,"biphone","Z-V","type",8
"CMU",8,15211,"biphone","ZH-V","type",0
"CMU",8,15211,"biphone","Q-V","type",0
"CMU",8,15211,"biphone","AA-W","type",30
"CMU",8,15211,"biphone","AE-W","type",1
"CMU",8,15211,"biphone","AH-W","type",53
"CMU",8,15211,"biphone","AO-W","type",1
"CMU",8,15211,"biphone","AW-W","type",0
"CMU",8,15211,"biphone","AY-W","type",1
"CMU",8,15211,"biphone","EH-W","type",0
"CMU",8,15211,"biphone","ER-W","type",36
"CMU",8,15211,"biphone","EY-W","type",1
"CMU",8,15211,"biphone","IH-W","type",12
"CMU",8,15211,"biphone","IY-W","type",16
"CMU",8,15211,"biphone","OW-W","type",7
"CMU",8,15211,"biphone","OY-W","type",0
"CMU",8,15211,"biphone","UH-W","type",0
"CMU",8,15211,"biphone","UW-W","type",2
"CMU",8,15211,"biphone","AX-W","type",0
"CMU",8,15211,"biphone","AXR-W","type",0
"CMU",8,15211,"biphone","IX-W","type",0
"CMU",8,15211,"biphone","UX-W","type",0
"CMU",8,15211,"biphone","B-W","type",6
"CMU",8,15211,"biphone","CH-W","type",2
"CMU",8,15211,"biphone","D-W","type",43
"CMU",8,15211,"biphone","DH-W","type",0
"CMU",8,15211,"biphone","F-W","type",1
"CMU",8,15211,"biphone","G-W","type",30
"CMU",8,15211,"biphone","HH-W","type",38
"CMU",8,15211,"biphone","JH-W","type",3
"CMU",8,15211,"biphone","K-W","type",199
"CMU",8,15211,"biphone","L-W","type",35
"CMU",8,15211,"biphone","M-W","type",8
"CMU",8,15211,"biphone","N-W","type",41
"CMU",8,15211,"biphone","NG-W","type",5
"CMU",8,15211,"biphone","P-W","type",3
"CMU",8,15211,"biphone","R-W","type",24
"CMU",8,15211,"biphone","S-W","type",88
"CMU",8,15211,"biphone","SH-W","type",11
"CMU",8,15211,"biphone","T-W","type",50
"CMU",8,15211,"biphone","TH-W","type",8
"CMU",8,15211,"biphone","V-W","type",5
"CMU",8,15211,"biphone","W-W","type",0
"CMU",8,15211,"biphone","Y-W","type",0
"CMU",8,15211,"biphone","Z-W","type",13
"CMU",8,15211,"biphone","ZH-W","type",3
"CMU",8,15211,"biphone","Q-W","type",0
"CMU",8,15211,"biphone","AA-Y","type",14
"CMU",8,15211,"biphone","AE-Y","type",0
"CMU",8,15211,"biphone","AH-Y","type",9
"CMU",8,15211,"biphone","AO-Y","type",0
"CMU",8,15211,"biphone","AW-Y","type",0
"CMU",8,15211,"biphone","AY-Y","type",0
"CMU",8,15211,"biphone","EH-Y","type",0
"CMU",8,15211,"biphone","ER-Y","type",4
"CMU",8,15211,"biphone","EY-Y","type",3
"CMU",8,15211,"biphone","IH-Y","type",5
"CMU",8,15211,"biphone","IY-Y","type",15
"CMU",8,15211,"biphone","OW-Y","type",5
"CMU",8,15211,"biphone","OY-Y","type",0
"CMU",8,15211,"biphone","UH-Y","type",0
"CMU",8,15211,"biphone","UW-Y","type",7
"CMU",8,15211,"biphone","AX-Y","type",0
"CMU",8,15211,"biphone","AXR-Y","type",0
"CMU",8,15211,"biphone","IX-Y","type",0
"CMU",8,15211,"biphone","UX-Y","type",0
"CMU",8,15211,"biphone","B-Y","type",36
"CMU",8,15211,"biphone","CH-Y","type",1
"CMU",8,15211,"biphone","D-Y","type",8
"CMU",8,15211,"biphone","DH-Y","type",0
"CMU",8,15211,"biphone","F-Y","type",49
"CMU",8,15211,"biphone","G-Y","type",15
"CMU",8,15211,"biphone","HH-Y","type",26
"CMU",8,15211,"biphone","JH-Y","type",4
"CMU",8,15211,"biphone","K-Y","type",96
"CMU",8,15211,"biphone","L-Y","type",84
"CMU",8,15211,"biphone","M-Y","type",60
"CMU",8,15211,"biphone","N-Y","type",56
"CMU",8,15211,"biphone","NG-Y","type",2
"CMU",8,15211,"biphone","P-Y","type",39
"CMU",8,15211,"biphone","R-Y","type",5
"CMU",8,15211,"biphone","S-Y","type",7
"CMU",8,15211,"biphone","SH-Y","type",2
"CMU",8,15211,"biphone","T-Y","type",11
"CMU",8,15211,"biphone","TH-Y","type",3
"CMU",8,15211,"biphone","V-Y","type",18
"CMU",8,15211,"biphone","W-Y","type",0
"CMU",8,15211,"biphone","Y-Y","type",0
"CMU",8,15211,"biphone","Z-Y","type",5
"CMU",8,15211,"biphone","ZH-Y","type",0
"CMU",8,15211,"biphone","Q-Y","type",0
"CMU",8,15211,"biphone","AA-Z","type",53
"CMU",8,15211,"biphone","AE-Z","type",29
"CMU",8,15211,"biphone","AH-Z","type",259
"CMU",8,15211,"biphone","AO-Z","type",11
"CMU",8,15211,"biphone","AW-Z","type",17
"CMU",8,15211,"biphone","AY-Z","type",255
"CMU",8,15211,"biphone","EH-Z","type",82
"CMU",8,15211,"biphone","ER-Z","type",503
"CMU",8,15211,"biphone","EY-Z","type",61
"CMU",8,15211,"biphone","IH-Z","type",396
"CMU",8,15211,"biphone","IY-Z","type",291
"CMU",8,15211,"biphone","OW-Z","type",155
"CMU",8,15211,"biphone","OY-Z","type",2
"CMU",8,15211,"biphone","UH-Z","type",1
"CMU",8,15211,"biphone","UW-Z","type",82
"CMU",8,15211,"biphone","AX-Z","type",0
"CMU",8,15211,"biphone","AXR-Z","type",0
"CMU",8,15211,"biphone","IX-Z","type",0
"CMU",8,15211,"biphone","UX-Z","type",0
"CMU",8,15211,"biphone","B-Z","type",19
"CMU",8,15211,"biphone","CH-Z","type",0
"CMU",8,15211,"biphone","D-Z","type",257
"CMU",8,15211,"biphone","DH-Z","type",2
"CMU",8,15211,"biphone","F-Z","type",0
"CMU",8,15211,"biphone","G-Z","type",67
"CMU",8,15211,"biphone","HH-Z","type",0
"CMU",8,15211,"biphone","JH-Z","type",0
"CMU",8,15211,"biphone","K-Z","type",3
"CMU",8,15211,"biphone","L-Z","type",256
"CMU",8,15211,"biphone","M-Z","type",98
"CMU",8,15211,"biphone","N-Z","type",628
"CMU",8,15211,"biphone","NG-Z","type",60
"CMU",8,15211,"biphone","P-Z","type",0
"CMU",8,15211,"biphone","R-Z","type",80
"CMU",8,15211,"biphone","S-Z","type",0
"CMU",8,15211,"biphone","SH-Z","type",0
"CMU",8,15211,"biphone","T-Z","type",10
"CMU",8,15211,"biphone","TH-Z","type",0
"CMU",8,15211,"biphone","V-Z","type",39
"CMU",8,15211,"biphone","W-Z","type",0
"CMU",8,15211,"biphone","Y-Z","type",0
"CMU",8,15211,"biphone","Z-Z","type",0
"CMU",8,15211,"biphone","ZH-Z","type",0
"CMU",8,15211,"biphone","Q-Z","type",0
"CMU",8,15211,"biphone","AA-ZH","type",10
"CMU",8,15211,"biphone","AE-ZH","type",3
"CMU",8,15211,"biphone","AH-ZH","type",0
"CMU",8,15211,"biphone","AO-ZH","type",1
"CMU",8,15211,"biphone","AW-ZH","type",0
"CMU",8,15211,"biphone","AY-ZH","type",0
"CMU",8,15211,"biphone","EH-ZH","type",7
"CMU",8,15211,"biphone","ER-ZH","type",11
"CMU",8,15211,"biphone","EY-ZH","type",10
"CMU",8,15211,"biphone","IH-ZH","type",19
"CMU",8,15211,"biphone","IY-ZH","type",3
"CMU",8,15211,"biphone","OW-ZH","type",9
"CMU",8,15211,"biphone","OY-ZH","type",0
"CMU",8,15211,"biphone","UH-ZH","type",0
"CMU",8,15211,"biphone","UW-ZH","type",11
"CMU",8,15211,"biphone","AX-ZH","type",0
"CMU",8,15211,"biphone","AXR-ZH","type",0
"CMU",8,15211,"biphone","IX-ZH","type",0
"CMU",8,15211,"biphone","UX-ZH","type",0
"CMU",8,15211,"biphone","B-ZH","type",0
"CMU",8,15211,"biphone","CH-ZH","type",0
"CMU",8,15211,"biphone","D-ZH","type",0
"CMU",8,15211,"biphone","DH-ZH","type",0
"CMU",8,15211,"biphone","F-ZH","type",0
"CMU",8,15211,"biphone","G-ZH","type",1
"CMU",8,15211,"biphone","HH-ZH","type",0
"CMU",8,15211,"biphone","JH-ZH","type",0
"CMU",8,15211,"biphone","K-ZH","type",0
"CMU",8,15211,"biphone","L-ZH","type",0
"CMU",8,15211,"biphone","M-ZH","type",0
"CMU",8,15211,"biphone","N-ZH","type",2
"CMU",8,15211,"biphone","NG-ZH","type",0
"CMU",8,15211,"biphone","P-ZH","type",0
"CMU",8,15211,"biphone","R-ZH","type",3
"CMU",8,15211,"biphone","S-ZH","type",2
"CMU",8,15211,"biphone","SH-ZH","type",0
"CMU",8,15211,"biphone","T-ZH","type",0
"CMU",8,15211,"biphone","TH-ZH","type",0
"CMU",8,15211,"biphone","V-ZH","type",0
"CMU",8,15211,"biphone","W-ZH","type",0
"CMU",8,15211,"biphone","Y-ZH","type",0
"CMU",8,15211,"biphone","Z-ZH","type",0
"CMU",8,15211,"biphone","ZH-ZH","type",0
"CMU",8,15211,"biphone","Q-ZH","type",0
"CMU",8,15211,"biphone","AA-Q","type",0
"CMU",8,15211,"biphone","AE-Q","type",0
"CMU",8,15211,"biphone","AH-Q","type",0
"CMU",8,15211,"biphone","AO-Q","type",0
"CMU",8,15211,"biphone","AW-Q","type",0
"CMU",8,15211,"biphone","AY-Q","type",0
"CMU",8,15211,"biphone","EH-Q","type",0
"CMU",8,15211,"biphone","ER-Q","type",0
"CMU",8,15211,"biphone","EY-Q","type",0
"CMU",8,15211,"biphone","IH-Q","type",0
"CMU",8,15211,"biphone","IY-Q","type",0
"CMU",8,15211,"biphone","OW-Q","type",0
"CMU",8,15211,"biphone","OY-Q","type",0
"CMU",8,15211,"biphone","UH-Q","type",0
"CMU",8,15211,"biphone","UW-Q","type",0
"CMU",8,15211,"biphone","AX-Q","type",0
"CMU",8,15211,"biphone","AXR-Q","type",0
"CMU",8,15211,"biphone","IX-Q","type",0
"CMU",8,15211,"biphone","UX-Q","type",0
"CMU",8,15211,"biphone","B-Q","type",0
"CMU",8,15211,"biphone","CH-Q","type",0
"CMU",8,15211,"biphone","D-Q","type",0
"CMU",8,15211,"biphone","DH-Q","type",0
"CMU",8,15211,"biphone","F-Q","type",0
"CMU",8,15211,"biphone","G-Q","type",0
"CMU",8,15211,"biphone","HH-Q","type",0
"CMU",8,15211,"biphone","JH-Q","type",0
"CMU",8,15211,"biphone","K-Q","type",0
"CMU",8,15211,"biphone","L-Q","type",0
"CMU",8,15211,"biphone","M-Q","type",0
"CMU",8,15211,"biphone","N-Q","type",0
"CMU",8,15211,"biphone","NG-Q","type",0
"CMU",8,15211,"biphone","P-Q","type",0
"CMU",8,15211,"biphone","R-Q","type",0
"CMU",8,15211,"biphone","S-Q","type",0
"CMU",8,15211,"biphone","SH-Q","type",0
"CMU",8,15211,"biphone","T-Q","type",0
"CMU",8,15211,"biphone","TH-Q","type",0
"CMU",8,15211,"biphone","V-Q","type",0
"CMU",8,15211,"biphone","W-Q","type",0
"CMU",8,15211,"biphone","Y-Q","type",0
"CMU",8,15211,"biphone","Z-Q","type",0
"CMU",8,15211,"biphone","ZH-Q","type",0
"CMU",8,15211,"biphone","Q-Q","type",0
"CMU",9,9239,"biphone","AA-AA","type",0
"CMU",9,9239,"biphone","AE-AA","type",0
"CMU",9,9239,"biphone","AH-AA","type",0
"CMU",9,9239,"biphone","AO-AA","type",0
"CMU",9,9239,"biphone","AW-AA","type",0
"CMU",9,9239,"biphone","AY-AA","type",5
"CMU",9,9239,"biphone","EH-AA","type",0
"CMU",9,9239,"biphone","ER-AA","type",30
"CMU",9,9239,"biphone","EY-AA","type",0
"CMU",9,9239,"biphone","IH-AA","type",0
"CMU",9,9239,"biphone","IY-AA","type",66
"CMU",9,9239,"biphone","OW-AA","type",9
"CMU",9,9239,"biphone","OY-AA","type",0
"CMU",9,9239,"biphone","UH-AA","type",0
"CMU",9,9239,"biphone","UW-AA","type",2
"CMU",9,9239,"biphone","AX-AA","type",0
"CMU",9,9239,"biphone","AXR-AA","type",0
"CMU",9,9239,"biphone","IX-AA","type",0
"CMU",9,9239,"biphone","UX-AA","type",0
"CMU",9,9239,"biphone","B-AA","type",138
"CMU",9,9239,"biphone","CH-AA","type",19
"CMU",9,9239,"biphone","D-AA","type",61
"CMU",9,9239,"biphone","DH-AA","type",0
"CMU",9,9239,"biphone","F-AA","type",45
"CMU",9,9239,"biphone","G-AA","type",75
"CMU",9,9239,"biphone","HH-AA","type",94
"CMU",9,9239,"biphone","JH-AA","type",8
"CMU",9,9239,"biphone","K-AA","type",313
"CMU",9,9239,"biphone","L-AA","type",121
"CMU",9,9239,"biphone","M-AA","type",223
"CMU",9,9239,"biphone","N-AA","type",159
"CMU",9,9239,"biphone","NG-AA","type",0
"CMU",9,9239,"biphone","P-AA","type",156
"CMU",9,9239,"biphone","R-AA","type",190
"CMU",9,9239,"biphone","S-AA","type",67
"CMU",9,9239,"biphone","SH-AA","type",16
"CMU",9,9239,"biphone","T-AA","type",151
"CMU",9,9239,"biphone","TH-AA","type",11
"CMU",9,9239,"biphone","V-AA","type",44
"CMU",9,9239,"biphone","W-AA","type",51
"CMU",9,9239,"biphone","Y-AA","type",20
"CMU",9,9239,"biphone","Z-AA","type",24
"CMU",9,9239,"biphone","ZH-AA","type",1
"CMU",9,9239,"biphone","Q-AA","type",0
"CMU",9,9239,"biphone","AA-AE","type",0
"CMU",9,9239,"biphone","AE-AE","type",0
"CMU",9,9239,"biphone","AH-AE","type",0
"CMU",9,9239,"biphone","AO-AE","type",0
"CMU",9,9239,"biphone","AW-AE","type",0
"CMU",9,9239,"biphone","AY-AE","type",6
"CMU",9,9239,"biphone","EH-AE","type",0
"CMU",9,9239,"biphone","ER-AE","type",16
"CMU",9,9239,"biphone","EY-AE","type",0
"CMU",9,9239,"biphone","IH-AE","type",1
"CMU",9,9239,"biphone","IY-AE","type",34
"CMU",9,9239,"biphone","OW-AE","type",1
"CMU",9,9239,"biphone","OY-AE","type",0
"CMU",9,9239,"biphone","UH-AE","type",0
"CMU",9,9239,"biphone","UW-AE","type",2
"CMU",9,9239,"biphone","AX-AE","type",0
"CMU",9,9239,"biphone","AXR-AE","type",0
"CMU",9,9239,"biphone","IX-AE","type",0
"CMU",9,9239,"biphone","UX-AE","type",0
"CMU",9,9239,"biphone","B-AE","type",107
"CMU",9,9239,"biphone","CH-AE","type",13
"CMU",9,9239,"biphone","D-AE","type",44
"CMU",9,9239,"biphone","DH-AE","type",0
"CMU",9,9239,"biphone","F-AE","type",42
"CMU",9,9239,"biphone","G-AE","type",28
"CMU",9,9239,"biphone","HH-AE","type",103
"CMU",9,9239,"biphone","JH-AE","type",10
"CMU",9,9239,"biphone","K-AE","type",170
"CMU",9,9239,"biphone","L-AE","type",193
"CMU",9,9239,"biphone","M-AE","type",175
"CMU",9,9239,"biphone","N-AE","type",77
"CMU",9,9239,"biphone","NG-AE","type",0
"CMU",9,9239,"biphone","P-AE","type",79
"CMU",9,9239,"biphone","R-AE","type",321
"CMU",9,9239,"biphone","S-AE","type",58
"CMU",9,9239,"biphone","SH-AE","type",12
"CMU",9,9239,"biphone","T-AE","type",143
"CMU",9,9239,"biphone","TH-AE","type",1
"CMU",9,9239,"biphone","V-AE","type",102
"CMU",9,9239,"biphone","W-AE","type",5
"CMU",9,9239,"biphone","Y-AE","type",3
"CMU",9,9239,"biphone","Z-AE","type",23
"CMU",9,9239,"biphone","ZH-AE","type",0
"CMU",9,9239,"biphone","Q-AE","type",0
"CMU",9,9239,"biphone","AA-AH","type",0
"CMU",9,9239,"biphone","AE-AH","type",0
"CMU",9,9239,"biphone","AH-AH","type",1
"CMU",9,9239,"biphone","AO-AH","type",2
"CMU",9,9239,"biphone","AW-AH","type",4
"CMU",9,9239,"biphone","AY-AH","type",61
"CMU",9,9239,"biphone","EH-AH","type",0
"CMU",9,9239,"biphone","ER-AH","type",109
"CMU",9,9239,"biphone","EY-AH","type",5
"CMU",9,9239,"biphone","IH-AH","type",0
"CMU",9,9239,"biphone","IY-AH","type",365
"CMU",9,9239,"biphone","OW-AH","type",12
"CMU",9,9239,"biphone","OY-AH","type",7
"CMU",9,9239,"biphone","UH-AH","type",0
"CMU",9,9239,"biphone","UW-AH","type",34
"CMU",9,9239,"biphone","AX-AH","type",0
"CMU",9,9239,"biphone","AXR-AH","type",0
"CMU",9,9239,"biphone","IX-AH","type",0
"CMU",9,9239,"biphone","UX-AH","type",0
"CMU",9,9239,"biphone","B-AH","type",339
"CMU",9,9239,"biphone","CH-AH","type",54
"CMU",9,9239,"biphone","D-AH","type",387
"CMU",9,9239,"biphone","DH-AH","type",4
"CMU",9,9239,"biphone","F-AH","type",143
"CMU",9,9239,"biphone","G-AH","type",189
"CMU",9,9239,"biphone","HH-AH","type",53
"CMU",9,9239,"biphone","JH-AH","type",150
"CMU",9,9239,"biphone","K-AH","type",728
"CMU",9,9239,"biphone","L-AH","type",609
"CMU",9,9239,"biphone","M-AH","type",679
"CMU",9,9239,"biphone","N-AH","type",538
"CMU",9,9239,"biphone","NG-AH","type",8
"CMU",9,9239,"biphone","P-AH","type",192
"CMU",9,9239,"biphone","R-AH","type",661
"CMU",9,9239,"biphone","S-AH","type",536
"CMU",9,9239,"biphone","SH-AH","type",549
"CMU",9,9239,"biphone","T-AH","type",747
"CMU",9,9239,"biphone","TH-AH","type",35
"CMU",9,9239,"biphone","V-AH","type",158
"CMU",9,9239,"biphone","W-AH","type",57
"CMU",9,9239,"biphone","Y-AH","type",161
"CMU",9,9239,"biphone","Z-AH","type",211
"CMU",9,9239,"biphone","ZH-AH","type",45
"CMU",9,9239,"biphone","Q-AH","type",0
"CMU",9,9239,"biphone","AA-AO","type",0
"CMU",9,9239,"biphone","AE-AO","type",0
"CMU",9,9239,"biphone","AH-AO","type",0
"CMU",9,9239,"biphone","AO-AO","type",0
"CMU",9,9239,"biphone","AW-AO","type",0
"CMU",9,9239,"biphone","AY-AO","type",3
"CMU",9,9239,"biphone","EH-AO","type",0
"CMU",9,9239,"biphone","ER-AO","type",11
"CMU",9,9239,"biphone","EY-AO","type",1
"CMU",9,9239,"biphone","IH-AO","type",0
"CMU",9,9239,"biphone","IY-AO","type",7
"CMU",9,9239,"biphone","OW-AO","type",2
"CMU",9,9239,"biphone","OY-AO","type",0
"CMU",9,9239,"biphone","UH-AO","type",0
"CMU",9,9239,"biphone","UW-AO","type",1
"CMU",9,9239,"biphone","AX-AO","type",0
"CMU",9,9239,"biphone","AXR-AO","type",0
"CMU",9,9239,"biphone","IX-AO","type",0
"CMU",9,9239,"biphone","UX-AO","type",0
"CMU",9,9239,"biphone","B-AO","type",49
"CMU",9,9239,"biphone","CH-AO","type",4
"CMU",9,9239,"biphone","D-AO","type",45
"CMU",9,9239,"biphone","DH-AO","type",1
"CMU",9,9239,"biphone","F-AO","type",88
"CMU",9,9239,"biphone","G-AO","type",18
"CMU",9,9239,"biphone","HH-AO","type",27
"CMU",9,9239,"biphone","JH-AO","type",10
"CMU",9,9239,"biphone","K-AO","type",152
"CMU",9,9239,"biphone","L-AO","type",68
"CMU",9,9239,"biphone","M-AO","type",50
"CMU",9,9239,"biphone","N-AO","type",50
"CMU",9,9239,"biphone","NG-AO","type",0
"CMU",9,9239,"biphone","P-AO","type",57
"CMU",9,9239,"biphone","R-AO","type",60
"CMU",9,9239,"biphone","S-AO","type",28
"CMU",9,9239,"biphone","SH-AO","type",12
"CMU",9,9239,"biphone","T-AO","type",105
"CMU",9,9239,"biphone","TH-AO","type",15
"CMU",9,9239,"biphone","V-AO","type",10
"CMU",9,9239,"biphone","W-AO","type",71
"CMU",9,9239,"biphone","Y-AO","type",9
"CMU",9,9239,"biphone","Z-AO","type",8
"CMU",9,9239,"biphone","ZH-AO","type",0
"CMU",9,9239,"biphone","Q-AO","type",0
"CMU",9,9239,"biphone","AA-AW","type",0
"CMU",9,9239,"biphone","AE-AW","type",0
"CMU",9,9239,"biphone","AH-AW","type",0
"CMU",9,9239,"biphone","AO-AW","type",0
"CMU",9,9239,"biphone","AW-AW","type",0
"CMU",9,9239,"biphone","AY-AW","type",0
"CMU",9,9239,"biphone","EH-AW","type",0
"CMU",9,9239,"biphone","ER-AW","type",0
"CMU",9,9239,"biphone","EY-AW","type",0
"CMU",9,9239,"biphone","IH-AW","type",0
"CMU",9,9239,"biphone","IY-AW","type",0
"CMU",9,9239,"biphone","OW-AW","type",0
"CMU",9,9239,"biphone","OY-AW","type",0
"CMU",9,9239,"biphone","UH-AW","type",0
"CMU",9,9239,"biphone","UW-AW","type",1
"CMU",9,9239,"biphone","AX-AW","type",0
"CMU",9,9239,"biphone","AXR-AW","type",0
"CMU",9,9239,"biphone","IX-AW","type",0
"CMU",9,9239,"biphone","UX-AW","type",0
"CMU",9,9239,"biphone","B-AW","type",11
"CMU",9,9239,"biphone","CH-AW","type",2
"CMU",9,9239,"biphone","D-AW","type",12
"CMU",9,9239,"biphone","DH-AW","type",0
"CMU",9,9239,"biphone","F-AW","type",7
"CMU",9,9239,"biphone","G-AW","type",1
"CMU",9,9239,"biphone","HH-AW","type",35
"CMU",9,9239,"biphone","JH-AW","type",0
"CMU",9,9239,"biphone","K-AW","type",46
"CMU",9,9239,"biphone","L-AW","type",10
"CMU",9,9239,"biphone","M-AW","type",8
"CMU",9,9239,"biphone","N-AW","type",10
"CMU",9,9239,"biphone","NG-AW","type",0
"CMU",9,9239,"biphone","P-AW","type",10
"CMU",9,9239,"biphone","R-AW","type",22
"CMU",9,9239,"biphone","S-AW","type",5
"CMU",9,9239,"biphone","SH-AW","type",1
"CMU",9,9239,"biphone","T-AW","type",9
"CMU",9,9239,"biphone","TH-AW","type",0
"CMU",9,9239,"biphone","V-AW","type",0
"CMU",9,9239,"biphone","W-AW","type",0
"CMU",9,9239,"biphone","Y-AW","type",0
"CMU",9,9239,"biphone","Z-AW","type",0
"CMU",9,9239,"biphone","ZH-AW","type",0
"CMU",9,9239,"biphone","Q-AW","type",0
"CMU",9,9239,"biphone","AA-AY","type",0
"CMU",9,9239,"biphone","AE-AY","type",0
"CMU",9,9239,"biphone","AH-AY","type",0
"CMU",9,9239,"biphone","AO-AY","type",0
"CMU",9,9239,"biphone","AW-AY","type",0
"CMU",9,9239,"biphone","AY-AY","type",0
"CMU",9,9239,"biphone","EH-AY","type",0
"CMU",9,9239,"biphone","ER-AY","type",23
"CMU",9,9239,"biphone","EY-AY","type",0
"CMU",9,9239,"biphone","IH-AY","type",0
"CMU",9,9239,"biphone","IY-AY","type",1
"CMU",9,9239,"biphone","OW-AY","type",0
"CMU",9,9239,"biphone","OY-AY","type",0
"CMU",9,9239,"biphone","UH-AY","type",0
"CMU",9,9239,"biphone","UW-AY","type",3
"CMU",9,9239,"biphone","AX-AY","type",0
"CMU",9,9239,"biphone","AXR-AY","type",0
"CMU",9,9239,"biphone","IX-AY","type",0
"CMU",9,9239,"biphone","UX-AY","type",0
"CMU",9,9239,"biphone","B-AY","type",38
"CMU",9,9239,"biphone","CH-AY","type",15
"CMU",9,9239,"biphone","D-AY","type",52
"CMU",9,9239,"biphone","DH-AY","type",0
"CMU",9,9239,"biphone","F-AY","type",85
"CMU",9,9239,"biphone","G-AY","type",2
"CMU",9,9239,"biphone","HH-AY","type",53
"CMU",9,9239,"biphone","JH-AY","type",8
"CMU",9,9239,"biphone","K-AY","type",10
"CMU",9,9239,"biphone","L-AY","type",145
"CMU",9,9239,"biphone","M-AY","type",56
"CMU",9,9239,"biphone","N-AY","type",54
"CMU",9,9239,"biphone","NG-AY","type",0
"CMU",9,9239,"biphone","P-AY","type",11
"CMU",9,9239,"biphone","R-AY","type",98
"CMU",9,9239,"biphone","S-AY","type",82
"CMU",9,9239,"biphone","SH-AY","type",3
"CMU",9,9239,"biphone","T-AY","type",89
"CMU",9,9239,"biphone","TH-AY","type",2
"CMU",9,9239,"biphone","V-AY","type",30
"CMU",9,9239,"biphone","W-AY","type",28
"CMU",9,9239,"biphone","Y-AY","type",1
"CMU",9,9239,"biphone","Z-AY","type",8
"CMU",9,9239,"biphone","ZH-AY","type",0
"CMU",9,9239,"biphone","Q-AY","type",0
"CMU",9,9239,"biphone","AA-EH","type",1
"CMU",9,9239,"biphone","AE-EH","type",0
"CMU",9,9239,"biphone","AH-EH","type",0
"CMU",9,9239,"biphone","AO-EH","type",0
"CMU",9,9239,"biphone","AW-EH","type",0
"CMU",9,9239,"biphone","AY-EH","type",1
"CMU",9,9239,"biphone","EH-EH","type",0
"CMU",9,9239,"biphone","ER-EH","type",35
"CMU",9,9239,"biphone","EY-EH","type",1
"CMU",9,9239,"biphone","IH-EH","type",0
"CMU",9,9239,"biphone","IY-EH","type",43
"CMU",9,9239,"biphone","OW-EH","type",2
"CMU",9,9239,"biphone","OY-EH","type",0
"CMU",9,9239,"biphone","UH-EH","type",0
"CMU",9,9239,"biphone","UW-EH","type",12
"CMU",9,9239,"biphone","AX-EH","type",0
"CMU",9,9239,"biphone","AXR-EH","type",0
"CMU",9,9239,"biphone","IX-EH","type",0
"CMU",9,9239,"biphone","UX-EH","type",0
"CMU",9,9239,"biphone","B-EH","type",121
"CMU",9,9239,"biphone","CH-EH","type",40
"CMU",9,9239,"biphone","D-EH","type",170
"CMU",9,9239,"biphone","DH-EH","type",0
"CMU",9,9239,"biphone","F-EH","type",97
"CMU",9,9239,"biphone","G-EH","type",37
"CMU",9,9239,"biphone","HH-EH","type",75
"CMU",9,9239,"biphone","JH-EH","type",90
"CMU",9,9239,"biphone","K-EH","type",46
"CMU",9,9239,"biphone","L-EH","type",197
"CMU",9,9239,"biphone","M-EH","type",197
"CMU",9,9239,"biphone","N-EH","type",122
"CMU",9,9239,"biphone","NG-EH","type",0
"CMU",9,9239,"biphone","P-EH","type",166
"CMU",9,9239,"biphone","R-EH","type",325
"CMU",9,9239,"biphone","S-EH","type",199
"CMU",9,9239,"biphone","SH-EH","type",15
"CMU",9,9239,"biphone","T-EH","type",259
"CMU",9,9239,"biphone","TH-EH","type",19
"CMU",9,9239,"biphone","V-EH","type",91
"CMU",9,9239,"biphone","W-EH","type",89
"CMU",9,9239,"biphone","Y-EH","type",12
"CMU",9,9239,"biphone","Z-EH","type",36
"CMU",9,9239,"biphone","ZH-EH","type",0
"CMU",9,9239,"biphone","Q-EH","type",0
"CMU",9,9239,"biphone","AA-ER","type",0
"CMU",9,9239,"biphone","AE-ER","type",0
"CMU",9,9239,"biphone","AH-ER","type",0
"CMU",9,9239,"biphone","AO-ER","type",0
"CMU",9,9239,"biphone","AW-ER","type",5
"CMU",9,9239,"biphone","AY-ER","type",23
"CMU",9,9239,"biphone","EH-ER","type",0
"CMU",9,9239,"biphone","ER-ER","type",3
"CMU",9,9239,"biphone","EY-ER","type",2
"CMU",9,9239,"biphone","IH-ER","type",0
"CMU",9,9239,"biphone","IY-ER","type",17
"CMU",9,9239,"biphone","OW-ER","type",3
"CMU",9,9239,"biphone","OY-ER","type",0
"CMU",9,9239,"biphone","UH-ER","type",0
"CMU",9,9239,"biphone","UW-ER","type",3
"CMU",9,9239,"biphone","AX-ER","type",0
"CMU",9,9239,"biphone","AXR-ER","type",0
"CMU",9,9239,"biphone","IX-ER","type",0
"CMU",9,9239,"biphone","UX-ER","type",0
"CMU",9,9239,"biphone","B-ER","type",214
"CMU",9,9239,"biphone","CH-ER","type",48
"CMU",9,9239,"biphone","D-ER","type",184
"CMU",9,9239,"biphone","DH-ER","type",26
"CMU",9,9239,"biphone","F-ER","type",80
"CMU",9,9239,"biphone","G-ER","type",69
"CMU",9,9239,"biphone","HH-ER","type",14
"CMU",9,9239,"biphone","JH-ER","type",34
"CMU",9,9239,"biphone","K-ER","type",104
"CMU",9,9239,"biphone","L-ER","type",82
"CMU",9,9239,"biphone","M-ER","type",79
"CMU",9,9239,"biphone","N-ER","type",93
"CMU",9,9239,"biphone","NG-ER","type",13
"CMU",9,9239,"biphone","P-ER","type",192
"CMU",9,9239,"biphone","R-ER","type",5
"CMU",9,9239,"biphone","S-ER","type",86
"CMU",9,9239,"biphone","SH-ER","type",11
"CMU",9,9239,"biphone","T-ER","type",499
"CMU",9,9239,"biphone","TH-ER","type",13
"CMU",9,9239,"biphone","V-ER","type",115
"CMU",9,9239,"biphone","W-ER","type",44
"CMU",9,9239,"biphone","Y-ER","type",15
"CMU",9,9239,"biphone","Z-ER","type",54
"CMU",9,9239,"biphone","ZH-ER","type",10
"CMU",9,9239,"biphone","Q-ER","type",0
"CMU",9,9239,"biphone","AA-EY","type",0
"CMU",9,9239,"biphone","AE-EY","type",0
"CMU",9,9239,"biphone","AH-EY","type",0
"CMU",9,9239,"biphone","AO-EY","type",0
"CMU",9,9239,"biphone","AW-EY","type",0
"CMU",9,9239,"biphone","AY-EY","type",0
"CMU",9,9239,"biphone","EH-EY","type",0
"CMU",9,9239,"biphone","ER-EY","type",91
"CMU",9,9239,"biphone","EY-EY","type",0
"CMU",9,9239,"biphone","IH-EY","type",0
"CMU",9,9239,"biphone","IY-EY","type",61
"CMU",9,9239,"biphone","OW-EY","type",0
"CMU",9,9239,"biphone","OY-EY","type",0
"CMU",9,9239,"biphone","UH-EY","type",0
"CMU",9,9239,"biphone","UW-EY","type",17
"CMU",9,9239,"biphone","AX-EY","type",0
"CMU",9,9239,"biphone","AXR-EY","type",0
"CMU",9,9239,"biphone","IX-EY","type",0
"CMU",9,9239,"biphone","UX-EY","type",0
"CMU",9,9239,"biphone","B-EY","type",33
"CMU",9,9239,"biphone","CH-EY","type",12
"CMU",9,9239,"biphone","D-EY","type",54
"CMU",9,9239,"biphone","DH-EY","type",0
"CMU",9,9239,"biphone","F-EY","type",12
"CMU",9,9239,"biphone","G-EY","type",47
"CMU",9,9239,"biphone","HH-EY","type",18
"CMU",9,9239,"biphone","JH-EY","type",3
"CMU",9,9239,"biphone","K-EY","type",96
"CMU",9,9239,"biphone","L-EY","type",160
"CMU",9,9239,"biphone","M-EY","type",66
"CMU",9,9239,"biphone","N-EY","type",102
"CMU",9,9239,"biphone","NG-EY","type",0
"CMU",9,9239,"biphone","P-EY","type",44
"CMU",9,9239,"biphone","R-EY","type",135
"CMU",9,9239,"biphone","S-EY","type",35
"CMU",9,9239,"biphone","SH-EY","type",5
"CMU",9,9239,"biphone","T-EY","type",127
"CMU",9,9239,"biphone","TH-EY","type",0
"CMU",9,9239,"biphone","V-EY","type",41
"CMU",9,9239,"biphone","W-EY","type",27
"CMU",9,9239,"biphone","Y-EY","type",3
"CMU",9,9239,"biphone","Z-EY","type",11
"CMU",9,9239,"biphone","ZH-EY","type",0
"CMU",9,9239,"biphone","Q-EY","type",0
"CMU",9,9239,"biphone","AA-IH","type",0
"CMU",9,9239,"biphone","AE-IH","type",0
"CMU",9,9239,"biphone","AH-IH","type",0
"CMU",9,9239,"biphone","AO-IH","type",0
"CMU",9,9239,"biphone","AW-IH","type",0
"CMU",9,9239,"biphone","AY-IH","type",22
"CMU",9,9239,"biphone","EH-IH","type",0
"CMU",9,9239,"biphone","ER-IH","type",86
"CMU",9,9239,"biphone","EY-IH","type",2
"CMU",9,9239,"biphone","IH-IH","type",0
"CMU",9,9239,"biphone","IY-IH","type",38
"CMU",9,9239,"biphone","OW-IH","type",7
"CMU",9,9239,"biphone","OY-IH","type",1
"CMU",9,9239,"biphone","UH-IH","type",0
"CMU",9,9239,"biphone","UW-IH","type",13
"CMU",9,9239,"biphone","AX-IH","type",0
"CMU",9,9239,"biphone","AXR-IH","type",0
"CMU",9,9239,"biphone","IX-IH","type",0
"CMU",9,9239,"biphone","UX-IH","type",0
"CMU",9,9239,"biphone","B-IH","type",113
"CMU",9,9239,"biphone","CH-IH","type",32
"CMU",9,9239,"biphone","D-IH","type",554
"CMU",9,9239,"biphone","DH-IH","type",1
"CMU",9,9239,"biphone","F-IH","type",164
"CMU",9,9239,"biphone","G-IH","type",52
"CMU",9,9239,"biphone","HH-IH","type",58
"CMU",9,9239,"biphone","JH-IH","type",96
"CMU",9,9239,"biphone","K-IH","type",117
"CMU",9,9239,"biphone","L-IH","type",498
"CMU",9,9239,"biphone","M-IH","type",320
"CMU",9,9239,"biphone","N-IH","type",344
"CMU",9,9239,"biphone","NG-IH","type",1
"CMU",9,9239,"biphone","P-IH","type",105
"CMU",9,9239,"biphone","R-IH","type",471
"CMU",9,9239,"biphone","S-IH","type",465
"CMU",9,9239,"biphone","SH-IH","type",67
"CMU",9,9239,"biphone","T-IH","type",872
"CMU",9,9239,"biphone","TH-IH","type",9
"CMU",9,9239,"biphone","V-IH","type",220
"CMU",9,9239,"biphone","W-IH","type",169
"CMU",9,9239,"biphone","Y-IH","type",2
"CMU",9,9239,"biphone","Z-IH","type",176
"CMU",9,9239,"biphone","ZH-IH","type",2
"CMU",9,9239,"biphone","Q-IH","type",0
"CMU",9,9239,"biphone","AA-IY","type",0
"CMU",9,9239,"biphone","AE-IY","type",0
"CMU",9,9239,"biphone","AH-IY","type",0
"CMU",9,9239,"biphone","AO-IY","type",0
"CMU",9,9239,"biphone","AW-IY","type",1
"CMU",9,9239,"biphone","AY-IY","type",0
"CMU",9,9239,"biphone","EH-IY","type",0
"CMU",9,9239,"biphone","ER-IY","type",33
"CMU",9,9239,"biphone","EY-IY","type",0
"CMU",9,9239,"biphone","IH-IY","type",0
"CMU",9,9239,"biphone","IY-IY","type",1
"CMU",9,9239,"biphone","OW-IY","type",0
"CMU",9,9239,"biphone","OY-IY","type",0
"CMU",9,9239,"biphone","UH-IY","type",0
"CMU",9,9239,"biphone","UW-IY","type",2
"CMU",9,9239,"biphone","AX-IY","type",0
"CMU",9,9239,"biphone","AXR-IY","type",0
"CMU",9,9239,"biphone","IX-IY","type",0
"CMU",9,9239,"biphone","UX-IY","type",0
"CMU",9,9239,"biphone","B-IY","type",45
"CMU",9,9239,"biphone","CH-IY","type",34
"CMU",9,9239,"biphone","D-IY","type",172
"CMU",9,9239,"biphone","DH-IY","type",6
"CMU",9,9239,"biphone","F-IY","type",79
"CMU",9,9239,"biphone","G-IY","type",8
"CMU",9,9239,"biphone","HH-IY","type",15
"CMU",9,9239,"biphone","JH-IY","type",73
"CMU",9,9239,"biphone","K-IY","type",293
"CMU",9,9239,"biphone","L-IY","type",469
"CMU",9,9239,"biphone","M-IY","type",74
"CMU",9,9239,"biphone","N-IY","type",227
"CMU",9,9239,"biphone","NG-IY","type",1
"CMU",9,9239,"biphone","P-IY","type",80
"CMU",9,9239,"biphone","R-IY","type",699
"CMU",9,9239,"biphone","S-IY","type",173
"CMU",9,9239,"biphone","SH-IY","type",40
"CMU",9,9239,"biphone","T-IY","type",357
"CMU",9,9239,"biphone","TH-IY","type",29
"CMU",9,9239,"biphone","V-IY","type",54
"CMU",9,9239,"biphone","W-IY","type",25
"CMU",9,9239,"biphone","Y-IY","type",0
"CMU",9,9239,"biphone","Z-IY","type",40
"CMU",9,9239,"biphone","ZH-IY","type",2
"CMU",9,9239,"biphone","Q-IY","type",0
"CMU",9,9239,"biphone","AA-OW","type",0
"CMU",9,9239,"biphone","AE-OW","type",0
"CMU",9,9239,"biphone","AH-OW","type",0
"CMU",9,9239,"biphone","AO-OW","type",0
"CMU",9,9239,"biphone","AW-OW","type",0
"CMU",9,9239,"biphone","AY-OW","type",10
"CMU",9,9239,"biphone","EH-OW","type",0
"CMU",9,9239,"biphone","ER-OW","type",4
"CMU",9,9239,"biphone","EY-OW","type",0
"CMU",9,9239,"biphone","IH-OW","type",0
"CMU",9,9239,"biphone","IY-OW","type",68
"CMU",9,9239,"biphone","OW-OW","type",0
"CMU",9,9239,"biphone","OY-OW","type",0
"CMU",9,9239,"biphone","UH-OW","type",0
"CMU",9,9239,"biphone","UW-OW","type",1
"CMU",9,9239,"biphone","AX-OW","type",0
"CMU",9,9239,"biphone","AXR-OW","type",0
"CMU",9,9239,"biphone","IX-OW","type",0
"CMU",9,9239,"biphone","UX-OW","type",0
"CMU",9,9239,"biphone","B-OW","type",38
"CMU",9,9239,"biphone","CH-OW","type",2
"CMU",9,9239,"biphone","D-OW","type",55
"CMU",9,9239,"biphone","DH-OW","type",0
"CMU",9,9239,"biphone","F-OW","type",37
"CMU",9,9239,"biphone","G-OW","type",52
"CMU",9,9239,"biphone","HH-OW","type",65
"CMU",9,9239,"biphone","JH-OW","type",7
"CMU",9,9239,"biphone","K-OW","type",114
"CMU",9,9239,"biphone","L-OW","type",99
"CMU",9,9239,"biphone","M-OW","type",80
"CMU",9,9239,"biphone","N-OW","type",131
"CMU",9,9239,"biphone","NG-OW","type",1
"CMU",9,9239,"biphone","P-OW","type",54
"CMU",9,9239,"biphone","R-OW","type",267
"CMU",9,9239,"biphone","S-OW","type",50
"CMU",9,9239,"biphone","SH-OW","type",2
"CMU",9,9239,"biphone","T-OW","type",109
"CMU",9,9239,"biphone","TH-OW","type",0
"CMU",9,9239,"biphone","V-OW","type",24
"CMU",9,9239,"biphone","W-OW","type",15
"CMU",9,9239,"biphone","Y-OW","type",6
"CMU",9,9239,"biphone","Z-OW","type",12
"CMU",9,9239,"biphone","ZH-OW","type",0
"CMU",9,9239,"biphone","Q-OW","type",0
"CMU",9,9239,"biphone","AA-OY","type",0
"CMU",9,9239,"biphone","AE-OY","type",0
"CMU",9,9239,"biphone","AH-OY","type",0
"CMU",9,9239,"biphone","AO-OY","type",0
"CMU",9,9239,"biphone","AW-OY","type",0
"CMU",9,9239,"biphone","AY-OY","type",0
"CMU",9,9239,"biphone","EH-OY","type",0
"CMU",9,9239,"biphone","ER-OY","type",0
"CMU",9,9239,"biphone","EY-OY","type",0
"CMU",9,9239,"biphone","IH-OY","type",0
"CMU",9,9239,"biphone","IY-OY","type",0
"CMU",9,9239,"biphone","OW-OY","type",0
"CMU",9,9239,"biphone","OY-OY","type",0
"CMU",9,9239,"biphone","UH-OY","type",0
"CMU",9,9239,"biphone","UW-OY","type",0
"CMU",9,9239,"biphone","AX-OY","type",0
"CMU",9,9239,"biphone","AXR-OY","type",0
"CMU",9,9239,"biphone","IX-OY","type",0
"CMU",9,9239,"biphone","UX-OY","type",0
"CMU",9,9239,"biphone","B-OY","type",4
"CMU",9,9239,"biphone","CH-OY","type",0
"CMU",9,9239,"biphone","D-OY","type",0
"CMU",9,9239,"biphone","DH-OY","type",0
"CMU",9,9239,"biphone","F-OY","type",0
"CMU",9,9239,"biphone","G-OY","type",0
"CMU",9,9239,"biphone","HH-OY","type",0
"CMU",9,9239,"biphone","JH-OY","type",2
"CMU",9,9239,"biphone","K-OY","type",0
"CMU",9,9239,"biphone","L-OY","type",15
"CMU",9,9239,"biphone","M-OY","type",0
"CMU",9,9239,"biphone","N-OY","type",0
"CMU",9,9239,"biphone","NG-OY","type",0
"CMU",9,9239,"biphone","P-OY","type",20
"CMU",9,9239,"biphone","R-OY","type",7
"CMU",9,9239,"biphone","S-OY","type",1
"CMU",9,9239,"biphone","SH-OY","type",0
"CMU",9,9239,"biphone","T-OY","type",0
"CMU",9,9239,"biphone","TH-OY","type",0
"CMU",9,9239,"biphone","V-OY","type",3
"CMU",9,9239,"biphone","W-OY","type",0
"CMU",9,9239,"biphone","Y-OY","type",0
"CMU",9,9239,"biphone","Z-OY","type",0
"CMU",9,9239,"biphone","ZH-OY","type",0
"CMU",9,9239,"biphone","Q-OY","type",0
"CMU",9,9239,"biphone","AA-UH","type",0
"CMU",9,9239,"biphone","AE-UH","type",0
"CMU",9,9239,"biphone","AH-UH","type",0
"CMU",9,9239,"biphone","AO-UH","type",0
"CMU",9,9239,"biphone","AW-UH","type",0
"CMU",9,9239,"biphone","AY-UH","type",0
"CMU",9,9239,"biphone","EH-UH","type",0
"CMU",9,9239,"biphone","ER-UH","type",0
"CMU",9,9239,"biphone","EY-UH","type",0
"CMU",9,9239,"biphone","IH-UH","type",0
"CMU",9,9239,"biphone","IY-UH","type",0
"CMU",9,9239,"biphone","OW-UH","type",0
"CMU",9,9239,"biphone","OY-UH","type",0
"CMU",9,9239,"biphone","UH-UH","type",0
"CMU",9,9239,"biphone","UW-UH","type",1
"CMU",9,9239,"biphone","AX-UH","type",0
"CMU",9,9239,"biphone","AXR-UH","type",0
"CMU",9,9239,"biphone","IX-UH","type",0
"CMU",9,9239,"biphone","UX-UH","type",0
"CMU",9,9239,"biphone","B-UH","type",23
"CMU",9,9239,"biphone","CH-UH","type",3
"CMU",9,9239,"biphone","D-UH","type",3
"CMU",9,9239,"biphone","DH-UH","type",0
"CMU",9,9239,"biphone","F-UH","type",8
"CMU",9,9239,"biphone","G-UH","type",2
"CMU",9,9239,"biphone","HH-UH","type",5
"CMU",9,9239,"biphone","JH-UH","type",0
"CMU",9,9239,"biphone","K-UH","type",4
"CMU",9,9239,"biphone","L-UH","type",5
"CMU",9,9239,"biphone","M-UH","type",3
"CMU",9,9239,"biphone","N-UH","type",3
"CMU",9,9239,"biphone","NG-UH","type",0
"CMU",9,9239,"biphone","P-UH","type",4
"CMU",9,9239,"biphone","R-UH","type",17
"CMU",9,9239,"biphone","S-UH","type",2
"CMU",9,9239,"biphone","SH-UH","type",4
"CMU",9,9239,"biphone","T-UH","type",11
"CMU",9,9239,"biphone","TH-UH","type",0
"CMU",9,9239,"biphone","V-UH","type",4
"CMU",9,9239,"biphone","W-UH","type",10
"CMU",9,9239,"biphone","Y-UH","type",33
"CMU",9,9239,"biphone","Z-UH","type",2
"CMU",9,9239,"biphone","ZH-UH","type",1
"CMU",9,9239,"biphone","Q-UH","type",0
"CMU",9,9239,"biphone","AA-UW","type",1
"CMU",9,9239,"biphone","AE-UW","type",0
"CMU",9,9239,"biphone","AH-UW","type",0
"CMU",9,9239,"biphone","AO-UW","type",0
"CMU",9,9239,"biphone","AW-UW","type",0
"CMU",9,9239,"biphone","AY-UW","type",1
"CMU",9,9239,"biphone","EH-UW","type",0
"CMU",9,9239,"biphone","ER-UW","type",2
"CMU",9,9239,"biphone","EY-UW","type",0
"CMU",9,9239,"biphone","IH-UW","type",0
"CMU",9,9239,"biphone","IY-UW","type",4
"CMU",9,9239,"biphone","OW-UW","type",0
"CMU",9,9239,"biphone","OY-UW","type",0
"CMU",9,9239,"biphone","UH-UW","type",0
"CMU",9,9239,"biphone","UW-UW","type",0
"CMU",9,9239,"biphone","AX-UW","type",0
"CMU",9,9239,"biphone","AXR-UW","type",0
"CMU",9,9239,"biphone","IX-UW","type",0
"CMU",9,9239,"biphone","UX-UW","type",0
"CMU",9,9239,"biphone","B-UW","type",14
"CMU",9,9239,"biphone","CH-UW","type",20
"CMU",9,9239,"biphone","D-UW","type",37
"CMU",9,9239,"biphone","DH-UW","type",0
"CMU",9,9239,"biphone","F-UW","type",5
"CMU",9,9239,"biphone","G-UW","type",10
"CMU",9,9239,"biphone","HH-UW","type",7
"CMU",9,9239,"biphone","JH-UW","type",18
"CMU",9,9239,"biphone","K-UW","type",18
"CMU",9,9239,"biphone","L-UW","type",102
"CMU",9,9239,"biphone","M-UW","type",21
"CMU",9,9239,"biphone","N-UW","type",43
"CMU",9,9239,"biphone","NG-UW","type",0
"CMU",9,9239,"biphone","P-UW","type",8
"CMU",9,9239,"biphone","R-UW","type",85
"CMU",9,9239,"biphone","S-UW","type",66
"CMU",9,9239,"biphone","SH-UW","type",5
"CMU",9,9239,"biphone","T-UW","type",48
"CMU",9,9239,"biphone","TH-UW","type",2
"CMU",9,9239,"biphone","V-UW","type",0
"CMU",9,9239,"biphone","W-UW","type",1
"CMU",9,9239,"biphone","Y-UW","type",286
"CMU",9,9239,"biphone","Z-UW","type",6
"CMU",9,9239,"biphone","ZH-UW","type",1
"CMU",9,9239,"biphone","Q-UW","type",0
"CMU",9,9239,"biphone","AA-AX","type",0
"CMU",9,9239,"biphone","AE-AX","type",0
"CMU",9,9239,"biphone","AH-AX","type",0
"CMU",9,9239,"biphone","AO-AX","type",0
"CMU",9,9239,"biphone","AW-AX","type",0
"CMU",9,9239,"biphone","AY-AX","type",0
"CMU",9,9239,"biphone","EH-AX","type",0
"CMU",9,9239,"biphone","ER-AX","type",0
"CMU",9,9239,"biphone","EY-AX","type",0
"CMU",9,9239,"biphone","IH-AX","type",0
"CMU",9,9239,"biphone","IY-AX","type",0
"CMU",9,9239,"biphone","OW-AX","type",0
"CMU",9,9239,"biphone","OY-AX","type",0
"CMU",9,9239,"biphone","UH-AX","type",0
"CMU",9,9239,"biphone","UW-AX","type",0
"CMU",9,9239,"biphone","AX-AX","type",0
"CMU",9,9239,"biphone","AXR-AX","type",0
"CMU",9,9239,"biphone","IX-AX","type",0
"CMU",9,9239,"biphone","UX-AX","type",0
"CMU",9,9239,"biphone","B-AX","type",0
"CMU",9,9239,"biphone","CH-AX","type",0
"CMU",9,9239,"biphone","D-AX","type",0
"CMU",9,9239,"biphone","DH-AX","type",0
"CMU",9,9239,"biphone","F-AX","type",0
"CMU",9,9239,"biphone","G-AX","type",0
"CMU",9,9239,"biphone","HH-AX","type",0
"CMU",9,9239,"biphone","JH-AX","type",0
"CMU",9,9239,"biphone","K-AX","type",0
"CMU",9,9239,"biphone","L-AX","type",0
"CMU",9,9239,"biphone","M-AX","type",0
"CMU",9,9239,"biphone","N-AX","type",0
"CMU",9,9239,"biphone","NG-AX","type",0
"CMU",9,9239,"biphone","P-AX","type",0
"CMU",9,9239,"biphone","R-AX","type",0
"CMU",9,9239,"biphone","S-AX","type",0
"CMU",9,9239,"biphone","SH-AX","type",0
"CMU",9,9239,"biphone","T-AX","type",0
"CMU",9,9239,"biphone","TH-AX","type",0
"CMU",9,9239,"biphone","V-AX","type",0
"CMU",9,9239,"biphone","W-AX","type",0
"CMU",9,9239,"biphone","Y-AX","type",0
"CMU",9,9239,"biphone","Z-AX","type",0
"CMU",9,9239,"biphone","ZH-AX","type",0
"CMU",9,9239,"biphone","Q-AX","type",0
"CMU",9,9239,"biphone","AA-AXR","type",0
"CMU",9,9239,"biphone","AE-AXR","type",0
"CMU",9,9239,"biphone","AH-AXR","type",0
"CMU",9,9239,"biphone","AO-AXR","type",0
"CMU",9,9239,"biphone","AW-AXR","type",0
"CMU",9,9239,"biphone","AY-AXR","type",0
"CMU",9,9239,"biphone","EH-AXR","type",0
"CMU",9,9239,"biphone","ER-AXR","type",0
"CMU",9,9239,"biphone","EY-AXR","type",0
"CMU",9,9239,"biphone","IH-AXR","type",0
"CMU",9,9239,"biphone","IY-AXR","type",0
"CMU",9,9239,"biphone","OW-AXR","type",0
"CMU",9,9239,"biphone","OY-AXR","type",0
"CMU",9,9239,"biphone","UH-AXR","type",0
"CMU",9,9239,"biphone","UW-AXR","type",0
"CMU",9,9239,"biphone","AX-AXR","type",0
"CMU",9,9239,"biphone","AXR-AXR","type",0
"CMU",9,9239,"biphone","IX-AXR","type",0
"CMU",9,9239,"biphone","UX-AXR","type",0
"CMU",9,9239,"biphone","B-AXR","type",0
"CMU",9,9239,"biphone","CH-AXR","type",0
"CMU",9,9239,"biphone","D-AXR","type",0
"CMU",9,9239,"biphone","DH-AXR","type",0
"CMU",9,9239,"biphone","F-AXR","type",0
"CMU",9,9239,"biphone","G-AXR","type",0
"CMU",9,9239,"biphone","HH-AXR","type",0
"CMU",9,9239,"biphone","JH-AXR","type",0
"CMU",9,9239,"biphone","K-AXR","type",0
"CMU",9,9239,"biphone","L-AXR","type",0
"CMU",9,9239,"biphone","M-AXR","type",0
"CMU",9,9239,"biphone","N-AXR","type",0
"CMU",9,9239,"biphone","NG-AXR","type",0
"CMU",9,9239,"biphone","P-AXR","type",0
"CMU",9,9239,"biphone","R-AXR","type",0
"CMU",9,9239,"biphone","S-AXR","type",0
"CMU",9,9239,"biphone","SH-AXR","type",0
"CMU",9,9239,"biphone","T-AXR","type",0
"CMU",9,9239,"biphone","TH-AXR","type",0
"CMU",9,9239,"biphone","V-AXR","type",0
"CMU",9,9239,"biphone","W-AXR","type",0
"CMU",9,9239,"biphone","Y-AXR","type",0
"CMU",9,9239,"biphone","Z-AXR","type",0
"CMU",9,9239,"biphone","ZH-AXR","type",0
"CMU",9,9239,"biphone","Q-AXR","type",0
"CMU",9,9239,"biphone","AA-IX","type",0
"CMU",9,9239,"biphone","AE-IX","type",0
"CMU",9,9239,"biphone","AH-IX","type",0
"CMU",9,9239,"biphone","AO-IX","type",0
"CMU",9,9239,"biphone","AW-IX","type",0
"CMU",9,9239,"biphone","AY-IX","type",0
"CMU",9,9239,"biphone","EH-IX","type",0
"CMU",9,9239,"biphone","ER-IX","type",0
"CMU",9,9239,"biphone","EY-IX","type",0
"CMU",9,9239,"biphone","IH-IX","type",0
"CMU",9,9239,"biphone","IY-IX","type",0
"CMU",9,9239,"biphone","OW-IX","type",0
"CMU",9,9239,"biphone","OY-IX","type",0
"CMU",9,9239,"biphone","UH-IX","type",0
"CMU",9,9239,"biphone","UW-IX","type",0
"CMU",9,9239,"biphone","AX-IX","type",0
"CMU",9,9239,"biphone","AXR-IX","type",0
"CMU",9,9239,"biphone","IX-IX","type",0
"CMU",9,9239,"biphone","UX-IX","type",0
"CMU",9,9239,"biphone","B-IX","type",0
"CMU",9,9239,"biphone","CH-IX","type",0
"CMU",9,9239,"biphone","D-IX","type",0
"CMU",9,9239,"biphone","DH-IX","type",0
"CMU",9,9239,"biphone","F-IX","type",0
"CMU",9,9239,"biphone","G-IX","type",0
"CMU",9,9239,"biphone","HH-IX","type",0
"CMU",9,9239,"biphone","JH-IX","type",0
"CMU",9,9239,"biphone","K-IX","type",0
"CMU",9,9239,"biphone","L-IX","type",0
"CMU",9,9239,"biphone","M-IX","type",0
"CMU",9,9239,"biphone","N-IX","type",0
"CMU",9,9239,"biphone","NG-IX","type",0
"CMU",9,9239,"biphone","P-IX","type",0
"CMU",9,9239,"biphone","R-IX","type",0
"CMU",9,9239,"biphone","S-IX","type",0
"CMU",9,9239,"biphone","SH-IX","type",0
"CMU",9,9239,"biphone","T-IX","type",0
"CMU",9,9239,"biphone","TH-IX","type",0
"CMU",9,9239,"biphone","V-IX","type",0
"CMU",9,9239,"biphone","W-IX","type",0
"CMU",9,9239,"biphone","Y-IX","type",0
"CMU",9,9239,"biphone","Z-IX","type",0
"CMU",9,9239,"biphone","ZH-IX","type",0
"CMU",9,9239,"biphone","Q-IX","type",0
"CMU",9,9239,"biphone","AA-UX","type",0
"CMU",9,9239,"biphone","AE-UX","type",0
"CMU",9,9239,"biphone","AH-UX","type",0
"CMU",9,9239,"biphone","AO-UX","type",0
"CMU",9,9239,"biphone","AW-UX","type",0
"CMU",9,9239,"biphone","AY-UX","type",0
"CMU",9,9239,"biphone","EH-UX","type",0
"CMU",9,9239,"biphone","ER-UX","type",0
"CMU",9,9239,"biphone","EY-UX","type",0
"CMU",9,9239,"biphone","IH-UX","type",0
"CMU",9,9239,"biphone","IY-UX","type",0
"CMU",9,9239,"biphone","OW-UX","type",0
"CMU",9,9239,"biphone","OY-UX","type",0
"CMU",9,9239,"biphone","UH-UX","type",0
"CMU",9,9239,"biphone","UW-UX","type",0
"CMU",9,9239,"biphone","AX-UX","type",0
"CMU",9,9239,"biphone","AXR-UX","type",0
"CMU",9,9239,"biphone","IX-UX","type",0
"CMU",9,9239,"biphone","UX-UX","type",0
"CMU",9,9239,"biphone","B-UX","type",0
"CMU",9,9239,"biphone","CH-UX","type",0
"CMU",9,9239,"biphone","D-UX","type",0
"CMU",9,9239,"biphone","DH-UX","type",0
"CMU",9,9239,"biphone","F-UX","type",0
"CMU",9,9239,"biphone","G-UX","type",0
"CMU",9,9239,"biphone","HH-UX","type",0
"CMU",9,9239,"biphone","JH-UX","type",0
"CMU",9,9239,"biphone","K-UX","type",0
"CMU",9,9239,"biphone","L-UX","type",0
"CMU",9,9239,"biphone","M-UX","type",0
"CMU",9,9239,"biphone","N-UX","type",0
"CMU",9,9239,"biphone","NG-UX","type",0
"CMU",9,9239,"biphone","P-UX","type",0
"CMU",9,9239,"biphone","R-UX","type",0
"CMU",9,9239,"biphone","S-UX","type",0
"CMU",9,9239,"biphone","SH-UX","type",0
"CMU",9,9239,"biphone","T-UX","type",0
"CMU",9,9239,"biphone","TH-UX","type",0
"CMU",9,9239,"biphone","V-UX","type",0
"CMU",9,9239,"biphone","W-UX","type",0
"CMU",9,9239,"biphone","Y-UX","type",0
"CMU",9,9239,"biphone","Z-UX","type",0
"CMU",9,9239,"biphone","ZH-UX","type",0
"CMU",9,9239,"biphone","Q-UX","type",0
"CMU",9,9239,"biphone","AA-B","type",48
"CMU",9,9239,"biphone","AE-B","type",62
"CMU",9,9239,"biphone","AH-B","type",354
"CMU",9,9239,"biphone","AO-B","type",2
"CMU",9,9239,"biphone","AW-B","type",3
"CMU",9,9239,"biphone","AY-B","type",23
"CMU",9,9239,"biphone","EH-B","type",11
"CMU",9,9239,"biphone","ER-B","type",56
"CMU",9,9239,"biphone","EY-B","type",23
"CMU",9,9239,"biphone","IH-B","type",55
"CMU",9,9239,"biphone","IY-B","type",20
"CMU",9,9239,"biphone","OW-B","type",44
"CMU",9,9239,"biphone","OY-B","type",0
"CMU",9,9239,"biphone","UH-B","type",0
"CMU",9,9239,"biphone","UW-B","type",37
"CMU",9,9239,"biphone","AX-B","type",0
"CMU",9,9239,"biphone","AXR-B","type",0
"CMU",9,9239,"biphone","IX-B","type",0
"CMU",9,9239,"biphone","UX-B","type",0
"CMU",9,9239,"biphone","B-B","type",0
"CMU",9,9239,"biphone","CH-B","type",4
"CMU",9,9239,"biphone","D-B","type",13
"CMU",9,9239,"biphone","DH-B","type",0
"CMU",9,9239,"biphone","F-B","type",1
"CMU",9,9239,"biphone","G-B","type",1
"CMU",9,9239,"biphone","HH-B","type",0
"CMU",9,9239,"biphone","JH-B","type",0
"CMU",9,9239,"biphone","K-B","type",12
"CMU",9,9239,"biphone","L-B","type",59
"CMU",9,9239,"biphone","M-B","type",144
"CMU",9,9239,"biphone","N-B","type",157
"CMU",9,9239,"biphone","NG-B","type",4
"CMU",9,9239,"biphone","P-B","type",5
"CMU",9,9239,"biphone","R-B","type",52
"CMU",9,9239,"biphone","S-B","type",38
"CMU",9,9239,"biphone","SH-B","type",2
"CMU",9,9239,"biphone","T-B","type",9
"CMU",9,9239,"biphone","TH-B","type",2
"CMU",9,9239,"biphone","V-B","type",1
"CMU",9,9239,"biphone","W-B","type",0
"CMU",9,9239,"biphone","Y-B","type",0
"CMU",9,9239,"biphone","Z-B","type",21
"CMU",9,9239,"biphone","ZH-B","type",0
"CMU",9,9239,"biphone","Q-B","type",0
"CMU",9,9239,"biphone","AA-CH","type",14
"CMU",9,9239,"biphone","AE-CH","type",18
"CMU",9,9239,"biphone","AH-CH","type",37
"CMU",9,9239,"biphone","AO-CH","type",0
"CMU",9,9239,"biphone","AW-CH","type",1
"CMU",9,9239,"biphone","AY-CH","type",3
"CMU",9,9239,"biphone","EH-CH","type",4
"CMU",9,9239,"biphone","ER-CH","type",13
"CMU",9,9239,"biphone","EY-CH","type",3
"CMU",9,9239,"biphone","IH-CH","type",66
"CMU",9,9239,"biphone","IY-CH","type",16
"CMU",9,9239,"biphone","OW-CH","type",8
"CMU",9,9239,"biphone","OY-CH","type",0
"CMU",9,9239,"biphone","UH-CH","type",0
"CMU",9,9239,"biphone","UW-CH","type",8
"CMU",9,9239,"biphone","AX-CH","type",0
"CMU",9,9239,"biphone","AXR-CH","type",0
"CMU",9,9239,"biphone","IX-CH","type",0
"CMU",9,9239,"biphone","UX-CH","type",0
"CMU",9,9239,"biphone","B-CH","type",0
"CMU",9,9239,"biphone","CH-CH","type",0
"CMU",9,9239,"biphone","D-CH","type",2
"CMU",9,9239,"biphone","DH-CH","type",0
"CMU",9,9239,"biphone","F-CH","type",1
"CMU",9,9239,"biphone","G-CH","type",0
"CMU",9,9239,"biphone","HH-CH","type",0
"CMU",9,9239,"biphone","JH-CH","type",0
"CMU",9,9239,"biphone","K-CH","type",12
"CMU",9,9239,"biphone","L-CH","type",10
"CMU",9,9239,"biphone","M-CH","type",0
"CMU",9,9239,"biphone","N-CH","type",55
"CMU",9,9239,"biphone","NG-CH","type",0
"CMU",9,9239,"biphone","P-CH","type",5
"CMU",9,9239,"biphone","R-CH","type",17
"CMU",9,9239,"biphone","S-CH","type",34
"CMU",9,9239,"biphone","SH-CH","type",0
"CMU",9,9239,"biphone","T-CH","type",3
"CMU",9,9239,"biphone","TH-CH","type",0
"CMU",9,9239,"biphone","V-CH","type",1
"CMU",9,9239,"biphone","W-CH","type",0
"CMU",9,9239,"biphone","Y-CH","type",0
"CMU",9,9239,"biphone","Z-CH","type",0
"CMU",9,9239,"biphone","ZH-CH","type",0
"CMU",9,9239,"biphone","Q-CH","type",0
"CMU",9,9239,"biphone","AA-D","type",68
"CMU",9,9239,"biphone","AE-D","type",78
"CMU",9,9239,"biphone","AH-D","type",256
"CMU",9,9239,"biphone","AO-D","type",10
"CMU",9,9239,"biphone","AW-D","type",4
"CMU",9,9239,"biphone","AY-D","type",81
"CMU",9,9239,"biphone","EH-D","type",99
"CMU",9,9239,"biphone","ER-D","type",53
"CMU",9,9239,"biphone","EY-D","type",41
"CMU",9,9239,"biphone","IH-D","type",342
"CMU",9,9239,"biphone","IY-D","type",83
"CMU",9,9239,"biphone","OW-D","type",41
"CMU",9,9239,"biphone","OY-D","type",8
"CMU",9,9239,"biphone","UH-D","type",10
"CMU",9,9239,"biphone","UW-D","type",52
"CMU",9,9239,"biphone","AX-D","type",0
"CMU",9,9239,"biphone","AXR-D","type",0
"CMU",9,9239,"biphone","IX-D","type",0
"CMU",9,9239,"biphone","UX-D","type",0
"CMU",9,9239,"biphone","B-D","type",14
"CMU",9,9239,"biphone","CH-D","type",2
"CMU",9,9239,"biphone","D-D","type",1
"CMU",9,9239,"biphone","DH-D","type",1
"CMU",9,9239,"biphone","F-D","type",0
"CMU",9,9239,"biphone","G-D","type",4
"CMU",9,9239,"biphone","HH-D","type",0
"CMU",9,9239,"biphone","JH-D","type",11
"CMU",9,9239,"biphone","K-D","type",14
"CMU",9,9239,"biphone","L-D","type",224
"CMU",9,9239,"biphone","M-D","type",10
"CMU",9,9239,"biphone","N-D","type",728
"CMU",9,9239,"biphone","NG-D","type",4
"CMU",9,9239,"biphone","P-D","type",3
"CMU",9,9239,"biphone","R-D","type",140
"CMU",9,9239,"biphone","S-D","type",10
"CMU",9,9239,"biphone","SH-D","type",0
"CMU",9,9239,"biphone","T-D","type",7
"CMU",9,9239,"biphone","TH-D","type",1
"CMU",9,9239,"biphone","V-D","type",11
"CMU",9,9239,"biphone","W-D","type",0
"CMU",9,9239,"biphone","Y-D","type",0
"CMU",9,9239,"biphone","Z-D","type",73
"CMU",9,9239,"biphone","ZH-D","type",1
"CMU",9,9239,"biphone","Q-D","type",0
"CMU",9,9239,"biphone","AA-DH","type",4
"CMU",9,9239,"biphone","AE-DH","type",2
"CMU",9,9239,"biphone","AH-DH","type",10
"CMU",9,9239,"biphone","AO-DH","type",0
"CMU",9,9239,"biphone","AW-DH","type",0
"CMU",9,9239,"biphone","AY-DH","type",0
"CMU",9,9239,"biphone","EH-DH","type",13
"CMU",9,9239,"biphone","ER-DH","type",5
"CMU",9,9239,"biphone","EY-DH","type",0
"CMU",9,9239,"biphone","IH-DH","type",6
"CMU",9,9239,"biphone","IY-DH","type",0
"CMU",9,9239,"biphone","OW-DH","type",0
"CMU",9,9239,"biphone","OY-DH","type",0
"CMU",9,9239,"biphone","UH-DH","type",0
"CMU",9,9239,"biphone","UW-DH","type",0
"CMU",9,9239,"biphone","AX-DH","type",0
"CMU",9,9239,"biphone","AXR-DH","type",0
"CMU",9,9239,"biphone","IX-DH","type",0
"CMU",9,9239,"biphone","UX-DH","type",0
"CMU",9,9239,"biphone","B-DH","type",0
"CMU",9,9239,"biphone","CH-DH","type",0
"CMU",9,9239,"biphone","D-DH","type",0
"CMU",9,9239,"biphone","DH-DH","type",0
"CMU",9,9239,"biphone","F-DH","type",0
"CMU",9,9239,"biphone","G-DH","type",0
"CMU",9,9239,"biphone","HH-DH","type",0
"CMU",9,9239,"biphone","JH-DH","type",0
"CMU",9,9239,"biphone","K-DH","type",0
"CMU",9,9239,"biphone","L-DH","type",0
"CMU",9,9239,"biphone","M-DH","type",0
"CMU",9,9239,"biphone","N-DH","type",0
"CMU",9,9239,"biphone","NG-DH","type",0
"CMU",9,9239,"biphone","P-DH","type",0
"CMU",9,9239,"biphone","R-DH","type",1
"CMU",9,9239,"biphone","S-DH","type",0
"CMU",9,9239,"biphone","SH-DH","type",0
"CMU",9,9239,"biphone","T-DH","type",0
"CMU",9,9239,"biphone","TH-DH","type",0
"CMU",9,9239,"biphone","V-DH","type",0
"CMU",9,9239,"biphone","W-DH","type",0
"CMU",9,9239,"biphone","Y-DH","type",0
"CMU",9,9239,"biphone","Z-DH","type",0
"CMU",9,9239,"biphone","ZH-DH","type",0
"CMU",9,9239,"biphone","Q-DH","type",0
"CMU",9,9239,"biphone","AA-F","type",20
"CMU",9,9239,"biphone","AE-F","type",74
"CMU",9,9239,"biphone","AH-F","type",179
"CMU",9,9239,"biphone","AO-F","type",119
"CMU",9,9239,"biphone","AW-F","type",1
"CMU",9,9239,"biphone","AY-F","type",12
"CMU",9,9239,"biphone","EH-F","type",57
"CMU",9,9239,"biphone","ER-F","type",53
"CMU",9,9239,"biphone","EY-F","type",5
"CMU",9,9239,"biphone","IH-F","type",102
"CMU",9,9239,"biphone","IY-F","type",29
"CMU",9,9239,"biphone","OW-F","type",20
"CMU",9,9239,"biphone","OY-F","type",0
"CMU",9,9239,"biphone","UH-F","type",0
"CMU",9,9239,"biphone","UW-F","type",6
"CMU",9,9239,"biphone","AX-F","type",0
"CMU",9,9239,"biphone","AXR-F","type",0
"CMU",9,9239,"biphone","IX-F","type",0
"CMU",9,9239,"biphone","UX-F","type",0
"CMU",9,9239,"biphone","B-F","type",2
"CMU",9,9239,"biphone","CH-F","type",6
"CMU",9,9239,"biphone","D-F","type",19
"CMU",9,9239,"biphone","DH-F","type",0
"CMU",9,9239,"biphone","F-F","type",0
"CMU",9,9239,"biphone","G-F","type",0
"CMU",9,9239,"biphone","HH-F","type",0
"CMU",9,9239,"biphone","JH-F","type",0
"CMU",9,9239,"biphone","K-F","type",19
"CMU",9,9239,"biphone","L-F","type",32
"CMU",9,9239,"biphone","M-F","type",18
"CMU",9,9239,"biphone","N-F","type",120
"CMU",9,9239,"biphone","NG-F","type",8
"CMU",9,9239,"biphone","P-F","type",9
"CMU",9,9239,"biphone","R-F","type",32
"CMU",9,9239,"biphone","S-F","type",35
"CMU",9,9239,"biphone","SH-F","type",0
"CMU",9,9239,"biphone","T-F","type",21
"CMU",9,9239,"biphone","TH-F","type",3
"CMU",9,9239,"biphone","V-F","type",0
"CMU",9,9239,"biphone","W-F","type",0
"CMU",9,9239,"biphone","Y-F","type",0
"CMU",9,9239,"biphone","Z-F","type",2
"CMU",9,9239,"biphone","ZH-F","type",0
"CMU",9,9239,"biphone","Q-F","type",0
"CMU",9,9239,"biphone","AA-G","type",56
"CMU",9,9239,"biphone","AE-G","type",65
"CMU",9,9239,"biphone","AH-G","type",179
"CMU",9,9239,"biphone","AO-G","type",10
"CMU",9,9239,"biphone","AW-G","type",0
"CMU",9,9239,"biphone","AY-G","type",13
"CMU",9,9239,"biphone","EH-G","type",41
"CMU",9,9239,"biphone","ER-G","type",129
"CMU",9,9239,"biphone","EY-G","type",13
"CMU",9,9239,"biphone","IH-G","type",103
"CMU",9,9239,"biphone","IY-G","type",30
"CMU",9,9239,"biphone","OW-G","type",34
"CMU",9,9239,"biphone","OY-G","type",0
"CMU",9,9239,"biphone","UH-G","type",0
"CMU",9,9239,"biphone","UW-G","type",16
"CMU",9,9239,"biphone","AX-G","type",0
"CMU",9,9239,"biphone","AXR-G","type",0
"CMU",9,9239,"biphone","IX-G","type",0
"CMU",9,9239,"biphone","UX-G","type",0
"CMU",9,9239,"biphone","B-G","type",0
"CMU",9,9239,"biphone","CH-G","type",0
"CMU",9,9239,"biphone","D-G","type",1
"CMU",9,9239,"biphone","DH-G","type",0
"CMU",9,9239,"biphone","F-G","type",3
"CMU",9,9239,"biphone","G-G","type",0
"CMU",9,9239,"biphone","HH-G","type",0
"CMU",9,9239,"biphone","JH-G","type",1
"CMU",9,9239,"biphone","K-G","type",1
"CMU",9,9239,"biphone","L-G","type",22
"CMU",9,9239,"biphone","M-G","type",9
"CMU",9,9239,"biphone","N-G","type",23
"CMU",9,9239,"biphone","NG-G","type",103
"CMU",9,9239,"biphone","P-G","type",3
"CMU",9,9239,"biphone","R-G","type",43
"CMU",9,9239,"biphone","S-G","type",9
"CMU",9,9239,"biphone","SH-G","type",0
"CMU",9,9239,"biphone","T-G","type",4
"CMU",9,9239,"biphone","TH-G","type",0
"CMU",9,9239,"biphone","V-G","type",0
"CMU",9,9239,"biphone","W-G","type",0
"CMU",9,9239,"biphone","Y-G","type",0
"CMU",9,9239,"biphone","Z-G","type",1
"CMU",9,9239,"biphone","ZH-G","type",0
"CMU",9,9239,"biphone","Q-G","type",0
"CMU",9,9239,"biphone","AA-HH","type",4
"CMU",9,9239,"biphone","AE-HH","type",0
"CMU",9,9239,"biphone","AH-HH","type",25
"CMU",9,9239,"biphone","AO-HH","type",0
"CMU",9,9239,"biphone","AW-HH","type",1
"CMU",9,9239,"biphone","AY-HH","type",0
"CMU",9,9239,"biphone","EH-HH","type",3
"CMU",9,9239,"biphone","ER-HH","type",15
"CMU",9,9239,"biphone","EY-HH","type",1
"CMU",9,9239,"biphone","IH-HH","type",9
"CMU",9,9239,"biphone","IY-HH","type",14
"CMU",9,9239,"biphone","OW-HH","type",10
"CMU",9,9239,"biphone","OY-HH","type",0
"CMU",9,9239,"biphone","UH-HH","type",0
"CMU",9,9239,"biphone","UW-HH","type",4
"CMU",9,9239,"biphone","AX-HH","type",0
"CMU",9,9239,"biphone","AXR-HH","type",0
"CMU",9,9239,"biphone","IX-HH","type",0
"CMU",9,9239,"biphone","UX-HH","type",0
"CMU",9,9239,"biphone","B-HH","type",2
"CMU",9,9239,"biphone","CH-HH","type",0
"CMU",9,9239,"biphone","D-HH","type",19
"CMU",9,9239,"biphone","DH-HH","type",0
"CMU",9,9239,"biphone","F-HH","type",3
"CMU",9,9239,"biphone","G-HH","type",1
"CMU",9,9239,"biphone","HH-HH","type",0
"CMU",9,9239,"biphone","JH-HH","type",1
"CMU",9,9239,"biphone","K-HH","type",13
"CMU",9,9239,"biphone","L-HH","type",20
"CMU",9,9239,"biphone","M-HH","type",5
"CMU",9,9239,"biphone","N-HH","type",71
"CMU",9,9239,"biphone","NG-HH","type",16
"CMU",9,9239,"biphone","P-HH","type",1
"CMU",9,9239,"biphone","R-HH","type",11
"CMU",9,9239,"biphone","S-HH","type",12
"CMU",9,9239,"biphone","SH-HH","type",0
"CMU",9,9239,"biphone","T-HH","type",12
"CMU",9,9239,"biphone","TH-HH","type",1
"CMU",9,9239,"biphone","V-HH","type",0
"CMU",9,9239,"biphone","W-HH","type",0
"CMU",9,9239,"biphone","Y-HH","type",0
"CMU",9,9239,"biphone","Z-HH","type",4
"CMU",9,9239,"biphone","ZH-HH","type",0
"CMU",9,9239,"biphone","Q-HH","type",0
"CMU",9,9239,"biphone","AA-JH","type",21
"CMU",9,9239,"biphone","AE-JH","type",16
"CMU",9,9239,"biphone","AH-JH","type",94
"CMU",9,9239,"biphone","AO-JH","type",4
"CMU",9,9239,"biphone","AW-JH","type",0
"CMU",9,9239,"biphone","AY-JH","type",7
"CMU",9,9239,"biphone","EH-JH","type",25
"CMU",9,9239,"biphone","ER-JH","type",24
"CMU",9,9239,"biphone","EY-JH","type",8
"CMU",9,9239,"biphone","IH-JH","type",82
"CMU",9,9239,"biphone","IY-JH","type",11
"CMU",9,9239,"biphone","OW-JH","type",9
"CMU",9,9239,"biphone","OY-JH","type",0
"CMU",9,9239,"biphone","UH-JH","type",0
"CMU",9,9239,"biphone","UW-JH","type",12
"CMU",9,9239,"biphone","AX-JH","type",0
"CMU",9,9239,"biphone","AXR-JH","type",0
"CMU",9,9239,"biphone","IX-JH","type",0
"CMU",9,9239,"biphone","UX-JH","type",0
"CMU",9,9239,"biphone","B-JH","type",6
"CMU",9,9239,"biphone","CH-JH","type",0
"CMU",9,9239,"biphone","D-JH","type",0
"CMU",9,9239,"biphone","DH-JH","type",0
"CMU",9,9239,"biphone","F-JH","type",0
"CMU",9,9239,"biphone","G-JH","type",0
"CMU",9,9239,"biphone","HH-JH","type",0
"CMU",9,9239,"biphone","JH-JH","type",0
"CMU",9,9239,"biphone","K-JH","type",2
"CMU",9,9239,"biphone","L-JH","type",10
"CMU",9,9239,"biphone","M-JH","type",0
"CMU",9,9239,"biphone","N-JH","type",86
"CMU",9,9239,"biphone","NG-JH","type",0
"CMU",9,9239,"biphone","P-JH","type",0
"CMU",9,9239,"biphone","R-JH","type",20
"CMU",9,9239,"biphone","S-JH","type",3
"CMU",9,9239,"biphone","SH-JH","type",0
"CMU",9,9239,"biphone","T-JH","type",2
"CMU",9,9239,"biphone","TH-JH","type",0
"CMU",9,9239,"biphone","V-JH","type",0
"CMU",9,9239,"biphone","W-JH","type",0
"CMU",9,9239,"biphone","Y-JH","type",0
"CMU",9,9239,"biphone","Z-JH","type",0
"CMU",9,9239,"biphone","ZH-JH","type",0
"CMU",9,9239,"biphone","Q-JH","type",0
"CMU",9,9239,"biphone","AA-K","type",141
"CMU",9,9239,"biphone","AE-K","type",228
"CMU",9,9239,"biphone","AH-K","type",389
"CMU",9,9239,"biphone","AO-K","type",14
"CMU",9,9239,"biphone","AW-K","type",0
"CMU",9,9239,"biphone","AY-K","type",48
"CMU",9,9239,"biphone","EH-K","type",330
"CMU",9,9239,"biphone","ER-K","type",71
"CMU",9,9239,"biphone","EY-K","type",49
"CMU",9,9239,"biphone","IH-K","type",636
"CMU",9,9239,"biphone","IY-K","type",89
"CMU",9,9239,"biphone","OW-K","type",72
"CMU",9,9239,"biphone","OY-K","type",0
"CMU",9,9239,"biphone","UH-K","type",19
"CMU",9,9239,"biphone","UW-K","type",45
"CMU",9,9239,"biphone","AX-K","type",0
"CMU",9,9239,"biphone","AXR-K","type",0
"CMU",9,9239,"biphone","IX-K","type",0
"CMU",9,9239,"biphone","UX-K","type",0
"CMU",9,9239,"biphone","B-K","type",8
"CMU",9,9239,"biphone","CH-K","type",4
"CMU",9,9239,"biphone","D-K","type",26
"CMU",9,9239,"biphone","DH-K","type",0
"CMU",9,9239,"biphone","F-K","type",3
"CMU",9,9239,"biphone","G-K","type",0
"CMU",9,9239,"biphone","HH-K","type",0
"CMU",9,9239,"biphone","JH-K","type",2
"CMU",9,9239,"biphone","K-K","type",0
"CMU",9,9239,"biphone","L-K","type",50
"CMU",9,9239,"biphone","M-K","type",12
"CMU",9,9239,"biphone","N-K","type",90
"CMU",9,9239,"biphone","NG-K","type",139
"CMU",9,9239,"biphone","P-K","type",4
"CMU",9,9239,"biphone","R-K","type",111
"CMU",9,9239,"biphone","S-K","type",516
"CMU",9,9239,"biphone","SH-K","type",5
"CMU",9,9239,"biphone","T-K","type",27
"CMU",9,9239,"biphone","TH-K","type",4
"CMU",9,9239,"biphone","V-K","type",0
"CMU",9,9239,"biphone","W-K","type",0
"CMU",9,9239,"biphone","Y-K","type",0
"CMU",9,9239,"biphone","Z-K","type",4
"CMU",9,9239,"biphone","ZH-K","type",0
"CMU",9,9239,"biphone","Q-K","type",0
"CMU",9,9239,"biphone","AA-L","type",207
"CMU",9,9239,"biphone","AE-L","type",184
"CMU",9,9239,"biphone","AH-L","type",1374
"CMU",9,9239,"biphone","AO-L","type",70
"CMU",9,9239,"biphone","AW-L","type",1
"CMU",9,9239,"biphone","AY-L","type",25
"CMU",9,9239,"biphone","EH-L","type",323
"CMU",9,9239,"biphone","ER-L","type",41
"CMU",9,9239,"biphone","EY-L","type",44
"CMU",9,9239,"biphone","IH-L","type",345
"CMU",9,9239,"biphone","IY-L","type",127
"CMU",9,9239,"biphone","OW-L","type",202
"CMU",9,9239,"biphone","OY-L","type",1
"CMU",9,9239,"biphone","UH-L","type",16
"CMU",9,9239,"biphone","UW-L","type",48
"CMU",9,9239,"biphone","AX-L","type",0
"CMU",9,9239,"biphone","AXR-L","type",0
"CMU",9,9239,"biphone","IX-L","type",0
"CMU",9,9239,"biphone","UX-L","type",0
"CMU",9,9239,"biphone","B-L","type",131
"CMU",9,9239,"biphone","CH-L","type",2
"CMU",9,9239,"biphone","D-L","type",43
"CMU",9,9239,"biphone","DH-L","type",0
"CMU",9,9239,"biphone","F-L","type",89
"CMU",9,9239,"biphone","G-L","type",82
"CMU",9,9239,"biphone","HH-L","type",0
"CMU",9,9239,"biphone","JH-L","type",1
"CMU",9,9239,"biphone","K-L","type",216
"CMU",9,9239,"biphone","L-L","type",1
"CMU",9,9239,"biphone","M-L","type",9
"CMU",9,9239,"biphone","N-L","type",25
"CMU",9,9239,"biphone","NG-L","type",21
"CMU",9,9239,"biphone","P-L","type",167
"CMU",9,9239,"biphone","R-L","type",27
"CMU",9,9239,"biphone","S-L","type",93
"CMU",9,9239,"biphone","SH-L","type",3
"CMU",9,9239,"biphone","T-L","type",85
"CMU",9,9239,"biphone","TH-L","type",9
"CMU",9,9239,"biphone","V-L","type",28
"CMU",9,9239,"biphone","W-L","type",0
"CMU",9,9239,"biphone","Y-L","type",0
"CMU",9,9239,"biphone","Z-L","type",10
"CMU",9,9239,"biphone","ZH-L","type",0
"CMU",9,9239,"biphone","Q-L","type",0
"CMU",9,9239,"biphone","AA-M","type",149
"CMU",9,9239,"biphone","AE-M","type",148
"CMU",9,9239,"biphone","AH-M","type",554
"CMU",9,9239,"biphone","AO-M","type",11
"CMU",9,9239,"biphone","AW-M","type",10
"CMU",9,9239,"biphone","AY-M","type",19
"CMU",9,9239,"biphone","EH-M","type",158
"CMU",9,9239,"biphone","ER-M","type",79
"CMU",9,9239,"biphone","EY-M","type",23
"CMU",9,9239,"biphone","IH-M","type",218
"CMU",9,9239,"biphone","IY-M","type",47
"CMU",9,9239,"biphone","OW-M","type",65
"CMU",9,9239,"biphone","OY-M","type",5
"CMU",9,9239,"biphone","UH-M","type",4
"CMU",9,9239,"biphone","UW-M","type",64
"CMU",9,9239,"biphone","AX-M","type",0
"CMU",9,9239,"biphone","AXR-M","type",0
"CMU",9,9239,"biphone","IX-M","type",0
"CMU",9,9239,"biphone","UX-M","type",0
"CMU",9,9239,"biphone","B-M","type",2
"CMU",9,9239,"biphone","CH-M","type",10
"CMU",9,9239,"biphone","D-M","type",26
"CMU",9,9239,"biphone","DH-M","type",1
"CMU",9,9239,"biphone","F-M","type",2
"CMU",9,9239,"biphone","G-M","type",10
"CMU",9,9239,"biphone","HH-M","type",0
"CMU",9,9239,"biphone","JH-M","type",7
"CMU",9,9239,"biphone","K-M","type",21
"CMU",9,9239,"biphone","L-M","type",104
"CMU",9,9239,"biphone","M-M","type",1
"CMU",9,9239,"biphone","N-M","type",24
"CMU",9,9239,"biphone","NG-M","type",0
"CMU",9,9239,"biphone","P-M","type",4
"CMU",9,9239,"biphone","R-M","type",103
"CMU",9,9239,"biphone","S-M","type",74
"CMU",9,9239,"biphone","SH-M","type",6
"CMU",9,9239,"biphone","T-M","type",32
"CMU",9,9239,"biphone","TH-M","type",3
"CMU",9,9239,"biphone","V-M","type",1
"CMU",9,9239,"biphone","W-M","type",0
"CMU",9,9239,"biphone","Y-M","type",0
"CMU",9,9239,"biphone","Z-M","type",37
"CMU",9,9239,"biphone","ZH-M","type",0
"CMU",9,9239,"biphone","Q-M","type",0
"CMU",9,9239,"biphone","AA-N","type",473
"CMU",9,9239,"biphone","AE-N","type",613
"CMU",9,9239,"biphone","AH-N","type",2705
"CMU",9,9239,"biphone","AO-N","type",21
"CMU",9,9239,"biphone","AW-N","type",94
"CMU",9,9239,"biphone","AY-N","type",119
"CMU",9,9239,"biphone","EH-N","type",584
"CMU",9,9239,"biphone","ER-N","type",63
"CMU",9,9239,"biphone","EY-N","type",106
"CMU",9,9239,"biphone","IH-N","type",855
"CMU",9,9239,"biphone","IY-N","type",268
"CMU",9,9239,"biphone","OW-N","type",137
"CMU",9,9239,"biphone","OY-N","type",21
"CMU",9,9239,"biphone","UH-N","type",6
"CMU",9,9239,"biphone","UW-N","type",71
"CMU",9,9239,"biphone","AX-N","type",0
"CMU",9,9239,"biphone","AXR-N","type",0
"CMU",9,9239,"biphone","IX-N","type",0
"CMU",9,9239,"biphone","UX-N","type",0
"CMU",9,9239,"biphone","B-N","type",4
"CMU",9,9239,"biphone","CH-N","type",0
"CMU",9,9239,"biphone","D-N","type",17
"CMU",9,9239,"biphone","DH-N","type",0
"CMU",9,9239,"biphone","F-N","type",1
"CMU",9,9239,"biphone","G-N","type",53
"CMU",9,9239,"biphone","HH-N","type",0
"CMU",9,9239,"biphone","JH-N","type",1
"CMU",9,9239,"biphone","K-N","type",24
"CMU",9,9239,"biphone","L-N","type",14
"CMU",9,9239,"biphone","M-N","type",16
"CMU",9,9239,"biphone","N-N","type",4
"CMU",9,9239,"biphone","NG-N","type",0
"CMU",9,9239,"biphone","P-N","type",3
"CMU",9,9239,"biphone","R-N","type",65
"CMU",9,9239,"biphone","S-N","type",28
"CMU",9,9239,"biphone","SH-N","type",15
"CMU",9,9239,"biphone","T-N","type",22
"CMU",9,9239,"biphone","TH-N","type",0
"CMU",9,9239,"biphone","V-N","type",6
"CMU",9,9239,"biphone","W-N","type",0
"CMU",9,9239,"biphone","Y-N","type",3
"CMU",9,9239,"biphone","Z-N","type",19
"CMU",9,9239,"biphone","ZH-N","type",0
"CMU",9,9239,"biphone","Q-N","type",0
"CMU",9,9239,"biphone","AA-NG","type",29
"CMU",9,9239,"biphone","AE-NG","type",86
"CMU",9,9239,"biphone","AH-NG","type",29
"CMU",9,9239,"biphone","AO-NG","type",12
"CMU",9,9239,"biphone","AW-NG","type",0
"CMU",9,9239,"biphone","AY-NG","type",2
"CMU",9,9239,"biphone","EH-NG","type",14
"CMU",9,9239,"biphone","ER-NG","type",0
"CMU",9,9239,"biphone","EY-NG","type",3
"CMU",9,9239,"biphone","IH-NG","type",843
"CMU",9,9239,"biphone","IY-NG","type",0
"CMU",9,9239,"biphone","OW-NG","type",1
"CMU",9,9239,"biphone","OY-NG","type",0
"CMU",9,9239,"biphone","UH-NG","type",0
"CMU",9,9239,"biphone","UW-NG","type",1
"CMU",9,9239,"biphone","AX-NG","type",0
"CMU",9,9239,"biphone","AXR-NG","type",0
"CMU",9,9239,"biphone","IX-NG","type",0
"CMU",9,9239,"biphone","UX-NG","type",0
"CMU",9,9239,"biphone","B-NG","type",0
"CMU",9,9239,"biphone","CH-NG","type",0
"CMU",9,9239,"biphone","D-NG","type",0
"CMU",9,9239,"biphone","DH-NG","type",0
"CMU",9,9239,"biphone","F-NG","type",0
"CMU",9,9239,"biphone","G-NG","type",0
"CMU",9,9239,"biphone","HH-NG","type",0
"CMU",9,9239,"biphone","JH-NG","type",0
"CMU",9,9239,"biphone","K-NG","type",0
"CMU",9,9239,"biphone","L-NG","type",0
"CMU",9,9239,"biphone","M-NG","type",0
"CMU",9,9239,"biphone","N-NG","type",0
"CMU",9,9239,"biphone","NG-NG","type",0
"CMU",9,9239,"biphone","P-NG","type",0
"CMU",9,9239,"biphone","R-NG","type",0
"CMU",9,9239,"biphone","S-NG","type",0
"CMU",9,9239,"biphone","SH-NG","type",0
"CMU",9,9239,"biphone","T-NG","type",0
"CMU",9,9239,"biphone","TH-NG","type",0
"CMU",9,9239,"biphone","V-NG","type",0
"CMU",9,9239,"biphone","W-NG","type",0
"CMU",9,9239,"biphone","Y-NG","type",0
"CMU",9,9239,"biphone","Z-NG","type",0
"CMU",9,9239,"biphone","ZH-NG","type",0
"CMU",9,9239,"biphone","Q-NG","type",0
"CMU",9,9239,"biphone","AA-P","type",86
"CMU",9,9239,"biphone","AE-P","type",61
"CMU",9,9239,"biphone","AH-P","type",180
"CMU",9,9239,"biphone","AO-P","type",8
"CMU",9,9239,"biphone","AW-P","type",1
"CMU",9,9239,"biphone","AY-P","type",22
"CMU",9,9239,"biphone","EH-P","type",66
"CMU",9,9239,"biphone","ER-P","type",41
"CMU",9,9239,"biphone","EY-P","type",20
"CMU",9,9239,"biphone","IH-P","type",122
"CMU",9,9239,"biphone","IY-P","type",43
"CMU",9,9239,"biphone","OW-P","type",39
"CMU",9,9239,"biphone","OY-P","type",0
"CMU",9,9239,"biphone","UH-P","type",1
"CMU",9,9239,"biphone","UW-P","type",58
"CMU",9,9239,"biphone","AX-P","type",0
"CMU",9,9239,"biphone","AXR-P","type",0
"CMU",9,9239,"biphone","IX-P","type",0
"CMU",9,9239,"biphone","UX-P","type",0
"CMU",9,9239,"biphone","B-P","type",1
"CMU",9,9239,"biphone","CH-P","type",0
"CMU",9,9239,"biphone","D-P","type",3
"CMU",9,9239,"biphone","DH-P","type",0
"CMU",9,9239,"biphone","F-P","type",0
"CMU",9,9239,"biphone","G-P","type",1
"CMU",9,9239,"biphone","HH-P","type",0
"CMU",9,9239,"biphone","JH-P","type",1
"CMU",9,9239,"biphone","K-P","type",7
"CMU",9,9239,"biphone","L-P","type",16
"CMU",9,9239,"biphone","M-P","type",211
"CMU",9,9239,"biphone","N-P","type",26
"CMU",9,9239,"biphone","NG-P","type",1
"CMU",9,9239,"biphone","P-P","type",1
"CMU",9,9239,"biphone","R-P","type",35
"CMU",9,9239,"biphone","S-P","type",253
"CMU",9,9239,"biphone","SH-P","type",1
"CMU",9,9239,"biphone","T-P","type",11
"CMU",9,9239,"biphone","TH-P","type",1
"CMU",9,9239,"biphone","V-P","type",0
"CMU",9,9239,"biphone","W-P","type",0
"CMU",9,9239,"biphone","Y-P","type",0
"CMU",9,9239,"biphone","Z-P","type",5
"CMU",9,9239,"biphone","ZH-P","type",0
"CMU",9,9239,"biphone","Q-P","type",0
"CMU",9,9239,"biphone","AA-R","type",598
"CMU",9,9239,"biphone","AE-R","type",26
"CMU",9,9239,"biphone","AH-R","type",22
"CMU",9,9239,"biphone","AO-R","type",626
"CMU",9,9239,"biphone","AW-R","type",3
"CMU",9,9239,"biphone","AY-R","type",26
"CMU",9,9239,"biphone","EH-R","type",379
"CMU",9,9239,"biphone","ER-R","type",19
"CMU",9,9239,"biphone","EY-R","type",3
"CMU",9,9239,"biphone","IH-R","type",111
"CMU",9,9239,"biphone","IY-R","type",22
"CMU",9,9239,"biphone","OW-R","type",2
"CMU",9,9239,"biphone","OY-R","type",0
"CMU",9,9239,"biphone","UH-R","type",81
"CMU",9,9239,"biphone","UW-R","type",18
"CMU",9,9239,"biphone","AX-R","type",0
"CMU",9,9239,"biphone","AXR-R","type",0
"CMU",9,9239,"biphone","IX-R","type",0
"CMU",9,9239,"biphone","UX-R","type",0
"CMU",9,9239,"biphone","B-R","type",221
"CMU",9,9239,"biphone","CH-R","type",8
"CMU",9,9239,"biphone","D-R","type",112
"CMU",9,9239,"biphone","DH-R","type",0
"CMU",9,9239,"biphone","F-R","type",121
"CMU",9,9239,"biphone","G-R","type",251
"CMU",9,9239,"biphone","HH-R","type",0
"CMU",9,9239,"biphone","JH-R","type",0
"CMU",9,9239,"biphone","K-R","type",261
"CMU",9,9239,"biphone","L-R","type",2
"CMU",9,9239,"biphone","M-R","type",6
"CMU",9,9239,"biphone","N-R","type",33
"CMU",9,9239,"biphone","NG-R","type",2
"CMU",9,9239,"biphone","P-R","type",386
"CMU",9,9239,"biphone","R-R","type",0
"CMU",9,9239,"biphone","S-R","type",13
"CMU",9,9239,"biphone","SH-R","type",2
"CMU",9,9239,"biphone","T-R","type",543
"CMU",9,9239,"biphone","TH-R","type",8
"CMU",9,9239,"biphone","V-R","type",13
"CMU",9,9239,"biphone","W-R","type",0
"CMU",9,9239,"biphone","Y-R","type",0
"CMU",9,9239,"biphone","Z-R","type",1
"CMU",9,9239,"biphone","ZH-R","type",0
"CMU",9,9239,"biphone","Q-R","type",0
"CMU",9,9239,"biphone","AA-S","type",96
"CMU",9,9239,"biphone","AE-S","type",159
"CMU",9,9239,"biphone","AH-S","type",612
"CMU",9,9239,"biphone","AO-S","type",43
"CMU",9,9239,"biphone","AW-S","type",42
"CMU",9,9239,"biphone","AY-S","type",33
"CMU",9,9239,"biphone","EH-S","type",309
"CMU",9,9239,"biphone","ER-S","type",127
"CMU",9,9239,"biphone","EY-S","type",41
"CMU",9,9239,"biphone","IH-S","type",660
"CMU",9,9239,"biphone","IY-S","type",85
"CMU",9,9239,"biphone","OW-S","type",102
"CMU",9,9239,"biphone","OY-S","type",0
"CMU",9,9239,"biphone","UH-S","type",2
"CMU",9,9239,"biphone","UW-S","type",60
"CMU",9,9239,"biphone","AX-S","type",0
"CMU",9,9239,"biphone","AXR-S","type",0
"CMU",9,9239,"biphone","IX-S","type",0
"CMU",9,9239,"biphone","UX-S","type",0
"CMU",9,9239,"biphone","B-S","type",36
"CMU",9,9239,"biphone","CH-S","type",0
"CMU",9,9239,"biphone","D-S","type",61
"CMU",9,9239,"biphone","DH-S","type",0
"CMU",9,9239,"biphone","F-S","type",140
"CMU",9,9239,"biphone","G-S","type",12
"CMU",9,9239,"biphone","HH-S","type",0
"CMU",9,9239,"biphone","JH-S","type",1
"CMU",9,9239,"biphone","K-S","type",409
"CMU",9,9239,"biphone","L-S","type",72
"CMU",9,9239,"biphone","M-S","type",22
"CMU",9,9239,"biphone","N-S","type",615
"CMU",9,9239,"biphone","NG-S","type",7
"CMU",9,9239,"biphone","P-S","type",46
"CMU",9,9239,"biphone","R-S","type",62
"CMU",9,9239,"biphone","S-S","type",6
"CMU",9,9239,"biphone","SH-S","type",0
"CMU",9,9239,"biphone","T-S","type",608
"CMU",9,9239,"biphone","TH-S","type",9
"CMU",9,9239,"biphone","V-S","type",14
"CMU",9,9239,"biphone","W-S","type",1
"CMU",9,9239,"biphone","Y-S","type",0
"CMU",9,9239,"biphone","Z-S","type",1
"CMU",9,9239,"biphone","ZH-S","type",0
"CMU",9,9239,"biphone","Q-S","type",0
"CMU",9,9239,"biphone","AA-SH","type",7
"CMU",9,9239,"biphone","AE-SH","type",27
"CMU",9,9239,"biphone","AH-SH","type",25
"CMU",9,9239,"biphone","AO-SH","type",4
"CMU",9,9239,"biphone","AW-SH","type",0
"CMU",9,9239,"biphone","AY-SH","type",0
"CMU",9,9239,"biphone","EH-SH","type",29
"CMU",9,9239,"biphone","ER-SH","type",15
"CMU",9,9239,"biphone","EY-SH","type",241
"CMU",9,9239,"biphone","IH-SH","type",143
"CMU",9,9239,"biphone","IY-SH","type",13
"CMU",9,9239,"biphone","OW-SH","type",26
"CMU",9,9239,"biphone","OY-SH","type",0
"CMU",9,9239,"biphone","UH-SH","type",2
"CMU",9,9239,"biphone","UW-SH","type",13
"CMU",9,9239,"biphone","AX-SH","type",0
"CMU",9,9239,"biphone","AXR-SH","type",0
"CMU",9,9239,"biphone","IX-SH","type",0
"CMU",9,9239,"biphone","UX-SH","type",0
"CMU",9,9239,"biphone","B-SH","type",0
"CMU",9,9239,"biphone","CH-SH","type",0
"CMU",9,9239,"biphone","D-SH","type",8
"CMU",9,9239,"biphone","DH-SH","type",0
"CMU",9,9239,"biphone","F-SH","type",1
"CMU",9,9239,"biphone","G-SH","type",0
"CMU",9,9239,"biphone","HH-SH","type",0
"CMU",9,9239,"biphone","JH-SH","type",0
"CMU",9,9239,"biphone","K-SH","type",78
"CMU",9,9239,"biphone","L-SH","type",13
"CMU",9,9239,"biphone","M-SH","type",2
"CMU",9,9239,"biphone","N-SH","type",56
"CMU",9,9239,"biphone","NG-SH","type",3
"CMU",9,9239,"biphone","P-SH","type",22
"CMU",9,9239,"biphone","R-SH","type",16
"CMU",9,9239,"biphone","S-SH","type",0
"CMU",9,9239,"biphone","SH-SH","type",0
"CMU",9,9239,"biphone","T-SH","type",0
"CMU",9,9239,"biphone","TH-SH","type",1
"CMU",9,9239,"biphone","V-SH","type",0
"CMU",9,9239,"biphone","W-SH","type",0
"CMU",9,9239,"biphone","Y-SH","type",0
"CMU",9,9239,"biphone","Z-SH","type",0
"CMU",9,9239,"biphone","ZH-SH","type",0
"CMU",9,9239,"biphone","Q-SH","type",0
"CMU",9,9239,"biphone","AA-T","type",105
"CMU",9,9239,"biphone","AE-T","type",151
"CMU",9,9239,"biphone","AH-T","type",495
"CMU",9,9239,"biphone","AO-T","type",45
"CMU",9,9239,"biphone","AW-T","type",25
"CMU",9,9239,"biphone","AY-T","type",85
"CMU",9,9239,"biphone","EH-T","type",154
"CMU",9,9239,"biphone","ER-T","type",76
"CMU",9,9239,"biphone","EY-T","type",482
"CMU",9,9239,"biphone","IH-T","type",363
"CMU",9,9239,"biphone","IY-T","type",103
"CMU",9,9239,"biphone","OW-T","type",78
"CMU",9,9239,"biphone","OY-T","type",7
"CMU",9,9239,"biphone","UH-T","type",7
"CMU",9,9239,"biphone","UW-T","type",98
"CMU",9,9239,"biphone","AX-T","type",0
"CMU",9,9239,"biphone","AXR-T","type",0
"CMU",9,9239,"biphone","IX-T","type",0
"CMU",9,9239,"biphone","UX-T","type",0
"CMU",9,9239,"biphone","B-T","type",5
"CMU",9,9239,"biphone","CH-T","type",0
"CMU",9,9239,"biphone","D-T","type",3
"CMU",9,9239,"biphone","DH-T","type",0
"CMU",9,9239,"biphone","F-T","type",41
"CMU",9,9239,"biphone","G-T","type",1
"CMU",9,9239,"biphone","HH-T","type",0
"CMU",9,9239,"biphone","JH-T","type",2
"CMU",9,9239,"biphone","K-T","type",267
"CMU",9,9239,"biphone","L-T","type",134
"CMU",9,9239,"biphone","M-T","type",6
"CMU",9,9239,"biphone","N-T","type",956
"CMU",9,9239,"biphone","NG-T","type",45
"CMU",9,9239,"biphone","P-T","type",69
"CMU",9,9239,"biphone","R-T","type",215
"CMU",9,9239,"biphone","S-T","type",1316
"CMU",9,9239,"biphone","SH-T","type",13
"CMU",9,9239,"biphone","T-T","type",2
"CMU",9,9239,"biphone","TH-T","type",2
"CMU",9,9239,"biphone","V-T","type",1
"CMU",9,9239,"biphone","W-T","type",0
"CMU",9,9239,"biphone","Y-T","type",0
"CMU",9,9239,"biphone","Z-T","type",1
"CMU",9,9239,"biphone","ZH-T","type",0
"CMU",9,9239,"biphone","Q-T","type",0
"CMU",9,9239,"biphone","AA-TH","type",8
"CMU",9,9239,"biphone","AE-TH","type",11
"CMU",9,9239,"biphone","AH-TH","type",19
"CMU",9,9239,"biphone","AO-TH","type",10
"CMU",9,9239,"biphone","AW-TH","type",3
"CMU",9,9239,"biphone","AY-TH","type",0
"CMU",9,9239,"biphone","EH-TH","type",8
"CMU",9,9239,"biphone","ER-TH","type",16
"CMU",9,9239,"biphone","EY-TH","type",1
"CMU",9,9239,"biphone","IH-TH","type",19
"CMU",9,9239,"biphone","IY-TH","type",5
"CMU",9,9239,"biphone","OW-TH","type",5
"CMU",9,9239,"biphone","OY-TH","type",0
"CMU",9,9239,"biphone","UH-TH","type",0
"CMU",9,9239,"biphone","UW-TH","type",10
"CMU",9,9239,"biphone","AX-TH","type",0
"CMU",9,9239,"biphone","AXR-TH","type",0
"CMU",9,9239,"biphone","IX-TH","type",0
"CMU",9,9239,"biphone","UX-TH","type",0
"CMU",9,9239,"biphone","B-TH","type",0
"CMU",9,9239,"biphone","CH-TH","type",0
"CMU",9,9239,"biphone","D-TH","type",2
"CMU",9,9239,"biphone","DH-TH","type",0
"CMU",9,9239,"biphone","F-TH","type",0
"CMU",9,9239,"biphone","G-TH","type",0
"CMU",9,9239,"biphone","HH-TH","type",0
"CMU",9,9239,"biphone","JH-TH","type",0
"CMU",9,9239,"biphone","K-TH","type",1
"CMU",9,9239,"biphone","L-TH","type",7
"CMU",9,9239,"biphone","M-TH","type",0
"CMU",9,9239,"biphone","N-TH","type",18
"CMU",9,9239,"biphone","NG-TH","type",2
"CMU",9,9239,"biphone","P-TH","type",0
"CMU",9,9239,"biphone","R-TH","type",18
"CMU",9,9239,"biphone","S-TH","type",12
"CMU",9,9239,"biphone","SH-TH","type",0
"CMU",9,9239,"biphone","T-TH","type",2
"CMU",9,9239,"biphone","TH-TH","type",0
"CMU",9,9239,"biphone","V-TH","type",0
"CMU",9,9239,"biphone","W-TH","type",0
"CMU",9,9239,"biphone","Y-TH","type",0
"CMU",9,9239,"biphone","Z-TH","type",0
"CMU",9,9239,"biphone","ZH-TH","type",0
"CMU",9,9239,"biphone","Q-TH","type",0
"CMU",9,9239,"biphone","AA-V","type",46
"CMU",9,9239,"biphone","AE-V","type",31
"CMU",9,9239,"biphone","AH-V","type",162
"CMU",9,9239,"biphone","AO-V","type",2
"CMU",9,9239,"biphone","AW-V","type",0
"CMU",9,9239,"biphone","AY-V","type",17
"CMU",9,9239,"biphone","EH-V","type",49
"CMU",9,9239,"biphone","ER-V","type",45
"CMU",9,9239,"biphone","EY-V","type",28
"CMU",9,9239,"biphone","IH-V","type",203
"CMU",9,9239,"biphone","IY-V","type",64
"CMU",9,9239,"biphone","OW-V","type",72
"CMU",9,9239,"biphone","OY-V","type",0
"CMU",9,9239,"biphone","UH-V","type",0
"CMU",9,9239,"biphone","UW-V","type",18
"CMU",9,9239,"biphone","AX-V","type",0
"CMU",9,9239,"biphone","AXR-V","type",0
"CMU",9,9239,"biphone","IX-V","type",0
"CMU",9,9239,"biphone","UX-V","type",0
"CMU",9,9239,"biphone","B-V","type",1
"CMU",9,9239,"biphone","CH-V","type",0
"CMU",9,9239,"biphone","D-V","type",27
"CMU",9,9239,"biphone","DH-V","type",0
"CMU",9,9239,"biphone","F-V","type",0
"CMU",9,9239,"biphone","G-V","type",0
"CMU",9,9239,"biphone","HH-V","type",0
"CMU",9,9239,"biphone","JH-V","type",1
"CMU",9,9239,"biphone","K-V","type",2
"CMU",9,9239,"biphone","L-V","type",40
"CMU",9,9239,"biphone","M-V","type",2
"CMU",9,9239,"biphone","N-V","type",57
"CMU",9,9239,"biphone","NG-V","type",0
"CMU",9,9239,"biphone","P-V","type",0
"CMU",9,9239,"biphone","R-V","type",14
"CMU",9,9239,"biphone","S-V","type",6
"CMU",9,9239,"biphone","SH-V","type",0
"CMU",9,9239,"biphone","T-V","type",2
"CMU",9,9239,"biphone","TH-V","type",0
"CMU",9,9239,"biphone","V-V","type",0
"CMU",9,9239,"biphone","W-V","type",0
"CMU",9,9239,"biphone","Y-V","type",0
"CMU",9,9239,"biphone","Z-V","type",5
"CMU",9,9239,"biphone","ZH-V","type",0
"CMU",9,9239,"biphone","Q-V","type",0
"CMU",9,9239,"biphone","AA-W","type",5
"CMU",9,9239,"biphone","AE-W","type",0
"CMU",9,9239,"biphone","AH-W","type",41
"CMU",9,9239,"biphone","AO-W","type",0
"CMU",9,9239,"biphone","AW-W","type",1
"CMU",9,9239,"biphone","AY-W","type",2
"CMU",9,9239,"biphone","EH-W","type",0
"CMU",9,9239,"biphone","ER-W","type",17
"CMU",9,9239,"biphone","EY-W","type",0
"CMU",9,9239,"biphone","IH-W","type",6
"CMU",9,9239,"biphone","IY-W","type",5
"CMU",9,9239,"biphone","OW-W","type",3
"CMU",9,9239,"biphone","OY-W","type",0
"CMU",9,9239,"biphone","UH-W","type",0
"CMU",9,9239,"biphone","UW-W","type",3
"CMU",9,9239,"biphone","AX-W","type",0
"CMU",9,9239,"biphone","AXR-W","type",0
"CMU",9,9239,"biphone","IX-W","type",0
"CMU",9,9239,"biphone","UX-W","type",0
"CMU",9,9239,"biphone","B-W","type",3
"CMU",9,9239,"biphone","CH-W","type",1
"CMU",9,9239,"biphone","D-W","type",21
"CMU",9,9239,"biphone","DH-W","type",0
"CMU",9,9239,"biphone","F-W","type",3
"CMU",9,9239,"biphone","G-W","type",19
"CMU",9,9239,"biphone","HH-W","type",21
"CMU",9,9239,"biphone","JH-W","type",0
"CMU",9,9239,"biphone","K-W","type",165
"CMU",9,9239,"biphone","L-W","type",14
"CMU",9,9239,"biphone","M-W","type",2
"CMU",9,9239,"biphone","N-W","type",26
"CMU",9,9239,"biphone","NG-W","type",3
"CMU",9,9239,"biphone","P-W","type",3
"CMU",9,9239,"biphone","R-W","type",6
"CMU",9,9239,"biphone","S-W","type",30
"CMU",9,9239,"biphone","SH-W","type",5
"CMU",9,9239,"biphone","T-W","type",16
"CMU",9,9239,"biphone","TH-W","type",4
"CMU",9,9239,"biphone","V-W","type",1
"CMU",9,9239,"biphone","W-W","type",0
"CMU",9,9239,"biphone","Y-W","type",0
"CMU",9,9239,"biphone","Z-W","type",16
"CMU",9,9239,"biphone","ZH-W","type",2
"CMU",9,9239,"biphone","Q-W","type",0
"CMU",9,9239,"biphone","AA-Y","type",2
"CMU",9,9239,"biphone","AE-Y","type",0
"CMU",9,9239,"biphone","AH-Y","type",9
"CMU",9,9239,"biphone","AO-Y","type",0
"CMU",9,9239,"biphone","AW-Y","type",0
"CMU",9,9239,"biphone","AY-Y","type",1
"CMU",9,9239,"biphone","EH-Y","type",0
"CMU",9,9239,"biphone","ER-Y","type",1
"CMU",9,9239,"biphone","EY-Y","type",4
"CMU",9,9239,"biphone","IH-Y","type",0
"CMU",9,9239,"biphone","IY-Y","type",1
"CMU",9,9239,"biphone","OW-Y","type",1
"CMU",9,9239,"biphone","OY-Y","type",1
"CMU",9,9239,"biphone","UH-Y","type",0
"CMU",9,9239,"biphone","UW-Y","type",2
"CMU",9,9239,"biphone","AX-Y","type",0
"CMU",9,9239,"biphone","AXR-Y","type",0
"CMU",9,9239,"biphone","IX-Y","type",0
"CMU",9,9239,"biphone","UX-Y","type",0
"CMU",9,9239,"biphone","B-Y","type",31
"CMU",9,9239,"biphone","CH-Y","type",0
"CMU",9,9239,"biphone","D-Y","type",1
"CMU",9,9239,"biphone","DH-Y","type",0
"CMU",9,9239,"biphone","F-Y","type",25
"CMU",9,9239,"biphone","G-Y","type",18
"CMU",9,9239,"biphone","HH-Y","type",18
"CMU",9,9239,"biphone","JH-Y","type",4
"CMU",9,9239,"biphone","K-Y","type",97
"CMU",9,9239,"biphone","L-Y","type",65
"CMU",9,9239,"biphone","M-Y","type",45
"CMU",9,9239,"biphone","N-Y","type",65
"CMU",9,9239,"biphone","NG-Y","type",0
"CMU",9,9239,"biphone","P-Y","type",43
"CMU",9,9239,"biphone","R-Y","type",4
"CMU",9,9239,"biphone","S-Y","type",8
"CMU",9,9239,"biphone","SH-Y","type",2
"CMU",9,9239,"biphone","T-Y","type",8
"CMU",9,9239,"biphone","TH-Y","type",1
"CMU",9,9239,"biphone","V-Y","type",10
"CMU",9,9239,"biphone","W-Y","type",0
"CMU",9,9239,"biphone","Y-Y","type",0
"CMU",9,9239,"biphone","Z-Y","type",1
"CMU",9,9239,"biphone","ZH-Y","type",2
"CMU",9,9239,"biphone","Q-Y","type",0
"CMU",9,9239,"biphone","AA-Z","type",26
"CMU",9,9239,"biphone","AE-Z","type",14
"CMU",9,9239,"biphone","AH-Z","type",188
"CMU",9,9239,"biphone","AO-Z","type",8
"CMU",9,9239,"biphone","AW-Z","type",6
"CMU",9,9239,"biphone","AY-Z","type",234
"CMU",9,9239,"biphone","EH-Z","type",49
"CMU",9,9239,"biphone","ER-Z","type",323
"CMU",9,9239,"biphone","EY-Z","type",33
"CMU",9,9239,"biphone","IH-Z","type",352
"CMU",9,9239,"biphone","IY-Z","type",232
"CMU",9,9239,"biphone","OW-Z","type",104
"CMU",9,9239,"biphone","OY-Z","type",0
"CMU",9,9239,"biphone","UH-Z","type",0
"CMU",9,9239,"biphone","UW-Z","type",43
"CMU",9,9239,"biphone","AX-Z","type",0
"CMU",9,9239,"biphone","AXR-Z","type",0
"CMU",9,9239,"biphone","IX-Z","type",0
"CMU",9,9239,"biphone","UX-Z","type",0
"CMU",9,9239,"biphone","B-Z","type",14
"CMU",9,9239,"biphone","CH-Z","type",0
"CMU",9,9239,"biphone","D-Z","type",128
"CMU",9,9239,"biphone","DH-Z","type",1
"CMU",9,9239,"biphone","F-Z","type",0
"CMU",9,9239,"biphone","G-Z","type",52
"CMU",9,9239,"biphone","HH-Z","type",0
"CMU",9,9239,"biphone","JH-Z","type",0
"CMU",9,9239,"biphone","K-Z","type",0
"CMU",9,9239,"biphone","L-Z","type",159
"CMU",9,9239,"biphone","M-Z","type",65
"CMU",9,9239,"biphone","N-Z","type",460
"CMU",9,9239,"biphone","NG-Z","type",31
"CMU",9,9239,"biphone","P-Z","type",0
"CMU",9,9239,"biphone","R-Z","type",41
"CMU",9,9239,"biphone","S-Z","type",1
"CMU",9,9239,"biphone","SH-Z","type",0
"CMU",9,9239,"biphone","T-Z","type",6
"CMU",9,9239,"biphone","TH-Z","type",0
"CMU",9,9239,"biphone","V-Z","type",33
"CMU",9,9239,"biphone","W-Z","type",0
"CMU",9,9239,"biphone","Y-Z","type",0
"CMU",9,9239,"biphone","Z-Z","type",0
"CMU",9,9239,"biphone","ZH-Z","type",0
"CMU",9,9239,"biphone","Q-Z","type",0
"CMU",9,9239,"biphone","AA-ZH","type",5
"CMU",9,9239,"biphone","AE-ZH","type",1
"CMU",9,9239,"biphone","AH-ZH","type",0
"CMU",9,9239,"biphone","AO-ZH","type",0
"CMU",9,9239,"biphone","AW-ZH","type",0
"CMU",9,9239,"biphone","AY-ZH","type",0
"CMU",9,9239,"biphone","EH-ZH","type",6
"CMU",9,9239,"biphone","ER-ZH","type",3
"CMU",9,9239,"biphone","EY-ZH","type",6
"CMU",9,9239,"biphone","IH-ZH","type",16
"CMU",9,9239,"biphone","IY-ZH","type",7
"CMU",9,9239,"biphone","OW-ZH","type",3
"CMU",9,9239,"biphone","OY-ZH","type",0
"CMU",9,9239,"biphone","UH-ZH","type",0
"CMU",9,9239,"biphone","UW-ZH","type",17
"CMU",9,9239,"biphone","AX-ZH","type",0
"CMU",9,9239,"biphone","AXR-ZH","type",0
"CMU",9,9239,"biphone","IX-ZH","type",0
"CMU",9,9239,"biphone","UX-ZH","type",0
"CMU",9,9239,"biphone","B-ZH","type",0
"CMU",9,9239,"biphone","CH-ZH","type",0
"CMU",9,9239,"biphone","D-ZH","type",0
"CMU",9,9239,"biphone","DH-ZH","type",0
"CMU",9,9239,"biphone","F-ZH","type",0
"CMU",9,9239,"biphone","G-ZH","type",1
"CMU",9,9239,"biphone","HH-ZH","type",0
"CMU",9,9239,"biphone","JH-ZH","type",0
"CMU",9,9239,"biphone","K-ZH","type",0
"CMU",9,9239,"biphone","L-ZH","type",0
"CMU",9,9239,"biphone","M-ZH","type",0
"CMU",9,9239,"biphone","N-ZH","type",0
"CMU",9,9239,"biphone","NG-ZH","type",0
"CMU",9,9239,"biphone","P-ZH","type",0
"CMU",9,9239,"biphone","R-ZH","type",0
"CMU",9,9239,"biphone","S-ZH","type",2
"CMU",9,9239,"biphone","SH-ZH","type",0
"CMU",9,9239,"biphone","T-ZH","type",0
"CMU",9,9239,"biphone","TH-ZH","type",0
"CMU",9,9239,"biphone","V-ZH","type",0
"CMU",9,9239,"biphone","W-ZH","type",0
"CMU",9,9239,"biphone","Y-ZH","type",0
"CMU",9,9239,"biphone","Z-ZH","type",0
"CMU",9,9239,"biphone","ZH-ZH","type",0
"CMU",9,9239,"biphone","Q-ZH","type",0
"CMU",9,9239,"biphone","AA-Q","type",0
"CMU",9,9239,"biphone","AE-Q","type",0
"CMU",9,9239,"biphone","AH-Q","type",0
"CMU",9,9239,"biphone","AO-Q","type",0
"CMU",9,9239,"biphone","AW-Q","type",0
"CMU",9,9239,"biphone","AY-Q","type",0
"CMU",9,9239,"biphone","EH-Q","type",0
"CMU",9,9239,"biphone","ER-Q","type",0
"CMU",9,9239,"biphone","EY-Q","type",0
"CMU",9,9239,"biphone","IH-Q","type",0
"CMU",9,9239,"biphone","IY-Q","type",0
"CMU",9,9239,"biphone","OW-Q","type",0
"CMU",9,9239,"biphone","OY-Q","type",0
"CMU",9,9239,"biphone","UH-Q","type",0
"CMU",9,9239,"biphone","UW-Q","type",0
"CMU",9,9239,"biphone","AX-Q","type",0
"CMU",9,9239,"biphone","AXR-Q","type",0
"CMU",9,9239,"biphone","IX-Q","type",0
"CMU",9,9239,"biphone","UX-Q","type",0
"CMU",9,9239,"biphone","B-Q","type",0
"CMU",9,9239,"biphone","CH-Q","type",0
"CMU",9,9239,"biphone","D-Q","type",0
"CMU",9,9239,"biphone","DH-Q","type",0
"CMU",9,9239,"biphone","F-Q","type",0
"CMU",9,9239,"biphone","G-Q","type",0
"CMU",9,9239,"biphone","HH-Q","type",0
"CMU",9,9239,"biphone","JH-Q","type",0
"CMU",9,9239,"biphone","K-Q","type",0
"CMU",9,9239,"biphone","L-Q","type",0
"CMU",9,9239,"biphone","M-Q","type",0
"CMU",9,9239,"biphone","N-Q","type",0
"CMU",9,9239,"biphone","NG-Q","type",0
"CMU",9,9239,"biphone","P-Q","type",0
"CMU",9,9239,"biphone","R-Q","type",0
"CMU",9,9239,"biphone","S-Q","type",0
"CMU",9,9239,"biphone","SH-Q","type",0
"CMU",9,9239,"biphone","T-Q","type",0
"CMU",9,9239,"biphone","TH-Q","type",0
"CMU",9,9239,"biphone","V-Q","type",0
"CMU",9,9239,"biphone","W-Q","type",0
"CMU",9,9239,"biphone","Y-Q","type",0
"CMU",9,9239,"biphone","Z-Q","type",0
"CMU",9,9239,"biphone","ZH-Q","type",0
"CMU",9,9239,"biphone","Q-Q","type",0
"CMU",10,5178,"biphone","AA-AA","type",0
"CMU",10,5178,"biphone","AE-AA","type",0
"CMU",10,5178,"biphone","AH-AA","type",0
"CMU",10,5178,"biphone","AO-AA","type",0
"CMU",10,5178,"biphone","AW-AA","type",0
"CMU",10,5178,"biphone","AY-AA","type",4
"CMU",10,5178,"biphone","EH-AA","type",0
"CMU",10,5178,"biphone","ER-AA","type",10
"CMU",10,5178,"biphone","EY-AA","type",1
"CMU",10,5178,"biphone","IH-AA","type",0
"CMU",10,5178,"biphone","IY-AA","type",51
"CMU",10,5178,"biphone","OW-AA","type",4
"CMU",10,5178,"biphone","OY-AA","type",0
"CMU",10,5178,"biphone","UH-AA","type",0
"CMU",10,5178,"biphone","UW-AA","type",0
"CMU",10,5178,"biphone","AX-AA","type",0
"CMU",10,5178,"biphone","AXR-AA","type",0
"CMU",10,5178,"biphone","IX-AA","type",0
"CMU",10,5178,"biphone","UX-AA","type",0
"CMU",10,5178,"biphone","B-AA","type",50
"CMU",10,5178,"biphone","CH-AA","type",9
"CMU",10,5178,"biphone","D-AA","type",42
"CMU",10,5178,"biphone","DH-AA","type",0
"CMU",10,5178,"biphone","F-AA","type",23
"CMU",10,5178,"biphone","G-AA","type",22
"CMU",10,5178,"biphone","HH-AA","type",36
"CMU",10,5178,"biphone","JH-AA","type",5
"CMU",10,5178,"biphone","K-AA","type",220
"CMU",10,5178,"biphone","L-AA","type",51
"CMU",10,5178,"biphone","M-AA","type",112
"CMU",10,5178,"biphone","N-AA","type",115
"CMU",10,5178,"biphone","NG-AA","type",0
"CMU",10,5178,"biphone","P-AA","type",105
"CMU",10,5178,"biphone","R-AA","type",115
"CMU",10,5178,"biphone","S-AA","type",46
"CMU",10,5178,"biphone","SH-AA","type",4
"CMU",10,5178,"biphone","T-AA","type",89
"CMU",10,5178,"biphone","TH-AA","type",7
"CMU",10,5178,"biphone","V-AA","type",18
"CMU",10,5178,"biphone","W-AA","type",36
"CMU",10,5178,"biphone","Y-AA","type",8
"CMU",10,5178,"biphone","Z-AA","type",15
"CMU",10,5178,"biphone","ZH-AA","type",3
"CMU",10,5178,"biphone","Q-AA","type",0
"CMU",10,5178,"biphone","AA-AE","type",0
"CMU",10,5178,"biphone","AE-AE","type",0
"CMU",10,5178,"biphone","AH-AE","type",0
"CMU",10,5178,"biphone","AO-AE","type",0
"CMU",10,5178,"biphone","AW-AE","type",0
"CMU",10,5178,"biphone","AY-AE","type",4
"CMU",10,5178,"biphone","EH-AE","type",0
"CMU",10,5178,"biphone","ER-AE","type",7
"CMU",10,5178,"biphone","EY-AE","type",0
"CMU",10,5178,"biphone","IH-AE","type",0
"CMU",10,5178,"biphone","IY-AE","type",34
"CMU",10,5178,"biphone","OW-AE","type",3
"CMU",10,5178,"biphone","OY-AE","type",0
"CMU",10,5178,"biphone","UH-AE","type",0
"CMU",10,5178,"biphone","UW-AE","type",3
"CMU",10,5178,"biphone","AX-AE","type",0
"CMU",10,5178,"biphone","AXR-AE","type",0
"CMU",10,5178,"biphone","IX-AE","type",0
"CMU",10,5178,"biphone","UX-AE","type",0
"CMU",10,5178,"biphone","B-AE","type",67
"CMU",10,5178,"biphone","CH-AE","type",6
"CMU",10,5178,"biphone","D-AE","type",13
"CMU",10,5178,"biphone","DH-AE","type",0
"CMU",10,5178,"biphone","F-AE","type",32
"CMU",10,5178,"biphone","G-AE","type",18
"CMU",10,5178,"biphone","HH-AE","type",48
"CMU",10,5178,"biphone","JH-AE","type",7
"CMU",10,5178,"biphone","K-AE","type",87
"CMU",10,5178,"biphone","L-AE","type",95
"CMU",10,5178,"biphone","M-AE","type",137
"CMU",10,5178,"biphone","N-AE","type",62
"CMU",10,5178,"biphone","NG-AE","type",0
"CMU",10,5178,"biphone","P-AE","type",45
"CMU",10,5178,"biphone","R-AE","type",234
"CMU",10,5178,"biphone","S-AE","type",42
"CMU",10,5178,"biphone","SH-AE","type",1
"CMU",10,5178,"biphone","T-AE","type",71
"CMU",10,5178,"biphone","TH-AE","type",3
"CMU",10,5178,"biphone","V-AE","type",51
"CMU",10,5178,"biphone","W-AE","type",2
"CMU",10,5178,"biphone","Y-AE","type",10
"CMU",10,5178,"biphone","Z-AE","type",17
"CMU",10,5178,"biphone","ZH-AE","type",0
"CMU",10,5178,"biphone","Q-AE","type",0
"CMU",10,5178,"biphone","AA-AH","type",0
"CMU",10,5178,"biphone","AE-AH","type",0
"CMU",10,5178,"biphone","AH-AH","type",0
"CMU",10,5178,"biphone","AO-AH","type",0
"CMU",10,5178,"biphone","AW-AH","type",0
"CMU",10,5178,"biphone","AY-AH","type",42
"CMU",10,5178,"biphone","EH-AH","type",0
"CMU",10,5178,"biphone","ER-AH","type",100
"CMU",10,5178,"biphone","EY-AH","type",1
"CMU",10,5178,"biphone","IH-AH","type",0
"CMU",10,5178,"biphone","IY-AH","type",239
"CMU",10,5178,"biphone","OW-AH","type",6
"CMU",10,5178,"biphone","OY-AH","type",0
"CMU",10,5178,"biphone","UH-AH","type",0
"CMU",10,5178,"biphone","UW-AH","type",26
"CMU",10,5178,"biphone","AX-AH","type",0
"CMU",10,5178,"biphone","AXR-AH","type",0
"CMU",10,5178,"biphone","IX-AH","type",0
"CMU",10,5178,"biphone","UX-AH","type",0
"CMU",10,5178,"biphone","B-AH","type",253
"CMU",10,5178,"biphone","CH-AH","type",29
"CMU",10,5178,"biphone","D-AH","type",208
"CMU",10,5178,"biphone","DH-AH","type",0
"CMU",10,5178,"biphone","F-AH","type",78
"CMU",10,5178,"biphone","G-AH","type",91
"CMU",10,5178,"biphone","HH-AH","type",26
"CMU",10,5178,"biphone","JH-AH","type",101
"CMU",10,5178,"biphone","K-AH","type",523
"CMU",10,5178,"biphone","L-AH","type",369
"CMU",10,5178,"biphone","M-AH","type",419
"CMU",10,5178,"biphone","N-AH","type",402
"CMU",10,5178,"biphone","NG-AH","type",0
"CMU",10,5178,"biphone","P-AH","type",138
"CMU",10,5178,"biphone","R-AH","type",505
"CMU",10,5178,"biphone","S-AH","type",373
"CMU",10,5178,"biphone","SH-AH","type",527
"CMU",10,5178,"biphone","T-AH","type",490
"CMU",10,5178,"biphone","TH-AH","type",35
"CMU",10,5178,"biphone","V-AH","type",97
"CMU",10,5178,"biphone","W-AH","type",40
"CMU",10,5178,"biphone","Y-AH","type",156
"CMU",10,5178,"biphone","Z-AH","type",134
"CMU",10,5178,"biphone","ZH-AH","type",27
"CMU",10,5178,"biphone","Q-AH","type",0
"CMU",10,5178,"biphone","AA-AO","type",0
"CMU",10,5178,"biphone","AE-AO","type",0
"CMU",10,5178,"biphone","AH-AO","type",0
"CMU",10,5178,"biphone","AO-AO","type",0
"CMU",10,5178,"biphone","AW-AO","type",0
"CMU",10,5178,"biphone","AY-AO","type",1
"CMU",10,5178,"biphone","EH-AO","type",0
"CMU",10,5178,"biphone","ER-AO","type",2
"CMU",10,5178,"biphone","EY-AO","type",0
"CMU",10,5178,"biphone","IH-AO","type",0
"CMU",10,5178,"biphone","IY-AO","type",10
"CMU",10,5178,"biphone","OW-AO","type",3
"CMU",10,5178,"biphone","OY-AO","type",0
"CMU",10,5178,"biphone","UH-AO","type",0
"CMU",10,5178,"biphone","UW-AO","type",0
"CMU",10,5178,"biphone","AX-AO","type",0
"CMU",10,5178,"biphone","AXR-AO","type",0
"CMU",10,5178,"biphone","IX-AO","type",0
"CMU",10,5178,"biphone","UX-AO","type",0
"CMU",10,5178,"biphone","B-AO","type",18
"CMU",10,5178,"biphone","CH-AO","type",0
"CMU",10,5178,"biphone","D-AO","type",20
"CMU",10,5178,"biphone","DH-AO","type",0
"CMU",10,5178,"biphone","F-AO","type",62
"CMU",10,5178,"biphone","G-AO","type",13
"CMU",10,5178,"biphone","HH-AO","type",18
"CMU",10,5178,"biphone","JH-AO","type",2
"CMU",10,5178,"biphone","K-AO","type",68
"CMU",10,5178,"biphone","L-AO","type",34
"CMU",10,5178,"biphone","M-AO","type",30
"CMU",10,5178,"biphone","N-AO","type",39
"CMU",10,5178,"biphone","NG-AO","type",0
"CMU",10,5178,"biphone","P-AO","type",39
"CMU",10,5178,"biphone","R-AO","type",37
"CMU",10,5178,"biphone","S-AO","type",12
"CMU",10,5178,"biphone","SH-AO","type",6
"CMU",10,5178,"biphone","T-AO","type",65
"CMU",10,5178,"biphone","TH-AO","type",6
"CMU",10,5178,"biphone","V-AO","type",2
"CMU",10,5178,"biphone","W-AO","type",35
"CMU",10,5178,"biphone","Y-AO","type",2
"CMU",10,5178,"biphone","Z-AO","type",4
"CMU",10,5178,"biphone","ZH-AO","type",0
"CMU",10,5178,"biphone","Q-AO","type",0
"CMU",10,5178,"biphone","AA-AW","type",0
"CMU",10,5178,"biphone","AE-AW","type",0
"CMU",10,5178,"biphone","AH-AW","type",0
"CMU",10,5178,"biphone","AO-AW","type",0
"CMU",10,5178,"biphone","AW-AW","type",0
"CMU",10,5178,"biphone","AY-AW","type",0
"CMU",10,5178,"biphone","EH-AW","type",0
"CMU",10,5178,"biphone","ER-AW","type",0
"CMU",10,5178,"biphone","EY-AW","type",0
"CMU",10,5178,"biphone","IH-AW","type",0
"CMU",10,5178,"biphone","IY-AW","type",0
"CMU",10,5178,"biphone","OW-AW","type",0
"CMU",10,5178,"biphone","OY-AW","type",0
"CMU",10,5178,"biphone","UH-AW","type",0
"CMU",10,5178,"biphone","UW-AW","type",0
"CMU",10,5178,"biphone","AX-AW","type",0
"CMU",10,5178,"biphone","AXR-AW","type",0
"CMU",10,5178,"biphone","IX-AW","type",0
"CMU",10,5178,"biphone","UX-AW","type",0
"CMU",10,5178,"biphone","B-AW","type",1
"CMU",10,5178,"biphone","CH-AW","type",0
"CMU",10,5178,"biphone","D-AW","type",3
"CMU",10,5178,"biphone","DH-AW","type",0
"CMU",10,5178,"biphone","F-AW","type",1
"CMU",10,5178,"biphone","G-AW","type",0
"CMU",10,5178,"biphone","HH-AW","type",5
"CMU",10,5178,"biphone","JH-AW","type",0
"CMU",10,5178,"biphone","K-AW","type",24
"CMU",10,5178,"biphone","L-AW","type",7
"CMU",10,5178,"biphone","M-AW","type",5
"CMU",10,5178,"biphone","N-AW","type",2
"CMU",10,5178,"biphone","NG-AW","type",0
"CMU",10,5178,"biphone","P-AW","type",1
"CMU",10,5178,"biphone","R-AW","type",8
"CMU",10,5178,"biphone","S-AW","type",1
"CMU",10,5178,"biphone","SH-AW","type",1
"CMU",10,5178,"biphone","T-AW","type",5
"CMU",10,5178,"biphone","TH-AW","type",0
"CMU",10,5178,"biphone","V-AW","type",0
"CMU",10,5178,"biphone","W-AW","type",0
"CMU",10,5178,"biphone","Y-AW","type",0
"CMU",10,5178,"biphone","Z-AW","type",1
"CMU",10,5178,"biphone","ZH-AW","type",0
"CMU",10,5178,"biphone","Q-AW","type",0
"CMU",10,5178,"biphone","AA-AY","type",0
"CMU",10,5178,"biphone","AE-AY","type",0
"CMU",10,5178,"biphone","AH-AY","type",0
"CMU",10,5178,"biphone","AO-AY","type",0
"CMU",10,5178,"biphone","AW-AY","type",0
"CMU",10,5178,"biphone","AY-AY","type",0
"CMU",10,5178,"biphone","EH-AY","type",0
"CMU",10,5178,"biphone","ER-AY","type",17
"CMU",10,5178,"biphone","EY-AY","type",0
"CMU",10,5178,"biphone","IH-AY","type",0
"CMU",10,5178,"biphone","IY-AY","type",0
"CMU",10,5178,"biphone","OW-AY","type",0
"CMU",10,5178,"biphone","OY-AY","type",0
"CMU",10,5178,"biphone","UH-AY","type",0
"CMU",10,5178,"biphone","UW-AY","type",2
"CMU",10,5178,"biphone","AX-AY","type",0
"CMU",10,5178,"biphone","AXR-AY","type",0
"CMU",10,5178,"biphone","IX-AY","type",0
"CMU",10,5178,"biphone","UX-AY","type",0
"CMU",10,5178,"biphone","B-AY","type",25
"CMU",10,5178,"biphone","CH-AY","type",2
"CMU",10,5178,"biphone","D-AY","type",39
"CMU",10,5178,"biphone","DH-AY","type",0
"CMU",10,5178,"biphone","F-AY","type",44
"CMU",10,5178,"biphone","G-AY","type",2
"CMU",10,5178,"biphone","HH-AY","type",31
"CMU",10,5178,"biphone","JH-AY","type",9
"CMU",10,5178,"biphone","K-AY","type",10
"CMU",10,5178,"biphone","L-AY","type",97
"CMU",10,5178,"biphone","M-AY","type",40
"CMU",10,5178,"biphone","N-AY","type",36
"CMU",10,5178,"biphone","NG-AY","type",0
"CMU",10,5178,"biphone","P-AY","type",6
"CMU",10,5178,"biphone","R-AY","type",56
"CMU",10,5178,"biphone","S-AY","type",53
"CMU",10,5178,"biphone","SH-AY","type",3
"CMU",10,5178,"biphone","T-AY","type",52
"CMU",10,5178,"biphone","TH-AY","type",3
"CMU",10,5178,"biphone","V-AY","type",25
"CMU",10,5178,"biphone","W-AY","type",11
"CMU",10,5178,"biphone","Y-AY","type",0
"CMU",10,5178,"biphone","Z-AY","type",2
"CMU",10,5178,"biphone","ZH-AY","type",0
"CMU",10,5178,"biphone","Q-AY","type",0
"CMU",10,5178,"biphone","AA-EH","type",0
"CMU",10,5178,"biphone","AE-EH","type",0
"CMU",10,5178,"biphone","AH-EH","type",0
"CMU",10,5178,"biphone","AO-EH","type",0
"CMU",10,5178,"biphone","AW-EH","type",0
"CMU",10,5178,"biphone","AY-EH","type",0
"CMU",10,5178,"biphone","EH-EH","type",0
"CMU",10,5178,"biphone","ER-EH","type",19
"CMU",10,5178,"biphone","EY-EH","type",2
"CMU",10,5178,"biphone","IH-EH","type",0
"CMU",10,5178,"biphone","IY-EH","type",33
"CMU",10,5178,"biphone","OW-EH","type",2
"CMU",10,5178,"biphone","OY-EH","type",2
"CMU",10,5178,"biphone","UH-EH","type",0
"CMU",10,5178,"biphone","UW-EH","type",3
"CMU",10,5178,"biphone","AX-EH","type",0
"CMU",10,5178,"biphone","AXR-EH","type",0
"CMU",10,5178,"biphone","IX-EH","type",0
"CMU",10,5178,"biphone","UX-EH","type",0
"CMU",10,5178,"biphone","B-EH","type",44
"CMU",10,5178,"biphone","CH-EH","type",15
"CMU",10,5178,"biphone","D-EH","type",101
"CMU",10,5178,"biphone","DH-EH","type",0
"CMU",10,5178,"biphone","F-EH","type",52
"CMU",10,5178,"biphone","G-EH","type",14
"CMU",10,5178,"biphone","HH-EH","type",45
"CMU",10,5178,"biphone","JH-EH","type",49
"CMU",10,5178,"biphone","K-EH","type",21
"CMU",10,5178,"biphone","L-EH","type",117
"CMU",10,5178,"biphone","M-EH","type",142
"CMU",10,5178,"biphone","N-EH","type",74
"CMU",10,5178,"biphone","NG-EH","type",0
"CMU",10,5178,"biphone","P-EH","type",108
"CMU",10,5178,"biphone","R-EH","type",228
"CMU",10,5178,"biphone","S-EH","type",170
"CMU",10,5178,"biphone","SH-EH","type",14
"CMU",10,5178,"biphone","T-EH","type",164
"CMU",10,5178,"biphone","TH-EH","type",14
"CMU",10,5178,"biphone","V-EH","type",53
"CMU",10,5178,"biphone","W-EH","type",35
"CMU",10,5178,"biphone","Y-EH","type",9
"CMU",10,5178,"biphone","Z-EH","type",31
"CMU",10,5178,"biphone","ZH-EH","type",0
"CMU",10,5178,"biphone","Q-EH","type",0
"CMU",10,5178,"biphone","AA-ER","type",0
"CMU",10,5178,"biphone","AE-ER","type",0
"CMU",10,5178,"biphone","AH-ER","type",0
"CMU",10,5178,"biphone","AO-ER","type",0
"CMU",10,5178,"biphone","AW-ER","type",0
"CMU",10,5178,"biphone","AY-ER","type",4
"CMU",10,5178,"biphone","EH-ER","type",0
"CMU",10,5178,"biphone","ER-ER","type",0
"CMU",10,5178,"biphone","EY-ER","type",0
"CMU",10,5178,"biphone","IH-ER","type",0
"CMU",10,5178,"biphone","IY-ER","type",10
"CMU",10,5178,"biphone","OW-ER","type",2
"CMU",10,5178,"biphone","OY-ER","type",0
"CMU",10,5178,"biphone","UH-ER","type",0
"CMU",10,5178,"biphone","UW-ER","type",1
"CMU",10,5178,"biphone","AX-ER","type",0
"CMU",10,5178,"biphone","AXR-ER","type",0
"CMU",10,5178,"biphone","IX-ER","type",0
"CMU",10,5178,"biphone","UX-ER","type",0
"CMU",10,5178,"biphone","B-ER","type",91
"CMU",10,5178,"biphone","CH-ER","type",34
"CMU",10,5178,"biphone","D-ER","type",106
"CMU",10,5178,"biphone","DH-ER","type",11
"CMU",10,5178,"biphone","F-ER","type",50
"CMU",10,5178,"biphone","G-ER","type",51
"CMU",10,5178,"biphone","HH-ER","type",8
"CMU",10,5178,"biphone","JH-ER","type",14
"CMU",10,5178,"biphone","K-ER","type",43
"CMU",10,5178,"biphone","L-ER","type",50
"CMU",10,5178,"biphone","M-ER","type",31
"CMU",10,5178,"biphone","N-ER","type",59
"CMU",10,5178,"biphone","NG-ER","type",2
"CMU",10,5178,"biphone","P-ER","type",135
"CMU",10,5178,"biphone","R-ER","type",3
"CMU",10,5178,"biphone","S-ER","type",59
"CMU",10,5178,"biphone","SH-ER","type",7
"CMU",10,5178,"biphone","T-ER","type",326
"CMU",10,5178,"biphone","TH-ER","type",5
"CMU",10,5178,"biphone","V-ER","type",84
"CMU",10,5178,"biphone","W-ER","type",11
"CMU",10,5178,"biphone","Y-ER","type",20
"CMU",10,5178,"biphone","Z-ER","type",22
"CMU",10,5178,"biphone","ZH-ER","type",5
"CMU",10,5178,"biphone","Q-ER","type",0
"CMU",10,5178,"biphone","AA-EY","type",0
"CMU",10,5178,"biphone","AE-EY","type",0
"CMU",10,5178,"biphone","AH-EY","type",0
"CMU",10,5178,"biphone","AO-EY","type",0
"CMU",10,5178,"biphone","AW-EY","type",0
"CMU",10,5178,"biphone","AY-EY","type",0
"CMU",10,5178,"biphone","EH-EY","type",0
"CMU",10,5178,"biphone","ER-EY","type",99
"CMU",10,5178,"biphone","EY-EY","type",0
"CMU",10,5178,"biphone","IH-EY","type",0
"CMU",10,5178,"biphone","IY-EY","type",58
"CMU",10,5178,"biphone","OW-EY","type",1
"CMU",10,5178,"biphone","OY-EY","type",0
"CMU",10,5178,"biphone","UH-EY","type",0
"CMU",10,5178,"biphone","UW-EY","type",20
"CMU",10,5178,"biphone","AX-EY","type",0
"CMU",10,5178,"biphone","AXR-EY","type",0
"CMU",10,5178,"biphone","IX-EY","type",0
"CMU",10,5178,"biphone","UX-EY","type",0
"CMU",10,5178,"biphone","B-EY","type",14
"CMU",10,5178,"biphone","CH-EY","type",2
"CMU",10,5178,"biphone","D-EY","type",36
"CMU",10,5178,"biphone","DH-EY","type",0
"CMU",10,5178,"biphone","F-EY","type",6
"CMU",10,5178,"biphone","G-EY","type",33
"CMU",10,5178,"biphone","HH-EY","type",10
"CMU",10,5178,"biphone","JH-EY","type",0
"CMU",10,5178,"biphone","K-EY","type",86
"CMU",10,5178,"biphone","L-EY","type",127
"CMU",10,5178,"biphone","M-EY","type",39
"CMU",10,5178,"biphone","N-EY","type",73
"CMU",10,5178,"biphone","NG-EY","type",0
"CMU",10,5178,"biphone","P-EY","type",27
"CMU",10,5178,"biphone","R-EY","type",99
"CMU",10,5178,"biphone","S-EY","type",18
"CMU",10,5178,"biphone","SH-EY","type",2
"CMU",10,5178,"biphone","T-EY","type",102
"CMU",10,5178,"biphone","TH-EY","type",2
"CMU",10,5178,"biphone","V-EY","type",25
"CMU",10,5178,"biphone","W-EY","type",21
"CMU",10,5178,"biphone","Y-EY","type",2
"CMU",10,5178,"biphone","Z-EY","type",16
"CMU",10,5178,"biphone","ZH-EY","type",0
"CMU",10,5178,"biphone","Q-EY","type",0
"CMU",10,5178,"biphone","AA-IH","type",0
"CMU",10,5178,"biphone","AE-IH","type",0
"CMU",10,5178,"biphone","AH-IH","type",0
"CMU",10,5178,"biphone","AO-IH","type",0
"CMU",10,5178,"biphone","AW-IH","type",0
"CMU",10,5178,"biphone","AY-IH","type",12
"CMU",10,5178,"biphone","EH-IH","type",0
"CMU",10,5178,"biphone","ER-IH","type",41
"CMU",10,5178,"biphone","EY-IH","type",2
"CMU",10,5178,"biphone","IH-IH","type",0
"CMU",10,5178,"biphone","IY-IH","type",28
"CMU",10,5178,"biphone","OW-IH","type",5
"CMU",10,5178,"biphone","OY-IH","type",0
"CMU",10,5178,"biphone","UH-IH","type",0
"CMU",10,5178,"biphone","UW-IH","type",8
"CMU",10,5178,"biphone","AX-IH","type",0
"CMU",10,5178,"biphone","AXR-IH","type",0
"CMU",10,5178,"biphone","IX-IH","type",0
"CMU",10,5178,"biphone","UX-IH","type",0
"CMU",10,5178,"biphone","B-IH","type",60
"CMU",10,5178,"biphone","CH-IH","type",6
"CMU",10,5178,"biphone","D-IH","type",360
"CMU",10,5178,"biphone","DH-IH","type",0
"CMU",10,5178,"biphone","F-IH","type",120
"CMU",10,5178,"biphone","G-IH","type",25
"CMU",10,5178,"biphone","HH-IH","type",36
"CMU",10,5178,"biphone","JH-IH","type",72
"CMU",10,5178,"biphone","K-IH","type",47
"CMU",10,5178,"biphone","L-IH","type",309
"CMU",10,5178,"biphone","M-IH","type",201
"CMU",10,5178,"biphone","N-IH","type",243
"CMU",10,5178,"biphone","NG-IH","type",0
"CMU",10,5178,"biphone","P-IH","type",63
"CMU",10,5178,"biphone","R-IH","type",311
"CMU",10,5178,"biphone","S-IH","type",305
"CMU",10,5178,"biphone","SH-IH","type",48
"CMU",10,5178,"biphone","T-IH","type",694
"CMU",10,5178,"biphone","TH-IH","type",4
"CMU",10,5178,"biphone","V-IH","type",103
"CMU",10,5178,"biphone","W-IH","type",74
"CMU",10,5178,"biphone","Y-IH","type",0
"CMU",10,5178,"biphone","Z-IH","type",157
"CMU",10,5178,"biphone","ZH-IH","type",2
"CMU",10,5178,"biphone","Q-IH","type",0
"CMU",10,5178,"biphone","AA-IY","type",0
"CMU",10,5178,"biphone","AE-IY","type",0
"CMU",10,5178,"biphone","AH-IY","type",0
"CMU",10,5178,"biphone","AO-IY","type",0
"CMU",10,5178,"biphone","AW-IY","type",2
"CMU",10,5178,"biphone","AY-IY","type",0
"CMU",10,5178,"biphone","EH-IY","type",0
"CMU",10,5178,"biphone","ER-IY","type",19
"CMU",10,5178,"biphone","EY-IY","type",1
"CMU",10,5178,"biphone","IH-IY","type",0
"CMU",10,5178,"biphone","IY-IY","type",0
"CMU",10,5178,"biphone","OW-IY","type",0
"CMU",10,5178,"biphone","OY-IY","type",0
"CMU",10,5178,"biphone","UH-IY","type",0
"CMU",10,5178,"biphone","UW-IY","type",1
"CMU",10,5178,"biphone","AX-IY","type",0
"CMU",10,5178,"biphone","AXR-IY","type",0
"CMU",10,5178,"biphone","IX-IY","type",0
"CMU",10,5178,"biphone","UX-IY","type",0
"CMU",10,5178,"biphone","B-IY","type",29
"CMU",10,5178,"biphone","CH-IY","type",15
"CMU",10,5178,"biphone","D-IY","type",101
"CMU",10,5178,"biphone","DH-IY","type",1
"CMU",10,5178,"biphone","F-IY","type",30
"CMU",10,5178,"biphone","G-IY","type",4
"CMU",10,5178,"biphone","HH-IY","type",16
"CMU",10,5178,"biphone","JH-IY","type",49
"CMU",10,5178,"biphone","K-IY","type",121
"CMU",10,5178,"biphone","L-IY","type",375
"CMU",10,5178,"biphone","M-IY","type",46
"CMU",10,5178,"biphone","N-IY","type",108
"CMU",10,5178,"biphone","NG-IY","type",0
"CMU",10,5178,"biphone","P-IY","type",50
"CMU",10,5178,"biphone","R-IY","type",439
"CMU",10,5178,"biphone","S-IY","type",97
"CMU",10,5178,"biphone","SH-IY","type",35
"CMU",10,5178,"biphone","T-IY","type",219
"CMU",10,5178,"biphone","TH-IY","type",14
"CMU",10,5178,"biphone","V-IY","type",24
"CMU",10,5178,"biphone","W-IY","type",8
"CMU",10,5178,"biphone","Y-IY","type",0
"CMU",10,5178,"biphone","Z-IY","type",17
"CMU",10,5178,"biphone","ZH-IY","type",1
"CMU",10,5178,"biphone","Q-IY","type",0
"CMU",10,5178,"biphone","AA-OW","type",0
"CMU",10,5178,"biphone","AE-OW","type",0
"CMU",10,5178,"biphone","AH-OW","type",0
"CMU",10,5178,"biphone","AO-OW","type",0
"CMU",10,5178,"biphone","AW-OW","type",1
"CMU",10,5178,"biphone","AY-OW","type",8
"CMU",10,5178,"biphone","EH-OW","type",0
"CMU",10,5178,"biphone","ER-OW","type",5
"CMU",10,5178,"biphone","EY-OW","type",3
"CMU",10,5178,"biphone","IH-OW","type",0
"CMU",10,5178,"biphone","IY-OW","type",41
"CMU",10,5178,"biphone","OW-OW","type",0
"CMU",10,5178,"biphone","OY-OW","type",0
"CMU",10,5178,"biphone","UH-OW","type",0
"CMU",10,5178,"biphone","UW-OW","type",2
"CMU",10,5178,"biphone","AX-OW","type",0
"CMU",10,5178,"biphone","AXR-OW","type",0
"CMU",10,5178,"biphone","IX-OW","type",0
"CMU",10,5178,"biphone","UX-OW","type",0
"CMU",10,5178,"biphone","B-OW","type",18
"CMU",10,5178,"biphone","CH-OW","type",1
"CMU",10,5178,"biphone","D-OW","type",24
"CMU",10,5178,"biphone","DH-OW","type",0
"CMU",10,5178,"biphone","F-OW","type",16
"CMU",10,5178,"biphone","G-OW","type",30
"CMU",10,5178,"biphone","HH-OW","type",24
"CMU",10,5178,"biphone","JH-OW","type",1
"CMU",10,5178,"biphone","K-OW","type",79
"CMU",10,5178,"biphone","L-OW","type",46
"CMU",10,5178,"biphone","M-OW","type",52
"CMU",10,5178,"biphone","N-OW","type",52
"CMU",10,5178,"biphone","NG-OW","type",0
"CMU",10,5178,"biphone","P-OW","type",47
"CMU",10,5178,"biphone","R-OW","type",156
"CMU",10,5178,"biphone","S-OW","type",23
"CMU",10,5178,"biphone","SH-OW","type",0
"CMU",10,5178,"biphone","T-OW","type",54
"CMU",10,5178,"biphone","TH-OW","type",0
"CMU",10,5178,"biphone","V-OW","type",9
"CMU",10,5178,"biphone","W-OW","type",6
"CMU",10,5178,"biphone","Y-OW","type",2
"CMU",10,5178,"biphone","Z-OW","type",7
"CMU",10,5178,"biphone","ZH-OW","type",0
"CMU",10,5178,"biphone","Q-OW","type",0
"CMU",10,5178,"biphone","AA-OY","type",0
"CMU",10,5178,"biphone","AE-OY","type",0
"CMU",10,5178,"biphone","AH-OY","type",0
"CMU",10,5178,"biphone","AO-OY","type",0
"CMU",10,5178,"biphone","AW-OY","type",0
"CMU",10,5178,"biphone","AY-OY","type",0
"CMU",10,5178,"biphone","EH-OY","type",0
"CMU",10,5178,"biphone","ER-OY","type",0
"CMU",10,5178,"biphone","EY-OY","type",0
"CMU",10,5178,"biphone","IH-OY","type",0
"CMU",10,5178,"biphone","IY-OY","type",0
"CMU",10,5178,"biphone","OW-OY","type",0
"CMU",10,5178,"biphone","OY-OY","type",0
"CMU",10,5178,"biphone","UH-OY","type",0
"CMU",10,5178,"biphone","UW-OY","type",0
"CMU",10,5178,"biphone","AX-OY","type",0
"CMU",10,5178,"biphone","AXR-OY","type",0
"CMU",10,5178,"biphone","IX-OY","type",0
"CMU",10,5178,"biphone","UX-OY","type",0
"CMU",10,5178,"biphone","B-OY","type",2
"CMU",10,5178,"biphone","CH-OY","type",0
"CMU",10,5178,"biphone","D-OY","type",0
"CMU",10,5178,"biphone","DH-OY","type",0
"CMU",10,5178,"biphone","F-OY","type",0
"CMU",10,5178,"biphone","G-OY","type",0
"CMU",10,5178,"biphone","HH-OY","type",0
"CMU",10,5178,"biphone","JH-OY","type",0
"CMU",10,5178,"biphone","K-OY","type",0
"CMU",10,5178,"biphone","L-OY","type",4
"CMU",10,5178,"biphone","M-OY","type",1
"CMU",10,5178,"biphone","N-OY","type",0
"CMU",10,5178,"biphone","NG-OY","type",0
"CMU",10,5178,"biphone","P-OY","type",8
"CMU",10,5178,"biphone","R-OY","type",1
"CMU",10,5178,"biphone","S-OY","type",1
"CMU",10,5178,"biphone","SH-OY","type",0
"CMU",10,5178,"biphone","T-OY","type",3
"CMU",10,5178,"biphone","TH-OY","type",0
"CMU",10,5178,"biphone","V-OY","type",3
"CMU",10,5178,"biphone","W-OY","type",1
"CMU",10,5178,"biphone","Y-OY","type",0
"CMU",10,5178,"biphone","Z-OY","type",0
"CMU",10,5178,"biphone","ZH-OY","type",0
"CMU",10,5178,"biphone","Q-OY","type",0
"CMU",10,5178,"biphone","AA-UH","type",0
"CMU",10,5178,"biphone","AE-UH","type",0
"CMU",10,5178,"biphone","AH-UH","type",0
"CMU",10,5178,"biphone","AO-UH","type",0
"CMU",10,5178,"biphone","AW-UH","type",0
"CMU",10,5178,"biphone","AY-UH","type",0
"CMU",10,5178,"biphone","EH-UH","type",0
"CMU",10,5178,"biphone","ER-UH","type",0
"CMU",10,5178,"biphone","EY-UH","type",0
"CMU",10,5178,"biphone","IH-UH","type",0
"CMU",10,5178,"biphone","IY-UH","type",1
"CMU",10,5178,"biphone","OW-UH","type",0
"CMU",10,5178,"biphone","OY-UH","type",0
"CMU",10,5178,"biphone","UH-UH","type",0
"CMU",10,5178,"biphone","UW-UH","type",0
"CMU",10,5178,"biphone","AX-UH","type",0
"CMU",10,5178,"biphone","AXR-UH","type",0
"CMU",10,5178,"biphone","IX-UH","type",0
"CMU",10,5178,"biphone","UX-UH","type",0
"CMU",10,5178,"biphone","B-UH","type",6
"CMU",10,5178,"biphone","CH-UH","type",2
"CMU",10,5178,"biphone","D-UH","type",2
"CMU",10,5178,"biphone","DH-UH","type",0
"CMU",10,5178,"biphone","F-UH","type",2
"CMU",10,5178,"biphone","G-UH","type",2
"CMU",10,5178,"biphone","HH-UH","type",0
"CMU",10,5178,"biphone","JH-UH","type",1
"CMU",10,5178,"biphone","K-UH","type",2
"CMU",10,5178,"biphone","L-UH","type",7
"CMU",10,5178,"biphone","M-UH","type",0
"CMU",10,5178,"biphone","N-UH","type",4
"CMU",10,5178,"biphone","NG-UH","type",0
"CMU",10,5178,"biphone","P-UH","type",1
"CMU",10,5178,"biphone","R-UH","type",3
"CMU",10,5178,"biphone","S-UH","type",1
"CMU",10,5178,"biphone","SH-UH","type",5
"CMU",10,5178,"biphone","T-UH","type",1
"CMU",10,5178,"biphone","TH-UH","type",0
"CMU",10,5178,"biphone","V-UH","type",0
"CMU",10,5178,"biphone","W-UH","type",8
"CMU",10,5178,"biphone","Y-UH","type",22
"CMU",10,5178,"biphone","Z-UH","type",0
"CMU",10,5178,"biphone","ZH-UH","type",0
"CMU",10,5178,"biphone","Q-UH","type",0
"CMU",10,5178,"biphone","AA-UW","type",0
"CMU",10,5178,"biphone","AE-UW","type",0
"CMU",10,5178,"biphone","AH-UW","type",0
"CMU",10,5178,"biphone","AO-UW","type",0
"CMU",10,5178,"biphone","AW-UW","type",0
"CMU",10,5178,"biphone","AY-UW","type",0
"CMU",10,5178,"biphone","EH-UW","type",0
"CMU",10,5178,"biphone","ER-UW","type",0
"CMU",10,5178,"biphone","EY-UW","type",0
"CMU",10,5178,"biphone","IH-UW","type",0
"CMU",10,5178,"biphone","IY-UW","type",0
"CMU",10,5178,"biphone","OW-UW","type",0
"CMU",10,5178,"biphone","OY-UW","type",0
"CMU",10,5178,"biphone","UH-UW","type",0
"CMU",10,5178,"biphone","UW-UW","type",0
"CMU",10,5178,"biphone","AX-UW","type",0
"CMU",10,5178,"biphone","AXR-UW","type",0
"CMU",10,5178,"biphone","IX-UW","type",0
"CMU",10,5178,"biphone","UX-UW","type",0
"CMU",10,5178,"biphone","B-UW","type",8
"CMU",10,5178,"biphone","CH-UW","type",29
"CMU",10,5178,"biphone","D-UW","type",21
"CMU",10,5178,"biphone","DH-UW","type",0
"CMU",10,5178,"biphone","F-UW","type",2
"CMU",10,5178,"biphone","G-UW","type",2
"CMU",10,5178,"biphone","HH-UW","type",4
"CMU",10,5178,"biphone","JH-UW","type",9
"CMU",10,5178,"biphone","K-UW","type",10
"CMU",10,5178,"biphone","L-UW","type",58
"CMU",10,5178,"biphone","M-UW","type",2
"CMU",10,5178,"biphone","N-UW","type",28
"CMU",10,5178,"biphone","NG-UW","type",0
"CMU",10,5178,"biphone","P-UW","type",3
"CMU",10,5178,"biphone","R-UW","type",38
"CMU",10,5178,"biphone","S-UW","type",32
"CMU",10,5178,"biphone","SH-UW","type",5
"CMU",10,5178,"biphone","T-UW","type",25
"CMU",10,5178,"biphone","TH-UW","type",2
"CMU",10,5178,"biphone","V-UW","type",1
"CMU",10,5178,"biphone","W-UW","type",1
"CMU",10,5178,"biphone","Y-UW","type",183
"CMU",10,5178,"biphone","Z-UW","type",3
"CMU",10,5178,"biphone","ZH-UW","type",1
"CMU",10,5178,"biphone","Q-UW","type",0
"CMU",10,5178,"biphone","AA-AX","type",0
"CMU",10,5178,"biphone","AE-AX","type",0
"CMU",10,5178,"biphone","AH-AX","type",0
"CMU",10,5178,"biphone","AO-AX","type",0
"CMU",10,5178,"biphone","AW-AX","type",0
"CMU",10,5178,"biphone","AY-AX","type",0
"CMU",10,5178,"biphone","EH-AX","type",0
"CMU",10,5178,"biphone","ER-AX","type",0
"CMU",10,5178,"biphone","EY-AX","type",0
"CMU",10,5178,"biphone","IH-AX","type",0
"CMU",10,5178,"biphone","IY-AX","type",0
"CMU",10,5178,"biphone","OW-AX","type",0
"CMU",10,5178,"biphone","OY-AX","type",0
"CMU",10,5178,"biphone","UH-AX","type",0
"CMU",10,5178,"biphone","UW-AX","type",0
"CMU",10,5178,"biphone","AX-AX","type",0
"CMU",10,5178,"biphone","AXR-AX","type",0
"CMU",10,5178,"biphone","IX-AX","type",0
"CMU",10,5178,"biphone","UX-AX","type",0
"CMU",10,5178,"biphone","B-AX","type",0
"CMU",10,5178,"biphone","CH-AX","type",0
"CMU",10,5178,"biphone","D-AX","type",0
"CMU",10,5178,"biphone","DH-AX","type",0
"CMU",10,5178,"biphone","F-AX","type",0
"CMU",10,5178,"biphone","G-AX","type",0
"CMU",10,5178,"biphone","HH-AX","type",0
"CMU",10,5178,"biphone","JH-AX","type",0
"CMU",10,5178,"biphone","K-AX","type",0
"CMU",10,5178,"biphone","L-AX","type",0
"CMU",10,5178,"biphone","M-AX","type",0
"CMU",10,5178,"biphone","N-AX","type",0
"CMU",10,5178,"biphone","NG-AX","type",0
"CMU",10,5178,"biphone","P-AX","type",0
"CMU",10,5178,"biphone","R-AX","type",0
"CMU",10,5178,"biphone","S-AX","type",0
"CMU",10,5178,"biphone","SH-AX","type",0
"CMU",10,5178,"biphone","T-AX","type",0
"CMU",10,5178,"biphone","TH-AX","type",0
"CMU",10,5178,"biphone","V-AX","type",0
"CMU",10,5178,"biphone","W-AX","type",0
"CMU",10,5178,"biphone","Y-AX","type",0
"CMU",10,5178,"biphone","Z-AX","type",0
"CMU",10,5178,"biphone","ZH-AX","type",0
"CMU",10,5178,"biphone","Q-AX","type",0
"CMU",10,5178,"biphone","AA-AXR","type",0
"CMU",10,5178,"biphone","AE-AXR","type",0
"CMU",10,5178,"biphone","AH-AXR","type",0
"CMU",10,5178,"biphone","AO-AXR","type",0
"CMU",10,5178,"biphone","AW-AXR","type",0
"CMU",10,5178,"biphone","AY-AXR","type",0
"CMU",10,5178,"biphone","EH-AXR","type",0
"CMU",10,5178,"biphone","ER-AXR","type",0
"CMU",10,5178,"biphone","EY-AXR","type",0
"CMU",10,5178,"biphone","IH-AXR","type",0
"CMU",10,5178,"biphone","IY-AXR","type",0
"CMU",10,5178,"biphone","OW-AXR","type",0
"CMU",10,5178,"biphone","OY-AXR","type",0
"CMU",10,5178,"biphone","UH-AXR","type",0
"CMU",10,5178,"biphone","UW-AXR","type",0
"CMU",10,5178,"biphone","AX-AXR","type",0
"CMU",10,5178,"biphone","AXR-AXR","type",0
"CMU",10,5178,"biphone","IX-AXR","type",0
"CMU",10,5178,"biphone","UX-AXR","type",0
"CMU",10,5178,"biphone","B-AXR","type",0
"CMU",10,5178,"biphone","CH-AXR","type",0
"CMU",10,5178,"biphone","D-AXR","type",0
"CMU",10,5178,"biphone","DH-AXR","type",0
"CMU",10,5178,"biphone","F-AXR","type",0
"CMU",10,5178,"biphone","G-AXR","type",0
"CMU",10,5178,"biphone","HH-AXR","type",0
"CMU",10,5178,"biphone","JH-AXR","type",0
"CMU",10,5178,"biphone","K-AXR","type",0
"CMU",10,5178,"biphone","L-AXR","type",0
"CMU",10,5178,"biphone","M-AXR","type",0
"CMU",10,5178,"biphone","N-AXR","type",0
"CMU",10,5178,"biphone","NG-AXR","type",0
"CMU",10,5178,"biphone","P-AXR","type",0
"CMU",10,5178,"biphone","R-AXR","type",0
"CMU",10,5178,"biphone","S-AXR","type",0
"CMU",10,5178,"biphone","SH-AXR","type",0
"CMU",10,5178,"biphone","T-AXR","type",0
"CMU",10,5178,"biphone","TH-AXR","type",0
"CMU",10,5178,"biphone","V-AXR","type",0
"CMU",10,5178,"biphone","W-AXR","type",0
"CMU",10,5178,"biphone","Y-AXR","type",0
"CMU",10,5178,"biphone","Z-AXR","type",0
"CMU",10,5178,"biphone","ZH-AXR","type",0
"CMU",10,5178,"biphone","Q-AXR","type",0
"CMU",10,5178,"biphone","AA-IX","type",0
"CMU",10,5178,"biphone","AE-IX","type",0
"CMU",10,5178,"biphone","AH-IX","type",0
"CMU",10,5178,"biphone","AO-IX","type",0
"CMU",10,5178,"biphone","AW-IX","type",0
"CMU",10,5178,"biphone","AY-IX","type",0
"CMU",10,5178,"biphone","EH-IX","type",0
"CMU",10,5178,"biphone","ER-IX","type",0
"CMU",10,5178,"biphone","EY-IX","type",0
"CMU",10,5178,"biphone","IH-IX","type",0
"CMU",10,5178,"biphone","IY-IX","type",0
"CMU",10,5178,"biphone","OW-IX","type",0
"CMU",10,5178,"biphone","OY-IX","type",0
"CMU",10,5178,"biphone","UH-IX","type",0
"CMU",10,5178,"biphone","UW-IX","type",0
"CMU",10,5178,"biphone","AX-IX","type",0
"CMU",10,5178,"biphone","AXR-IX","type",0
"CMU",10,5178,"biphone","IX-IX","type",0
"CMU",10,5178,"biphone","UX-IX","type",0
"CMU",10,5178,"biphone","B-IX","type",0
"CMU",10,5178,"biphone","CH-IX","type",0
"CMU",10,5178,"biphone","D-IX","type",0
"CMU",10,5178,"biphone","DH-IX","type",0
"CMU",10,5178,"biphone","F-IX","type",0
"CMU",10,5178,"biphone","G-IX","type",0
"CMU",10,5178,"biphone","HH-IX","type",0
"CMU",10,5178,"biphone","JH-IX","type",0
"CMU",10,5178,"biphone","K-IX","type",0
"CMU",10,5178,"biphone","L-IX","type",0
"CMU",10,5178,"biphone","M-IX","type",0
"CMU",10,5178,"biphone","N-IX","type",0
"CMU",10,5178,"biphone","NG-IX","type",0
"CMU",10,5178,"biphone","P-IX","type",0
"CMU",10,5178,"biphone","R-IX","type",0
"CMU",10,5178,"biphone","S-IX","type",0
"CMU",10,5178,"biphone","SH-IX","type",0
"CMU",10,5178,"biphone","T-IX","type",0
"CMU",10,5178,"biphone","TH-IX","type",0
"CMU",10,5178,"biphone","V-IX","type",0
"CMU",10,5178,"biphone","W-IX","type",0
"CMU",10,5178,"biphone","Y-IX","type",0
"CMU",10,5178,"biphone","Z-IX","type",0
"CMU",10,5178,"biphone","ZH-IX","type",0
"CMU",10,5178,"biphone","Q-IX","type",0
"CMU",10,5178,"biphone","AA-UX","type",0
"CMU",10,5178,"biphone","AE-UX","type",0
"CMU",10,5178,"biphone","AH-UX","type",0
"CMU",10,5178,"biphone","AO-UX","type",0
"CMU",10,5178,"biphone","AW-UX","type",0
"CMU",10,5178,"biphone","AY-UX","type",0
"CMU",10,5178,"biphone","EH-UX","type",0
"CMU",10,5178,"biphone","ER-UX","type",0
"CMU",10,5178,"biphone","EY-UX","type",0
"CMU",10,5178,"biphone","IH-UX","type",0
"CMU",10,5178,"biphone","IY-UX","type",0
"CMU",10,5178,"biphone","OW-UX","type",0
"CMU",10,5178,"biphone","OY-UX","type",0
"CMU",10,5178,"biphone","UH-UX","type",0
"CMU",10,5178,"biphone","UW-UX","type",0
"CMU",10,5178,"biphone","AX-UX","type",0
"CMU",10,5178,"biphone","AXR-UX","type",0
"CMU",10,5178,"biphone","IX-UX","type",0
"CMU",10,5178,"biphone","UX-UX","type",0
"CMU",10,5178,"biphone","B-UX","type",0
"CMU",10,5178,"biphone","CH-UX","type",0
"CMU",10,5178,"biphone","D-UX","type",0
"CMU",10,5178,"biphone","DH-UX","type",0
"CMU",10,5178,"biphone","F-UX","type",0
"CMU",10,5178,"biphone","G-UX","type",0
"CMU",10,5178,"biphone","HH-UX","type",0
"CMU",10,5178,"biphone","JH-UX","type",0
"CMU",10,5178,"biphone","K-UX","type",0
"CMU",10,5178,"biphone","L-UX","type",0
"CMU",10,5178,"biphone","M-UX","type",0
"CMU",10,5178,"biphone","N-UX","type",0
"CMU",10,5178,"biphone","NG-UX","type",0
"CMU",10,5178,"biphone","P-UX","type",0
"CMU",10,5178,"biphone","R-UX","type",0
"CMU",10,5178,"biphone","S-UX","type",0
"CMU",10,5178,"biphone","SH-UX","type",0
"CMU",10,5178,"biphone","T-UX","type",0
"CMU",10,5178,"biphone","TH-UX","type",0
"CMU",10,5178,"biphone","V-UX","type",0
"CMU",10,5178,"biphone","W-UX","type",0
"CMU",10,5178,"biphone","Y-UX","type",0
"CMU",10,5178,"biphone","Z-UX","type",0
"CMU",10,5178,"biphone","ZH-UX","type",0
"CMU",10,5178,"biphone","Q-UX","type",0
"CMU",10,5178,"biphone","AA-B","type",26
"CMU",10,5178,"biphone","AE-B","type",37
"CMU",10,5178,"biphone","AH-B","type",321
"CMU",10,5178,"biphone","AO-B","type",1
"CMU",10,5178,"biphone","AW-B","type",0
"CMU",10,5178,"biphone","AY-B","type",20
"CMU",10,5178,"biphone","EH-B","type",10
"CMU",10,5178,"biphone","ER-B","type",34
"CMU",10,5178,"biphone","EY-B","type",15
"CMU",10,5178,"biphone","IH-B","type",42
"CMU",10,5178,"biphone","IY-B","type",5
"CMU",10,5178,"biphone","OW-B","type",18
"CMU",10,5178,"biphone","OY-B","type",0
"CMU",10,5178,"biphone","UH-B","type",0
"CMU",10,5178,"biphone","UW-B","type",16
"CMU",10,5178,"biphone","AX-B","type",0
"CMU",10,5178,"biphone","AXR-B","type",0
"CMU",10,5178,"biphone","IX-B","type",0
"CMU",10,5178,"biphone","UX-B","type",0
"CMU",10,5178,"biphone","B-B","type",0
"CMU",10,5178,"biphone","CH-B","type",0
"CMU",10,5178,"biphone","D-B","type",5
"CMU",10,5178,"biphone","DH-B","type",0
"CMU",10,5178,"biphone","F-B","type",0
"CMU",10,5178,"biphone","G-B","type",0
"CMU",10,5178,"biphone","HH-B","type",0
"CMU",10,5178,"biphone","JH-B","type",0
"CMU",10,5178,"biphone","K-B","type",7
"CMU",10,5178,"biphone","L-B","type",20
"CMU",10,5178,"biphone","M-B","type",72
"CMU",10,5178,"biphone","N-B","type",72
"CMU",10,5178,"biphone","NG-B","type",0
"CMU",10,5178,"biphone","P-B","type",2
"CMU",10,5178,"biphone","R-B","type",24
"CMU",10,5178,"biphone","S-B","type",18
"CMU",10,5178,"biphone","SH-B","type",1
"CMU",10,5178,"biphone","T-B","type",14
"CMU",10,5178,"biphone","TH-B","type",0
"CMU",10,5178,"biphone","V-B","type",0
"CMU",10,5178,"biphone","W-B","type",0
"CMU",10,5178,"biphone","Y-B","type",0
"CMU",10,5178,"biphone","Z-B","type",15
"CMU",10,5178,"biphone","ZH-B","type",0
"CMU",10,5178,"biphone","Q-B","type",0
"CMU",10,5178,"biphone","AA-CH","type",5
"CMU",10,5178,"biphone","AE-CH","type",16
"CMU",10,5178,"biphone","AH-CH","type",13
"CMU",10,5178,"biphone","AO-CH","type",0
"CMU",10,5178,"biphone","AW-CH","type",0
"CMU",10,5178,"biphone","AY-CH","type",0
"CMU",10,5178,"biphone","EH-CH","type",3
"CMU",10,5178,"biphone","ER-CH","type",6
"CMU",10,5178,"biphone","EY-CH","type",5
"CMU",10,5178,"biphone","IH-CH","type",21
"CMU",10,5178,"biphone","IY-CH","type",3
"CMU",10,5178,"biphone","OW-CH","type",4
"CMU",10,5178,"biphone","OY-CH","type",1
"CMU",10,5178,"biphone","UH-CH","type",0
"CMU",10,5178,"biphone","UW-CH","type",4
"CMU",10,5178,"biphone","AX-CH","type",0
"CMU",10,5178,"biphone","AXR-CH","type",0
"CMU",10,5178,"biphone","IX-CH","type",0
"CMU",10,5178,"biphone","UX-CH","type",0
"CMU",10,5178,"biphone","B-CH","type",0
"CMU",10,5178,"biphone","CH-CH","type",0
"CMU",10,5178,"biphone","D-CH","type",0
"CMU",10,5178,"biphone","DH-CH","type",0
"CMU",10,5178,"biphone","F-CH","type",0
"CMU",10,5178,"biphone","G-CH","type",0
"CMU",10,5178,"biphone","HH-CH","type",0
"CMU",10,5178,"biphone","JH-CH","type",0
"CMU",10,5178,"biphone","K-CH","type",17
"CMU",10,5178,"biphone","L-CH","type",3
"CMU",10,5178,"biphone","M-CH","type",0
"CMU",10,5178,"biphone","N-CH","type",28
"CMU",10,5178,"biphone","NG-CH","type",0
"CMU",10,5178,"biphone","P-CH","type",3
"CMU",10,5178,"biphone","R-CH","type",8
"CMU",10,5178,"biphone","S-CH","type",15
"CMU",10,5178,"biphone","SH-CH","type",0
"CMU",10,5178,"biphone","T-CH","type",3
"CMU",10,5178,"biphone","TH-CH","type",0
"CMU",10,5178,"biphone","V-CH","type",0
"CMU",10,5178,"biphone","W-CH","type",0
"CMU",10,5178,"biphone","Y-CH","type",0
"CMU",10,5178,"biphone","Z-CH","type",0
"CMU",10,5178,"biphone","ZH-CH","type",0
"CMU",10,5178,"biphone","Q-CH","type",0
"CMU",10,5178,"biphone","AA-D","type",19
"CMU",10,5178,"biphone","AE-D","type",30
"CMU",10,5178,"biphone","AH-D","type",188
"CMU",10,5178,"biphone","AO-D","type",10
"CMU",10,5178,"biphone","AW-D","type",2
"CMU",10,5178,"biphone","AY-D","type",57
"CMU",10,5178,"biphone","EH-D","type",63
"CMU",10,5178,"biphone","ER-D","type",38
"CMU",10,5178,"biphone","EY-D","type",11
"CMU",10,5178,"biphone","IH-D","type",267
"CMU",10,5178,"biphone","IY-D","type",47
"CMU",10,5178,"biphone","OW-D","type",21
"CMU",10,5178,"biphone","OY-D","type",5
"CMU",10,5178,"biphone","UH-D","type",2
"CMU",10,5178,"biphone","UW-D","type",21
"CMU",10,5178,"biphone","AX-D","type",0
"CMU",10,5178,"biphone","AXR-D","type",0
"CMU",10,5178,"biphone","IX-D","type",0
"CMU",10,5178,"biphone","UX-D","type",0
"CMU",10,5178,"biphone","B-D","type",4
"CMU",10,5178,"biphone","CH-D","type",0
"CMU",10,5178,"biphone","D-D","type",0
"CMU",10,5178,"biphone","DH-D","type",0
"CMU",10,5178,"biphone","F-D","type",3
"CMU",10,5178,"biphone","G-D","type",2
"CMU",10,5178,"biphone","HH-D","type",0
"CMU",10,5178,"biphone","JH-D","type",1
"CMU",10,5178,"biphone","K-D","type",5
"CMU",10,5178,"biphone","L-D","type",81
"CMU",10,5178,"biphone","M-D","type",5
"CMU",10,5178,"biphone","N-D","type",389
"CMU",10,5178,"biphone","NG-D","type",3
"CMU",10,5178,"biphone","P-D","type",1
"CMU",10,5178,"biphone","R-D","type",50
"CMU",10,5178,"biphone","S-D","type",3
"CMU",10,5178,"biphone","SH-D","type",1
"CMU",10,5178,"biphone","T-D","type",1
"CMU",10,5178,"biphone","TH-D","type",0
"CMU",10,5178,"biphone","V-D","type",2
"CMU",10,5178,"biphone","W-D","type",0
"CMU",10,5178,"biphone","Y-D","type",0
"CMU",10,5178,"biphone","Z-D","type",53
"CMU",10,5178,"biphone","ZH-D","type",0
"CMU",10,5178,"biphone","Q-D","type",0
"CMU",10,5178,"biphone","AA-DH","type",5
"CMU",10,5178,"biphone","AE-DH","type",0
"CMU",10,5178,"biphone","AH-DH","type",3
"CMU",10,5178,"biphone","AO-DH","type",0
"CMU",10,5178,"biphone","AW-DH","type",0
"CMU",10,5178,"biphone","AY-DH","type",0
"CMU",10,5178,"biphone","EH-DH","type",2
"CMU",10,5178,"biphone","ER-DH","type",1
"CMU",10,5178,"biphone","EY-DH","type",0
"CMU",10,5178,"biphone","IH-DH","type",0
"CMU",10,5178,"biphone","IY-DH","type",0
"CMU",10,5178,"biphone","OW-DH","type",0
"CMU",10,5178,"biphone","OY-DH","type",0
"CMU",10,5178,"biphone","UH-DH","type",0
"CMU",10,5178,"biphone","UW-DH","type",0
"CMU",10,5178,"biphone","AX-DH","type",0
"CMU",10,5178,"biphone","AXR-DH","type",0
"CMU",10,5178,"biphone","IX-DH","type",0
"CMU",10,5178,"biphone","UX-DH","type",0
"CMU",10,5178,"biphone","B-DH","type",0
"CMU",10,5178,"biphone","CH-DH","type",0
"CMU",10,5178,"biphone","D-DH","type",0
"CMU",10,5178,"biphone","DH-DH","type",0
"CMU",10,5178,"biphone","F-DH","type",0
"CMU",10,5178,"biphone","G-DH","type",0
"CMU",10,5178,"biphone","HH-DH","type",0
"CMU",10,5178,"biphone","JH-DH","type",0
"CMU",10,5178,"biphone","K-DH","type",0
"CMU",10,5178,"biphone","L-DH","type",0
"CMU",10,5178,"biphone","M-DH","type",0
"CMU",10,5178,"biphone","N-DH","type",0
"CMU",10,5178,"biphone","NG-DH","type",0
"CMU",10,5178,"biphone","P-DH","type",0
"CMU",10,5178,"biphone","R-DH","type",1
"CMU",10,5178,"biphone","S-DH","type",0
"CMU",10,5178,"biphone","SH-DH","type",0
"CMU",10,5178,"biphone","T-DH","type",0
"CMU",10,5178,"biphone","TH-DH","type",0
"CMU",10,5178,"biphone","V-DH","type",0
"CMU",10,5178,"biphone","W-DH","type",0
"CMU",10,5178,"biphone","Y-DH","type",0
"CMU",10,5178,"biphone","Z-DH","type",0
"CMU",10,5178,"biphone","ZH-DH","type",0
"CMU",10,5178,"biphone","Q-DH","type",0
"CMU",10,5178,"biphone","AA-F","type",20
"CMU",10,5178,"biphone","AE-F","type",39
"CMU",10,5178,"biphone","AH-F","type",120
"CMU",10,5178,"biphone","AO-F","type",52
"CMU",10,5178,"biphone","AW-F","type",0
"CMU",10,5178,"biphone","AY-F","type",4
"CMU",10,5178,"biphone","EH-F","type",38
"CMU",10,5178,"biphone","ER-F","type",22
"CMU",10,5178,"biphone","EY-F","type",0
"CMU",10,5178,"biphone","IH-F","type",70
"CMU",10,5178,"biphone","IY-F","type",20
"CMU",10,5178,"biphone","OW-F","type",15
"CMU",10,5178,"biphone","OY-F","type",2
"CMU",10,5178,"biphone","UH-F","type",0
"CMU",10,5178,"biphone","UW-F","type",7
"CMU",10,5178,"biphone","AX-F","type",0
"CMU",10,5178,"biphone","AXR-F","type",0
"CMU",10,5178,"biphone","IX-F","type",0
"CMU",10,5178,"biphone","UX-F","type",0
"CMU",10,5178,"biphone","B-F","type",2
"CMU",10,5178,"biphone","CH-F","type",0
"CMU",10,5178,"biphone","D-F","type",5
"CMU",10,5178,"biphone","DH-F","type",0
"CMU",10,5178,"biphone","F-F","type",0
"CMU",10,5178,"biphone","G-F","type",1
"CMU",10,5178,"biphone","HH-F","type",0
"CMU",10,5178,"biphone","JH-F","type",0
"CMU",10,5178,"biphone","K-F","type",5
"CMU",10,5178,"biphone","L-F","type",19
"CMU",10,5178,"biphone","M-F","type",10
"CMU",10,5178,"biphone","N-F","type",73
"CMU",10,5178,"biphone","NG-F","type",1
"CMU",10,5178,"biphone","P-F","type",2
"CMU",10,5178,"biphone","R-F","type",15
"CMU",10,5178,"biphone","S-F","type",25
"CMU",10,5178,"biphone","SH-F","type",1
"CMU",10,5178,"biphone","T-F","type",14
"CMU",10,5178,"biphone","TH-F","type",2
"CMU",10,5178,"biphone","V-F","type",0
"CMU",10,5178,"biphone","W-F","type",0
"CMU",10,5178,"biphone","Y-F","type",0
"CMU",10,5178,"biphone","Z-F","type",1
"CMU",10,5178,"biphone","ZH-F","type",0
"CMU",10,5178,"biphone","Q-F","type",0
"CMU",10,5178,"biphone","AA-G","type",37
"CMU",10,5178,"biphone","AE-G","type",30
"CMU",10,5178,"biphone","AH-G","type",100
"CMU",10,5178,"biphone","AO-G","type",8
"CMU",10,5178,"biphone","AW-G","type",1
"CMU",10,5178,"biphone","AY-G","type",3
"CMU",10,5178,"biphone","EH-G","type",39
"CMU",10,5178,"biphone","ER-G","type",51
"CMU",10,5178,"biphone","EY-G","type",13
"CMU",10,5178,"biphone","IH-G","type",91
"CMU",10,5178,"biphone","IY-G","type",15
"CMU",10,5178,"biphone","OW-G","type",10
"CMU",10,5178,"biphone","OY-G","type",0
"CMU",10,5178,"biphone","UH-G","type",0
"CMU",10,5178,"biphone","UW-G","type",6
"CMU",10,5178,"biphone","AX-G","type",0
"CMU",10,5178,"biphone","AXR-G","type",0
"CMU",10,5178,"biphone","IX-G","type",0
"CMU",10,5178,"biphone","UX-G","type",0
"CMU",10,5178,"biphone","B-G","type",0
"CMU",10,5178,"biphone","CH-G","type",0
"CMU",10,5178,"biphone","D-G","type",0
"CMU",10,5178,"biphone","DH-G","type",0
"CMU",10,5178,"biphone","F-G","type",1
"CMU",10,5178,"biphone","G-G","type",0
"CMU",10,5178,"biphone","HH-G","type",0
"CMU",10,5178,"biphone","JH-G","type",0
"CMU",10,5178,"biphone","K-G","type",0
"CMU",10,5178,"biphone","L-G","type",8
"CMU",10,5178,"biphone","M-G","type",0
"CMU",10,5178,"biphone","N-G","type",10
"CMU",10,5178,"biphone","NG-G","type",53
"CMU",10,5178,"biphone","P-G","type",1
"CMU",10,5178,"biphone","R-G","type",24
"CMU",10,5178,"biphone","S-G","type",5
"CMU",10,5178,"biphone","SH-G","type",0
"CMU",10,5178,"biphone","T-G","type",2
"CMU",10,5178,"biphone","TH-G","type",0
"CMU",10,5178,"biphone","V-G","type",0
"CMU",10,5178,"biphone","W-G","type",0
"CMU",10,5178,"biphone","Y-G","type",0
"CMU",10,5178,"biphone","Z-G","type",2
"CMU",10,5178,"biphone","ZH-G","type",0
"CMU",10,5178,"biphone","Q-G","type",0
"CMU",10,5178,"biphone","AA-HH","type",1
"CMU",10,5178,"biphone","AE-HH","type",2
"CMU",10,5178,"biphone","AH-HH","type",26
"CMU",10,5178,"biphone","AO-HH","type",0
"CMU",10,5178,"biphone","AW-HH","type",0
"CMU",10,5178,"biphone","AY-HH","type",1
"CMU",10,5178,"biphone","EH-HH","type",1
"CMU",10,5178,"biphone","ER-HH","type",9
"CMU",10,5178,"biphone","EY-HH","type",0
"CMU",10,5178,"biphone","IH-HH","type",9
"CMU",10,5178,"biphone","IY-HH","type",11
"CMU",10,5178,"biphone","OW-HH","type",9
"CMU",10,5178,"biphone","OY-HH","type",0
"CMU",10,5178,"biphone","UH-HH","type",0
"CMU",10,5178,"biphone","UW-HH","type",2
"CMU",10,5178,"biphone","AX-HH","type",0
"CMU",10,5178,"biphone","AXR-HH","type",0
"CMU",10,5178,"biphone","IX-HH","type",0
"CMU",10,5178,"biphone","UX-HH","type",0
"CMU",10,5178,"biphone","B-HH","type",0
"CMU",10,5178,"biphone","CH-HH","type",0
"CMU",10,5178,"biphone","D-HH","type",10
"CMU",10,5178,"biphone","DH-HH","type",0
"CMU",10,5178,"biphone","F-HH","type",0
"CMU",10,5178,"biphone","G-HH","type",0
"CMU",10,5178,"biphone","HH-HH","type",0
"CMU",10,5178,"biphone","JH-HH","type",0
"CMU",10,5178,"biphone","K-HH","type",9
"CMU",10,5178,"biphone","L-HH","type",9
"CMU",10,5178,"biphone","M-HH","type",1
"CMU",10,5178,"biphone","N-HH","type",31
"CMU",10,5178,"biphone","NG-HH","type",3
"CMU",10,5178,"biphone","P-HH","type",1
"CMU",10,5178,"biphone","R-HH","type",1
"CMU",10,5178,"biphone","S-HH","type",9
"CMU",10,5178,"biphone","SH-HH","type",0
"CMU",10,5178,"biphone","T-HH","type",4
"CMU",10,5178,"biphone","TH-HH","type",1
"CMU",10,5178,"biphone","V-HH","type",0
"CMU",10,5178,"biphone","W-HH","type",0
"CMU",10,5178,"biphone","Y-HH","type",0
"CMU",10,5178,"biphone","Z-HH","type",0
"CMU",10,5178,"biphone","ZH-HH","type",0
"CMU",10,5178,"biphone","Q-HH","type",0
"CMU",10,5178,"biphone","AA-JH","type",21
"CMU",10,5178,"biphone","AE-JH","type",15
"CMU",10,5178,"biphone","AH-JH","type",71
"CMU",10,5178,"biphone","AO-JH","type",3
"CMU",10,5178,"biphone","AW-JH","type",0
"CMU",10,5178,"biphone","AY-JH","type",4
"CMU",10,5178,"biphone","EH-JH","type",27
"CMU",10,5178,"biphone","ER-JH","type",10
"CMU",10,5178,"biphone","EY-JH","type",8
"CMU",10,5178,"biphone","IH-JH","type",52
"CMU",10,5178,"biphone","IY-JH","type",12
"CMU",10,5178,"biphone","OW-JH","type",4
"CMU",10,5178,"biphone","OY-JH","type",0
"CMU",10,5178,"biphone","UH-JH","type",0
"CMU",10,5178,"biphone","UW-JH","type",5
"CMU",10,5178,"biphone","AX-JH","type",0
"CMU",10,5178,"biphone","AXR-JH","type",0
"CMU",10,5178,"biphone","IX-JH","type",0
"CMU",10,5178,"biphone","UX-JH","type",0
"CMU",10,5178,"biphone","B-JH","type",2
"CMU",10,5178,"biphone","CH-JH","type",0
"CMU",10,5178,"biphone","D-JH","type",0
"CMU",10,5178,"biphone","DH-JH","type",0
"CMU",10,5178,"biphone","F-JH","type",0
"CMU",10,5178,"biphone","G-JH","type",0
"CMU",10,5178,"biphone","HH-JH","type",0
"CMU",10,5178,"biphone","JH-JH","type",0
"CMU",10,5178,"biphone","K-JH","type",2
"CMU",10,5178,"biphone","L-JH","type",1
"CMU",10,5178,"biphone","M-JH","type",0
"CMU",10,5178,"biphone","N-JH","type",33
"CMU",10,5178,"biphone","NG-JH","type",0
"CMU",10,5178,"biphone","P-JH","type",0
"CMU",10,5178,"biphone","R-JH","type",10
"CMU",10,5178,"biphone","S-JH","type",3
"CMU",10,5178,"biphone","SH-JH","type",0
"CMU",10,5178,"biphone","T-JH","type",2
"CMU",10,5178,"biphone","TH-JH","type",0
"CMU",10,5178,"biphone","V-JH","type",0
"CMU",10,5178,"biphone","W-JH","type",0
"CMU",10,5178,"biphone","Y-JH","type",0
"CMU",10,5178,"biphone","Z-JH","type",2
"CMU",10,5178,"biphone","ZH-JH","type",0
"CMU",10,5178,"biphone","Q-JH","type",0
"CMU",10,5178,"biphone","AA-K","type",77
"CMU",10,5178,"biphone","AE-K","type",150
"CMU",10,5178,"biphone","AH-K","type",262
"CMU",10,5178,"biphone","AO-K","type",6
"CMU",10,5178,"biphone","AW-K","type",0
"CMU",10,5178,"biphone","AY-K","type",27
"CMU",10,5178,"biphone","EH-K","type",263
"CMU",10,5178,"biphone","ER-K","type",32
"CMU",10,5178,"biphone","EY-K","type",23
"CMU",10,5178,"biphone","IH-K","type",489
"CMU",10,5178,"biphone","IY-K","type",63
"CMU",10,5178,"biphone","OW-K","type",44
"CMU",10,5178,"biphone","OY-K","type",1
"CMU",10,5178,"biphone","UH-K","type",8
"CMU",10,5178,"biphone","UW-K","type",20
"CMU",10,5178,"biphone","AX-K","type",0
"CMU",10,5178,"biphone","AXR-K","type",0
"CMU",10,5178,"biphone","IX-K","type",0
"CMU",10,5178,"biphone","UX-K","type",0
"CMU",10,5178,"biphone","B-K","type",4
"CMU",10,5178,"biphone","CH-K","type",2
"CMU",10,5178,"biphone","D-K","type",12
"CMU",10,5178,"biphone","DH-K","type",0
"CMU",10,5178,"biphone","F-K","type",1
"CMU",10,5178,"biphone","G-K","type",0
"CMU",10,5178,"biphone","HH-K","type",0
"CMU",10,5178,"biphone","JH-K","type",0
"CMU",10,5178,"biphone","K-K","type",0
"CMU",10,5178,"biphone","L-K","type",25
"CMU",10,5178,"biphone","M-K","type",1
"CMU",10,5178,"biphone","N-K","type",78
"CMU",10,5178,"biphone","NG-K","type",121
"CMU",10,5178,"biphone","P-K","type",1
"CMU",10,5178,"biphone","R-K","type",46
"CMU",10,5178,"biphone","S-K","type",261
"CMU",10,5178,"biphone","SH-K","type",1
"CMU",10,5178,"biphone","T-K","type",3
"CMU",10,5178,"biphone","TH-K","type",1
"CMU",10,5178,"biphone","V-K","type",0
"CMU",10,5178,"biphone","W-K","type",0
"CMU",10,5178,"biphone","Y-K","type",0
"CMU",10,5178,"biphone","Z-K","type",1
"CMU",10,5178,"biphone","ZH-K","type",0
"CMU",10,5178,"biphone","Q-K","type",0
"CMU",10,5178,"biphone","AA-L","type",146
"CMU",10,5178,"biphone","AE-L","type",107
"CMU",10,5178,"biphone","AH-L","type",955
"CMU",10,5178,"biphone","AO-L","type",35
"CMU",10,5178,"biphone","AW-L","type",0
"CMU",10,5178,"biphone","AY-L","type",9
"CMU",10,5178,"biphone","EH-L","type",143
"CMU",10,5178,"biphone","ER-L","type",20
"CMU",10,5178,"biphone","EY-L","type",24
"CMU",10,5178,"biphone","IH-L","type",200
"CMU",10,5178,"biphone","IY-L","type",46
"CMU",10,5178,"biphone","OW-L","type",91
"CMU",10,5178,"biphone","OY-L","type",1
"CMU",10,5178,"biphone","UH-L","type",5
"CMU",10,5178,"biphone","UW-L","type",17
"CMU",10,5178,"biphone","AX-L","type",0
"CMU",10,5178,"biphone","AXR-L","type",0
"CMU",10,5178,"biphone","IX-L","type",0
"CMU",10,5178,"biphone","UX-L","type",0
"CMU",10,5178,"biphone","B-L","type",86
"CMU",10,5178,"biphone","CH-L","type",0
"CMU",10,5178,"biphone","D-L","type",23
"CMU",10,5178,"biphone","DH-L","type",0
"CMU",10,5178,"biphone","F-L","type",36
"CMU",10,5178,"biphone","G-L","type",35
"CMU",10,5178,"biphone","HH-L","type",0
"CMU",10,5178,"biphone","JH-L","type",0
"CMU",10,5178,"biphone","K-L","type",108
"CMU",10,5178,"biphone","L-L","type",0
"CMU",10,5178,"biphone","M-L","type",3
"CMU",10,5178,"biphone","N-L","type",10
"CMU",10,5178,"biphone","NG-L","type",23
"CMU",10,5178,"biphone","P-L","type",112
"CMU",10,5178,"biphone","R-L","type",10
"CMU",10,5178,"biphone","S-L","type",51
"CMU",10,5178,"biphone","SH-L","type",3
"CMU",10,5178,"biphone","T-L","type",54
"CMU",10,5178,"biphone","TH-L","type",3
"CMU",10,5178,"biphone","V-L","type",24
"CMU",10,5178,"biphone","W-L","type",0
"CMU",10,5178,"biphone","Y-L","type",0
"CMU",10,5178,"biphone","Z-L","type",5
"CMU",10,5178,"biphone","ZH-L","type",0
"CMU",10,5178,"biphone","Q-L","type",0
"CMU",10,5178,"biphone","AA-M","type",96
"CMU",10,5178,"biphone","AE-M","type",62
"CMU",10,5178,"biphone","AH-M","type",424
"CMU",10,5178,"biphone","AO-M","type",2
"CMU",10,5178,"biphone","AW-M","type",1
"CMU",10,5178,"biphone","AY-M","type",5
"CMU",10,5178,"biphone","EH-M","type",87
"CMU",10,5178,"biphone","ER-M","type",60
"CMU",10,5178,"biphone","EY-M","type",11
"CMU",10,5178,"biphone","IH-M","type",142
"CMU",10,5178,"biphone","IY-M","type",50
"CMU",10,5178,"biphone","OW-M","type",55
"CMU",10,5178,"biphone","OY-M","type",3
"CMU",10,5178,"biphone","UH-M","type",5
"CMU",10,5178,"biphone","UW-M","type",48
"CMU",10,5178,"biphone","AX-M","type",0
"CMU",10,5178,"biphone","AXR-M","type",0
"CMU",10,5178,"biphone","IX-M","type",0
"CMU",10,5178,"biphone","UX-M","type",0
"CMU",10,5178,"biphone","B-M","type",5
"CMU",10,5178,"biphone","CH-M","type",2
"CMU",10,5178,"biphone","D-M","type",18
"CMU",10,5178,"biphone","DH-M","type",0
"CMU",10,5178,"biphone","F-M","type",0
"CMU",10,5178,"biphone","G-M","type",9
"CMU",10,5178,"biphone","HH-M","type",0
"CMU",10,5178,"biphone","JH-M","type",9
"CMU",10,5178,"biphone","K-M","type",12
"CMU",10,5178,"biphone","L-M","type",31
"CMU",10,5178,"biphone","M-M","type",0
"CMU",10,5178,"biphone","N-M","type",17
"CMU",10,5178,"biphone","NG-M","type",0
"CMU",10,5178,"biphone","P-M","type",7
"CMU",10,5178,"biphone","R-M","type",65
"CMU",10,5178,"biphone","S-M","type",51
"CMU",10,5178,"biphone","SH-M","type",5
"CMU",10,5178,"biphone","T-M","type",34
"CMU",10,5178,"biphone","TH-M","type",0
"CMU",10,5178,"biphone","V-M","type",3
"CMU",10,5178,"biphone","W-M","type",0
"CMU",10,5178,"biphone","Y-M","type",0
"CMU",10,5178,"biphone","Z-M","type",23
"CMU",10,5178,"biphone","ZH-M","type",0
"CMU",10,5178,"biphone","Q-M","type",0
"CMU",10,5178,"biphone","AA-N","type",325
"CMU",10,5178,"biphone","AE-N","type",406
"CMU",10,5178,"biphone","AH-N","type",1855
"CMU",10,5178,"biphone","AO-N","type",12
"CMU",10,5178,"biphone","AW-N","type",43
"CMU",10,5178,"biphone","AY-N","type",54
"CMU",10,5178,"biphone","EH-N","type",383
"CMU",10,5178,"biphone","ER-N","type",32
"CMU",10,5178,"biphone","EY-N","type",51
"CMU",10,5178,"biphone","IH-N","type",575
"CMU",10,5178,"biphone","IY-N","type",91
"CMU",10,5178,"biphone","OW-N","type",74
"CMU",10,5178,"biphone","OY-N","type",6
"CMU",10,5178,"biphone","UH-N","type",3
"CMU",10,5178,"biphone","UW-N","type",39
"CMU",10,5178,"biphone","AX-N","type",0
"CMU",10,5178,"biphone","AXR-N","type",0
"CMU",10,5178,"biphone","IX-N","type",0
"CMU",10,5178,"biphone","UX-N","type",0
"CMU",10,5178,"biphone","B-N","type",1
"CMU",10,5178,"biphone","CH-N","type",0
"CMU",10,5178,"biphone","D-N","type",5
"CMU",10,5178,"biphone","DH-N","type",0
"CMU",10,5178,"biphone","F-N","type",0
"CMU",10,5178,"biphone","G-N","type",40
"CMU",10,5178,"biphone","HH-N","type",0
"CMU",10,5178,"biphone","JH-N","type",0
"CMU",10,5178,"biphone","K-N","type",11
"CMU",10,5178,"biphone","L-N","type",9
"CMU",10,5178,"biphone","M-N","type",8
"CMU",10,5178,"biphone","N-N","type",3
"CMU",10,5178,"biphone","NG-N","type",1
"CMU",10,5178,"biphone","P-N","type",4
"CMU",10,5178,"biphone","R-N","type",22
"CMU",10,5178,"biphone","S-N","type",16
"CMU",10,5178,"biphone","SH-N","type",15
"CMU",10,5178,"biphone","T-N","type",11
"CMU",10,5178,"biphone","TH-N","type",2
"CMU",10,5178,"biphone","V-N","type",13
"CMU",10,5178,"biphone","W-N","type",0
"CMU",10,5178,"biphone","Y-N","type",0
"CMU",10,5178,"biphone","Z-N","type",10
"CMU",10,5178,"biphone","ZH-N","type",1
"CMU",10,5178,"biphone","Q-N","type",0
"CMU",10,5178,"biphone","AA-NG","type",14
"CMU",10,5178,"biphone","AE-NG","type",59
"CMU",10,5178,"biphone","AH-NG","type",33
"CMU",10,5178,"biphone","AO-NG","type",5
"CMU",10,5178,"biphone","AW-NG","type",0
"CMU",10,5178,"biphone","AY-NG","type",0
"CMU",10,5178,"biphone","EH-NG","type",6
"CMU",10,5178,"biphone","ER-NG","type",0
"CMU",10,5178,"biphone","EY-NG","type",4
"CMU",10,5178,"biphone","IH-NG","type",467
"CMU",10,5178,"biphone","IY-NG","type",0
"CMU",10,5178,"biphone","OW-NG","type",2
"CMU",10,5178,"biphone","OY-NG","type",0
"CMU",10,5178,"biphone","UH-NG","type",0
"CMU",10,5178,"biphone","UW-NG","type",0
"CMU",10,5178,"biphone","AX-NG","type",0
"CMU",10,5178,"biphone","AXR-NG","type",0
"CMU",10,5178,"biphone","IX-NG","type",0
"CMU",10,5178,"biphone","UX-NG","type",0
"CMU",10,5178,"biphone","B-NG","type",0
"CMU",10,5178,"biphone","CH-NG","type",0
"CMU",10,5178,"biphone","D-NG","type",0
"CMU",10,5178,"biphone","DH-NG","type",0
"CMU",10,5178,"biphone","F-NG","type",0
"CMU",10,5178,"biphone","G-NG","type",0
"CMU",10,5178,"biphone","HH-NG","type",0
"CMU",10,5178,"biphone","JH-NG","type",0
"CMU",10,5178,"biphone","K-NG","type",0
"CMU",10,5178,"biphone","L-NG","type",0
"CMU",10,5178,"biphone","M-NG","type",0
"CMU",10,5178,"biphone","N-NG","type",0
"CMU",10,5178,"biphone","NG-NG","type",0
"CMU",10,5178,"biphone","P-NG","type",0
"CMU",10,5178,"biphone","R-NG","type",0
"CMU",10,5178,"biphone","S-NG","type",0
"CMU",10,5178,"biphone","SH-NG","type",0
"CMU",10,5178,"biphone","T-NG","type",0
"CMU",10,5178,"biphone","TH-NG","type",0
"CMU",10,5178,"biphone","V-NG","type",0
"CMU",10,5178,"biphone","W-NG","type",0
"CMU",10,5178,"biphone","Y-NG","type",0
"CMU",10,5178,"biphone","Z-NG","type",0
"CMU",10,5178,"biphone","ZH-NG","type",0
"CMU",10,5178,"biphone","Q-NG","type",0
"CMU",10,5178,"biphone","AA-P","type",50
"CMU",10,5178,"biphone","AE-P","type",36
"CMU",10,5178,"biphone","AH-P","type",128
"CMU",10,5178,"biphone","AO-P","type",9
"CMU",10,5178,"biphone","AW-P","type",0
"CMU",10,5178,"biphone","AY-P","type",16
"CMU",10,5178,"biphone","EH-P","type",69
"CMU",10,5178,"biphone","ER-P","type",43
"CMU",10,5178,"biphone","EY-P","type",9
"CMU",10,5178,"biphone","IH-P","type",98
"CMU",10,5178,"biphone","IY-P","type",36
"CMU",10,5178,"biphone","OW-P","type",30
"CMU",10,5178,"biphone","OY-P","type",0
"CMU",10,5178,"biphone","UH-P","type",1
"CMU",10,5178,"biphone","UW-P","type",45
"CMU",10,5178,"biphone","AX-P","type",0
"CMU",10,5178,"biphone","AXR-P","type",0
"CMU",10,5178,"biphone","IX-P","type",0
"CMU",10,5178,"biphone","UX-P","type",0
"CMU",10,5178,"biphone","B-P","type",0
"CMU",10,5178,"biphone","CH-P","type",0
"CMU",10,5178,"biphone","D-P","type",2
"CMU",10,5178,"biphone","DH-P","type",0
"CMU",10,5178,"biphone","F-P","type",0
"CMU",10,5178,"biphone","G-P","type",1
"CMU",10,5178,"biphone","HH-P","type",0
"CMU",10,5178,"biphone","JH-P","type",0
"CMU",10,5178,"biphone","K-P","type",3
"CMU",10,5178,"biphone","L-P","type",11
"CMU",10,5178,"biphone","M-P","type",156
"CMU",10,5178,"biphone","N-P","type",10
"CMU",10,5178,"biphone","NG-P","type",0
"CMU",10,5178,"biphone","P-P","type",0
"CMU",10,5178,"biphone","R-P","type",30
"CMU",10,5178,"biphone","S-P","type",151
"CMU",10,5178,"biphone","SH-P","type",0
"CMU",10,5178,"biphone","T-P","type",8
"CMU",10,5178,"biphone","TH-P","type",0
"CMU",10,5178,"biphone","V-P","type",0
"CMU",10,5178,"biphone","W-P","type",0
"CMU",10,5178,"biphone","Y-P","type",0
"CMU",10,5178,"biphone","Z-P","type",3
"CMU",10,5178,"biphone","ZH-P","type",0
"CMU",10,5178,"biphone","Q-P","type",0
"CMU",10,5178,"biphone","AA-R","type",253
"CMU",10,5178,"biphone","AE-R","type",8
"CMU",10,5178,"biphone","AH-R","type",15
"CMU",10,5178,"biphone","AO-R","type",366
"CMU",10,5178,"biphone","AW-R","type",1
"CMU",10,5178,"biphone","AY-R","type",25
"CMU",10,5178,"biphone","EH-R","type",200
"CMU",10,5178,"biphone","ER-R","type",10
"CMU",10,5178,"biphone","EY-R","type",3
"CMU",10,5178,"biphone","IH-R","type",72
"CMU",10,5178,"biphone","IY-R","type",8
"CMU",10,5178,"biphone","OW-R","type",5
"CMU",10,5178,"biphone","OY-R","type",0
"CMU",10,5178,"biphone","UH-R","type",45
"CMU",10,5178,"biphone","UW-R","type",5
"CMU",10,5178,"biphone","AX-R","type",0
"CMU",10,5178,"biphone","AXR-R","type",0
"CMU",10,5178,"biphone","IX-R","type",0
"CMU",10,5178,"biphone","UX-R","type",0
"CMU",10,5178,"biphone","B-R","type",131
"CMU",10,5178,"biphone","CH-R","type",6
"CMU",10,5178,"biphone","D-R","type",66
"CMU",10,5178,"biphone","DH-R","type",0
"CMU",10,5178,"biphone","F-R","type",88
"CMU",10,5178,"biphone","G-R","type",133
"CMU",10,5178,"biphone","HH-R","type",0
"CMU",10,5178,"biphone","JH-R","type",1
"CMU",10,5178,"biphone","K-R","type",181
"CMU",10,5178,"biphone","L-R","type",1
"CMU",10,5178,"biphone","M-R","type",3
"CMU",10,5178,"biphone","N-R","type",24
"CMU",10,5178,"biphone","NG-R","type",1
"CMU",10,5178,"biphone","P-R","type",292
"CMU",10,5178,"biphone","R-R","type",0
"CMU",10,5178,"biphone","S-R","type",7
"CMU",10,5178,"biphone","SH-R","type",5
"CMU",10,5178,"biphone","T-R","type",415
"CMU",10,5178,"biphone","TH-R","type",8
"CMU",10,5178,"biphone","V-R","type",7
"CMU",10,5178,"biphone","W-R","type",0
"CMU",10,5178,"biphone","Y-R","type",0
"CMU",10,5178,"biphone","Z-R","type",2
"CMU",10,5178,"biphone","ZH-R","type",0
"CMU",10,5178,"biphone","Q-R","type",0
"CMU",10,5178,"biphone","AA-S","type",72
"CMU",10,5178,"biphone","AE-S","type",124
"CMU",10,5178,"biphone","AH-S","type",433
"CMU",10,5178,"biphone","AO-S","type",22
"CMU",10,5178,"biphone","AW-S","type",7
"CMU",10,5178,"biphone","AY-S","type",16
"CMU",10,5178,"biphone","EH-S","type",152
"CMU",10,5178,"biphone","ER-S","type",83
"CMU",10,5178,"biphone","EY-S","type",28
"CMU",10,5178,"biphone","IH-S","type",466
"CMU",10,5178,"biphone","IY-S","type",55
"CMU",10,5178,"biphone","OW-S","type",67
"CMU",10,5178,"biphone","OY-S","type",0
"CMU",10,5178,"biphone","UH-S","type",0
"CMU",10,5178,"biphone","UW-S","type",40
"CMU",10,5178,"biphone","AX-S","type",0
"CMU",10,5178,"biphone","AXR-S","type",0
"CMU",10,5178,"biphone","IX-S","type",0
"CMU",10,5178,"biphone","UX-S","type",0
"CMU",10,5178,"biphone","B-S","type",35
"CMU",10,5178,"biphone","CH-S","type",0
"CMU",10,5178,"biphone","D-S","type",22
"CMU",10,5178,"biphone","DH-S","type",0
"CMU",10,5178,"biphone","F-S","type",70
"CMU",10,5178,"biphone","G-S","type",2
"CMU",10,5178,"biphone","HH-S","type",0
"CMU",10,5178,"biphone","JH-S","type",1
"CMU",10,5178,"biphone","K-S","type",261
"CMU",10,5178,"biphone","L-S","type",29
"CMU",10,5178,"biphone","M-S","type",13
"CMU",10,5178,"biphone","N-S","type",447
"CMU",10,5178,"biphone","NG-S","type",6
"CMU",10,5178,"biphone","P-S","type",26
"CMU",10,5178,"biphone","R-S","type",26
"CMU",10,5178,"biphone","S-S","type",2
"CMU",10,5178,"biphone","SH-S","type",0
"CMU",10,5178,"biphone","T-S","type",347
"CMU",10,5178,"biphone","TH-S","type",4
"CMU",10,5178,"biphone","V-S","type",7
"CMU",10,5178,"biphone","W-S","type",1
"CMU",10,5178,"biphone","Y-S","type",0
"CMU",10,5178,"biphone","Z-S","type",0
"CMU",10,5178,"biphone","ZH-S","type",0
"CMU",10,5178,"biphone","Q-S","type",0
"CMU",10,5178,"biphone","AA-SH","type",7
"CMU",10,5178,"biphone","AE-SH","type",21
"CMU",10,5178,"biphone","AH-SH","type",15
"CMU",10,5178,"biphone","AO-SH","type",2
"CMU",10,5178,"biphone","AW-SH","type",0
"CMU",10,5178,"biphone","AY-SH","type",0
"CMU",10,5178,"biphone","EH-SH","type",29
"CMU",10,5178,"biphone","ER-SH","type",20
"CMU",10,5178,"biphone","EY-SH","type",265
"CMU",10,5178,"biphone","IH-SH","type",101
"CMU",10,5178,"biphone","IY-SH","type",12
"CMU",10,5178,"biphone","OW-SH","type",19
"CMU",10,5178,"biphone","OY-SH","type",0
"CMU",10,5178,"biphone","UH-SH","type",0
"CMU",10,5178,"biphone","UW-SH","type",16
"CMU",10,5178,"biphone","AX-SH","type",0
"CMU",10,5178,"biphone","AXR-SH","type",0
"CMU",10,5178,"biphone","IX-SH","type",0
"CMU",10,5178,"biphone","UX-SH","type",0
"CMU",10,5178,"biphone","B-SH","type",0
"CMU",10,5178,"biphone","CH-SH","type",0
"CMU",10,5178,"biphone","D-SH","type",4
"CMU",10,5178,"biphone","DH-SH","type",0
"CMU",10,5178,"biphone","F-SH","type",0
"CMU",10,5178,"biphone","G-SH","type",0
"CMU",10,5178,"biphone","HH-SH","type",0
"CMU",10,5178,"biphone","JH-SH","type",0
"CMU",10,5178,"biphone","K-SH","type",71
"CMU",10,5178,"biphone","L-SH","type",5
"CMU",10,5178,"biphone","M-SH","type",0
"CMU",10,5178,"biphone","N-SH","type",61
"CMU",10,5178,"biphone","NG-SH","type",2
"CMU",10,5178,"biphone","P-SH","type",18
"CMU",10,5178,"biphone","R-SH","type",10
"CMU",10,5178,"biphone","S-SH","type",0
"CMU",10,5178,"biphone","SH-SH","type",0
"CMU",10,5178,"biphone","T-SH","type",0
"CMU",10,5178,"biphone","TH-SH","type",0
"CMU",10,5178,"biphone","V-SH","type",0
"CMU",10,5178,"biphone","W-SH","type",0
"CMU",10,5178,"biphone","Y-SH","type",0
"CMU",10,5178,"biphone","Z-SH","type",0
"CMU",10,5178,"biphone","ZH-SH","type",0
"CMU",10,5178,"biphone","Q-SH","type",0
"CMU",10,5178,"biphone","AA-T","type",33
"CMU",10,5178,"biphone","AE-T","type",83
"CMU",10,5178,"biphone","AH-T","type",400
"CMU",10,5178,"biphone","AO-T","type",20
"CMU",10,5178,"biphone","AW-T","type",11
"CMU",10,5178,"biphone","AY-T","type",43
"CMU",10,5178,"biphone","EH-T","type",89
"CMU",10,5178,"biphone","ER-T","type",48
"CMU",10,5178,"biphone","EY-T","type",412
"CMU",10,5178,"biphone","IH-T","type",225
"CMU",10,5178,"biphone","IY-T","type",33
"CMU",10,5178,"biphone","OW-T","type",43
"CMU",10,5178,"biphone","OY-T","type",0
"CMU",10,5178,"biphone","UH-T","type",1
"CMU",10,5178,"biphone","UW-T","type",66
"CMU",10,5178,"biphone","AX-T","type",0
"CMU",10,5178,"biphone","AXR-T","type",0
"CMU",10,5178,"biphone","IX-T","type",0
"CMU",10,5178,"biphone","UX-T","type",0
"CMU",10,5178,"biphone","B-T","type",6
"CMU",10,5178,"biphone","CH-T","type",0
"CMU",10,5178,"biphone","D-T","type",0
"CMU",10,5178,"biphone","DH-T","type",0
"CMU",10,5178,"biphone","F-T","type",25
"CMU",10,5178,"biphone","G-T","type",0
"CMU",10,5178,"biphone","HH-T","type",0
"CMU",10,5178,"biphone","JH-T","type",0
"CMU",10,5178,"biphone","K-T","type",188
"CMU",10,5178,"biphone","L-T","type",60
"CMU",10,5178,"biphone","M-T","type",0
"CMU",10,5178,"biphone","N-T","type",724
"CMU",10,5178,"biphone","NG-T","type",2
"CMU",10,5178,"biphone","P-T","type",55
"CMU",10,5178,"biphone","R-T","type",111
"CMU",10,5178,"biphone","S-T","type",821
"CMU",10,5178,"biphone","SH-T","type",6
"CMU",10,5178,"biphone","T-T","type",1
"CMU",10,5178,"biphone","TH-T","type",1
"CMU",10,5178,"biphone","V-T","type",1
"CMU",10,5178,"biphone","W-T","type",0
"CMU",10,5178,"biphone","Y-T","type",0
"CMU",10,5178,"biphone","Z-T","type",2
"CMU",10,5178,"biphone","ZH-T","type",0
"CMU",10,5178,"biphone","Q-T","type",0
"CMU",10,5178,"biphone","AA-TH","type",3
"CMU",10,5178,"biphone","AE-TH","type",5
"CMU",10,5178,"biphone","AH-TH","type",20
"CMU",10,5178,"biphone","AO-TH","type",4
"CMU",10,5178,"biphone","AW-TH","type",1
"CMU",10,5178,"biphone","AY-TH","type",0
"CMU",10,5178,"biphone","EH-TH","type",6
"CMU",10,5178,"biphone","ER-TH","type",2
"CMU",10,5178,"biphone","EY-TH","type",0
"CMU",10,5178,"biphone","IH-TH","type",9
"CMU",10,5178,"biphone","IY-TH","type",2
"CMU",10,5178,"biphone","OW-TH","type",4
"CMU",10,5178,"biphone","OY-TH","type",0
"CMU",10,5178,"biphone","UH-TH","type",0
"CMU",10,5178,"biphone","UW-TH","type",1
"CMU",10,5178,"biphone","AX-TH","type",0
"CMU",10,5178,"biphone","AXR-TH","type",0
"CMU",10,5178,"biphone","IX-TH","type",0
"CMU",10,5178,"biphone","UX-TH","type",0
"CMU",10,5178,"biphone","B-TH","type",0
"CMU",10,5178,"biphone","CH-TH","type",0
"CMU",10,5178,"biphone","D-TH","type",1
"CMU",10,5178,"biphone","DH-TH","type",0
"CMU",10,5178,"biphone","F-TH","type",2
"CMU",10,5178,"biphone","G-TH","type",0
"CMU",10,5178,"biphone","HH-TH","type",0
"CMU",10,5178,"biphone","JH-TH","type",0
"CMU",10,5178,"biphone","K-TH","type",0
"CMU",10,5178,"biphone","L-TH","type",4
"CMU",10,5178,"biphone","M-TH","type",1
"CMU",10,5178,"biphone","N-TH","type",15
"CMU",10,5178,"biphone","NG-TH","type",1
"CMU",10,5178,"biphone","P-TH","type",1
"CMU",10,5178,"biphone","R-TH","type",12
"CMU",10,5178,"biphone","S-TH","type",8
"CMU",10,5178,"biphone","SH-TH","type",0
"CMU",10,5178,"biphone","T-TH","type",0
"CMU",10,5178,"biphone","TH-TH","type",0
"CMU",10,5178,"biphone","V-TH","type",0
"CMU",10,5178,"biphone","W-TH","type",0
"CMU",10,5178,"biphone","Y-TH","type",0
"CMU",10,5178,"biphone","Z-TH","type",0
"CMU",10,5178,"biphone","ZH-TH","type",0
"CMU",10,5178,"biphone","Q-TH","type",0
"CMU",10,5178,"biphone","AA-V","type",34
"CMU",10,5178,"biphone","AE-V","type",7
"CMU",10,5178,"biphone","AH-V","type",68
"CMU",10,5178,"biphone","AO-V","type",3
"CMU",10,5178,"biphone","AW-V","type",0
"CMU",10,5178,"biphone","AY-V","type",12
"CMU",10,5178,"biphone","EH-V","type",37
"CMU",10,5178,"biphone","ER-V","type",23
"CMU",10,5178,"biphone","EY-V","type",13
"CMU",10,5178,"biphone","IH-V","type",160
"CMU",10,5178,"biphone","IY-V","type",39
"CMU",10,5178,"biphone","OW-V","type",42
"CMU",10,5178,"biphone","OY-V","type",0
"CMU",10,5178,"biphone","UH-V","type",0
"CMU",10,5178,"biphone","UW-V","type",8
"CMU",10,5178,"biphone","AX-V","type",0
"CMU",10,5178,"biphone","AXR-V","type",0
"CMU",10,5178,"biphone","IX-V","type",0
"CMU",10,5178,"biphone","UX-V","type",0
"CMU",10,5178,"biphone","B-V","type",0
"CMU",10,5178,"biphone","CH-V","type",0
"CMU",10,5178,"biphone","D-V","type",15
"CMU",10,5178,"biphone","DH-V","type",0
"CMU",10,5178,"biphone","F-V","type",0
"CMU",10,5178,"biphone","G-V","type",0
"CMU",10,5178,"biphone","HH-V","type",0
"CMU",10,5178,"biphone","JH-V","type",0
"CMU",10,5178,"biphone","K-V","type",2
"CMU",10,5178,"biphone","L-V","type",13
"CMU",10,5178,"biphone","M-V","type",1
"CMU",10,5178,"biphone","N-V","type",59
"CMU",10,5178,"biphone","NG-V","type",0
"CMU",10,5178,"biphone","P-V","type",0
"CMU",10,5178,"biphone","R-V","type",2
"CMU",10,5178,"biphone","S-V","type",5
"CMU",10,5178,"biphone","SH-V","type",0
"CMU",10,5178,"biphone","T-V","type",2
"CMU",10,5178,"biphone","TH-V","type",0
"CMU",10,5178,"biphone","V-V","type",0
"CMU",10,5178,"biphone","W-V","type",0
"CMU",10,5178,"biphone","Y-V","type",0
"CMU",10,5178,"biphone","Z-V","type",5
"CMU",10,5178,"biphone","ZH-V","type",0
"CMU",10,5178,"biphone","Q-V","type",0
"CMU",10,5178,"biphone","AA-W","type",1
"CMU",10,5178,"biphone","AE-W","type",1
"CMU",10,5178,"biphone","AH-W","type",27
"CMU",10,5178,"biphone","AO-W","type",1
"CMU",10,5178,"biphone","AW-W","type",1
"CMU",10,5178,"biphone","AY-W","type",0
"CMU",10,5178,"biphone","EH-W","type",2
"CMU",10,5178,"biphone","ER-W","type",0
"CMU",10,5178,"biphone","EY-W","type",0
"CMU",10,5178,"biphone","IH-W","type",2
"CMU",10,5178,"biphone","IY-W","type",4
"CMU",10,5178,"biphone","OW-W","type",0
"CMU",10,5178,"biphone","OY-W","type",0
"CMU",10,5178,"biphone","UH-W","type",0
"CMU",10,5178,"biphone","UW-W","type",1
"CMU",10,5178,"biphone","AX-W","type",0
"CMU",10,5178,"biphone","AXR-W","type",0
"CMU",10,5178,"biphone","IX-W","type",0
"CMU",10,5178,"biphone","UX-W","type",0
"CMU",10,5178,"biphone","B-W","type",4
"CMU",10,5178,"biphone","CH-W","type",0
"CMU",10,5178,"biphone","D-W","type",3
"CMU",10,5178,"biphone","DH-W","type",0
"CMU",10,5178,"biphone","F-W","type",3
"CMU",10,5178,"biphone","G-W","type",11
"CMU",10,5178,"biphone","HH-W","type",5
"CMU",10,5178,"biphone","JH-W","type",0
"CMU",10,5178,"biphone","K-W","type",116
"CMU",10,5178,"biphone","L-W","type",5
"CMU",10,5178,"biphone","M-W","type",0
"CMU",10,5178,"biphone","N-W","type",13
"CMU",10,5178,"biphone","NG-W","type",0
"CMU",10,5178,"biphone","P-W","type",2
"CMU",10,5178,"biphone","R-W","type",3
"CMU",10,5178,"biphone","S-W","type",13
"CMU",10,5178,"biphone","SH-W","type",8
"CMU",10,5178,"biphone","T-W","type",11
"CMU",10,5178,"biphone","TH-W","type",2
"CMU",10,5178,"biphone","V-W","type",0
"CMU",10,5178,"biphone","W-W","type",0
"CMU",10,5178,"biphone","Y-W","type",0
"CMU",10,5178,"biphone","Z-W","type",6
"CMU",10,5178,"biphone","ZH-W","type",1
"CMU",10,5178,"biphone","Q-W","type",0
"CMU",10,5178,"biphone","AA-Y","type",2
"CMU",10,5178,"biphone","AE-Y","type",0
"CMU",10,5178,"biphone","AH-Y","type",5
"CMU",10,5178,"biphone","AO-Y","type",0
"CMU",10,5178,"biphone","AW-Y","type",0
"CMU",10,5178,"biphone","AY-Y","type",2
"CMU",10,5178,"biphone","EH-Y","type",0
"CMU",10,5178,"biphone","ER-Y","type",1
"CMU",10,5178,"biphone","EY-Y","type",0
"CMU",10,5178,"biphone","IH-Y","type",0
"CMU",10,5178,"biphone","IY-Y","type",1
"CMU",10,5178,"biphone","OW-Y","type",1
"CMU",10,5178,"biphone","OY-Y","type",1
"CMU",10,5178,"biphone","UH-Y","type",0
"CMU",10,5178,"biphone","UW-Y","type",1
"CMU",10,5178,"biphone","AX-Y","type",0
"CMU",10,5178,"biphone","AXR-Y","type",0
"CMU",10,5178,"biphone","IX-Y","type",0
"CMU",10,5178,"biphone","UX-Y","type",0
"CMU",10,5178,"biphone","B-Y","type",26
"CMU",10,5178,"biphone","CH-Y","type",0
"CMU",10,5178,"biphone","D-Y","type",4
"CMU",10,5178,"biphone","DH-Y","type",0
"CMU",10,5178,"biphone","F-Y","type",18
"CMU",10,5178,"biphone","G-Y","type",25
"CMU",10,5178,"biphone","HH-Y","type",15
"CMU",10,5178,"biphone","JH-Y","type",4
"CMU",10,5178,"biphone","K-Y","type",85
"CMU",10,5178,"biphone","L-Y","type",43
"CMU",10,5178,"biphone","M-Y","type",48
"CMU",10,5178,"biphone","N-Y","type",37
"CMU",10,5178,"biphone","NG-Y","type",1
"CMU",10,5178,"biphone","P-Y","type",33
"CMU",10,5178,"biphone","R-Y","type",2
"CMU",10,5178,"biphone","S-Y","type",0
"CMU",10,5178,"biphone","SH-Y","type",4
"CMU",10,5178,"biphone","T-Y","type",4
"CMU",10,5178,"biphone","TH-Y","type",1
"CMU",10,5178,"biphone","V-Y","type",6
"CMU",10,5178,"biphone","W-Y","type",0
"CMU",10,5178,"biphone","Y-Y","type",0
"CMU",10,5178,"biphone","Z-Y","type",0
"CMU",10,5178,"biphone","ZH-Y","type",0
"CMU",10,5178,"biphone","Q-Y","type",0
"CMU",10,5178,"biphone","AA-Z","type",14
"CMU",10,5178,"biphone","AE-Z","type",7
"CMU",10,5178,"biphone","AH-Z","type",112
"CMU",10,5178,"biphone","AO-Z","type",3
"CMU",10,5178,"biphone","AW-Z","type",2
"CMU",10,5178,"biphone","AY-Z","type",197
"CMU",10,5178,"biphone","EH-Z","type",39
"CMU",10,5178,"biphone","ER-Z","type",196
"CMU",10,5178,"biphone","EY-Z","type",10
"CMU",10,5178,"biphone","IH-Z","type",211
"CMU",10,5178,"biphone","IY-Z","type",135
"CMU",10,5178,"biphone","OW-Z","type",42
"CMU",10,5178,"biphone","OY-Z","type",2
"CMU",10,5178,"biphone","UH-Z","type",0
"CMU",10,5178,"biphone","UW-Z","type",19
"CMU",10,5178,"biphone","AX-Z","type",0
"CMU",10,5178,"biphone","AXR-Z","type",0
"CMU",10,5178,"biphone","IX-Z","type",0
"CMU",10,5178,"biphone","UX-Z","type",0
"CMU",10,5178,"biphone","B-Z","type",6
"CMU",10,5178,"biphone","CH-Z","type",0
"CMU",10,5178,"biphone","D-Z","type",41
"CMU",10,5178,"biphone","DH-Z","type",0
"CMU",10,5178,"biphone","F-Z","type",0
"CMU",10,5178,"biphone","G-Z","type",34
"CMU",10,5178,"biphone","HH-Z","type",0
"CMU",10,5178,"biphone","JH-Z","type",0
"CMU",10,5178,"biphone","K-Z","type",3
"CMU",10,5178,"biphone","L-Z","type",72
"CMU",10,5178,"biphone","M-Z","type",42
"CMU",10,5178,"biphone","N-Z","type",290
"CMU",10,5178,"biphone","NG-Z","type",15
"CMU",10,5178,"biphone","P-Z","type",0
"CMU",10,5178,"biphone","R-Z","type",11
"CMU",10,5178,"biphone","S-Z","type",0
"CMU",10,5178,"biphone","SH-Z","type",0
"CMU",10,5178,"biphone","T-Z","type",8
"CMU",10,5178,"biphone","TH-Z","type",0
"CMU",10,5178,"biphone","V-Z","type",16
"CMU",10,5178,"biphone","W-Z","type",0
"CMU",10,5178,"biphone","Y-Z","type",0
"CMU",10,5178,"biphone","Z-Z","type",0
"CMU",10,5178,"biphone","ZH-Z","type",0
"CMU",10,5178,"biphone","Q-Z","type",0
"CMU",10,5178,"biphone","AA-ZH","type",4
"CMU",10,5178,"biphone","AE-ZH","type",2
"CMU",10,5178,"biphone","AH-ZH","type",0
"CMU",10,5178,"biphone","AO-ZH","type",0
"CMU",10,5178,"biphone","AW-ZH","type",0
"CMU",10,5178,"biphone","AY-ZH","type",0
"CMU",10,5178,"biphone","EH-ZH","type",1
"CMU",10,5178,"biphone","ER-ZH","type",2
"CMU",10,5178,"biphone","EY-ZH","type",1
"CMU",10,5178,"biphone","IH-ZH","type",14
"CMU",10,5178,"biphone","IY-ZH","type",2
"CMU",10,5178,"biphone","OW-ZH","type",2
"CMU",10,5178,"biphone","OY-ZH","type",0
"CMU",10,5178,"biphone","UH-ZH","type",0
"CMU",10,5178,"biphone","UW-ZH","type",9
"CMU",10,5178,"biphone","AX-ZH","type",0
"CMU",10,5178,"biphone","AXR-ZH","type",0
"CMU",10,5178,"biphone","IX-ZH","type",0
"CMU",10,5178,"biphone","UX-ZH","type",0
"CMU",10,5178,"biphone","B-ZH","type",0
"CMU",10,5178,"biphone","CH-ZH","type",0
"CMU",10,5178,"biphone","D-ZH","type",0
"CMU",10,5178,"biphone","DH-ZH","type",0
"CMU",10,5178,"biphone","F-ZH","type",0
"CMU",10,5178,"biphone","G-ZH","type",0
"CMU",10,5178,"biphone","HH-ZH","type",0
"CMU",10,5178,"biphone","JH-ZH","type",0
"CMU",10,5178,"biphone","K-ZH","type",0
"CMU",10,5178,"biphone","L-ZH","type",0
"CMU",10,5178,"biphone","M-ZH","type",0
"CMU",10,5178,"biphone","N-ZH","type",0
"CMU",10,5178,"biphone","NG-ZH","type",0
"CMU",10,5178,"biphone","P-ZH","type",0
"CMU",10,5178,"biphone","R-ZH","type",0
"CMU",10,5178,"biphone","S-ZH","type",1
"CMU",10,5178,"biphone","SH-ZH","type",0
"CMU",10,5178,"biphone","T-ZH","type",0
"CMU",10,5178,"biphone","TH-ZH","type",0
"CMU",10,5178,"biphone","V-ZH","type",0
"CMU",10,5178,"biphone","W-ZH","type",0
"CMU",10,5178,"biphone","Y-ZH","type",0
"CMU",10,5178,"biphone","Z-ZH","type",0
"CMU",10,5178,"biphone","ZH-ZH","type",0
"CMU",10,5178,"biphone","Q-ZH","type",0
"CMU",10,5178,"biphone","AA-Q","type",0
"CMU",10,5178,"biphone","AE-Q","type",0
"CMU",10,5178,"biphone","AH-Q","type",0
"CMU",10,5178,"biphone","AO-Q","type",0
"CMU",10,5178,"biphone","AW-Q","type",0
"CMU",10,5178,"biphone","AY-Q","type",0
"CMU",10,5178,"biphone","EH-Q","type",0
"CMU",10,5178,"biphone","ER-Q","type",0
"CMU",10,5178,"biphone","EY-Q","type",0
"CMU",10,5178,"biphone","IH-Q","type",0
"CMU",10,5178,"biphone","IY-Q","type",0
"CMU",10,5178,"biphone","OW-Q","type",0
"CMU",10,5178,"biphone","OY-Q","type",0
"CMU",10,5178,"biphone","UH-Q","type",0
"CMU",10,5178,"biphone","UW-Q","type",0
"CMU",10,5178,"biphone","AX-Q","type",0
"CMU",10,5178,"biphone","AXR-Q","type",0
"CMU",10,5178,"biphone","IX-Q","type",0
"CMU",10,5178,"biphone","UX-Q","type",0
"CMU",10,5178,"biphone","B-Q","type",0
"CMU",10,5178,"biphone","CH-Q","type",0
"CMU",10,5178,"biphone","D-Q","type",0
"CMU",10,5178,"biphone","DH-Q","type",0
"CMU",10,5178,"biphone","F-Q","type",0
"CMU",10,5178,"biphone","G-Q","type",0
"CMU",10,5178,"biphone","HH-Q","type",0
"CMU",10,5178,"biphone","JH-Q","type",0
"CMU",10,5178,"biphone","K-Q","type",0
"CMU",10,5178,"biphone","L-Q","type",0
"CMU",10,5178,"biphone","M-Q","type",0
"CMU",10,5178,"biphone","N-Q","type",0
"CMU",10,5178,"biphone","NG-Q","type",0
"CMU",10,5178,"biphone","P-Q","type",0
"CMU",10,5178,"biphone","R-Q","type",0
"CMU",10,5178,"biphone","S-Q","type",0
"CMU",10,5178,"biphone","SH-Q","type",0
"CMU",10,5178,"biphone","T-Q","type",0
"CMU",10,5178,"biphone","TH-Q","type",0
"CMU",10,5178,"biphone","V-Q","type",0
"CMU",10,5178,"biphone","W-Q","type",0
"CMU",10,5178,"biphone","Y-Q","type",0
"CMU",10,5178,"biphone","Z-Q","type",0
"CMU",10,5178,"biphone","ZH-Q","type",0
"CMU",10,5178,"biphone","Q-Q","type",0
"CMU",11,2889,"biphone","AA-AA","type",0
"CMU",11,2889,"biphone","AE-AA","type",0
"CMU",11,2889,"biphone","AH-AA","type",1
"CMU",11,2889,"biphone","AO-AA","type",0
"CMU",11,2889,"biphone","AW-AA","type",0
"CMU",11,2889,"biphone","AY-AA","type",4
"CMU",11,2889,"biphone","EH-AA","type",0
"CMU",11,2889,"biphone","ER-AA","type",5
"CMU",11,2889,"biphone","EY-AA","type",0
"CMU",11,2889,"biphone","IH-AA","type",1
"CMU",11,2889,"biphone","IY-AA","type",23
"CMU",11,2889,"biphone","OW-AA","type",2
"CMU",11,2889,"biphone","OY-AA","type",0
"CMU",11,2889,"biphone","UH-AA","type",0
"CMU",11,2889,"biphone","UW-AA","type",0
"CMU",11,2889,"biphone","AX-AA","type",0
"CMU",11,2889,"biphone","AXR-AA","type",0
"CMU",11,2889,"biphone","IX-AA","type",0
"CMU",11,2889,"biphone","UX-AA","type",0
"CMU",11,2889,"biphone","B-AA","type",13
"CMU",11,2889,"biphone","CH-AA","type",3
"CMU",11,2889,"biphone","D-AA","type",22
"CMU",11,2889,"biphone","DH-AA","type",0
"CMU",11,2889,"biphone","F-AA","type",9
"CMU",11,2889,"biphone","G-AA","type",14
"CMU",11,2889,"biphone","HH-AA","type",20
"CMU",11,2889,"biphone","JH-AA","type",2
"CMU",11,2889,"biphone","K-AA","type",153
"CMU",11,2889,"biphone","L-AA","type",35
"CMU",11,2889,"biphone","M-AA","type",46
"CMU",11,2889,"biphone","N-AA","type",89
"CMU",11,2889,"biphone","NG-AA","type",0
"CMU",11,2889,"biphone","P-AA","type",58
"CMU",11,2889,"biphone","R-AA","type",75
"CMU",11,2889,"biphone","S-AA","type",14
"CMU",11,2889,"biphone","SH-AA","type",0
"CMU",11,2889,"biphone","T-AA","type",31
"CMU",11,2889,"biphone","TH-AA","type",1
"CMU",11,2889,"biphone","V-AA","type",10
"CMU",11,2889,"biphone","W-AA","type",18
"CMU",11,2889,"biphone","Y-AA","type",3
"CMU",11,2889,"biphone","Z-AA","type",3
"CMU",11,2889,"biphone","ZH-AA","type",2
"CMU",11,2889,"biphone","Q-AA","type",0
"CMU",11,2889,"biphone","AA-AE","type",0
"CMU",11,2889,"biphone","AE-AE","type",0
"CMU",11,2889,"biphone","AH-AE","type",2
"CMU",11,2889,"biphone","AO-AE","type",0
"CMU",11,2889,"biphone","AW-AE","type",0
"CMU",11,2889,"biphone","AY-AE","type",1
"CMU",11,2889,"biphone","EH-AE","type",0
"CMU",11,2889,"biphone","ER-AE","type",6
"CMU",11,2889,"biphone","EY-AE","type",0
"CMU",11,2889,"biphone","IH-AE","type",0
"CMU",11,2889,"biphone","IY-AE","type",18
"CMU",11,2889,"biphone","OW-AE","type",3
"CMU",11,2889,"biphone","OY-AE","type",0
"CMU",11,2889,"biphone","UH-AE","type",0
"CMU",11,2889,"biphone","UW-AE","type",3
"CMU",11,2889,"biphone","AX-AE","type",0
"CMU",11,2889,"biphone","AXR-AE","type",0
"CMU",11,2889,"biphone","IX-AE","type",0
"CMU",11,2889,"biphone","UX-AE","type",0
"CMU",11,2889,"biphone","B-AE","type",30
"CMU",11,2889,"biphone","CH-AE","type",6
"CMU",11,2889,"biphone","D-AE","type",6
"CMU",11,2889,"biphone","DH-AE","type",0
"CMU",11,2889,"biphone","F-AE","type",22
"CMU",11,2889,"biphone","G-AE","type",9
"CMU",11,2889,"biphone","HH-AE","type",19
"CMU",11,2889,"biphone","JH-AE","type",1
"CMU",11,2889,"biphone","K-AE","type",60
"CMU",11,2889,"biphone","L-AE","type",54
"CMU",11,2889,"biphone","M-AE","type",81
"CMU",11,2889,"biphone","N-AE","type",57
"CMU",11,2889,"biphone","NG-AE","type",0
"CMU",11,2889,"biphone","P-AE","type",27
"CMU",11,2889,"biphone","R-AE","type",150
"CMU",11,2889,"biphone","S-AE","type",24
"CMU",11,2889,"biphone","SH-AE","type",1
"CMU",11,2889,"biphone","T-AE","type",49
"CMU",11,2889,"biphone","TH-AE","type",1
"CMU",11,2889,"biphone","V-AE","type",42
"CMU",11,2889,"biphone","W-AE","type",2
"CMU",11,2889,"biphone","Y-AE","type",2
"CMU",11,2889,"biphone","Z-AE","type",18
"CMU",11,2889,"biphone","ZH-AE","type",0
"CMU",11,2889,"biphone","Q-AE","type",0
"CMU",11,2889,"biphone","AA-AH","type",0
"CMU",11,2889,"biphone","AE-AH","type",0
"CMU",11,2889,"biphone","AH-AH","type",0
"CMU",11,2889,"biphone","AO-AH","type",0
"CMU",11,2889,"biphone","AW-AH","type",1
"CMU",11,2889,"biphone","AY-AH","type",25
"CMU",11,2889,"biphone","EH-AH","type",0
"CMU",11,2889,"biphone","ER-AH","type",53
"CMU",11,2889,"biphone","EY-AH","type",0
"CMU",11,2889,"biphone","IH-AH","type",0
"CMU",11,2889,"biphone","IY-AH","type",167
"CMU",11,2889,"biphone","OW-AH","type",0
"CMU",11,2889,"biphone","OY-AH","type",2
"CMU",11,2889,"biphone","UH-AH","type",0
"CMU",11,2889,"biphone","UW-AH","type",22
"CMU",11,2889,"biphone","AX-AH","type",0
"CMU",11,2889,"biphone","AXR-AH","type",0
"CMU",11,2889,"biphone","IX-AH","type",0
"CMU",11,2889,"biphone","UX-AH","type",0
"CMU",11,2889,"biphone","B-AH","type",162
"CMU",11,2889,"biphone","CH-AH","type",21
"CMU",11,2889,"biphone","D-AH","type",129
"CMU",11,2889,"biphone","DH-AH","type",1
"CMU",11,2889,"biphone","F-AH","type",77
"CMU",11,2889,"biphone","G-AH","type",51
"CMU",11,2889,"biphone","HH-AH","type",7
"CMU",11,2889,"biphone","JH-AH","type",73
"CMU",11,2889,"biphone","K-AH","type",361
"CMU",11,2889,"biphone","L-AH","type",221
"CMU",11,2889,"biphone","M-AH","type",284
"CMU",11,2889,"biphone","N-AH","type",244
"CMU",11,2889,"biphone","NG-AH","type",0
"CMU",11,2889,"biphone","P-AH","type",101
"CMU",11,2889,"biphone","R-AH","type",311
"CMU",11,2889,"biphone","S-AH","type",234
"CMU",11,2889,"biphone","SH-AH","type",456
"CMU",11,2889,"biphone","T-AH","type",329
"CMU",11,2889,"biphone","TH-AH","type",18
"CMU",11,2889,"biphone","V-AH","type",55
"CMU",11,2889,"biphone","W-AH","type",29
"CMU",11,2889,"biphone","Y-AH","type",139
"CMU",11,2889,"biphone","Z-AH","type",93
"CMU",11,2889,"biphone","ZH-AH","type",11
"CMU",11,2889,"biphone","Q-AH","type",0
"CMU",11,2889,"biphone","AA-AO","type",0
"CMU",11,2889,"biphone","AE-AO","type",0
"CMU",11,2889,"biphone","AH-AO","type",0
"CMU",11,2889,"biphone","AO-AO","type",0
"CMU",11,2889,"biphone","AW-AO","type",0
"CMU",11,2889,"biphone","AY-AO","type",2
"CMU",11,2889,"biphone","EH-AO","type",0
"CMU",11,2889,"biphone","ER-AO","type",1
"CMU",11,2889,"biphone","EY-AO","type",0
"CMU",11,2889,"biphone","IH-AO","type",0
"CMU",11,2889,"biphone","IY-AO","type",9
"CMU",11,2889,"biphone","OW-AO","type",4
"CMU",11,2889,"biphone","OY-AO","type",0
"CMU",11,2889,"biphone","UH-AO","type",0
"CMU",11,2889,"biphone","UW-AO","type",0
"CMU",11,2889,"biphone","AX-AO","type",0
"CMU",11,2889,"biphone","AXR-AO","type",0
"CMU",11,2889,"biphone","IX-AO","type",0
"CMU",11,2889,"biphone","UX-AO","type",0
"CMU",11,2889,"biphone","B-AO","type",11
"CMU",11,2889,"biphone","CH-AO","type",0
"CMU",11,2889,"biphone","D-AO","type",7
"CMU",11,2889,"biphone","DH-AO","type",0
"CMU",11,2889,"biphone","F-AO","type",41
"CMU",11,2889,"biphone","G-AO","type",5
"CMU",11,2889,"biphone","HH-AO","type",3
"CMU",11,2889,"biphone","JH-AO","type",0
"CMU",11,2889,"biphone","K-AO","type",37
"CMU",11,2889,"biphone","L-AO","type",10
"CMU",11,2889,"biphone","M-AO","type",14
"CMU",11,2889,"biphone","N-AO","type",19
"CMU",11,2889,"biphone","NG-AO","type",0
"CMU",11,2889,"biphone","P-AO","type",27
"CMU",11,2889,"biphone","R-AO","type",14
"CMU",11,2889,"biphone","S-AO","type",10
"CMU",11,2889,"biphone","SH-AO","type",0
"CMU",11,2889,"biphone","T-AO","type",43
"CMU",11,2889,"biphone","TH-AO","type",3
"CMU",11,2889,"biphone","V-AO","type",2
"CMU",11,2889,"biphone","W-AO","type",11
"CMU",11,2889,"biphone","Y-AO","type",1
"CMU",11,2889,"biphone","Z-AO","type",2
"CMU",11,2889,"biphone","ZH-AO","type",0
"CMU",11,2889,"biphone","Q-AO","type",0
"CMU",11,2889,"biphone","AA-AW","type",0
"CMU",11,2889,"biphone","AE-AW","type",0
"CMU",11,2889,"biphone","AH-AW","type",0
"CMU",11,2889,"biphone","AO-AW","type",0
"CMU",11,2889,"biphone","AW-AW","type",0
"CMU",11,2889,"biphone","AY-AW","type",0
"CMU",11,2889,"biphone","EH-AW","type",0
"CMU",11,2889,"biphone","ER-AW","type",1
"CMU",11,2889,"biphone","EY-AW","type",0
"CMU",11,2889,"biphone","IH-AW","type",0
"CMU",11,2889,"biphone","IY-AW","type",0
"CMU",11,2889,"biphone","OW-AW","type",0
"CMU",11,2889,"biphone","OY-AW","type",0
"CMU",11,2889,"biphone","UH-AW","type",0
"CMU",11,2889,"biphone","UW-AW","type",0
"CMU",11,2889,"biphone","AX-AW","type",0
"CMU",11,2889,"biphone","AXR-AW","type",0
"CMU",11,2889,"biphone","IX-AW","type",0
"CMU",11,2889,"biphone","UX-AW","type",0
"CMU",11,2889,"biphone","B-AW","type",1
"CMU",11,2889,"biphone","CH-AW","type",0
"CMU",11,2889,"biphone","D-AW","type",0
"CMU",11,2889,"biphone","DH-AW","type",0
"CMU",11,2889,"biphone","F-AW","type",0
"CMU",11,2889,"biphone","G-AW","type",0
"CMU",11,2889,"biphone","HH-AW","type",5
"CMU",11,2889,"biphone","JH-AW","type",0
"CMU",11,2889,"biphone","K-AW","type",17
"CMU",11,2889,"biphone","L-AW","type",1
"CMU",11,2889,"biphone","M-AW","type",0
"CMU",11,2889,"biphone","N-AW","type",2
"CMU",11,2889,"biphone","NG-AW","type",0
"CMU",11,2889,"biphone","P-AW","type",1
"CMU",11,2889,"biphone","R-AW","type",3
"CMU",11,2889,"biphone","S-AW","type",1
"CMU",11,2889,"biphone","SH-AW","type",0
"CMU",11,2889,"biphone","T-AW","type",1
"CMU",11,2889,"biphone","TH-AW","type",0
"CMU",11,2889,"biphone","V-AW","type",0
"CMU",11,2889,"biphone","W-AW","type",0
"CMU",11,2889,"biphone","Y-AW","type",0
"CMU",11,2889,"biphone","Z-AW","type",0
"CMU",11,2889,"biphone","ZH-AW","type",0
"CMU",11,2889,"biphone","Q-AW","type",0
"CMU",11,2889,"biphone","AA-AY","type",0
"CMU",11,2889,"biphone","AE-AY","type",0
"CMU",11,2889,"biphone","AH-AY","type",0
"CMU",11,2889,"biphone","AO-AY","type",0
"CMU",11,2889,"biphone","AW-AY","type",0
"CMU",11,2889,"biphone","AY-AY","type",0
"CMU",11,2889,"biphone","EH-AY","type",0
"CMU",11,2889,"biphone","ER-AY","type",13
"CMU",11,2889,"biphone","EY-AY","type",0
"CMU",11,2889,"biphone","IH-AY","type",0
"CMU",11,2889,"biphone","IY-AY","type",0
"CMU",11,2889,"biphone","OW-AY","type",0
"CMU",11,2889,"biphone","OY-AY","type",0
"CMU",11,2889,"biphone","UH-AY","type",0
"CMU",11,2889,"biphone","UW-AY","type",0
"CMU",11,2889,"biphone","AX-AY","type",0
"CMU",11,2889,"biphone","AXR-AY","type",0
"CMU",11,2889,"biphone","IX-AY","type",0
"CMU",11,2889,"biphone","UX-AY","type",0
"CMU",11,2889,"biphone","B-AY","type",16
"CMU",11,2889,"biphone","CH-AY","type",1
"CMU",11,2889,"biphone","D-AY","type",25
"CMU",11,2889,"biphone","DH-AY","type",0
"CMU",11,2889,"biphone","F-AY","type",31
"CMU",11,2889,"biphone","G-AY","type",1
"CMU",11,2889,"biphone","HH-AY","type",18
"CMU",11,2889,"biphone","JH-AY","type",1
"CMU",11,2889,"biphone","K-AY","type",6
"CMU",11,2889,"biphone","L-AY","type",54
"CMU",11,2889,"biphone","M-AY","type",24
"CMU",11,2889,"biphone","N-AY","type",19
"CMU",11,2889,"biphone","NG-AY","type",0
"CMU",11,2889,"biphone","P-AY","type",2
"CMU",11,2889,"biphone","R-AY","type",22
"CMU",11,2889,"biphone","S-AY","type",36
"CMU",11,2889,"biphone","SH-AY","type",0
"CMU",11,2889,"biphone","T-AY","type",36
"CMU",11,2889,"biphone","TH-AY","type",2
"CMU",11,2889,"biphone","V-AY","type",9
"CMU",11,2889,"biphone","W-AY","type",3
"CMU",11,2889,"biphone","Y-AY","type",0
"CMU",11,2889,"biphone","Z-AY","type",1
"CMU",11,2889,"biphone","ZH-AY","type",0
"CMU",11,2889,"biphone","Q-AY","type",0
"CMU",11,2889,"biphone","AA-EH","type",0
"CMU",11,2889,"biphone","AE-EH","type",0
"CMU",11,2889,"biphone","AH-EH","type",0
"CMU",11,2889,"biphone","AO-EH","type",0
"CMU",11,2889,"biphone","AW-EH","type",0
"CMU",11,2889,"biphone","AY-EH","type",1
"CMU",11,2889,"biphone","EH-EH","type",0
"CMU",11,2889,"biphone","ER-EH","type",12
"CMU",11,2889,"biphone","EY-EH","type",0
"CMU",11,2889,"biphone","IH-EH","type",0
"CMU",11,2889,"biphone","IY-EH","type",25
"CMU",11,2889,"biphone","OW-EH","type",1
"CMU",11,2889,"biphone","OY-EH","type",0
"CMU",11,2889,"biphone","UH-EH","type",0
"CMU",11,2889,"biphone","UW-EH","type",1
"CMU",11,2889,"biphone","AX-EH","type",0
"CMU",11,2889,"biphone","AXR-EH","type",0
"CMU",11,2889,"biphone","IX-EH","type",0
"CMU",11,2889,"biphone","UX-EH","type",0
"CMU",11,2889,"biphone","B-EH","type",21
"CMU",11,2889,"biphone","CH-EH","type",9
"CMU",11,2889,"biphone","D-EH","type",65
"CMU",11,2889,"biphone","DH-EH","type",0
"CMU",11,2889,"biphone","F-EH","type",24
"CMU",11,2889,"biphone","G-EH","type",6
"CMU",11,2889,"biphone","HH-EH","type",12
"CMU",11,2889,"biphone","JH-EH","type",21
"CMU",11,2889,"biphone","K-EH","type",16
"CMU",11,2889,"biphone","L-EH","type",65
"CMU",11,2889,"biphone","M-EH","type",95
"CMU",11,2889,"biphone","N-EH","type",49
"CMU",11,2889,"biphone","NG-EH","type",0
"CMU",11,2889,"biphone","P-EH","type",69
"CMU",11,2889,"biphone","R-EH","type",107
"CMU",11,2889,"biphone","S-EH","type",107
"CMU",11,2889,"biphone","SH-EH","type",3
"CMU",11,2889,"biphone","T-EH","type",95
"CMU",11,2889,"biphone","TH-EH","type",12
"CMU",11,2889,"biphone","V-EH","type",41
"CMU",11,2889,"biphone","W-EH","type",18
"CMU",11,2889,"biphone","Y-EH","type",1
"CMU",11,2889,"biphone","Z-EH","type",15
"CMU",11,2889,"biphone","ZH-EH","type",0
"CMU",11,2889,"biphone","Q-EH","type",0
"CMU",11,2889,"biphone","AA-ER","type",0
"CMU",11,2889,"biphone","AE-ER","type",0
"CMU",11,2889,"biphone","AH-ER","type",0
"CMU",11,2889,"biphone","AO-ER","type",0
"CMU",11,2889,"biphone","AW-ER","type",0
"CMU",11,2889,"biphone","AY-ER","type",1
"CMU",11,2889,"biphone","EH-ER","type",0
"CMU",11,2889,"biphone","ER-ER","type",2
"CMU",11,2889,"biphone","EY-ER","type",0
"CMU",11,2889,"biphone","IH-ER","type",0
"CMU",11,2889,"biphone","IY-ER","type",6
"CMU",11,2889,"biphone","OW-ER","type",1
"CMU",11,2889,"biphone","OY-ER","type",1
"CMU",11,2889,"biphone","UH-ER","type",0
"CMU",11,2889,"biphone","UW-ER","type",1
"CMU",11,2889,"biphone","AX-ER","type",0
"CMU",11,2889,"biphone","AXR-ER","type",0
"CMU",11,2889,"biphone","IX-ER","type",0
"CMU",11,2889,"biphone","UX-ER","type",0
"CMU",11,2889,"biphone","B-ER","type",21
"CMU",11,2889,"biphone","CH-ER","type",22
"CMU",11,2889,"biphone","D-ER","type",51
"CMU",11,2889,"biphone","DH-ER","type",4
"CMU",11,2889,"biphone","F-ER","type",29
"CMU",11,2889,"biphone","G-ER","type",16
"CMU",11,2889,"biphone","HH-ER","type",3
"CMU",11,2889,"biphone","JH-ER","type",7
"CMU",11,2889,"biphone","K-ER","type",16
"CMU",11,2889,"biphone","L-ER","type",21
"CMU",11,2889,"biphone","M-ER","type",24
"CMU",11,2889,"biphone","N-ER","type",42
"CMU",11,2889,"biphone","NG-ER","type",1
"CMU",11,2889,"biphone","P-ER","type",77
"CMU",11,2889,"biphone","R-ER","type",2
"CMU",11,2889,"biphone","S-ER","type",39
"CMU",11,2889,"biphone","SH-ER","type",7
"CMU",11,2889,"biphone","T-ER","type",167
"CMU",11,2889,"biphone","TH-ER","type",2
"CMU",11,2889,"biphone","V-ER","type",44
"CMU",11,2889,"biphone","W-ER","type",4
"CMU",11,2889,"biphone","Y-ER","type",2
"CMU",11,2889,"biphone","Z-ER","type",4
"CMU",11,2889,"biphone","ZH-ER","type",0
"CMU",11,2889,"biphone","Q-ER","type",0
"CMU",11,2889,"biphone","AA-EY","type",0
"CMU",11,2889,"biphone","AE-EY","type",0
"CMU",11,2889,"biphone","AH-EY","type",0
"CMU",11,2889,"biphone","AO-EY","type",0
"CMU",11,2889,"biphone","AW-EY","type",0
"CMU",11,2889,"biphone","AY-EY","type",0
"CMU",11,2889,"biphone","EH-EY","type",0
"CMU",11,2889,"biphone","ER-EY","type",35
"CMU",11,2889,"biphone","EY-EY","type",0
"CMU",11,2889,"biphone","IH-EY","type",0
"CMU",11,2889,"biphone","IY-EY","type",48
"CMU",11,2889,"biphone","OW-EY","type",1
"CMU",11,2889,"biphone","OY-EY","type",0
"CMU",11,2889,"biphone","UH-EY","type",0
"CMU",11,2889,"biphone","UW-EY","type",13
"CMU",11,2889,"biphone","AX-EY","type",0
"CMU",11,2889,"biphone","AXR-EY","type",0
"CMU",11,2889,"biphone","IX-EY","type",0
"CMU",11,2889,"biphone","UX-EY","type",0
"CMU",11,2889,"biphone","B-EY","type",6
"CMU",11,2889,"biphone","CH-EY","type",3
"CMU",11,2889,"biphone","D-EY","type",22
"CMU",11,2889,"biphone","DH-EY","type",0
"CMU",11,2889,"biphone","F-EY","type",2
"CMU",11,2889,"biphone","G-EY","type",13
"CMU",11,2889,"biphone","HH-EY","type",6
"CMU",11,2889,"biphone","JH-EY","type",0
"CMU",11,2889,"biphone","K-EY","type",67
"CMU",11,2889,"biphone","L-EY","type",90
"CMU",11,2889,"biphone","M-EY","type",24
"CMU",11,2889,"biphone","N-EY","type",71
"CMU",11,2889,"biphone","NG-EY","type",0
"CMU",11,2889,"biphone","P-EY","type",26
"CMU",11,2889,"biphone","R-EY","type",46
"CMU",11,2889,"biphone","S-EY","type",13
"CMU",11,2889,"biphone","SH-EY","type",0
"CMU",11,2889,"biphone","T-EY","type",69
"CMU",11,2889,"biphone","TH-EY","type",2
"CMU",11,2889,"biphone","V-EY","type",14
"CMU",11,2889,"biphone","W-EY","type",19
"CMU",11,2889,"biphone","Y-EY","type",0
"CMU",11,2889,"biphone","Z-EY","type",25
"CMU",11,2889,"biphone","ZH-EY","type",0
"CMU",11,2889,"biphone","Q-EY","type",0
"CMU",11,2889,"biphone","AA-IH","type",0
"CMU",11,2889,"biphone","AE-IH","type",0
"CMU",11,2889,"biphone","AH-IH","type",0
"CMU",11,2889,"biphone","AO-IH","type",0
"CMU",11,2889,"biphone","AW-IH","type",0
"CMU",11,2889,"biphone","AY-IH","type",6
"CMU",11,2889,"biphone","EH-IH","type",0
"CMU",11,2889,"biphone","ER-IH","type",31
"CMU",11,2889,"biphone","EY-IH","type",3
"CMU",11,2889,"biphone","IH-IH","type",0
"CMU",11,2889,"biphone","IY-IH","type",19
"CMU",11,2889,"biphone","OW-IH","type",2
"CMU",11,2889,"biphone","OY-IH","type",0
"CMU",11,2889,"biphone","UH-IH","type",0
"CMU",11,2889,"biphone","UW-IH","type",2
"CMU",11,2889,"biphone","AX-IH","type",0
"CMU",11,2889,"biphone","AXR-IH","type",0
"CMU",11,2889,"biphone","IX-IH","type",0
"CMU",11,2889,"biphone","UX-IH","type",0
"CMU",11,2889,"biphone","B-IH","type",51
"CMU",11,2889,"biphone","CH-IH","type",6
"CMU",11,2889,"biphone","D-IH","type",249
"CMU",11,2889,"biphone","DH-IH","type",1
"CMU",11,2889,"biphone","F-IH","type",99
"CMU",11,2889,"biphone","G-IH","type",7
"CMU",11,2889,"biphone","HH-IH","type",13
"CMU",11,2889,"biphone","JH-IH","type",48
"CMU",11,2889,"biphone","K-IH","type",30
"CMU",11,2889,"biphone","L-IH","type",218
"CMU",11,2889,"biphone","M-IH","type",129
"CMU",11,2889,"biphone","N-IH","type",162
"CMU",11,2889,"biphone","NG-IH","type",0
"CMU",11,2889,"biphone","P-IH","type",33
"CMU",11,2889,"biphone","R-IH","type",227
"CMU",11,2889,"biphone","S-IH","type",191
"CMU",11,2889,"biphone","SH-IH","type",28
"CMU",11,2889,"biphone","T-IH","type",445
"CMU",11,2889,"biphone","TH-IH","type",0
"CMU",11,2889,"biphone","V-IH","type",43
"CMU",11,2889,"biphone","W-IH","type",35
"CMU",11,2889,"biphone","Y-IH","type",0
"CMU",11,2889,"biphone","Z-IH","type",90
"CMU",11,2889,"biphone","ZH-IH","type",2
"CMU",11,2889,"biphone","Q-IH","type",0
"CMU",11,2889,"biphone","AA-IY","type",0
"CMU",11,2889,"biphone","AE-IY","type",0
"CMU",11,2889,"biphone","AH-IY","type",0
"CMU",11,2889,"biphone","AO-IY","type",0
"CMU",11,2889,"biphone","AW-IY","type",0
"CMU",11,2889,"biphone","AY-IY","type",0
"CMU",11,2889,"biphone","EH-IY","type",0
"CMU",11,2889,"biphone","ER-IY","type",14
"CMU",11,2889,"biphone","EY-IY","type",0
"CMU",11,2889,"biphone","IH-IY","type",0
"CMU",11,2889,"biphone","IY-IY","type",0
"CMU",11,2889,"biphone","OW-IY","type",0
"CMU",11,2889,"biphone","OY-IY","type",0
"CMU",11,2889,"biphone","UH-IY","type",0
"CMU",11,2889,"biphone","UW-IY","type",1
"CMU",11,2889,"biphone","AX-IY","type",0
"CMU",11,2889,"biphone","AXR-IY","type",0
"CMU",11,2889,"biphone","IX-IY","type",0
"CMU",11,2889,"biphone","UX-IY","type",0
"CMU",11,2889,"biphone","B-IY","type",7
"CMU",11,2889,"biphone","CH-IY","type",8
"CMU",11,2889,"biphone","D-IY","type",69
"CMU",11,2889,"biphone","DH-IY","type",1
"CMU",11,2889,"biphone","F-IY","type",9
"CMU",11,2889,"biphone","G-IY","type",0
"CMU",11,2889,"biphone","HH-IY","type",6
"CMU",11,2889,"biphone","JH-IY","type",27
"CMU",11,2889,"biphone","K-IY","type",38
"CMU",11,2889,"biphone","L-IY","type",244
"CMU",11,2889,"biphone","M-IY","type",29
"CMU",11,2889,"biphone","N-IY","type",73
"CMU",11,2889,"biphone","NG-IY","type",0
"CMU",11,2889,"biphone","P-IY","type",17
"CMU",11,2889,"biphone","R-IY","type",318
"CMU",11,2889,"biphone","S-IY","type",71
"CMU",11,2889,"biphone","SH-IY","type",15
"CMU",11,2889,"biphone","T-IY","type",139
"CMU",11,2889,"biphone","TH-IY","type",5
"CMU",11,2889,"biphone","V-IY","type",11
"CMU",11,2889,"biphone","W-IY","type",2
"CMU",11,2889,"biphone","Y-IY","type",0
"CMU",11,2889,"biphone","Z-IY","type",11
"CMU",11,2889,"biphone","ZH-IY","type",1
"CMU",11,2889,"biphone","Q-IY","type",0
"CMU",11,2889,"biphone","AA-OW","type",0
"CMU",11,2889,"biphone","AE-OW","type",0
"CMU",11,2889,"biphone","AH-OW","type",1
"CMU",11,2889,"biphone","AO-OW","type",0
"CMU",11,2889,"biphone","AW-OW","type",0
"CMU",11,2889,"biphone","AY-OW","type",10
"CMU",11,2889,"biphone","EH-OW","type",0
"CMU",11,2889,"biphone","ER-OW","type",5
"CMU",11,2889,"biphone","EY-OW","type",0
"CMU",11,2889,"biphone","IH-OW","type",0
"CMU",11,2889,"biphone","IY-OW","type",25
"CMU",11,2889,"biphone","OW-OW","type",0
"CMU",11,2889,"biphone","OY-OW","type",0
"CMU",11,2889,"biphone","UH-OW","type",0
"CMU",11,2889,"biphone","UW-OW","type",0
"CMU",11,2889,"biphone","AX-OW","type",0
"CMU",11,2889,"biphone","AXR-OW","type",0
"CMU",11,2889,"biphone","IX-OW","type",0
"CMU",11,2889,"biphone","UX-OW","type",0
"CMU",11,2889,"biphone","B-OW","type",8
"CMU",11,2889,"biphone","CH-OW","type",0
"CMU",11,2889,"biphone","D-OW","type",11
"CMU",11,2889,"biphone","DH-OW","type",0
"CMU",11,2889,"biphone","F-OW","type",11
"CMU",11,2889,"biphone","G-OW","type",11
"CMU",11,2889,"biphone","HH-OW","type",13
"CMU",11,2889,"biphone","JH-OW","type",1
"CMU",11,2889,"biphone","K-OW","type",36
"CMU",11,2889,"biphone","L-OW","type",21
"CMU",11,2889,"biphone","M-OW","type",28
"CMU",11,2889,"biphone","N-OW","type",15
"CMU",11,2889,"biphone","NG-OW","type",0
"CMU",11,2889,"biphone","P-OW","type",19
"CMU",11,2889,"biphone","R-OW","type",94
"CMU",11,2889,"biphone","S-OW","type",9
"CMU",11,2889,"biphone","SH-OW","type",0
"CMU",11,2889,"biphone","T-OW","type",19
"CMU",11,2889,"biphone","TH-OW","type",2
"CMU",11,2889,"biphone","V-OW","type",10
"CMU",11,2889,"biphone","W-OW","type",2
"CMU",11,2889,"biphone","Y-OW","type",0
"CMU",11,2889,"biphone","Z-OW","type",2
"CMU",11,2889,"biphone","ZH-OW","type",0
"CMU",11,2889,"biphone","Q-OW","type",0
"CMU",11,2889,"biphone","AA-OY","type",0
"CMU",11,2889,"biphone","AE-OY","type",0
"CMU",11,2889,"biphone","AH-OY","type",0
"CMU",11,2889,"biphone","AO-OY","type",0
"CMU",11,2889,"biphone","AW-OY","type",0
"CMU",11,2889,"biphone","AY-OY","type",0
"CMU",11,2889,"biphone","EH-OY","type",0
"CMU",11,2889,"biphone","ER-OY","type",0
"CMU",11,2889,"biphone","EY-OY","type",0
"CMU",11,2889,"biphone","IH-OY","type",0
"CMU",11,2889,"biphone","IY-OY","type",0
"CMU",11,2889,"biphone","OW-OY","type",0
"CMU",11,2889,"biphone","OY-OY","type",0
"CMU",11,2889,"biphone","UH-OY","type",0
"CMU",11,2889,"biphone","UW-OY","type",0
"CMU",11,2889,"biphone","AX-OY","type",0
"CMU",11,2889,"biphone","AXR-OY","type",0
"CMU",11,2889,"biphone","IX-OY","type",0
"CMU",11,2889,"biphone","UX-OY","type",0
"CMU",11,2889,"biphone","B-OY","type",2
"CMU",11,2889,"biphone","CH-OY","type",0
"CMU",11,2889,"biphone","D-OY","type",0
"CMU",11,2889,"biphone","DH-OY","type",0
"CMU",11,2889,"biphone","F-OY","type",0
"CMU",11,2889,"biphone","G-OY","type",0
"CMU",11,2889,"biphone","HH-OY","type",1
"CMU",11,2889,"biphone","JH-OY","type",0
"CMU",11,2889,"biphone","K-OY","type",0
"CMU",11,2889,"biphone","L-OY","type",8
"CMU",11,2889,"biphone","M-OY","type",0
"CMU",11,2889,"biphone","N-OY","type",1
"CMU",11,2889,"biphone","NG-OY","type",0
"CMU",11,2889,"biphone","P-OY","type",4
"CMU",11,2889,"biphone","R-OY","type",0
"CMU",11,2889,"biphone","S-OY","type",0
"CMU",11,2889,"biphone","SH-OY","type",0
"CMU",11,2889,"biphone","T-OY","type",0
"CMU",11,2889,"biphone","TH-OY","type",0
"CMU",11,2889,"biphone","V-OY","type",0
"CMU",11,2889,"biphone","W-OY","type",0
"CMU",11,2889,"biphone","Y-OY","type",0
"CMU",11,2889,"biphone","Z-OY","type",0
"CMU",11,2889,"biphone","ZH-OY","type",0
"CMU",11,2889,"biphone","Q-OY","type",0
"CMU",11,2889,"biphone","AA-UH","type",0
"CMU",11,2889,"biphone","AE-UH","type",0
"CMU",11,2889,"biphone","AH-UH","type",0
"CMU",11,2889,"biphone","AO-UH","type",0
"CMU",11,2889,"biphone","AW-UH","type",0
"CMU",11,2889,"biphone","AY-UH","type",0
"CMU",11,2889,"biphone","EH-UH","type",0
"CMU",11,2889,"biphone","ER-UH","type",0
"CMU",11,2889,"biphone","EY-UH","type",0
"CMU",11,2889,"biphone","IH-UH","type",0
"CMU",11,2889,"biphone","IY-UH","type",0
"CMU",11,2889,"biphone","OW-UH","type",0
"CMU",11,2889,"biphone","OY-UH","type",0
"CMU",11,2889,"biphone","UH-UH","type",0
"CMU",11,2889,"biphone","UW-UH","type",0
"CMU",11,2889,"biphone","AX-UH","type",0
"CMU",11,2889,"biphone","AXR-UH","type",0
"CMU",11,2889,"biphone","IX-UH","type",0
"CMU",11,2889,"biphone","UX-UH","type",0
"CMU",11,2889,"biphone","B-UH","type",3
"CMU",11,2889,"biphone","CH-UH","type",0
"CMU",11,2889,"biphone","D-UH","type",2
"CMU",11,2889,"biphone","DH-UH","type",0
"CMU",11,2889,"biphone","F-UH","type",0
"CMU",11,2889,"biphone","G-UH","type",1
"CMU",11,2889,"biphone","HH-UH","type",0
"CMU",11,2889,"biphone","JH-UH","type",2
"CMU",11,2889,"biphone","K-UH","type",0
"CMU",11,2889,"biphone","L-UH","type",5
"CMU",11,2889,"biphone","M-UH","type",0
"CMU",11,2889,"biphone","N-UH","type",3
"CMU",11,2889,"biphone","NG-UH","type",0
"CMU",11,2889,"biphone","P-UH","type",0
"CMU",11,2889,"biphone","R-UH","type",0
"CMU",11,2889,"biphone","S-UH","type",0
"CMU",11,2889,"biphone","SH-UH","type",2
"CMU",11,2889,"biphone","T-UH","type",2
"CMU",11,2889,"biphone","TH-UH","type",0
"CMU",11,2889,"biphone","V-UH","type",0
"CMU",11,2889,"biphone","W-UH","type",7
"CMU",11,2889,"biphone","Y-UH","type",13
"CMU",11,2889,"biphone","Z-UH","type",0
"CMU",11,2889,"biphone","ZH-UH","type",0
"CMU",11,2889,"biphone","Q-UH","type",0
"CMU",11,2889,"biphone","AA-UW","type",0
"CMU",11,2889,"biphone","AE-UW","type",0
"CMU",11,2889,"biphone","AH-UW","type",0
"CMU",11,2889,"biphone","AO-UW","type",0
"CMU",11,2889,"biphone","AW-UW","type",0
"CMU",11,2889,"biphone","AY-UW","type",0
"CMU",11,2889,"biphone","EH-UW","type",0
"CMU",11,2889,"biphone","ER-UW","type",0
"CMU",11,2889,"biphone","EY-UW","type",0
"CMU",11,2889,"biphone","IH-UW","type",0
"CMU",11,2889,"biphone","IY-UW","type",1
"CMU",11,2889,"biphone","OW-UW","type",0
"CMU",11,2889,"biphone","OY-UW","type",0
"CMU",11,2889,"biphone","UH-UW","type",0
"CMU",11,2889,"biphone","UW-UW","type",0
"CMU",11,2889,"biphone","AX-UW","type",0
"CMU",11,2889,"biphone","AXR-UW","type",0
"CMU",11,2889,"biphone","IX-UW","type",0
"CMU",11,2889,"biphone","UX-UW","type",0
"CMU",11,2889,"biphone","B-UW","type",0
"CMU",11,2889,"biphone","CH-UW","type",18
"CMU",11,2889,"biphone","D-UW","type",6
"CMU",11,2889,"biphone","DH-UW","type",0
"CMU",11,2889,"biphone","F-UW","type",0
"CMU",11,2889,"biphone","G-UW","type",4
"CMU",11,2889,"biphone","HH-UW","type",1
"CMU",11,2889,"biphone","JH-UW","type",5
"CMU",11,2889,"biphone","K-UW","type",2
"CMU",11,2889,"biphone","L-UW","type",23
"CMU",11,2889,"biphone","M-UW","type",1
"CMU",11,2889,"biphone","N-UW","type",17
"CMU",11,2889,"biphone","NG-UW","type",0
"CMU",11,2889,"biphone","P-UW","type",2
"CMU",11,2889,"biphone","R-UW","type",18
"CMU",11,2889,"biphone","S-UW","type",18
"CMU",11,2889,"biphone","SH-UW","type",1
"CMU",11,2889,"biphone","T-UW","type",15
"CMU",11,2889,"biphone","TH-UW","type",2
"CMU",11,2889,"biphone","V-UW","type",0
"CMU",11,2889,"biphone","W-UW","type",0
"CMU",11,2889,"biphone","Y-UW","type",130
"CMU",11,2889,"biphone","Z-UW","type",0
"CMU",11,2889,"biphone","ZH-UW","type",0
"CMU",11,2889,"biphone","Q-UW","type",0
"CMU",11,2889,"biphone","AA-AX","type",0
"CMU",11,2889,"biphone","AE-AX","type",0
"CMU",11,2889,"biphone","AH-AX","type",0
"CMU",11,2889,"biphone","AO-AX","type",0
"CMU",11,2889,"biphone","AW-AX","type",0
"CMU",11,2889,"biphone","AY-AX","type",0
"CMU",11,2889,"biphone","EH-AX","type",0
"CMU",11,2889,"biphone","ER-AX","type",0
"CMU",11,2889,"biphone","EY-AX","type",0
"CMU",11,2889,"biphone","IH-AX","type",0
"CMU",11,2889,"biphone","IY-AX","type",0
"CMU",11,2889,"biphone","OW-AX","type",0
"CMU",11,2889,"biphone","OY-AX","type",0
"CMU",11,2889,"biphone","UH-AX","type",0
"CMU",11,2889,"biphone","UW-AX","type",0
"CMU",11,2889,"biphone","AX-AX","type",0
"CMU",11,2889,"biphone","AXR-AX","type",0
"CMU",11,2889,"biphone","IX-AX","type",0
"CMU",11,2889,"biphone","UX-AX","type",0
"CMU",11,2889,"biphone","B-AX","type",0
"CMU",11,2889,"biphone","CH-AX","type",0
"CMU",11,2889,"biphone","D-AX","type",0
"CMU",11,2889,"biphone","DH-AX","type",0
"CMU",11,2889,"biphone","F-AX","type",0
"CMU",11,2889,"biphone","G-AX","type",0
"CMU",11,2889,"biphone","HH-AX","type",0
"CMU",11,2889,"biphone","JH-AX","type",0
"CMU",11,2889,"biphone","K-AX","type",0
"CMU",11,2889,"biphone","L-AX","type",0
"CMU",11,2889,"biphone","M-AX","type",0
"CMU",11,2889,"biphone","N-AX","type",0
"CMU",11,2889,"biphone","NG-AX","type",0
"CMU",11,2889,"biphone","P-AX","type",0
"CMU",11,2889,"biphone","R-AX","type",0
"CMU",11,2889,"biphone","S-AX","type",0
"CMU",11,2889,"biphone","SH-AX","type",0
"CMU",11,2889,"biphone","T-AX","type",0
"CMU",11,2889,"biphone","TH-AX","type",0
"CMU",11,2889,"biphone","V-AX","type",0
"CMU",11,2889,"biphone","W-AX","type",0
"CMU",11,2889,"biphone","Y-AX","type",0
"CMU",11,2889,"biphone","Z-AX","type",0
"CMU",11,2889,"biphone","ZH-AX","type",0
"CMU",11,2889,"biphone","Q-AX","type",0
"CMU",11,2889,"biphone","AA-AXR","type",0
"CMU",11,2889,"biphone","AE-AXR","type",0
"CMU",11,2889,"biphone","AH-AXR","type",0
"CMU",11,2889,"biphone","AO-AXR","type",0
"CMU",11,2889,"biphone","AW-AXR","type",0
"CMU",11,2889,"biphone","AY-AXR","type",0
"CMU",11,2889,"biphone","EH-AXR","type",0
"CMU",11,2889,"biphone","ER-AXR","type",0
"CMU",11,2889,"biphone","EY-AXR","type",0
"CMU",11,2889,"biphone","IH-AXR","type",0
"CMU",11,2889,"biphone","IY-AXR","type",0
"CMU",11,2889,"biphone","OW-AXR","type",0
"CMU",11,2889,"biphone","OY-AXR","type",0
"CMU",11,2889,"biphone","UH-AXR","type",0
"CMU",11,2889,"biphone","UW-AXR","type",0
"CMU",11,2889,"biphone","AX-AXR","type",0
"CMU",11,2889,"biphone","AXR-AXR","type",0
"CMU",11,2889,"biphone","IX-AXR","type",0
"CMU",11,2889,"biphone","UX-AXR","type",0
"CMU",11,2889,"biphone","B-AXR","type",0
"CMU",11,2889,"biphone","CH-AXR","type",0
"CMU",11,2889,"biphone","D-AXR","type",0
"CMU",11,2889,"biphone","DH-AXR","type",0
"CMU",11,2889,"biphone","F-AXR","type",0
"CMU",11,2889,"biphone","G-AXR","type",0
"CMU",11,2889,"biphone","HH-AXR","type",0
"CMU",11,2889,"biphone","JH-AXR","type",0
"CMU",11,2889,"biphone","K-AXR","type",0
"CMU",11,2889,"biphone","L-AXR","type",0
"CMU",11,2889,"biphone","M-AXR","type",0
"CMU",11,2889,"biphone","N-AXR","type",0
"CMU",11,2889,"biphone","NG-AXR","type",0
"CMU",11,2889,"biphone","P-AXR","type",0
"CMU",11,2889,"biphone","R-AXR","type",0
"CMU",11,2889,"biphone","S-AXR","type",0
"CMU",11,2889,"biphone","SH-AXR","type",0
"CMU",11,2889,"biphone","T-AXR","type",0
"CMU",11,2889,"biphone","TH-AXR","type",0
"CMU",11,2889,"biphone","V-AXR","type",0
"CMU",11,2889,"biphone","W-AXR","type",0
"CMU",11,2889,"biphone","Y-AXR","type",0
"CMU",11,2889,"biphone","Z-AXR","type",0
"CMU",11,2889,"biphone","ZH-AXR","type",0
"CMU",11,2889,"biphone","Q-AXR","type",0
"CMU",11,2889,"biphone","AA-IX","type",0
"CMU",11,2889,"biphone","AE-IX","type",0
"CMU",11,2889,"biphone","AH-IX","type",0
"CMU",11,2889,"biphone","AO-IX","type",0
"CMU",11,2889,"biphone","AW-IX","type",0
"CMU",11,2889,"biphone","AY-IX","type",0
"CMU",11,2889,"biphone","EH-IX","type",0
"CMU",11,2889,"biphone","ER-IX","type",0
"CMU",11,2889,"biphone","EY-IX","type",0
"CMU",11,2889,"biphone","IH-IX","type",0
"CMU",11,2889,"biphone","IY-IX","type",0
"CMU",11,2889,"biphone","OW-IX","type",0
"CMU",11,2889,"biphone","OY-IX","type",0
"CMU",11,2889,"biphone","UH-IX","type",0
"CMU",11,2889,"biphone","UW-IX","type",0
"CMU",11,2889,"biphone","AX-IX","type",0
"CMU",11,2889,"biphone","AXR-IX","type",0
"CMU",11,2889,"biphone","IX-IX","type",0
"CMU",11,2889,"biphone","UX-IX","type",0
"CMU",11,2889,"biphone","B-IX","type",0
"CMU",11,2889,"biphone","CH-IX","type",0
"CMU",11,2889,"biphone","D-IX","type",0
"CMU",11,2889,"biphone","DH-IX","type",0
"CMU",11,2889,"biphone","F-IX","type",0
"CMU",11,2889,"biphone","G-IX","type",0
"CMU",11,2889,"biphone","HH-IX","type",0
"CMU",11,2889,"biphone","JH-IX","type",0
"CMU",11,2889,"biphone","K-IX","type",0
"CMU",11,2889,"biphone","L-IX","type",0
"CMU",11,2889,"biphone","M-IX","type",0
"CMU",11,2889,"biphone","N-IX","type",0
"CMU",11,2889,"biphone","NG-IX","type",0
"CMU",11,2889,"biphone","P-IX","type",0
"CMU",11,2889,"biphone","R-IX","type",0
"CMU",11,2889,"biphone","S-IX","type",0
"CMU",11,2889,"biphone","SH-IX","type",0
"CMU",11,2889,"biphone","T-IX","type",0
"CMU",11,2889,"biphone","TH-IX","type",0
"CMU",11,2889,"biphone","V-IX","type",0
"CMU",11,2889,"biphone","W-IX","type",0
"CMU",11,2889,"biphone","Y-IX","type",0
"CMU",11,2889,"biphone","Z-IX","type",0
"CMU",11,2889,"biphone","ZH-IX","type",0
"CMU",11,2889,"biphone","Q-IX","type",0
"CMU",11,2889,"biphone","AA-UX","type",0
"CMU",11,2889,"biphone","AE-UX","type",0
"CMU",11,2889,"biphone","AH-UX","type",0
"CMU",11,2889,"biphone","AO-UX","type",0
"CMU",11,2889,"biphone","AW-UX","type",0
"CMU",11,2889,"biphone","AY-UX","type",0
"CMU",11,2889,"biphone","EH-UX","type",0
"CMU",11,2889,"biphone","ER-UX","type",0
"CMU",11,2889,"biphone","EY-UX","type",0
"CMU",11,2889,"biphone","IH-UX","type",0
"CMU",11,2889,"biphone","IY-UX","type",0
"CMU",11,2889,"biphone","OW-UX","type",0
"CMU",11,2889,"biphone","OY-UX","type",0
"CMU",11,2889,"biphone","UH-UX","type",0
"CMU",11,2889,"biphone","UW-UX","type",0
"CMU",11,2889,"biphone","AX-UX","type",0
"CMU",11,2889,"biphone","AXR-UX","type",0
"CMU",11,2889,"biphone","IX-UX","type",0
"CMU",11,2889,"biphone","UX-UX","type",0
"CMU",11,2889,"biphone","B-UX","type",0
"CMU",11,2889,"biphone","CH-UX","type",0
"CMU",11,2889,"biphone","D-UX","type",0
"CMU",11,2889,"biphone","DH-UX","type",0
"CMU",11,2889,"biphone","F-UX","type",0
"CMU",11,2889,"biphone","G-UX","type",0
"CMU",11,2889,"biphone","HH-UX","type",0
"CMU",11,2889,"biphone","JH-UX","type",0
"CMU",11,2889,"biphone","K-UX","type",0
"CMU",11,2889,"biphone","L-UX","type",0
"CMU",11,2889,"biphone","M-UX","type",0
"CMU",11,2889,"biphone","N-UX","type",0
"CMU",11,2889,"biphone","NG-UX","type",0
"CMU",11,2889,"biphone","P-UX","type",0
"CMU",11,2889,"biphone","R-UX","type",0
"CMU",11,2889,"biphone","S-UX","type",0
"CMU",11,2889,"biphone","SH-UX","type",0
"CMU",11,2889,"biphone","T-UX","type",0
"CMU",11,2889,"biphone","TH-UX","type",0
"CMU",11,2889,"biphone","V-UX","type",0
"CMU",11,2889,"biphone","W-UX","type",0
"CMU",11,2889,"biphone","Y-UX","type",0
"CMU",11,2889,"biphone","Z-UX","type",0
"CMU",11,2889,"biphone","ZH-UX","type",0
"CMU",11,2889,"biphone","Q-UX","type",0
"CMU",11,2889,"biphone","AA-B","type",7
"CMU",11,2889,"biphone","AE-B","type",23
"CMU",11,2889,"biphone","AH-B","type",237
"CMU",11,2889,"biphone","AO-B","type",0
"CMU",11,2889,"biphone","AW-B","type",0
"CMU",11,2889,"biphone","AY-B","type",9
"CMU",11,2889,"biphone","EH-B","type",1
"CMU",11,2889,"biphone","ER-B","type",15
"CMU",11,2889,"biphone","EY-B","type",7
"CMU",11,2889,"biphone","IH-B","type",26
"CMU",11,2889,"biphone","IY-B","type",3
"CMU",11,2889,"biphone","OW-B","type",12
"CMU",11,2889,"biphone","OY-B","type",0
"CMU",11,2889,"biphone","UH-B","type",0
"CMU",11,2889,"biphone","UW-B","type",3
"CMU",11,2889,"biphone","AX-B","type",0
"CMU",11,2889,"biphone","AXR-B","type",0
"CMU",11,2889,"biphone","IX-B","type",0
"CMU",11,2889,"biphone","UX-B","type",0
"CMU",11,2889,"biphone","B-B","type",0
"CMU",11,2889,"biphone","CH-B","type",0
"CMU",11,2889,"biphone","D-B","type",4
"CMU",11,2889,"biphone","DH-B","type",0
"CMU",11,2889,"biphone","F-B","type",0
"CMU",11,2889,"biphone","G-B","type",0
"CMU",11,2889,"biphone","HH-B","type",0
"CMU",11,2889,"biphone","JH-B","type",0
"CMU",11,2889,"biphone","K-B","type",2
"CMU",11,2889,"biphone","L-B","type",5
"CMU",11,2889,"biphone","M-B","type",27
"CMU",11,2889,"biphone","N-B","type",24
"CMU",11,2889,"biphone","NG-B","type",0
"CMU",11,2889,"biphone","P-B","type",0
"CMU",11,2889,"biphone","R-B","type",11
"CMU",11,2889,"biphone","S-B","type",12
"CMU",11,2889,"biphone","SH-B","type",0
"CMU",11,2889,"biphone","T-B","type",4
"CMU",11,2889,"biphone","TH-B","type",0
"CMU",11,2889,"biphone","V-B","type",0
"CMU",11,2889,"biphone","W-B","type",0
"CMU",11,2889,"biphone","Y-B","type",0
"CMU",11,2889,"biphone","Z-B","type",6
"CMU",11,2889,"biphone","ZH-B","type",0
"CMU",11,2889,"biphone","Q-B","type",0
"CMU",11,2889,"biphone","AA-CH","type",0
"CMU",11,2889,"biphone","AE-CH","type",5
"CMU",11,2889,"biphone","AH-CH","type",2
"CMU",11,2889,"biphone","AO-CH","type",0
"CMU",11,2889,"biphone","AW-CH","type",0
"CMU",11,2889,"biphone","AY-CH","type",0
"CMU",11,2889,"biphone","EH-CH","type",4
"CMU",11,2889,"biphone","ER-CH","type",8
"CMU",11,2889,"biphone","EY-CH","type",0
"CMU",11,2889,"biphone","IH-CH","type",10
"CMU",11,2889,"biphone","IY-CH","type",1
"CMU",11,2889,"biphone","OW-CH","type",2
"CMU",11,2889,"biphone","OY-CH","type",0
"CMU",11,2889,"biphone","UH-CH","type",0
"CMU",11,2889,"biphone","UW-CH","type",3
"CMU",11,2889,"biphone","AX-CH","type",0
"CMU",11,2889,"biphone","AXR-CH","type",0
"CMU",11,2889,"biphone","IX-CH","type",0
"CMU",11,2889,"biphone","UX-CH","type",0
"CMU",11,2889,"biphone","B-CH","type",0
"CMU",11,2889,"biphone","CH-CH","type",0
"CMU",11,2889,"biphone","D-CH","type",0
"CMU",11,2889,"biphone","DH-CH","type",0
"CMU",11,2889,"biphone","F-CH","type",0
"CMU",11,2889,"biphone","G-CH","type",0
"CMU",11,2889,"biphone","HH-CH","type",0
"CMU",11,2889,"biphone","JH-CH","type",0
"CMU",11,2889,"biphone","K-CH","type",15
"CMU",11,2889,"biphone","L-CH","type",6
"CMU",11,2889,"biphone","M-CH","type",0
"CMU",11,2889,"biphone","N-CH","type",24
"CMU",11,2889,"biphone","NG-CH","type",0
"CMU",11,2889,"biphone","P-CH","type",3
"CMU",11,2889,"biphone","R-CH","type",4
"CMU",11,2889,"biphone","S-CH","type",12
"CMU",11,2889,"biphone","SH-CH","type",0
"CMU",11,2889,"biphone","T-CH","type",0
"CMU",11,2889,"biphone","TH-CH","type",0
"CMU",11,2889,"biphone","V-CH","type",0
"CMU",11,2889,"biphone","W-CH","type",0
"CMU",11,2889,"biphone","Y-CH","type",0
"CMU",11,2889,"biphone","Z-CH","type",0
"CMU",11,2889,"biphone","ZH-CH","type",0
"CMU",11,2889,"biphone","Q-CH","type",0
"CMU",11,2889,"biphone","AA-D","type",12
"CMU",11,2889,"biphone","AE-D","type",20
"CMU",11,2889,"biphone","AH-D","type",114
"CMU",11,2889,"biphone","AO-D","type",5
"CMU",11,2889,"biphone","AW-D","type",1
"CMU",11,2889,"biphone","AY-D","type",33
"CMU",11,2889,"biphone","EH-D","type",29
"CMU",11,2889,"biphone","ER-D","type",12
"CMU",11,2889,"biphone","EY-D","type",3
"CMU",11,2889,"biphone","IH-D","type",157
"CMU",11,2889,"biphone","IY-D","type",31
"CMU",11,2889,"biphone","OW-D","type",19
"CMU",11,2889,"biphone","OY-D","type",1
"CMU",11,2889,"biphone","UH-D","type",2
"CMU",11,2889,"biphone","UW-D","type",10
"CMU",11,2889,"biphone","AX-D","type",0
"CMU",11,2889,"biphone","AXR-D","type",0
"CMU",11,2889,"biphone","IX-D","type",0
"CMU",11,2889,"biphone","UX-D","type",0
"CMU",11,2889,"biphone","B-D","type",3
"CMU",11,2889,"biphone","CH-D","type",0
"CMU",11,2889,"biphone","D-D","type",0
"CMU",11,2889,"biphone","DH-D","type",0
"CMU",11,2889,"biphone","F-D","type",3
"CMU",11,2889,"biphone","G-D","type",1
"CMU",11,2889,"biphone","HH-D","type",0
"CMU",11,2889,"biphone","JH-D","type",2
"CMU",11,2889,"biphone","K-D","type",0
"CMU",11,2889,"biphone","L-D","type",28
"CMU",11,2889,"biphone","M-D","type",2
"CMU",11,2889,"biphone","N-D","type",220
"CMU",11,2889,"biphone","NG-D","type",0
"CMU",11,2889,"biphone","P-D","type",1
"CMU",11,2889,"biphone","R-D","type",25
"CMU",11,2889,"biphone","S-D","type",5
"CMU",11,2889,"biphone","SH-D","type",0
"CMU",11,2889,"biphone","T-D","type",3
"CMU",11,2889,"biphone","TH-D","type",0
"CMU",11,2889,"biphone","V-D","type",0
"CMU",11,2889,"biphone","W-D","type",0
"CMU",11,2889,"biphone","Y-D","type",0
"CMU",11,2889,"biphone","Z-D","type",28
"CMU",11,2889,"biphone","ZH-D","type",0
"CMU",11,2889,"biphone","Q-D","type",0
"CMU",11,2889,"biphone","AA-DH","type",2
"CMU",11,2889,"biphone","AE-DH","type",1
"CMU",11,2889,"biphone","AH-DH","type",1
"CMU",11,2889,"biphone","AO-DH","type",0
"CMU",11,2889,"biphone","AW-DH","type",0
"CMU",11,2889,"biphone","AY-DH","type",0
"CMU",11,2889,"biphone","EH-DH","type",0
"CMU",11,2889,"biphone","ER-DH","type",1
"CMU",11,2889,"biphone","EY-DH","type",0
"CMU",11,2889,"biphone","IH-DH","type",0
"CMU",11,2889,"biphone","IY-DH","type",0
"CMU",11,2889,"biphone","OW-DH","type",0
"CMU",11,2889,"biphone","OY-DH","type",0
"CMU",11,2889,"biphone","UH-DH","type",0
"CMU",11,2889,"biphone","UW-DH","type",0
"CMU",11,2889,"biphone","AX-DH","type",0
"CMU",11,2889,"biphone","AXR-DH","type",0
"CMU",11,2889,"biphone","IX-DH","type",0
"CMU",11,2889,"biphone","UX-DH","type",0
"CMU",11,2889,"biphone","B-DH","type",0
"CMU",11,2889,"biphone","CH-DH","type",0
"CMU",11,2889,"biphone","D-DH","type",0
"CMU",11,2889,"biphone","DH-DH","type",0
"CMU",11,2889,"biphone","F-DH","type",0
"CMU",11,2889,"biphone","G-DH","type",0
"CMU",11,2889,"biphone","HH-DH","type",0
"CMU",11,2889,"biphone","JH-DH","type",0
"CMU",11,2889,"biphone","K-DH","type",0
"CMU",11,2889,"biphone","L-DH","type",0
"CMU",11,2889,"biphone","M-DH","type",0
"CMU",11,2889,"biphone","N-DH","type",1
"CMU",11,2889,"biphone","NG-DH","type",0
"CMU",11,2889,"biphone","P-DH","type",0
"CMU",11,2889,"biphone","R-DH","type",0
"CMU",11,2889,"biphone","S-DH","type",0
"CMU",11,2889,"biphone","SH-DH","type",0
"CMU",11,2889,"biphone","T-DH","type",0
"CMU",11,2889,"biphone","TH-DH","type",0
"CMU",11,2889,"biphone","V-DH","type",1
"CMU",11,2889,"biphone","W-DH","type",0
"CMU",11,2889,"biphone","Y-DH","type",0
"CMU",11,2889,"biphone","Z-DH","type",0
"CMU",11,2889,"biphone","ZH-DH","type",0
"CMU",11,2889,"biphone","Q-DH","type",0
"CMU",11,2889,"biphone","AA-F","type",15
"CMU",11,2889,"biphone","AE-F","type",35
"CMU",11,2889,"biphone","AH-F","type",76
"CMU",11,2889,"biphone","AO-F","type",20
"CMU",11,2889,"biphone","AW-F","type",0
"CMU",11,2889,"biphone","AY-F","type",4
"CMU",11,2889,"biphone","EH-F","type",14
"CMU",11,2889,"biphone","ER-F","type",16
"CMU",11,2889,"biphone","EY-F","type",0
"CMU",11,2889,"biphone","IH-F","type",49
"CMU",11,2889,"biphone","IY-F","type",11
"CMU",11,2889,"biphone","OW-F","type",9
"CMU",11,2889,"biphone","OY-F","type",1
"CMU",11,2889,"biphone","UH-F","type",0
"CMU",11,2889,"biphone","UW-F","type",1
"CMU",11,2889,"biphone","AX-F","type",0
"CMU",11,2889,"biphone","AXR-F","type",0
"CMU",11,2889,"biphone","IX-F","type",0
"CMU",11,2889,"biphone","UX-F","type",0
"CMU",11,2889,"biphone","B-F","type",0
"CMU",11,2889,"biphone","CH-F","type",0
"CMU",11,2889,"biphone","D-F","type",4
"CMU",11,2889,"biphone","DH-F","type",0
"CMU",11,2889,"biphone","F-F","type",1
"CMU",11,2889,"biphone","G-F","type",0
"CMU",11,2889,"biphone","HH-F","type",0
"CMU",11,2889,"biphone","JH-F","type",0
"CMU",11,2889,"biphone","K-F","type",0
"CMU",11,2889,"biphone","L-F","type",29
"CMU",11,2889,"biphone","M-F","type",7
"CMU",11,2889,"biphone","N-F","type",61
"CMU",11,2889,"biphone","NG-F","type",0
"CMU",11,2889,"biphone","P-F","type",4
"CMU",11,2889,"biphone","R-F","type",2
"CMU",11,2889,"biphone","S-F","type",18
"CMU",11,2889,"biphone","SH-F","type",1
"CMU",11,2889,"biphone","T-F","type",7
"CMU",11,2889,"biphone","TH-F","type",0
"CMU",11,2889,"biphone","V-F","type",0
"CMU",11,2889,"biphone","W-F","type",0
"CMU",11,2889,"biphone","Y-F","type",0
"CMU",11,2889,"biphone","Z-F","type",0
"CMU",11,2889,"biphone","ZH-F","type",0
"CMU",11,2889,"biphone","Q-F","type",0
"CMU",11,2889,"biphone","AA-G","type",15
"CMU",11,2889,"biphone","AE-G","type",25
"CMU",11,2889,"biphone","AH-G","type",58
"CMU",11,2889,"biphone","AO-G","type",4
"CMU",11,2889,"biphone","AW-G","type",0
"CMU",11,2889,"biphone","AY-G","type",1
"CMU",11,2889,"biphone","EH-G","type",27
"CMU",11,2889,"biphone","ER-G","type",17
"CMU",11,2889,"biphone","EY-G","type",8
"CMU",11,2889,"biphone","IH-G","type",45
"CMU",11,2889,"biphone","IY-G","type",6
"CMU",11,2889,"biphone","OW-G","type",8
"CMU",11,2889,"biphone","OY-G","type",0
"CMU",11,2889,"biphone","UH-G","type",0
"CMU",11,2889,"biphone","UW-G","type",4
"CMU",11,2889,"biphone","AX-G","type",0
"CMU",11,2889,"biphone","AXR-G","type",0
"CMU",11,2889,"biphone","IX-G","type",0
"CMU",11,2889,"biphone","UX-G","type",0
"CMU",11,2889,"biphone","B-G","type",0
"CMU",11,2889,"biphone","CH-G","type",0
"CMU",11,2889,"biphone","D-G","type",0
"CMU",11,2889,"biphone","DH-G","type",0
"CMU",11,2889,"biphone","F-G","type",3
"CMU",11,2889,"biphone","G-G","type",0
"CMU",11,2889,"biphone","HH-G","type",0
"CMU",11,2889,"biphone","JH-G","type",0
"CMU",11,2889,"biphone","K-G","type",0
"CMU",11,2889,"biphone","L-G","type",8
"CMU",11,2889,"biphone","M-G","type",0
"CMU",11,2889,"biphone","N-G","type",11
"CMU",11,2889,"biphone","NG-G","type",30
"CMU",11,2889,"biphone","P-G","type",0
"CMU",11,2889,"biphone","R-G","type",10
"CMU",11,2889,"biphone","S-G","type",4
"CMU",11,2889,"biphone","SH-G","type",0
"CMU",11,2889,"biphone","T-G","type",0
"CMU",11,2889,"biphone","TH-G","type",0
"CMU",11,2889,"biphone","V-G","type",0
"CMU",11,2889,"biphone","W-G","type",0
"CMU",11,2889,"biphone","Y-G","type",0
"CMU",11,2889,"biphone","Z-G","type",4
"CMU",11,2889,"biphone","ZH-G","type",0
"CMU",11,2889,"biphone","Q-G","type",0
"CMU",11,2889,"biphone","AA-HH","type",0
"CMU",11,2889,"biphone","AE-HH","type",0
"CMU",11,2889,"biphone","AH-HH","type",10
"CMU",11,2889,"biphone","AO-HH","type",0
"CMU",11,2889,"biphone","AW-HH","type",0
"CMU",11,2889,"biphone","AY-HH","type",0
"CMU",11,2889,"biphone","EH-HH","type",1
"CMU",11,2889,"biphone","ER-HH","type",0
"CMU",11,2889,"biphone","EY-HH","type",0
"CMU",11,2889,"biphone","IH-HH","type",3
"CMU",11,2889,"biphone","IY-HH","type",7
"CMU",11,2889,"biphone","OW-HH","type",6
"CMU",11,2889,"biphone","OY-HH","type",0
"CMU",11,2889,"biphone","UH-HH","type",0
"CMU",11,2889,"biphone","UW-HH","type",1
"CMU",11,2889,"biphone","AX-HH","type",0
"CMU",11,2889,"biphone","AXR-HH","type",0
"CMU",11,2889,"biphone","IX-HH","type",0
"CMU",11,2889,"biphone","UX-HH","type",0
"CMU",11,2889,"biphone","B-HH","type",0
"CMU",11,2889,"biphone","CH-HH","type",0
"CMU",11,2889,"biphone","D-HH","type",3
"CMU",11,2889,"biphone","DH-HH","type",0
"CMU",11,2889,"biphone","F-HH","type",0
"CMU",11,2889,"biphone","G-HH","type",0
"CMU",11,2889,"biphone","HH-HH","type",0
"CMU",11,2889,"biphone","JH-HH","type",0
"CMU",11,2889,"biphone","K-HH","type",1
"CMU",11,2889,"biphone","L-HH","type",8
"CMU",11,2889,"biphone","M-HH","type",1
"CMU",11,2889,"biphone","N-HH","type",15
"CMU",11,2889,"biphone","NG-HH","type",5
"CMU",11,2889,"biphone","P-HH","type",0
"CMU",11,2889,"biphone","R-HH","type",0
"CMU",11,2889,"biphone","S-HH","type",4
"CMU",11,2889,"biphone","SH-HH","type",0
"CMU",11,2889,"biphone","T-HH","type",3
"CMU",11,2889,"biphone","TH-HH","type",2
"CMU",11,2889,"biphone","V-HH","type",0
"CMU",11,2889,"biphone","W-HH","type",0
"CMU",11,2889,"biphone","Y-HH","type",0
"CMU",11,2889,"biphone","Z-HH","type",0
"CMU",11,2889,"biphone","ZH-HH","type",0
"CMU",11,2889,"biphone","Q-HH","type",0
"CMU",11,2889,"biphone","AA-JH","type",19
"CMU",11,2889,"biphone","AE-JH","type",6
"CMU",11,2889,"biphone","AH-JH","type",48
"CMU",11,2889,"biphone","AO-JH","type",1
"CMU",11,2889,"biphone","AW-JH","type",0
"CMU",11,2889,"biphone","AY-JH","type",0
"CMU",11,2889,"biphone","EH-JH","type",9
"CMU",11,2889,"biphone","ER-JH","type",5
"CMU",11,2889,"biphone","EY-JH","type",1
"CMU",11,2889,"biphone","IH-JH","type",34
"CMU",11,2889,"biphone","IY-JH","type",9
"CMU",11,2889,"biphone","OW-JH","type",0
"CMU",11,2889,"biphone","OY-JH","type",0
"CMU",11,2889,"biphone","UH-JH","type",0
"CMU",11,2889,"biphone","UW-JH","type",1
"CMU",11,2889,"biphone","AX-JH","type",0
"CMU",11,2889,"biphone","AXR-JH","type",0
"CMU",11,2889,"biphone","IX-JH","type",0
"CMU",11,2889,"biphone","UX-JH","type",0
"CMU",11,2889,"biphone","B-JH","type",1
"CMU",11,2889,"biphone","CH-JH","type",0
"CMU",11,2889,"biphone","D-JH","type",0
"CMU",11,2889,"biphone","DH-JH","type",0
"CMU",11,2889,"biphone","F-JH","type",0
"CMU",11,2889,"biphone","G-JH","type",0
"CMU",11,2889,"biphone","HH-JH","type",0
"CMU",11,2889,"biphone","JH-JH","type",0
"CMU",11,2889,"biphone","K-JH","type",0
"CMU",11,2889,"biphone","L-JH","type",2
"CMU",11,2889,"biphone","M-JH","type",0
"CMU",11,2889,"biphone","N-JH","type",32
"CMU",11,2889,"biphone","NG-JH","type",0
"CMU",11,2889,"biphone","P-JH","type",0
"CMU",11,2889,"biphone","R-JH","type",6
"CMU",11,2889,"biphone","S-JH","type",2
"CMU",11,2889,"biphone","SH-JH","type",0
"CMU",11,2889,"biphone","T-JH","type",0
"CMU",11,2889,"biphone","TH-JH","type",0
"CMU",11,2889,"biphone","V-JH","type",0
"CMU",11,2889,"biphone","W-JH","type",0
"CMU",11,2889,"biphone","Y-JH","type",0
"CMU",11,2889,"biphone","Z-JH","type",0
"CMU",11,2889,"biphone","ZH-JH","type",0
"CMU",11,2889,"biphone","Q-JH","type",0
"CMU",11,2889,"biphone","AA-K","type",38
"CMU",11,2889,"biphone","AE-K","type",90
"CMU",11,2889,"biphone","AH-K","type",153
"CMU",11,2889,"biphone","AO-K","type",10
"CMU",11,2889,"biphone","AW-K","type",0
"CMU",11,2889,"biphone","AY-K","type",28
"CMU",11,2889,"biphone","EH-K","type",197
"CMU",11,2889,"biphone","ER-K","type",28
"CMU",11,2889,"biphone","EY-K","type",13
"CMU",11,2889,"biphone","IH-K","type",369
"CMU",11,2889,"biphone","IY-K","type",40
"CMU",11,2889,"biphone","OW-K","type",24
"CMU",11,2889,"biphone","OY-K","type",0
"CMU",11,2889,"biphone","UH-K","type",0
"CMU",11,2889,"biphone","UW-K","type",8
"CMU",11,2889,"biphone","AX-K","type",0
"CMU",11,2889,"biphone","AXR-K","type",0
"CMU",11,2889,"biphone","IX-K","type",0
"CMU",11,2889,"biphone","UX-K","type",0
"CMU",11,2889,"biphone","B-K","type",5
"CMU",11,2889,"biphone","CH-K","type",0
"CMU",11,2889,"biphone","D-K","type",4
"CMU",11,2889,"biphone","DH-K","type",0
"CMU",11,2889,"biphone","F-K","type",4
"CMU",11,2889,"biphone","G-K","type",0
"CMU",11,2889,"biphone","HH-K","type",0
"CMU",11,2889,"biphone","JH-K","type",0
"CMU",11,2889,"biphone","K-K","type",0
"CMU",11,2889,"biphone","L-K","type",15
"CMU",11,2889,"biphone","M-K","type",0
"CMU",11,2889,"biphone","N-K","type",60
"CMU",11,2889,"biphone","NG-K","type",56
"CMU",11,2889,"biphone","P-K","type",1
"CMU",11,2889,"biphone","R-K","type",28
"CMU",11,2889,"biphone","S-K","type",127
"CMU",11,2889,"biphone","SH-K","type",1
"CMU",11,2889,"biphone","T-K","type",4
"CMU",11,2889,"biphone","TH-K","type",0
"CMU",11,2889,"biphone","V-K","type",0
"CMU",11,2889,"biphone","W-K","type",0
"CMU",11,2889,"biphone","Y-K","type",0
"CMU",11,2889,"biphone","Z-K","type",5
"CMU",11,2889,"biphone","ZH-K","type",0
"CMU",11,2889,"biphone","Q-K","type",0
"CMU",11,2889,"biphone","AA-L","type",88
"CMU",11,2889,"biphone","AE-L","type",93
"CMU",11,2889,"biphone","AH-L","type",729
"CMU",11,2889,"biphone","AO-L","type",10
"CMU",11,2889,"biphone","AW-L","type",0
"CMU",11,2889,"biphone","AY-L","type",4
"CMU",11,2889,"biphone","EH-L","type",67
"CMU",11,2889,"biphone","ER-L","type",9
"CMU",11,2889,"biphone","EY-L","type",17
"CMU",11,2889,"biphone","IH-L","type",142
"CMU",11,2889,"biphone","IY-L","type",15
"CMU",11,2889,"biphone","OW-L","type",35
"CMU",11,2889,"biphone","OY-L","type",0
"CMU",11,2889,"biphone","UH-L","type",2
"CMU",11,2889,"biphone","UW-L","type",17
"CMU",11,2889,"biphone","AX-L","type",0
"CMU",11,2889,"biphone","AXR-L","type",0
"CMU",11,2889,"biphone","IX-L","type",0
"CMU",11,2889,"biphone","UX-L","type",0
"CMU",11,2889,"biphone","B-L","type",46
"CMU",11,2889,"biphone","CH-L","type",0
"CMU",11,2889,"biphone","D-L","type",4
"CMU",11,2889,"biphone","DH-L","type",0
"CMU",11,2889,"biphone","F-L","type",23
"CMU",11,2889,"biphone","G-L","type",15
"CMU",11,2889,"biphone","HH-L","type",0
"CMU",11,2889,"biphone","JH-L","type",0
"CMU",11,2889,"biphone","K-L","type",67
"CMU",11,2889,"biphone","L-L","type",0
"CMU",11,2889,"biphone","M-L","type",0
"CMU",11,2889,"biphone","N-L","type",10
"CMU",11,2889,"biphone","NG-L","type",11
"CMU",11,2889,"biphone","P-L","type",80
"CMU",11,2889,"biphone","R-L","type",3
"CMU",11,2889,"biphone","S-L","type",28
"CMU",11,2889,"biphone","SH-L","type",0
"CMU",11,2889,"biphone","T-L","type",35
"CMU",11,2889,"biphone","TH-L","type",0
"CMU",11,2889,"biphone","V-L","type",18
"CMU",11,2889,"biphone","W-L","type",0
"CMU",11,2889,"biphone","Y-L","type",0
"CMU",11,2889,"biphone","Z-L","type",2
"CMU",11,2889,"biphone","ZH-L","type",0
"CMU",11,2889,"biphone","Q-L","type",0
"CMU",11,2889,"biphone","AA-M","type",69
"CMU",11,2889,"biphone","AE-M","type",35
"CMU",11,2889,"biphone","AH-M","type",265
"CMU",11,2889,"biphone","AO-M","type",3
"CMU",11,2889,"biphone","AW-M","type",0
"CMU",11,2889,"biphone","AY-M","type",6
"CMU",11,2889,"biphone","EH-M","type",62
"CMU",11,2889,"biphone","ER-M","type",41
"CMU",11,2889,"biphone","EY-M","type",3
"CMU",11,2889,"biphone","IH-M","type",101
"CMU",11,2889,"biphone","IY-M","type",29
"CMU",11,2889,"biphone","OW-M","type",35
"CMU",11,2889,"biphone","OY-M","type",3
"CMU",11,2889,"biphone","UH-M","type",5
"CMU",11,2889,"biphone","UW-M","type",28
"CMU",11,2889,"biphone","AX-M","type",0
"CMU",11,2889,"biphone","AXR-M","type",0
"CMU",11,2889,"biphone","IX-M","type",0
"CMU",11,2889,"biphone","UX-M","type",0
"CMU",11,2889,"biphone","B-M","type",2
"CMU",11,2889,"biphone","CH-M","type",4
"CMU",11,2889,"biphone","D-M","type",11
"CMU",11,2889,"biphone","DH-M","type",0
"CMU",11,2889,"biphone","F-M","type",0
"CMU",11,2889,"biphone","G-M","type",9
"CMU",11,2889,"biphone","HH-M","type",0
"CMU",11,2889,"biphone","JH-M","type",8
"CMU",11,2889,"biphone","K-M","type",3
"CMU",11,2889,"biphone","L-M","type",16
"CMU",11,2889,"biphone","M-M","type",0
"CMU",11,2889,"biphone","N-M","type",20
"CMU",11,2889,"biphone","NG-M","type",0
"CMU",11,2889,"biphone","P-M","type",5
"CMU",11,2889,"biphone","R-M","type",42
"CMU",11,2889,"biphone","S-M","type",25
"CMU",11,2889,"biphone","SH-M","type",7
"CMU",11,2889,"biphone","T-M","type",29
"CMU",11,2889,"biphone","TH-M","type",0
"CMU",11,2889,"biphone","V-M","type",2
"CMU",11,2889,"biphone","W-M","type",0
"CMU",11,2889,"biphone","Y-M","type",0
"CMU",11,2889,"biphone","Z-M","type",15
"CMU",11,2889,"biphone","ZH-M","type",0
"CMU",11,2889,"biphone","Q-M","type",0
"CMU",11,2889,"biphone","AA-N","type",203
"CMU",11,2889,"biphone","AE-N","type",237
"CMU",11,2889,"biphone","AH-N","type",1332
"CMU",11,2889,"biphone","AO-N","type",2
"CMU",11,2889,"biphone","AW-N","type",24
"CMU",11,2889,"biphone","AY-N","type",30
"CMU",11,2889,"biphone","EH-N","type",236
"CMU",11,2889,"biphone","ER-N","type",21
"CMU",11,2889,"biphone","EY-N","type",31
"CMU",11,2889,"biphone","IH-N","type",388
"CMU",11,2889,"biphone","IY-N","type",42
"CMU",11,2889,"biphone","OW-N","type",43
"CMU",11,2889,"biphone","OY-N","type",3
"CMU",11,2889,"biphone","UH-N","type",2
"CMU",11,2889,"biphone","UW-N","type",23
"CMU",11,2889,"biphone","AX-N","type",0
"CMU",11,2889,"biphone","AXR-N","type",0
"CMU",11,2889,"biphone","IX-N","type",0
"CMU",11,2889,"biphone","UX-N","type",0
"CMU",11,2889,"biphone","B-N","type",1
"CMU",11,2889,"biphone","CH-N","type",0
"CMU",11,2889,"biphone","D-N","type",7
"CMU",11,2889,"biphone","DH-N","type",0
"CMU",11,2889,"biphone","F-N","type",0
"CMU",11,2889,"biphone","G-N","type",24
"CMU",11,2889,"biphone","HH-N","type",0
"CMU",11,2889,"biphone","JH-N","type",0
"CMU",11,2889,"biphone","K-N","type",10
"CMU",11,2889,"biphone","L-N","type",6
"CMU",11,2889,"biphone","M-N","type",4
"CMU",11,2889,"biphone","N-N","type",0
"CMU",11,2889,"biphone","NG-N","type",0
"CMU",11,2889,"biphone","P-N","type",3
"CMU",11,2889,"biphone","R-N","type",13
"CMU",11,2889,"biphone","S-N","type",7
"CMU",11,2889,"biphone","SH-N","type",10
"CMU",11,2889,"biphone","T-N","type",2
"CMU",11,2889,"biphone","TH-N","type",1
"CMU",11,2889,"biphone","V-N","type",12
"CMU",11,2889,"biphone","W-N","type",0
"CMU",11,2889,"biphone","Y-N","type",0
"CMU",11,2889,"biphone","Z-N","type",5
"CMU",11,2889,"biphone","ZH-N","type",0
"CMU",11,2889,"biphone","Q-N","type",0
"CMU",11,2889,"biphone","AA-NG","type",8
"CMU",11,2889,"biphone","AE-NG","type",33
"CMU",11,2889,"biphone","AH-NG","type",8
"CMU",11,2889,"biphone","AO-NG","type",2
"CMU",11,2889,"biphone","AW-NG","type",0
"CMU",11,2889,"biphone","AY-NG","type",0
"CMU",11,2889,"biphone","EH-NG","type",4
"CMU",11,2889,"biphone","ER-NG","type",0
"CMU",11,2889,"biphone","EY-NG","type",0
"CMU",11,2889,"biphone","IH-NG","type",241
"CMU",11,2889,"biphone","IY-NG","type",0
"CMU",11,2889,"biphone","OW-NG","type",0
"CMU",11,2889,"biphone","OY-NG","type",0
"CMU",11,2889,"biphone","UH-NG","type",0
"CMU",11,2889,"biphone","UW-NG","type",0
"CMU",11,2889,"biphone","AX-NG","type",0
"CMU",11,2889,"biphone","AXR-NG","type",0
"CMU",11,2889,"biphone","IX-NG","type",0
"CMU",11,2889,"biphone","UX-NG","type",0
"CMU",11,2889,"biphone","B-NG","type",0
"CMU",11,2889,"biphone","CH-NG","type",0
"CMU",11,2889,"biphone","D-NG","type",0
"CMU",11,2889,"biphone","DH-NG","type",0
"CMU",11,2889,"biphone","F-NG","type",0
"CMU",11,2889,"biphone","G-NG","type",0
"CMU",11,2889,"biphone","HH-NG","type",0
"CMU",11,2889,"biphone","JH-NG","type",0
"CMU",11,2889,"biphone","K-NG","type",0
"CMU",11,2889,"biphone","L-NG","type",0
"CMU",11,2889,"biphone","M-NG","type",0
"CMU",11,2889,"biphone","N-NG","type",0
"CMU",11,2889,"biphone","NG-NG","type",0
"CMU",11,2889,"biphone","P-NG","type",0
"CMU",11,2889,"biphone","R-NG","type",0
"CMU",11,2889,"biphone","S-NG","type",0
"CMU",11,2889,"biphone","SH-NG","type",0
"CMU",11,2889,"biphone","T-NG","type",0
"CMU",11,2889,"biphone","TH-NG","type",0
"CMU",11,2889,"biphone","V-NG","type",0
"CMU",11,2889,"biphone","W-NG","type",0
"CMU",11,2889,"biphone","Y-NG","type",0
"CMU",11,2889,"biphone","Z-NG","type",0
"CMU",11,2889,"biphone","ZH-NG","type",0
"CMU",11,2889,"biphone","Q-NG","type",0
"CMU",11,2889,"biphone","AA-P","type",36
"CMU",11,2889,"biphone","AE-P","type",20
"CMU",11,2889,"biphone","AH-P","type",97
"CMU",11,2889,"biphone","AO-P","type",3
"CMU",11,2889,"biphone","AW-P","type",0
"CMU",11,2889,"biphone","AY-P","type",9
"CMU",11,2889,"biphone","EH-P","type",25
"CMU",11,2889,"biphone","ER-P","type",17
"CMU",11,2889,"biphone","EY-P","type",4
"CMU",11,2889,"biphone","IH-P","type",71
"CMU",11,2889,"biphone","IY-P","type",26
"CMU",11,2889,"biphone","OW-P","type",23
"CMU",11,2889,"biphone","OY-P","type",0
"CMU",11,2889,"biphone","UH-P","type",0
"CMU",11,2889,"biphone","UW-P","type",20
"CMU",11,2889,"biphone","AX-P","type",0
"CMU",11,2889,"biphone","AXR-P","type",0
"CMU",11,2889,"biphone","IX-P","type",0
"CMU",11,2889,"biphone","UX-P","type",0
"CMU",11,2889,"biphone","B-P","type",0
"CMU",11,2889,"biphone","CH-P","type",0
"CMU",11,2889,"biphone","D-P","type",2
"CMU",11,2889,"biphone","DH-P","type",0
"CMU",11,2889,"biphone","F-P","type",3
"CMU",11,2889,"biphone","G-P","type",0
"CMU",11,2889,"biphone","HH-P","type",0
"CMU",11,2889,"biphone","JH-P","type",1
"CMU",11,2889,"biphone","K-P","type",1
"CMU",11,2889,"biphone","L-P","type",5
"CMU",11,2889,"biphone","M-P","type",113
"CMU",11,2889,"biphone","N-P","type",14
"CMU",11,2889,"biphone","NG-P","type",0
"CMU",11,2889,"biphone","P-P","type",0
"CMU",11,2889,"biphone","R-P","type",11
"CMU",11,2889,"biphone","S-P","type",118
"CMU",11,2889,"biphone","SH-P","type",0
"CMU",11,2889,"biphone","T-P","type",2
"CMU",11,2889,"biphone","TH-P","type",0
"CMU",11,2889,"biphone","V-P","type",0
"CMU",11,2889,"biphone","W-P","type",0
"CMU",11,2889,"biphone","Y-P","type",0
"CMU",11,2889,"biphone","Z-P","type",1
"CMU",11,2889,"biphone","ZH-P","type",0
"CMU",11,2889,"biphone","Q-P","type",0
"CMU",11,2889,"biphone","AA-R","type",114
"CMU",11,2889,"biphone","AE-R","type",3
"CMU",11,2889,"biphone","AH-R","type",4
"CMU",11,2889,"biphone","AO-R","type",209
"CMU",11,2889,"biphone","AW-R","type",0
"CMU",11,2889,"biphone","AY-R","type",15
"CMU",11,2889,"biphone","EH-R","type",143
"CMU",11,2889,"biphone","ER-R","type",4
"CMU",11,2889,"biphone","EY-R","type",0
"CMU",11,2889,"biphone","IH-R","type",52
"CMU",11,2889,"biphone","IY-R","type",14
"CMU",11,2889,"biphone","OW-R","type",1
"CMU",11,2889,"biphone","OY-R","type",0
"CMU",11,2889,"biphone","UH-R","type",29
"CMU",11,2889,"biphone","UW-R","type",6
"CMU",11,2889,"biphone","AX-R","type",0
"CMU",11,2889,"biphone","AXR-R","type",0
"CMU",11,2889,"biphone","IX-R","type",0
"CMU",11,2889,"biphone","UX-R","type",0
"CMU",11,2889,"biphone","B-R","type",54
"CMU",11,2889,"biphone","CH-R","type",1
"CMU",11,2889,"biphone","D-R","type",35
"CMU",11,2889,"biphone","DH-R","type",0
"CMU",11,2889,"biphone","F-R","type",37
"CMU",11,2889,"biphone","G-R","type",79
"CMU",11,2889,"biphone","HH-R","type",0
"CMU",11,2889,"biphone","JH-R","type",0
"CMU",11,2889,"biphone","K-R","type",132
"CMU",11,2889,"biphone","L-R","type",0
"CMU",11,2889,"biphone","M-R","type",0
"CMU",11,2889,"biphone","N-R","type",12
"CMU",11,2889,"biphone","NG-R","type",1
"CMU",11,2889,"biphone","P-R","type",203
"CMU",11,2889,"biphone","R-R","type",0
"CMU",11,2889,"biphone","S-R","type",9
"CMU",11,2889,"biphone","SH-R","type",1
"CMU",11,2889,"biphone","T-R","type",302
"CMU",11,2889,"biphone","TH-R","type",7
"CMU",11,2889,"biphone","V-R","type",3
"CMU",11,2889,"biphone","W-R","type",0
"CMU",11,2889,"biphone","Y-R","type",0
"CMU",11,2889,"biphone","Z-R","type",0
"CMU",11,2889,"biphone","ZH-R","type",0
"CMU",11,2889,"biphone","Q-R","type",0
"CMU",11,2889,"biphone","AA-S","type",30
"CMU",11,2889,"biphone","AE-S","type",65
"CMU",11,2889,"biphone","AH-S","type",247
"CMU",11,2889,"biphone","AO-S","type",12
"CMU",11,2889,"biphone","AW-S","type",7
"CMU",11,2889,"biphone","AY-S","type",9
"CMU",11,2889,"biphone","EH-S","type",79
"CMU",11,2889,"biphone","ER-S","type",51
"CMU",11,2889,"biphone","EY-S","type",12
"CMU",11,2889,"biphone","IH-S","type",353
"CMU",11,2889,"biphone","IY-S","type",34
"CMU",11,2889,"biphone","OW-S","type",35
"CMU",11,2889,"biphone","OY-S","type",0
"CMU",11,2889,"biphone","UH-S","type",0
"CMU",11,2889,"biphone","UW-S","type",20
"CMU",11,2889,"biphone","AX-S","type",0
"CMU",11,2889,"biphone","AXR-S","type",0
"CMU",11,2889,"biphone","IX-S","type",0
"CMU",11,2889,"biphone","UX-S","type",0
"CMU",11,2889,"biphone","B-S","type",19
"CMU",11,2889,"biphone","CH-S","type",0
"CMU",11,2889,"biphone","D-S","type",5
"CMU",11,2889,"biphone","DH-S","type",0
"CMU",11,2889,"biphone","F-S","type",24
"CMU",11,2889,"biphone","G-S","type",0
"CMU",11,2889,"biphone","HH-S","type",0
"CMU",11,2889,"biphone","JH-S","type",0
"CMU",11,2889,"biphone","K-S","type",189
"CMU",11,2889,"biphone","L-S","type",8
"CMU",11,2889,"biphone","M-S","type",3
"CMU",11,2889,"biphone","N-S","type",280
"CMU",11,2889,"biphone","NG-S","type",1
"CMU",11,2889,"biphone","P-S","type",9
"CMU",11,2889,"biphone","R-S","type",20
"CMU",11,2889,"biphone","S-S","type",0
"CMU",11,2889,"biphone","SH-S","type",0
"CMU",11,2889,"biphone","T-S","type",198
"CMU",11,2889,"biphone","TH-S","type",1
"CMU",11,2889,"biphone","V-S","type",1
"CMU",11,2889,"biphone","W-S","type",1
"CMU",11,2889,"biphone","Y-S","type",0
"CMU",11,2889,"biphone","Z-S","type",0
"CMU",11,2889,"biphone","ZH-S","type",0
"CMU",11,2889,"biphone","Q-S","type",0
"CMU",11,2889,"biphone","AA-SH","type",3
"CMU",11,2889,"biphone","AE-SH","type",20
"CMU",11,2889,"biphone","AH-SH","type",3
"CMU",11,2889,"biphone","AO-SH","type",2
"CMU",11,2889,"biphone","AW-SH","type",0
"CMU",11,2889,"biphone","AY-SH","type",0
"CMU",11,2889,"biphone","EH-SH","type",18
"CMU",11,2889,"biphone","ER-SH","type",12
"CMU",11,2889,"biphone","EY-SH","type",255
"CMU",11,2889,"biphone","IH-SH","type",73
"CMU",11,2889,"biphone","IY-SH","type",5
"CMU",11,2889,"biphone","OW-SH","type",7
"CMU",11,2889,"biphone","OY-SH","type",0
"CMU",11,2889,"biphone","UH-SH","type",0
"CMU",11,2889,"biphone","UW-SH","type",16
"CMU",11,2889,"biphone","AX-SH","type",0
"CMU",11,2889,"biphone","AXR-SH","type",0
"CMU",11,2889,"biphone","IX-SH","type",0
"CMU",11,2889,"biphone","UX-SH","type",0
"CMU",11,2889,"biphone","B-SH","type",1
"CMU",11,2889,"biphone","CH-SH","type",0
"CMU",11,2889,"biphone","D-SH","type",0
"CMU",11,2889,"biphone","DH-SH","type",0
"CMU",11,2889,"biphone","F-SH","type",0
"CMU",11,2889,"biphone","G-SH","type",1
"CMU",11,2889,"biphone","HH-SH","type",0
"CMU",11,2889,"biphone","JH-SH","type",0
"CMU",11,2889,"biphone","K-SH","type",52
"CMU",11,2889,"biphone","L-SH","type",0
"CMU",11,2889,"biphone","M-SH","type",0
"CMU",11,2889,"biphone","N-SH","type",39
"CMU",11,2889,"biphone","NG-SH","type",0
"CMU",11,2889,"biphone","P-SH","type",17
"CMU",11,2889,"biphone","R-SH","type",12
"CMU",11,2889,"biphone","S-SH","type",1
"CMU",11,2889,"biphone","SH-SH","type",0
"CMU",11,2889,"biphone","T-SH","type",0
"CMU",11,2889,"biphone","TH-SH","type",0
"CMU",11,2889,"biphone","V-SH","type",0
"CMU",11,2889,"biphone","W-SH","type",0
"CMU",11,2889,"biphone","Y-SH","type",0
"CMU",11,2889,"biphone","Z-SH","type",0
"CMU",11,2889,"biphone","ZH-SH","type",0
"CMU",11,2889,"biphone","Q-SH","type",0
"CMU",11,2889,"biphone","AA-T","type",12
"CMU",11,2889,"biphone","AE-T","type",64
"CMU",11,2889,"biphone","AH-T","type",270
"CMU",11,2889,"biphone","AO-T","type",4
"CMU",11,2889,"biphone","AW-T","type",4
"CMU",11,2889,"biphone","AY-T","type",20
"CMU",11,2889,"biphone","EH-T","type",52
"CMU",11,2889,"biphone","ER-T","type",23
"CMU",11,2889,"biphone","EY-T","type",245
"CMU",11,2889,"biphone","IH-T","type",140
"CMU",11,2889,"biphone","IY-T","type",18
"CMU",11,2889,"biphone","OW-T","type",23
"CMU",11,2889,"biphone","OY-T","type",4
"CMU",11,2889,"biphone","UH-T","type",0
"CMU",11,2889,"biphone","UW-T","type",41
"CMU",11,2889,"biphone","AX-T","type",0
"CMU",11,2889,"biphone","AXR-T","type",0
"CMU",11,2889,"biphone","IX-T","type",0
"CMU",11,2889,"biphone","UX-T","type",0
"CMU",11,2889,"biphone","B-T","type",1
"CMU",11,2889,"biphone","CH-T","type",0
"CMU",11,2889,"biphone","D-T","type",0
"CMU",11,2889,"biphone","DH-T","type",0
"CMU",11,2889,"biphone","F-T","type",12
"CMU",11,2889,"biphone","G-T","type",0
"CMU",11,2889,"biphone","HH-T","type",0
"CMU",11,2889,"biphone","JH-T","type",0
"CMU",11,2889,"biphone","K-T","type",129
"CMU",11,2889,"biphone","L-T","type",40
"CMU",11,2889,"biphone","M-T","type",1
"CMU",11,2889,"biphone","N-T","type",503
"CMU",11,2889,"biphone","NG-T","type",3
"CMU",11,2889,"biphone","P-T","type",26
"CMU",11,2889,"biphone","R-T","type",53
"CMU",11,2889,"biphone","S-T","type",471
"CMU",11,2889,"biphone","SH-T","type",3
"CMU",11,2889,"biphone","T-T","type",1
"CMU",11,2889,"biphone","TH-T","type",2
"CMU",11,2889,"biphone","V-T","type",0
"CMU",11,2889,"biphone","W-T","type",0
"CMU",11,2889,"biphone","Y-T","type",0
"CMU",11,2889,"biphone","Z-T","type",0
"CMU",11,2889,"biphone","ZH-T","type",0
"CMU",11,2889,"biphone","Q-T","type",0
"CMU",11,2889,"biphone","AA-TH","type",0
"CMU",11,2889,"biphone","AE-TH","type",5
"CMU",11,2889,"biphone","AH-TH","type",8
"CMU",11,2889,"biphone","AO-TH","type",4
"CMU",11,2889,"biphone","AW-TH","type",0
"CMU",11,2889,"biphone","AY-TH","type",0
"CMU",11,2889,"biphone","EH-TH","type",5
"CMU",11,2889,"biphone","ER-TH","type",0
"CMU",11,2889,"biphone","EY-TH","type",0
"CMU",11,2889,"biphone","IH-TH","type",7
"CMU",11,2889,"biphone","IY-TH","type",1
"CMU",11,2889,"biphone","OW-TH","type",2
"CMU",11,2889,"biphone","OY-TH","type",0
"CMU",11,2889,"biphone","UH-TH","type",0
"CMU",11,2889,"biphone","UW-TH","type",0
"CMU",11,2889,"biphone","AX-TH","type",0
"CMU",11,2889,"biphone","AXR-TH","type",0
"CMU",11,2889,"biphone","IX-TH","type",0
"CMU",11,2889,"biphone","UX-TH","type",0
"CMU",11,2889,"biphone","B-TH","type",0
"CMU",11,2889,"biphone","CH-TH","type",0
"CMU",11,2889,"biphone","D-TH","type",0
"CMU",11,2889,"biphone","DH-TH","type",0
"CMU",11,2889,"biphone","F-TH","type",5
"CMU",11,2889,"biphone","G-TH","type",0
"CMU",11,2889,"biphone","HH-TH","type",0
"CMU",11,2889,"biphone","JH-TH","type",0
"CMU",11,2889,"biphone","K-TH","type",0
"CMU",11,2889,"biphone","L-TH","type",1
"CMU",11,2889,"biphone","M-TH","type",0
"CMU",11,2889,"biphone","N-TH","type",10
"CMU",11,2889,"biphone","NG-TH","type",0
"CMU",11,2889,"biphone","P-TH","type",1
"CMU",11,2889,"biphone","R-TH","type",8
"CMU",11,2889,"biphone","S-TH","type",1
"CMU",11,2889,"biphone","SH-TH","type",0
"CMU",11,2889,"biphone","T-TH","type",0
"CMU",11,2889,"biphone","TH-TH","type",0
"CMU",11,2889,"biphone","V-TH","type",0
"CMU",11,2889,"biphone","W-TH","type",0
"CMU",11,2889,"biphone","Y-TH","type",0
"CMU",11,2889,"biphone","Z-TH","type",0
"CMU",11,2889,"biphone","ZH-TH","type",0
"CMU",11,2889,"biphone","Q-TH","type",0
"CMU",11,2889,"biphone","AA-V","type",12
"CMU",11,2889,"biphone","AE-V","type",4
"CMU",11,2889,"biphone","AH-V","type",37
"CMU",11,2889,"biphone","AO-V","type",0
"CMU",11,2889,"biphone","AW-V","type",0
"CMU",11,2889,"biphone","AY-V","type",6
"CMU",11,2889,"biphone","EH-V","type",8
"CMU",11,2889,"biphone","ER-V","type",14
"CMU",11,2889,"biphone","EY-V","type",6
"CMU",11,2889,"biphone","IH-V","type",110
"CMU",11,2889,"biphone","IY-V","type",25
"CMU",11,2889,"biphone","OW-V","type",27
"CMU",11,2889,"biphone","OY-V","type",1
"CMU",11,2889,"biphone","UH-V","type",0
"CMU",11,2889,"biphone","UW-V","type",4
"CMU",11,2889,"biphone","AX-V","type",0
"CMU",11,2889,"biphone","AXR-V","type",0
"CMU",11,2889,"biphone","IX-V","type",0
"CMU",11,2889,"biphone","UX-V","type",0
"CMU",11,2889,"biphone","B-V","type",1
"CMU",11,2889,"biphone","CH-V","type",0
"CMU",11,2889,"biphone","D-V","type",11
"CMU",11,2889,"biphone","DH-V","type",0
"CMU",11,2889,"biphone","F-V","type",0
"CMU",11,2889,"biphone","G-V","type",0
"CMU",11,2889,"biphone","HH-V","type",0
"CMU",11,2889,"biphone","JH-V","type",0
"CMU",11,2889,"biphone","K-V","type",0
"CMU",11,2889,"biphone","L-V","type",8
"CMU",11,2889,"biphone","M-V","type",3
"CMU",11,2889,"biphone","N-V","type",29
"CMU",11,2889,"biphone","NG-V","type",0
"CMU",11,2889,"biphone","P-V","type",0
"CMU",11,2889,"biphone","R-V","type",1
"CMU",11,2889,"biphone","S-V","type",1
"CMU",11,2889,"biphone","SH-V","type",1
"CMU",11,2889,"biphone","T-V","type",1
"CMU",11,2889,"biphone","TH-V","type",0
"CMU",11,2889,"biphone","V-V","type",0
"CMU",11,2889,"biphone","W-V","type",0
"CMU",11,2889,"biphone","Y-V","type",0
"CMU",11,2889,"biphone","Z-V","type",1
"CMU",11,2889,"biphone","ZH-V","type",0
"CMU",11,2889,"biphone","Q-V","type",0
"CMU",11,2889,"biphone","AA-W","type",1
"CMU",11,2889,"biphone","AE-W","type",0
"CMU",11,2889,"biphone","AH-W","type",19
"CMU",11,2889,"biphone","AO-W","type",0
"CMU",11,2889,"biphone","AW-W","type",0
"CMU",11,2889,"biphone","AY-W","type",0
"CMU",11,2889,"biphone","EH-W","type",1
"CMU",11,2889,"biphone","ER-W","type",3
"CMU",11,2889,"biphone","EY-W","type",0
"CMU",11,2889,"biphone","IH-W","type",1
"CMU",11,2889,"biphone","IY-W","type",2
"CMU",11,2889,"biphone","OW-W","type",0
"CMU",11,2889,"biphone","OY-W","type",0
"CMU",11,2889,"biphone","UH-W","type",0
"CMU",11,2889,"biphone","UW-W","type",0
"CMU",11,2889,"biphone","AX-W","type",0
"CMU",11,2889,"biphone","AXR-W","type",0
"CMU",11,2889,"biphone","IX-W","type",0
"CMU",11,2889,"biphone","UX-W","type",0
"CMU",11,2889,"biphone","B-W","type",1
"CMU",11,2889,"biphone","CH-W","type",0
"CMU",11,2889,"biphone","D-W","type",2
"CMU",11,2889,"biphone","DH-W","type",0
"CMU",11,2889,"biphone","F-W","type",0
"CMU",11,2889,"biphone","G-W","type",9
"CMU",11,2889,"biphone","HH-W","type",2
"CMU",11,2889,"biphone","JH-W","type",0
"CMU",11,2889,"biphone","K-W","type",57
"CMU",11,2889,"biphone","L-W","type",6
"CMU",11,2889,"biphone","M-W","type",0
"CMU",11,2889,"biphone","N-W","type",4
"CMU",11,2889,"biphone","NG-W","type",2
"CMU",11,2889,"biphone","P-W","type",1
"CMU",11,2889,"biphone","R-W","type",2
"CMU",11,2889,"biphone","S-W","type",10
"CMU",11,2889,"biphone","SH-W","type",3
"CMU",11,2889,"biphone","T-W","type",1
"CMU",11,2889,"biphone","TH-W","type",2
"CMU",11,2889,"biphone","V-W","type",0
"CMU",11,2889,"biphone","W-W","type",0
"CMU",11,2889,"biphone","Y-W","type",0
"CMU",11,2889,"biphone","Z-W","type",3
"CMU",11,2889,"biphone","ZH-W","type",0
"CMU",11,2889,"biphone","Q-W","type",0
"CMU",11,2889,"biphone","AA-Y","type",0
"CMU",11,2889,"biphone","AE-Y","type",0
"CMU",11,2889,"biphone","AH-Y","type",2
"CMU",11,2889,"biphone","AO-Y","type",1
"CMU",11,2889,"biphone","AW-Y","type",0
"CMU",11,2889,"biphone","AY-Y","type",0
"CMU",11,2889,"biphone","EH-Y","type",0
"CMU",11,2889,"biphone","ER-Y","type",1
"CMU",11,2889,"biphone","EY-Y","type",0
"CMU",11,2889,"biphone","IH-Y","type",1
"CMU",11,2889,"biphone","IY-Y","type",1
"CMU",11,2889,"biphone","OW-Y","type",0
"CMU",11,2889,"biphone","OY-Y","type",0
"CMU",11,2889,"biphone","UH-Y","type",0
"CMU",11,2889,"biphone","UW-Y","type",0
"CMU",11,2889,"biphone","AX-Y","type",0
"CMU",11,2889,"biphone","AXR-Y","type",0
"CMU",11,2889,"biphone","IX-Y","type",0
"CMU",11,2889,"biphone","UX-Y","type",0
"CMU",11,2889,"biphone","B-Y","type",20
"CMU",11,2889,"biphone","CH-Y","type",0
"CMU",11,2889,"biphone","D-Y","type",2
"CMU",11,2889,"biphone","DH-Y","type",0
"CMU",11,2889,"biphone","F-Y","type",7
"CMU",11,2889,"biphone","G-Y","type",15
"CMU",11,2889,"biphone","HH-Y","type",10
"CMU",11,2889,"biphone","JH-Y","type",2
"CMU",11,2889,"biphone","K-Y","type",84
"CMU",11,2889,"biphone","L-Y","type",24
"CMU",11,2889,"biphone","M-Y","type",38
"CMU",11,2889,"biphone","N-Y","type",29
"CMU",11,2889,"biphone","NG-Y","type",0
"CMU",11,2889,"biphone","P-Y","type",24
"CMU",11,2889,"biphone","R-Y","type",2
"CMU",11,2889,"biphone","S-Y","type",1
"CMU",11,2889,"biphone","SH-Y","type",2
"CMU",11,2889,"biphone","T-Y","type",2
"CMU",11,2889,"biphone","TH-Y","type",0
"CMU",11,2889,"biphone","V-Y","type",1
"CMU",11,2889,"biphone","W-Y","type",0
"CMU",11,2889,"biphone","Y-Y","type",0
"CMU",11,2889,"biphone","Z-Y","type",0
"CMU",11,2889,"biphone","ZH-Y","type",0
"CMU",11,2889,"biphone","Q-Y","type",0
"CMU",11,2889,"biphone","AA-Z","type",4
"CMU",11,2889,"biphone","AE-Z","type",7
"CMU",11,2889,"biphone","AH-Z","type",57
"CMU",11,2889,"biphone","AO-Z","type",2
"CMU",11,2889,"biphone","AW-Z","type",0
"CMU",11,2889,"biphone","AY-Z","type",100
"CMU",11,2889,"biphone","EH-Z","type",17
"CMU",11,2889,"biphone","ER-Z","type",67
"CMU",11,2889,"biphone","EY-Z","type",4
"CMU",11,2889,"biphone","IH-Z","type",139
"CMU",11,2889,"biphone","IY-Z","type",80
"CMU",11,2889,"biphone","OW-Z","type",24
"CMU",11,2889,"biphone","OY-Z","type",0
"CMU",11,2889,"biphone","UH-Z","type",0
"CMU",11,2889,"biphone","UW-Z","type",10
"CMU",11,2889,"biphone","AX-Z","type",0
"CMU",11,2889,"biphone","AXR-Z","type",0
"CMU",11,2889,"biphone","IX-Z","type",0
"CMU",11,2889,"biphone","UX-Z","type",0
"CMU",11,2889,"biphone","B-Z","type",2
"CMU",11,2889,"biphone","CH-Z","type",0
"CMU",11,2889,"biphone","D-Z","type",18
"CMU",11,2889,"biphone","DH-Z","type",0
"CMU",11,2889,"biphone","F-Z","type",0
"CMU",11,2889,"biphone","G-Z","type",26
"CMU",11,2889,"biphone","HH-Z","type",0
"CMU",11,2889,"biphone","JH-Z","type",1
"CMU",11,2889,"biphone","K-Z","type",2
"CMU",11,2889,"biphone","L-Z","type",43
"CMU",11,2889,"biphone","M-Z","type",11
"CMU",11,2889,"biphone","N-Z","type",217
"CMU",11,2889,"biphone","NG-Z","type",7
"CMU",11,2889,"biphone","P-Z","type",0
"CMU",11,2889,"biphone","R-Z","type",3
"CMU",11,2889,"biphone","S-Z","type",0
"CMU",11,2889,"biphone","SH-Z","type",0
"CMU",11,2889,"biphone","T-Z","type",0
"CMU",11,2889,"biphone","TH-Z","type",0
"CMU",11,2889,"biphone","V-Z","type",8
"CMU",11,2889,"biphone","W-Z","type",0
"CMU",11,2889,"biphone","Y-Z","type",0
"CMU",11,2889,"biphone","Z-Z","type",0
"CMU",11,2889,"biphone","ZH-Z","type",0
"CMU",11,2889,"biphone","Q-Z","type",0
"CMU",11,2889,"biphone","AA-ZH","type",0
"CMU",11,2889,"biphone","AE-ZH","type",0
"CMU",11,2889,"biphone","AH-ZH","type",1
"CMU",11,2889,"biphone","AO-ZH","type",0
"CMU",11,2889,"biphone","AW-ZH","type",0
"CMU",11,2889,"biphone","AY-ZH","type",0
"CMU",11,2889,"biphone","EH-ZH","type",0
"CMU",11,2889,"biphone","ER-ZH","type",0
"CMU",11,2889,"biphone","EY-ZH","type",1
"CMU",11,2889,"biphone","IH-ZH","type",7
"CMU",11,2889,"biphone","IY-ZH","type",2
"CMU",11,2889,"biphone","OW-ZH","type",0
"CMU",11,2889,"biphone","OY-ZH","type",0
"CMU",11,2889,"biphone","UH-ZH","type",0
"CMU",11,2889,"biphone","UW-ZH","type",2
"CMU",11,2889,"biphone","AX-ZH","type",0
"CMU",11,2889,"biphone","AXR-ZH","type",0
"CMU",11,2889,"biphone","IX-ZH","type",0
"CMU",11,2889,"biphone","UX-ZH","type",0
"CMU",11,2889,"biphone","B-ZH","type",0
"CMU",11,2889,"biphone","CH-ZH","type",0
"CMU",11,2889,"biphone","D-ZH","type",0
"CMU",11,2889,"biphone","DH-ZH","type",0
"CMU",11,2889,"biphone","F-ZH","type",0
"CMU",11,2889,"biphone","G-ZH","type",0
"CMU",11,2889,"biphone","HH-ZH","type",0
"CMU",11,2889,"biphone","JH-ZH","type",0
"CMU",11,2889,"biphone","K-ZH","type",0
"CMU",11,2889,"biphone","L-ZH","type",0
"CMU",11,2889,"biphone","M-ZH","type",0
"CMU",11,2889,"biphone","N-ZH","type",0
"CMU",11,2889,"biphone","NG-ZH","type",0
"CMU",11,2889,"biphone","P-ZH","type",0
"CMU",11,2889,"biphone","R-ZH","type",0
"CMU",11,2889,"biphone","S-ZH","type",0
"CMU",11,2889,"biphone","SH-ZH","type",0
"CMU",11,2889,"biphone","T-ZH","type",0
"CMU",11,2889,"biphone","TH-ZH","type",0
"CMU",11,2889,"biphone","V-ZH","type",0
"CMU",11,2889,"biphone","W-ZH","type",0
"CMU",11,2889,"biphone","Y-ZH","type",0
"CMU",11,2889,"biphone","Z-ZH","type",0
"CMU",11,2889,"biphone","ZH-ZH","type",0
"CMU",11,2889,"biphone","Q-ZH","type",0
"CMU",11,2889,"biphone","AA-Q","type",0
"CMU",11,2889,"biphone","AE-Q","type",0
"CMU",11,2889,"biphone","AH-Q","type",0
"CMU",11,2889,"biphone","AO-Q","type",0
"CMU",11,2889,"biphone","AW-Q","type",0
"CMU",11,2889,"biphone","AY-Q","type",0
"CMU",11,2889,"biphone","EH-Q","type",0
"CMU",11,2889,"biphone","ER-Q","type",0
"CMU",11,2889,"biphone","EY-Q","type",0
"CMU",11,2889,"biphone","IH-Q","type",0
"CMU",11,2889,"biphone","IY-Q","type",0
"CMU",11,2889,"biphone","OW-Q","type",0
"CMU",11,2889,"biphone","OY-Q","type",0
"CMU",11,2889,"biphone","UH-Q","type",0
"CMU",11,2889,"biphone","UW-Q","type",0
"CMU",11,2889,"biphone","AX-Q","type",0
"CMU",11,2889,"biphone","AXR-Q","type",0
"CMU",11,2889,"biphone","IX-Q","type",0
"CMU",11,2889,"biphone","UX-Q","type",0
"CMU",11,2889,"biphone","B-Q","type",0
"CMU",11,2889,"biphone","CH-Q","type",0
"CMU",11,2889,"biphone","D-Q","type",0
"CMU",11,2889,"biphone","DH-Q","type",0
"CMU",11,2889,"biphone","F-Q","type",0
"CMU",11,2889,"biphone","G-Q","type",0
"CMU",11,2889,"biphone","HH-Q","type",0
"CMU",11,2889,"biphone","JH-Q","type",0
"CMU",11,2889,"biphone","K-Q","type",0
"CMU",11,2889,"biphone","L-Q","type",0
"CMU",11,2889,"biphone","M-Q","type",0
"CMU",11,2889,"biphone","N-Q","type",0
"CMU",11,2889,"biphone","NG-Q","type",0
"CMU",11,2889,"biphone","P-Q","type",0
"CMU",11,2889,"biphone","R-Q","type",0
"CMU",11,2889,"biphone","S-Q","type",0
"CMU",11,2889,"biphone","SH-Q","type",0
"CMU",11,2889,"biphone","T-Q","type",0
"CMU",11,2889,"biphone","TH-Q","type",0
"CMU",11,2889,"biphone","V-Q","type",0
"CMU",11,2889,"biphone","W-Q","type",0
"CMU",11,2889,"biphone","Y-Q","type",0
"CMU",11,2889,"biphone","Z-Q","type",0
"CMU",11,2889,"biphone","ZH-Q","type",0
"CMU",11,2889,"biphone","Q-Q","type",0
"CMU",12,1564,"biphone","AA-AA","type",0
"CMU",12,1564,"biphone","AE-AA","type",0
"CMU",12,1564,"biphone","AH-AA","type",0
"CMU",12,1564,"biphone","AO-AA","type",0
"CMU",12,1564,"biphone","AW-AA","type",0
"CMU",12,1564,"biphone","AY-AA","type",4
"CMU",12,1564,"biphone","EH-AA","type",0
"CMU",12,1564,"biphone","ER-AA","type",3
"CMU",12,1564,"biphone","EY-AA","type",0
"CMU",12,1564,"biphone","IH-AA","type",0
"CMU",12,1564,"biphone","IY-AA","type",12
"CMU",12,1564,"biphone","OW-AA","type",1
"CMU",12,1564,"biphone","OY-AA","type",0
"CMU",12,1564,"biphone","UH-AA","type",0
"CMU",12,1564,"biphone","UW-AA","type",0
"CMU",12,1564,"biphone","AX-AA","type",0
"CMU",12,1564,"biphone","AXR-AA","type",0
"CMU",12,1564,"biphone","IX-AA","type",0
"CMU",12,1564,"biphone","UX-AA","type",0
"CMU",12,1564,"biphone","B-AA","type",4
"CMU",12,1564,"biphone","CH-AA","type",0
"CMU",12,1564,"biphone","D-AA","type",13
"CMU",12,1564,"biphone","DH-AA","type",0
"CMU",12,1564,"biphone","F-AA","type",4
"CMU",12,1564,"biphone","G-AA","type",4
"CMU",12,1564,"biphone","HH-AA","type",6
"CMU",12,1564,"biphone","JH-AA","type",1
"CMU",12,1564,"biphone","K-AA","type",99
"CMU",12,1564,"biphone","L-AA","type",22
"CMU",12,1564,"biphone","M-AA","type",21
"CMU",12,1564,"biphone","N-AA","type",62
"CMU",12,1564,"biphone","NG-AA","type",0
"CMU",12,1564,"biphone","P-AA","type",46
"CMU",12,1564,"biphone","R-AA","type",34
"CMU",12,1564,"biphone","S-AA","type",9
"CMU",12,1564,"biphone","SH-AA","type",0
"CMU",12,1564,"biphone","T-AA","type",22
"CMU",12,1564,"biphone","TH-AA","type",1
"CMU",12,1564,"biphone","V-AA","type",4
"CMU",12,1564,"biphone","W-AA","type",8
"CMU",12,1564,"biphone","Y-AA","type",0
"CMU",12,1564,"biphone","Z-AA","type",1
"CMU",12,1564,"biphone","ZH-AA","type",0
"CMU",12,1564,"biphone","Q-AA","type",0
"CMU",12,1564,"biphone","AA-AE","type",0
"CMU",12,1564,"biphone","AE-AE","type",0
"CMU",12,1564,"biphone","AH-AE","type",0
"CMU",12,1564,"biphone","AO-AE","type",0
"CMU",12,1564,"biphone","AW-AE","type",0
"CMU",12,1564,"biphone","AY-AE","type",1
"CMU",12,1564,"biphone","EH-AE","type",0
"CMU",12,1564,"biphone","ER-AE","type",3
"CMU",12,1564,"biphone","EY-AE","type",0
"CMU",12,1564,"biphone","IH-AE","type",0
"CMU",12,1564,"biphone","IY-AE","type",12
"CMU",12,1564,"biphone","OW-AE","type",2
"CMU",12,1564,"biphone","OY-AE","type",0
"CMU",12,1564,"biphone","UH-AE","type",0
"CMU",12,1564,"biphone","UW-AE","type",2
"CMU",12,1564,"biphone","AX-AE","type",0
"CMU",12,1564,"biphone","AXR-AE","type",0
"CMU",12,1564,"biphone","IX-AE","type",0
"CMU",12,1564,"biphone","UX-AE","type",0
"CMU",12,1564,"biphone","B-AE","type",16
"CMU",12,1564,"biphone","CH-AE","type",1
"CMU",12,1564,"biphone","D-AE","type",3
"CMU",12,1564,"biphone","DH-AE","type",0
"CMU",12,1564,"biphone","F-AE","type",11
"CMU",12,1564,"biphone","G-AE","type",2
"CMU",12,1564,"biphone","HH-AE","type",3
"CMU",12,1564,"biphone","JH-AE","type",0
"CMU",12,1564,"biphone","K-AE","type",32
"CMU",12,1564,"biphone","L-AE","type",33
"CMU",12,1564,"biphone","M-AE","type",50
"CMU",12,1564,"biphone","N-AE","type",35
"CMU",12,1564,"biphone","NG-AE","type",0
"CMU",12,1564,"biphone","P-AE","type",19
"CMU",12,1564,"biphone","R-AE","type",81
"CMU",12,1564,"biphone","S-AE","type",7
"CMU",12,1564,"biphone","SH-AE","type",1
"CMU",12,1564,"biphone","T-AE","type",40
"CMU",12,1564,"biphone","TH-AE","type",2
"CMU",12,1564,"biphone","V-AE","type",14
"CMU",12,1564,"biphone","W-AE","type",0
"CMU",12,1564,"biphone","Y-AE","type",0
"CMU",12,1564,"biphone","Z-AE","type",4
"CMU",12,1564,"biphone","ZH-AE","type",0
"CMU",12,1564,"biphone","Q-AE","type",0
"CMU",12,1564,"biphone","AA-AH","type",0
"CMU",12,1564,"biphone","AE-AH","type",0
"CMU",12,1564,"biphone","AH-AH","type",0
"CMU",12,1564,"biphone","AO-AH","type",0
"CMU",12,1564,"biphone","AW-AH","type",0
"CMU",12,1564,"biphone","AY-AH","type",14
"CMU",12,1564,"biphone","EH-AH","type",0
"CMU",12,1564,"biphone","ER-AH","type",34
"CMU",12,1564,"biphone","EY-AH","type",1
"CMU",12,1564,"biphone","IH-AH","type",0
"CMU",12,1564,"biphone","IY-AH","type",88
"CMU",12,1564,"biphone","OW-AH","type",4
"CMU",12,1564,"biphone","OY-AH","type",0
"CMU",12,1564,"biphone","UH-AH","type",0
"CMU",12,1564,"biphone","UW-AH","type",17
"CMU",12,1564,"biphone","AX-AH","type",0
"CMU",12,1564,"biphone","AXR-AH","type",0
"CMU",12,1564,"biphone","IX-AH","type",0
"CMU",12,1564,"biphone","UX-AH","type",0
"CMU",12,1564,"biphone","B-AH","type",67
"CMU",12,1564,"biphone","CH-AH","type",8
"CMU",12,1564,"biphone","D-AH","type",82
"CMU",12,1564,"biphone","DH-AH","type",0
"CMU",12,1564,"biphone","F-AH","type",49
"CMU",12,1564,"biphone","G-AH","type",27
"CMU",12,1564,"biphone","HH-AH","type",3
"CMU",12,1564,"biphone","JH-AH","type",48
"CMU",12,1564,"biphone","K-AH","type",231
"CMU",12,1564,"biphone","L-AH","type",164
"CMU",12,1564,"biphone","M-AH","type",179
"CMU",12,1564,"biphone","N-AH","type",161
"CMU",12,1564,"biphone","NG-AH","type",0
"CMU",12,1564,"biphone","P-AH","type",52
"CMU",12,1564,"biphone","R-AH","type",219
"CMU",12,1564,"biphone","S-AH","type",153
"CMU",12,1564,"biphone","SH-AH","type",327
"CMU",12,1564,"biphone","T-AH","type",222
"CMU",12,1564,"biphone","TH-AH","type",9
"CMU",12,1564,"biphone","V-AH","type",32
"CMU",12,1564,"biphone","W-AH","type",17
"CMU",12,1564,"biphone","Y-AH","type",81
"CMU",12,1564,"biphone","Z-AH","type",43
"CMU",12,1564,"biphone","ZH-AH","type",5
"CMU",12,1564,"biphone","Q-AH","type",0
"CMU",12,1564,"biphone","AA-AO","type",0
"CMU",12,1564,"biphone","AE-AO","type",0
"CMU",12,1564,"biphone","AH-AO","type",0
"CMU",12,1564,"biphone","AO-AO","type",0
"CMU",12,1564,"biphone","AW-AO","type",0
"CMU",12,1564,"biphone","AY-AO","type",1
"CMU",12,1564,"biphone","EH-AO","type",0
"CMU",12,1564,"biphone","ER-AO","type",1
"CMU",12,1564,"biphone","EY-AO","type",0
"CMU",12,1564,"biphone","IH-AO","type",1
"CMU",12,1564,"biphone","IY-AO","type",1
"CMU",12,1564,"biphone","OW-AO","type",0
"CMU",12,1564,"biphone","OY-AO","type",0
"CMU",12,1564,"biphone","UH-AO","type",0
"CMU",12,1564,"biphone","UW-AO","type",0
"CMU",12,1564,"biphone","AX-AO","type",0
"CMU",12,1564,"biphone","AXR-AO","type",0
"CMU",12,1564,"biphone","IX-AO","type",0
"CMU",12,1564,"biphone","UX-AO","type",0
"CMU",12,1564,"biphone","B-AO","type",8
"CMU",12,1564,"biphone","CH-AO","type",0
"CMU",12,1564,"biphone","D-AO","type",2
"CMU",12,1564,"biphone","DH-AO","type",0
"CMU",12,1564,"biphone","F-AO","type",21
"CMU",12,1564,"biphone","G-AO","type",2
"CMU",12,1564,"biphone","HH-AO","type",1
"CMU",12,1564,"biphone","JH-AO","type",1
"CMU",12,1564,"biphone","K-AO","type",12
"CMU",12,1564,"biphone","L-AO","type",15
"CMU",12,1564,"biphone","M-AO","type",5
"CMU",12,1564,"biphone","N-AO","type",7
"CMU",12,1564,"biphone","NG-AO","type",0
"CMU",12,1564,"biphone","P-AO","type",14
"CMU",12,1564,"biphone","R-AO","type",7
"CMU",12,1564,"biphone","S-AO","type",2
"CMU",12,1564,"biphone","SH-AO","type",1
"CMU",12,1564,"biphone","T-AO","type",23
"CMU",12,1564,"biphone","TH-AO","type",1
"CMU",12,1564,"biphone","V-AO","type",4
"CMU",12,1564,"biphone","W-AO","type",3
"CMU",12,1564,"biphone","Y-AO","type",1
"CMU",12,1564,"biphone","Z-AO","type",1
"CMU",12,1564,"biphone","ZH-AO","type",0
"CMU",12,1564,"biphone","Q-AO","type",0
"CMU",12,1564,"biphone","AA-AW","type",0
"CMU",12,1564,"biphone","AE-AW","type",0
"CMU",12,1564,"biphone","AH-AW","type",0
"CMU",12,1564,"biphone","AO-AW","type",0
"CMU",12,1564,"biphone","AW-AW","type",0
"CMU",12,1564,"biphone","AY-AW","type",0
"CMU",12,1564,"biphone","EH-AW","type",0
"CMU",12,1564,"biphone","ER-AW","type",0
"CMU",12,1564,"biphone","EY-AW","type",0
"CMU",12,1564,"biphone","IH-AW","type",0
"CMU",12,1564,"biphone","IY-AW","type",0
"CMU",12,1564,"biphone","OW-AW","type",0
"CMU",12,1564,"biphone","OY-AW","type",0
"CMU",12,1564,"biphone","UH-AW","type",0
"CMU",12,1564,"biphone","UW-AW","type",0
"CMU",12,1564,"biphone","AX-AW","type",0
"CMU",12,1564,"biphone","AXR-AW","type",0
"CMU",12,1564,"biphone","IX-AW","type",0
"CMU",12,1564,"biphone","UX-AW","type",0
"CMU",12,1564,"biphone","B-AW","type",0
"CMU",12,1564,"biphone","CH-AW","type",0
"CMU",12,1564,"biphone","D-AW","type",0
"CMU",12,1564,"biphone","DH-AW","type",0
"CMU",12,1564,"biphone","F-AW","type",0
"CMU",12,1564,"biphone","G-AW","type",0
"CMU",12,1564,"biphone","HH-AW","type",0
"CMU",12,1564,"biphone","JH-AW","type",0
"CMU",12,1564,"biphone","K-AW","type",11
"CMU",12,1564,"biphone","L-AW","type",0
"CMU",12,1564,"biphone","M-AW","type",1
"CMU",12,1564,"biphone","N-AW","type",3
"CMU",12,1564,"biphone","NG-AW","type",0
"CMU",12,1564,"biphone","P-AW","type",0
"CMU",12,1564,"biphone","R-AW","type",0
"CMU",12,1564,"biphone","S-AW","type",0
"CMU",12,1564,"biphone","SH-AW","type",0
"CMU",12,1564,"biphone","T-AW","type",0
"CMU",12,1564,"biphone","TH-AW","type",0
"CMU",12,1564,"biphone","V-AW","type",0
"CMU",12,1564,"biphone","W-AW","type",0
"CMU",12,1564,"biphone","Y-AW","type",0
"CMU",12,1564,"biphone","Z-AW","type",0
"CMU",12,1564,"biphone","ZH-AW","type",0
"CMU",12,1564,"biphone","Q-AW","type",0
"CMU",12,1564,"biphone","AA-AY","type",0
"CMU",12,1564,"biphone","AE-AY","type",0
"CMU",12,1564,"biphone","AH-AY","type",0
"CMU",12,1564,"biphone","AO-AY","type",0
"CMU",12,1564,"biphone","AW-AY","type",0
"CMU",12,1564,"biphone","AY-AY","type",0
"CMU",12,1564,"biphone","EH-AY","type",0
"CMU",12,1564,"biphone","ER-AY","type",4
"CMU",12,1564,"biphone","EY-AY","type",0
"CMU",12,1564,"biphone","IH-AY","type",0
"CMU",12,1564,"biphone","IY-AY","type",0
"CMU",12,1564,"biphone","OW-AY","type",0
"CMU",12,1564,"biphone","OY-AY","type",0
"CMU",12,1564,"biphone","UH-AY","type",0
"CMU",12,1564,"biphone","UW-AY","type",0
"CMU",12,1564,"biphone","AX-AY","type",0
"CMU",12,1564,"biphone","AXR-AY","type",0
"CMU",12,1564,"biphone","IX-AY","type",0
"CMU",12,1564,"biphone","UX-AY","type",0
"CMU",12,1564,"biphone","B-AY","type",10
"CMU",12,1564,"biphone","CH-AY","type",1
"CMU",12,1564,"biphone","D-AY","type",14
"CMU",12,1564,"biphone","DH-AY","type",0
"CMU",12,1564,"biphone","F-AY","type",16
"CMU",12,1564,"biphone","G-AY","type",1
"CMU",12,1564,"biphone","HH-AY","type",16
"CMU",12,1564,"biphone","JH-AY","type",1
"CMU",12,1564,"biphone","K-AY","type",3
"CMU",12,1564,"biphone","L-AY","type",30
"CMU",12,1564,"biphone","M-AY","type",25
"CMU",12,1564,"biphone","N-AY","type",13
"CMU",12,1564,"biphone","NG-AY","type",0
"CMU",12,1564,"biphone","P-AY","type",0
"CMU",12,1564,"biphone","R-AY","type",8
"CMU",12,1564,"biphone","S-AY","type",24
"CMU",12,1564,"biphone","SH-AY","type",0
"CMU",12,1564,"biphone","T-AY","type",15
"CMU",12,1564,"biphone","TH-AY","type",4
"CMU",12,1564,"biphone","V-AY","type",9
"CMU",12,1564,"biphone","W-AY","type",2
"CMU",12,1564,"biphone","Y-AY","type",0
"CMU",12,1564,"biphone","Z-AY","type",3
"CMU",12,1564,"biphone","ZH-AY","type",0
"CMU",12,1564,"biphone","Q-AY","type",0
"CMU",12,1564,"biphone","AA-EH","type",0
"CMU",12,1564,"biphone","AE-EH","type",0
"CMU",12,1564,"biphone","AH-EH","type",0
"CMU",12,1564,"biphone","AO-EH","type",0
"CMU",12,1564,"biphone","AW-EH","type",0
"CMU",12,1564,"biphone","AY-EH","type",0
"CMU",12,1564,"biphone","EH-EH","type",0
"CMU",12,1564,"biphone","ER-EH","type",15
"CMU",12,1564,"biphone","EY-EH","type",0
"CMU",12,1564,"biphone","IH-EH","type",0
"CMU",12,1564,"biphone","IY-EH","type",11
"CMU",12,1564,"biphone","OW-EH","type",2
"CMU",12,1564,"biphone","OY-EH","type",0
"CMU",12,1564,"biphone","UH-EH","type",0
"CMU",12,1564,"biphone","UW-EH","type",0
"CMU",12,1564,"biphone","AX-EH","type",0
"CMU",12,1564,"biphone","AXR-EH","type",0
"CMU",12,1564,"biphone","IX-EH","type",0
"CMU",12,1564,"biphone","UX-EH","type",0
"CMU",12,1564,"biphone","B-EH","type",7
"CMU",12,1564,"biphone","CH-EH","type",3
"CMU",12,1564,"biphone","D-EH","type",30
"CMU",12,1564,"biphone","DH-EH","type",0
"CMU",12,1564,"biphone","F-EH","type",19
"CMU",12,1564,"biphone","G-EH","type",0
"CMU",12,1564,"biphone","HH-EH","type",12
"CMU",12,1564,"biphone","JH-EH","type",21
"CMU",12,1564,"biphone","K-EH","type",5
"CMU",12,1564,"biphone","L-EH","type",32
"CMU",12,1564,"biphone","M-EH","type",67
"CMU",12,1564,"biphone","N-EH","type",31
"CMU",12,1564,"biphone","NG-EH","type",0
"CMU",12,1564,"biphone","P-EH","type",45
"CMU",12,1564,"biphone","R-EH","type",70
"CMU",12,1564,"biphone","S-EH","type",77
"CMU",12,1564,"biphone","SH-EH","type",0
"CMU",12,1564,"biphone","T-EH","type",56
"CMU",12,1564,"biphone","TH-EH","type",8
"CMU",12,1564,"biphone","V-EH","type",27
"CMU",12,1564,"biphone","W-EH","type",9
"CMU",12,1564,"biphone","Y-EH","type",1
"CMU",12,1564,"biphone","Z-EH","type",9
"CMU",12,1564,"biphone","ZH-EH","type",0
"CMU",12,1564,"biphone","Q-EH","type",0
"CMU",12,1564,"biphone","AA-ER","type",0
"CMU",12,1564,"biphone","AE-ER","type",0
"CMU",12,1564,"biphone","AH-ER","type",0
"CMU",12,1564,"biphone","AO-ER","type",0
"CMU",12,1564,"biphone","AW-ER","type",0
"CMU",12,1564,"biphone","AY-ER","type",1
"CMU",12,1564,"biphone","EH-ER","type",0
"CMU",12,1564,"biphone","ER-ER","type",2
"CMU",12,1564,"biphone","EY-ER","type",0
"CMU",12,1564,"biphone","IH-ER","type",0
"CMU",12,1564,"biphone","IY-ER","type",1
"CMU",12,1564,"biphone","OW-ER","type",0
"CMU",12,1564,"biphone","OY-ER","type",0
"CMU",12,1564,"biphone","UH-ER","type",0
"CMU",12,1564,"biphone","UW-ER","type",0
"CMU",12,1564,"biphone","AX-ER","type",0
"CMU",12,1564,"biphone","AXR-ER","type",0
"CMU",12,1564,"biphone","IX-ER","type",0
"CMU",12,1564,"biphone","UX-ER","type",0
"CMU",12,1564,"biphone","B-ER","type",11
"CMU",12,1564,"biphone","CH-ER","type",16
"CMU",12,1564,"biphone","D-ER","type",25
"CMU",12,1564,"biphone","DH-ER","type",0
"CMU",12,1564,"biphone","F-ER","type",13
"CMU",12,1564,"biphone","G-ER","type",7
"CMU",12,1564,"biphone","HH-ER","type",3
"CMU",12,1564,"biphone","JH-ER","type",2
"CMU",12,1564,"biphone","K-ER","type",0
"CMU",12,1564,"biphone","L-ER","type",6
"CMU",12,1564,"biphone","M-ER","type",6
"CMU",12,1564,"biphone","N-ER","type",18
"CMU",12,1564,"biphone","NG-ER","type",0
"CMU",12,1564,"biphone","P-ER","type",39
"CMU",12,1564,"biphone","R-ER","type",2
"CMU",12,1564,"biphone","S-ER","type",24
"CMU",12,1564,"biphone","SH-ER","type",1
"CMU",12,1564,"biphone","T-ER","type",100
"CMU",12,1564,"biphone","TH-ER","type",2
"CMU",12,1564,"biphone","V-ER","type",37
"CMU",12,1564,"biphone","W-ER","type",3
"CMU",12,1564,"biphone","Y-ER","type",2
"CMU",12,1564,"biphone","Z-ER","type",3
"CMU",12,1564,"biphone","ZH-ER","type",0
"CMU",12,1564,"biphone","Q-ER","type",0
"CMU",12,1564,"biphone","AA-EY","type",0
"CMU",12,1564,"biphone","AE-EY","type",0
"CMU",12,1564,"biphone","AH-EY","type",0
"CMU",12,1564,"biphone","AO-EY","type",0
"CMU",12,1564,"biphone","AW-EY","type",0
"CMU",12,1564,"biphone","AY-EY","type",0
"CMU",12,1564,"biphone","EH-EY","type",0
"CMU",12,1564,"biphone","ER-EY","type",12
"CMU",12,1564,"biphone","EY-EY","type",0
"CMU",12,1564,"biphone","IH-EY","type",0
"CMU",12,1564,"biphone","IY-EY","type",28
"CMU",12,1564,"biphone","OW-EY","type",1
"CMU",12,1564,"biphone","OY-EY","type",0
"CMU",12,1564,"biphone","UH-EY","type",0
"CMU",12,1564,"biphone","UW-EY","type",9
"CMU",12,1564,"biphone","AX-EY","type",0
"CMU",12,1564,"biphone","AXR-EY","type",0
"CMU",12,1564,"biphone","IX-EY","type",0
"CMU",12,1564,"biphone","UX-EY","type",0
"CMU",12,1564,"biphone","B-EY","type",1
"CMU",12,1564,"biphone","CH-EY","type",2
"CMU",12,1564,"biphone","D-EY","type",9
"CMU",12,1564,"biphone","DH-EY","type",0
"CMU",12,1564,"biphone","F-EY","type",1
"CMU",12,1564,"biphone","G-EY","type",16
"CMU",12,1564,"biphone","HH-EY","type",0
"CMU",12,1564,"biphone","JH-EY","type",0
"CMU",12,1564,"biphone","K-EY","type",53
"CMU",12,1564,"biphone","L-EY","type",55
"CMU",12,1564,"biphone","M-EY","type",21
"CMU",12,1564,"biphone","N-EY","type",45
"CMU",12,1564,"biphone","NG-EY","type",0
"CMU",12,1564,"biphone","P-EY","type",11
"CMU",12,1564,"biphone","R-EY","type",34
"CMU",12,1564,"biphone","S-EY","type",6
"CMU",12,1564,"biphone","SH-EY","type",0
"CMU",12,1564,"biphone","T-EY","type",52
"CMU",12,1564,"biphone","TH-EY","type",0
"CMU",12,1564,"biphone","V-EY","type",6
"CMU",12,1564,"biphone","W-EY","type",4
"CMU",12,1564,"biphone","Y-EY","type",0
"CMU",12,1564,"biphone","Z-EY","type",42
"CMU",12,1564,"biphone","ZH-EY","type",0
"CMU",12,1564,"biphone","Q-EY","type",0
"CMU",12,1564,"biphone","AA-IH","type",0
"CMU",12,1564,"biphone","AE-IH","type",0
"CMU",12,1564,"biphone","AH-IH","type",0
"CMU",12,1564,"biphone","AO-IH","type",0
"CMU",12,1564,"biphone","AW-IH","type",0
"CMU",12,1564,"biphone","AY-IH","type",6
"CMU",12,1564,"biphone","EH-IH","type",0
"CMU",12,1564,"biphone","ER-IH","type",10
"CMU",12,1564,"biphone","EY-IH","type",1
"CMU",12,1564,"biphone","IH-IH","type",0
"CMU",12,1564,"biphone","IY-IH","type",24
"CMU",12,1564,"biphone","OW-IH","type",4
"CMU",12,1564,"biphone","OY-IH","type",0
"CMU",12,1564,"biphone","UH-IH","type",0
"CMU",12,1564,"biphone","UW-IH","type",3
"CMU",12,1564,"biphone","AX-IH","type",0
"CMU",12,1564,"biphone","AXR-IH","type",0
"CMU",12,1564,"biphone","IX-IH","type",0
"CMU",12,1564,"biphone","UX-IH","type",0
"CMU",12,1564,"biphone","B-IH","type",37
"CMU",12,1564,"biphone","CH-IH","type",2
"CMU",12,1564,"biphone","D-IH","type",143
"CMU",12,1564,"biphone","DH-IH","type",0
"CMU",12,1564,"biphone","F-IH","type",44
"CMU",12,1564,"biphone","G-IH","type",2
"CMU",12,1564,"biphone","HH-IH","type",5
"CMU",12,1564,"biphone","JH-IH","type",46
"CMU",12,1564,"biphone","K-IH","type",9
"CMU",12,1564,"biphone","L-IH","type",115
"CMU",12,1564,"biphone","M-IH","type",85
"CMU",12,1564,"biphone","N-IH","type",89
"CMU",12,1564,"biphone","NG-IH","type",0
"CMU",12,1564,"biphone","P-IH","type",33
"CMU",12,1564,"biphone","R-IH","type",121
"CMU",12,1564,"biphone","S-IH","type",127
"CMU",12,1564,"biphone","SH-IH","type",17
"CMU",12,1564,"biphone","T-IH","type",312
"CMU",12,1564,"biphone","TH-IH","type",1
"CMU",12,1564,"biphone","V-IH","type",28
"CMU",12,1564,"biphone","W-IH","type",11
"CMU",12,1564,"biphone","Y-IH","type",0
"CMU",12,1564,"biphone","Z-IH","type",35
"CMU",12,1564,"biphone","ZH-IH","type",0
"CMU",12,1564,"biphone","Q-IH","type",0
"CMU",12,1564,"biphone","AA-IY","type",0
"CMU",12,1564,"biphone","AE-IY","type",0
"CMU",12,1564,"biphone","AH-IY","type",0
"CMU",12,1564,"biphone","AO-IY","type",0
"CMU",12,1564,"biphone","AW-IY","type",0
"CMU",12,1564,"biphone","AY-IY","type",0
"CMU",12,1564,"biphone","EH-IY","type",0
"CMU",12,1564,"biphone","ER-IY","type",7
"CMU",12,1564,"biphone","EY-IY","type",0
"CMU",12,1564,"biphone","IH-IY","type",0
"CMU",12,1564,"biphone","IY-IY","type",0
"CMU",12,1564,"biphone","OW-IY","type",0
"CMU",12,1564,"biphone","OY-IY","type",0
"CMU",12,1564,"biphone","UH-IY","type",0
"CMU",12,1564,"biphone","UW-IY","type",0
"CMU",12,1564,"biphone","AX-IY","type",0
"CMU",12,1564,"biphone","AXR-IY","type",0
"CMU",12,1564,"biphone","IX-IY","type",0
"CMU",12,1564,"biphone","UX-IY","type",0
"CMU",12,1564,"biphone","B-IY","type",2
"CMU",12,1564,"biphone","CH-IY","type",6
"CMU",12,1564,"biphone","D-IY","type",35
"CMU",12,1564,"biphone","DH-IY","type",1
"CMU",12,1564,"biphone","F-IY","type",5
"CMU",12,1564,"biphone","G-IY","type",3
"CMU",12,1564,"biphone","HH-IY","type",0
"CMU",12,1564,"biphone","JH-IY","type",17
"CMU",12,1564,"biphone","K-IY","type",9
"CMU",12,1564,"biphone","L-IY","type",146
"CMU",12,1564,"biphone","M-IY","type",16
"CMU",12,1564,"biphone","N-IY","type",35
"CMU",12,1564,"biphone","NG-IY","type",0
"CMU",12,1564,"biphone","P-IY","type",15
"CMU",12,1564,"biphone","R-IY","type",163
"CMU",12,1564,"biphone","S-IY","type",25
"CMU",12,1564,"biphone","SH-IY","type",19
"CMU",12,1564,"biphone","T-IY","type",87
"CMU",12,1564,"biphone","TH-IY","type",2
"CMU",12,1564,"biphone","V-IY","type",15
"CMU",12,1564,"biphone","W-IY","type",1
"CMU",12,1564,"biphone","Y-IY","type",0
"CMU",12,1564,"biphone","Z-IY","type",3
"CMU",12,1564,"biphone","ZH-IY","type",1
"CMU",12,1564,"biphone","Q-IY","type",0
"CMU",12,1564,"biphone","AA-OW","type",0
"CMU",12,1564,"biphone","AE-OW","type",0
"CMU",12,1564,"biphone","AH-OW","type",0
"CMU",12,1564,"biphone","AO-OW","type",0
"CMU",12,1564,"biphone","AW-OW","type",0
"CMU",12,1564,"biphone","AY-OW","type",4
"CMU",12,1564,"biphone","EH-OW","type",0
"CMU",12,1564,"biphone","ER-OW","type",3
"CMU",12,1564,"biphone","EY-OW","type",0
"CMU",12,1564,"biphone","IH-OW","type",0
"CMU",12,1564,"biphone","IY-OW","type",11
"CMU",12,1564,"biphone","OW-OW","type",0
"CMU",12,1564,"biphone","OY-OW","type",0
"CMU",12,1564,"biphone","UH-OW","type",0
"CMU",12,1564,"biphone","UW-OW","type",0
"CMU",12,1564,"biphone","AX-OW","type",0
"CMU",12,1564,"biphone","AXR-OW","type",0
"CMU",12,1564,"biphone","IX-OW","type",0
"CMU",12,1564,"biphone","UX-OW","type",0
"CMU",12,1564,"biphone","B-OW","type",3
"CMU",12,1564,"biphone","CH-OW","type",0
"CMU",12,1564,"biphone","D-OW","type",1
"CMU",12,1564,"biphone","DH-OW","type",0
"CMU",12,1564,"biphone","F-OW","type",7
"CMU",12,1564,"biphone","G-OW","type",7
"CMU",12,1564,"biphone","HH-OW","type",6
"CMU",12,1564,"biphone","JH-OW","type",1
"CMU",12,1564,"biphone","K-OW","type",18
"CMU",12,1564,"biphone","L-OW","type",18
"CMU",12,1564,"biphone","M-OW","type",15
"CMU",12,1564,"biphone","N-OW","type",11
"CMU",12,1564,"biphone","NG-OW","type",0
"CMU",12,1564,"biphone","P-OW","type",6
"CMU",12,1564,"biphone","R-OW","type",66
"CMU",12,1564,"biphone","S-OW","type",7
"CMU",12,1564,"biphone","SH-OW","type",0
"CMU",12,1564,"biphone","T-OW","type",18
"CMU",12,1564,"biphone","TH-OW","type",0
"CMU",12,1564,"biphone","V-OW","type",2
"CMU",12,1564,"biphone","W-OW","type",0
"CMU",12,1564,"biphone","Y-OW","type",1
"CMU",12,1564,"biphone","Z-OW","type",1
"CMU",12,1564,"biphone","ZH-OW","type",0
"CMU",12,1564,"biphone","Q-OW","type",0
"CMU",12,1564,"biphone","AA-OY","type",0
"CMU",12,1564,"biphone","AE-OY","type",0
"CMU",12,1564,"biphone","AH-OY","type",0
"CMU",12,1564,"biphone","AO-OY","type",0
"CMU",12,1564,"biphone","AW-OY","type",0
"CMU",12,1564,"biphone","AY-OY","type",0
"CMU",12,1564,"biphone","EH-OY","type",0
"CMU",12,1564,"biphone","ER-OY","type",0
"CMU",12,1564,"biphone","EY-OY","type",0
"CMU",12,1564,"biphone","IH-OY","type",0
"CMU",12,1564,"biphone","IY-OY","type",0
"CMU",12,1564,"biphone","OW-OY","type",0
"CMU",12,1564,"biphone","OY-OY","type",0
"CMU",12,1564,"biphone","UH-OY","type",0
"CMU",12,1564,"biphone","UW-OY","type",0
"CMU",12,1564,"biphone","AX-OY","type",0
"CMU",12,1564,"biphone","AXR-OY","type",0
"CMU",12,1564,"biphone","IX-OY","type",0
"CMU",12,1564,"biphone","UX-OY","type",0
"CMU",12,1564,"biphone","B-OY","type",0
"CMU",12,1564,"biphone","CH-OY","type",0
"CMU",12,1564,"biphone","D-OY","type",0
"CMU",12,1564,"biphone","DH-OY","type",0
"CMU",12,1564,"biphone","F-OY","type",0
"CMU",12,1564,"biphone","G-OY","type",0
"CMU",12,1564,"biphone","HH-OY","type",0
"CMU",12,1564,"biphone","JH-OY","type",0
"CMU",12,1564,"biphone","K-OY","type",0
"CMU",12,1564,"biphone","L-OY","type",2
"CMU",12,1564,"biphone","M-OY","type",0
"CMU",12,1564,"biphone","N-OY","type",1
"CMU",12,1564,"biphone","NG-OY","type",0
"CMU",12,1564,"biphone","P-OY","type",2
"CMU",12,1564,"biphone","R-OY","type",0
"CMU",12,1564,"biphone","S-OY","type",0
"CMU",12,1564,"biphone","SH-OY","type",0
"CMU",12,1564,"biphone","T-OY","type",0
"CMU",12,1564,"biphone","TH-OY","type",0
"CMU",12,1564,"biphone","V-OY","type",0
"CMU",12,1564,"biphone","W-OY","type",0
"CMU",12,1564,"biphone","Y-OY","type",0
"CMU",12,1564,"biphone","Z-OY","type",0
"CMU",12,1564,"biphone","ZH-OY","type",0
"CMU",12,1564,"biphone","Q-OY","type",0
"CMU",12,1564,"biphone","AA-UH","type",0
"CMU",12,1564,"biphone","AE-UH","type",0
"CMU",12,1564,"biphone","AH-UH","type",0
"CMU",12,1564,"biphone","AO-UH","type",0
"CMU",12,1564,"biphone","AW-UH","type",0
"CMU",12,1564,"biphone","AY-UH","type",0
"CMU",12,1564,"biphone","EH-UH","type",0
"CMU",12,1564,"biphone","ER-UH","type",0
"CMU",12,1564,"biphone","EY-UH","type",0
"CMU",12,1564,"biphone","IH-UH","type",0
"CMU",12,1564,"biphone","IY-UH","type",0
"CMU",12,1564,"biphone","OW-UH","type",0
"CMU",12,1564,"biphone","OY-UH","type",0
"CMU",12,1564,"biphone","UH-UH","type",0
"CMU",12,1564,"biphone","UW-UH","type",0
"CMU",12,1564,"biphone","AX-UH","type",0
"CMU",12,1564,"biphone","AXR-UH","type",0
"CMU",12,1564,"biphone","IX-UH","type",0
"CMU",12,1564,"biphone","UX-UH","type",0
"CMU",12,1564,"biphone","B-UH","type",0
"CMU",12,1564,"biphone","CH-UH","type",1
"CMU",12,1564,"biphone","D-UH","type",0
"CMU",12,1564,"biphone","DH-UH","type",0
"CMU",12,1564,"biphone","F-UH","type",0
"CMU",12,1564,"biphone","G-UH","type",0
"CMU",12,1564,"biphone","HH-UH","type",0
"CMU",12,1564,"biphone","JH-UH","type",2
"CMU",12,1564,"biphone","K-UH","type",0
"CMU",12,1564,"biphone","L-UH","type",1
"CMU",12,1564,"biphone","M-UH","type",0
"CMU",12,1564,"biphone","N-UH","type",0
"CMU",12,1564,"biphone","NG-UH","type",0
"CMU",12,1564,"biphone","P-UH","type",0
"CMU",12,1564,"biphone","R-UH","type",0
"CMU",12,1564,"biphone","S-UH","type",0
"CMU",12,1564,"biphone","SH-UH","type",0
"CMU",12,1564,"biphone","T-UH","type",0
"CMU",12,1564,"biphone","TH-UH","type",0
"CMU",12,1564,"biphone","V-UH","type",0
"CMU",12,1564,"biphone","W-UH","type",3
"CMU",12,1564,"biphone","Y-UH","type",9
"CMU",12,1564,"biphone","Z-UH","type",0
"CMU",12,1564,"biphone","ZH-UH","type",0
"CMU",12,1564,"biphone","Q-UH","type",0
"CMU",12,1564,"biphone","AA-UW","type",0
"CMU",12,1564,"biphone","AE-UW","type",0
"CMU",12,1564,"biphone","AH-UW","type",0
"CMU",12,1564,"biphone","AO-UW","type",0
"CMU",12,1564,"biphone","AW-UW","type",0
"CMU",12,1564,"biphone","AY-UW","type",0
"CMU",12,1564,"biphone","EH-UW","type",0
"CMU",12,1564,"biphone","ER-UW","type",0
"CMU",12,1564,"biphone","EY-UW","type",0
"CMU",12,1564,"biphone","IH-UW","type",0
"CMU",12,1564,"biphone","IY-UW","type",1
"CMU",12,1564,"biphone","OW-UW","type",0
"CMU",12,1564,"biphone","OY-UW","type",0
"CMU",12,1564,"biphone","UH-UW","type",0
"CMU",12,1564,"biphone","UW-UW","type",0
"CMU",12,1564,"biphone","AX-UW","type",0
"CMU",12,1564,"biphone","AXR-UW","type",0
"CMU",12,1564,"biphone","IX-UW","type",0
"CMU",12,1564,"biphone","UX-UW","type",0
"CMU",12,1564,"biphone","B-UW","type",0
"CMU",12,1564,"biphone","CH-UW","type",11
"CMU",12,1564,"biphone","D-UW","type",2
"CMU",12,1564,"biphone","DH-UW","type",0
"CMU",12,1564,"biphone","F-UW","type",1
"CMU",12,1564,"biphone","G-UW","type",1
"CMU",12,1564,"biphone","HH-UW","type",0
"CMU",12,1564,"biphone","JH-UW","type",1
"CMU",12,1564,"biphone","K-UW","type",0
"CMU",12,1564,"biphone","L-UW","type",12
"CMU",12,1564,"biphone","M-UW","type",0
"CMU",12,1564,"biphone","N-UW","type",3
"CMU",12,1564,"biphone","NG-UW","type",0
"CMU",12,1564,"biphone","P-UW","type",0
"CMU",12,1564,"biphone","R-UW","type",8
"CMU",12,1564,"biphone","S-UW","type",15
"CMU",12,1564,"biphone","SH-UW","type",4
"CMU",12,1564,"biphone","T-UW","type",12
"CMU",12,1564,"biphone","TH-UW","type",0
"CMU",12,1564,"biphone","V-UW","type",0
"CMU",12,1564,"biphone","W-UW","type",0
"CMU",12,1564,"biphone","Y-UW","type",91
"CMU",12,1564,"biphone","Z-UW","type",0
"CMU",12,1564,"biphone","ZH-UW","type",0
"CMU",12,1564,"biphone","Q-UW","type",0
"CMU",12,1564,"biphone","AA-AX","type",0
"CMU",12,1564,"biphone","AE-AX","type",0
"CMU",12,1564,"biphone","AH-AX","type",0
"CMU",12,1564,"biphone","AO-AX","type",0
"CMU",12,1564,"biphone","AW-AX","type",0
"CMU",12,1564,"biphone","AY-AX","type",0
"CMU",12,1564,"biphone","EH-AX","type",0
"CMU",12,1564,"biphone","ER-AX","type",0
"CMU",12,1564,"biphone","EY-AX","type",0
"CMU",12,1564,"biphone","IH-AX","type",0
"CMU",12,1564,"biphone","IY-AX","type",0
"CMU",12,1564,"biphone","OW-AX","type",0
"CMU",12,1564,"biphone","OY-AX","type",0
"CMU",12,1564,"biphone","UH-AX","type",0
"CMU",12,1564,"biphone","UW-AX","type",0
"CMU",12,1564,"biphone","AX-AX","type",0
"CMU",12,1564,"biphone","AXR-AX","type",0
"CMU",12,1564,"biphone","IX-AX","type",0
"CMU",12,1564,"biphone","UX-AX","type",0
"CMU",12,1564,"biphone","B-AX","type",0
"CMU",12,1564,"biphone","CH-AX","type",0
"CMU",12,1564,"biphone","D-AX","type",0
"CMU",12,1564,"biphone","DH-AX","type",0
"CMU",12,1564,"biphone","F-AX","type",0
"CMU",12,1564,"biphone","G-AX","type",0
"CMU",12,1564,"biphone","HH-AX","type",0
"CMU",12,1564,"biphone","JH-AX","type",0
"CMU",12,1564,"biphone","K-AX","type",0
"CMU",12,1564,"biphone","L-AX","type",0
"CMU",12,1564,"biphone","M-AX","type",0
"CMU",12,1564,"biphone","N-AX","type",0
"CMU",12,1564,"biphone","NG-AX","type",0
"CMU",12,1564,"biphone","P-AX","type",0
"CMU",12,1564,"biphone","R-AX","type",0
"CMU",12,1564,"biphone","S-AX","type",0
"CMU",12,1564,"biphone","SH-AX","type",0
"CMU",12,1564,"biphone","T-AX","type",0
"CMU",12,1564,"biphone","TH-AX","type",0
"CMU",12,1564,"biphone","V-AX","type",0
"CMU",12,1564,"biphone","W-AX","type",0
"CMU",12,1564,"biphone","Y-AX","type",0
"CMU",12,1564,"biphone","Z-AX","type",0
"CMU",12,1564,"biphone","ZH-AX","type",0
"CMU",12,1564,"biphone","Q-AX","type",0
"CMU",12,1564,"biphone","AA-AXR","type",0
"CMU",12,1564,"biphone","AE-AXR","type",0
"CMU",12,1564,"biphone","AH-AXR","type",0
"CMU",12,1564,"biphone","AO-AXR","type",0
"CMU",12,1564,"biphone","AW-AXR","type",0
"CMU",12,1564,"biphone","AY-AXR","type",0
"CMU",12,1564,"biphone","EH-AXR","type",0
"CMU",12,1564,"biphone","ER-AXR","type",0
"CMU",12,1564,"biphone","EY-AXR","type",0
"CMU",12,1564,"biphone","IH-AXR","type",0
"CMU",12,1564,"biphone","IY-AXR","type",0
"CMU",12,1564,"biphone","OW-AXR","type",0
"CMU",12,1564,"biphone","OY-AXR","type",0
"CMU",12,1564,"biphone","UH-AXR","type",0
"CMU",12,1564,"biphone","UW-AXR","type",0
"CMU",12,1564,"biphone","AX-AXR","type",0
"CMU",12,1564,"biphone","AXR-AXR","type",0
"CMU",12,1564,"biphone","IX-AXR","type",0
"CMU",12,1564,"biphone","UX-AXR","type",0
"CMU",12,1564,"biphone","B-AXR","type",0
"CMU",12,1564,"biphone","CH-AXR","type",0
"CMU",12,1564,"biphone","D-AXR","type",0
"CMU",12,1564,"biphone","DH-AXR","type",0
"CMU",12,1564,"biphone","F-AXR","type",0
"CMU",12,1564,"biphone","G-AXR","type",0
"CMU",12,1564,"biphone","HH-AXR","type",0
"CMU",12,1564,"biphone","JH-AXR","type",0
"CMU",12,1564,"biphone","K-AXR","type",0
"CMU",12,1564,"biphone","L-AXR","type",0
"CMU",12,1564,"biphone","M-AXR","type",0
"CMU",12,1564,"biphone","N-AXR","type",0
"CMU",12,1564,"biphone","NG-AXR","type",0
"CMU",12,1564,"biphone","P-AXR","type",0
"CMU",12,1564,"biphone","R-AXR","type",0
"CMU",12,1564,"biphone","S-AXR","type",0
"CMU",12,1564,"biphone","SH-AXR","type",0
"CMU",12,1564,"biphone","T-AXR","type",0
"CMU",12,1564,"biphone","TH-AXR","type",0
"CMU",12,1564,"biphone","V-AXR","type",0
"CMU",12,1564,"biphone","W-AXR","type",0
"CMU",12,1564,"biphone","Y-AXR","type",0
"CMU",12,1564,"biphone","Z-AXR","type",0
"CMU",12,1564,"biphone","ZH-AXR","type",0
"CMU",12,1564,"biphone","Q-AXR","type",0
"CMU",12,1564,"biphone","AA-IX","type",0
"CMU",12,1564,"biphone","AE-IX","type",0
"CMU",12,1564,"biphone","AH-IX","type",0
"CMU",12,1564,"biphone","AO-IX","type",0
"CMU",12,1564,"biphone","AW-IX","type",0
"CMU",12,1564,"biphone","AY-IX","type",0
"CMU",12,1564,"biphone","EH-IX","type",0
"CMU",12,1564,"biphone","ER-IX","type",0
"CMU",12,1564,"biphone","EY-IX","type",0
"CMU",12,1564,"biphone","IH-IX","type",0
"CMU",12,1564,"biphone","IY-IX","type",0
"CMU",12,1564,"biphone","OW-IX","type",0
"CMU",12,1564,"biphone","OY-IX","type",0
"CMU",12,1564,"biphone","UH-IX","type",0
"CMU",12,1564,"biphone","UW-IX","type",0
"CMU",12,1564,"biphone","AX-IX","type",0
"CMU",12,1564,"biphone","AXR-IX","type",0
"CMU",12,1564,"biphone","IX-IX","type",0
"CMU",12,1564,"biphone","UX-IX","type",0
"CMU",12,1564,"biphone","B-IX","type",0
"CMU",12,1564,"biphone","CH-IX","type",0
"CMU",12,1564,"biphone","D-IX","type",0
"CMU",12,1564,"biphone","DH-IX","type",0
"CMU",12,1564,"biphone","F-IX","type",0
"CMU",12,1564,"biphone","G-IX","type",0
"CMU",12,1564,"biphone","HH-IX","type",0
"CMU",12,1564,"biphone","JH-IX","type",0
"CMU",12,1564,"biphone","K-IX","type",0
"CMU",12,1564,"biphone","L-IX","type",0
"CMU",12,1564,"biphone","M-IX","type",0
"CMU",12,1564,"biphone","N-IX","type",0
"CMU",12,1564,"biphone","NG-IX","type",0
"CMU",12,1564,"biphone","P-IX","type",0
"CMU",12,1564,"biphone","R-IX","type",0
"CMU",12,1564,"biphone","S-IX","type",0
"CMU",12,1564,"biphone","SH-IX","type",0
"CMU",12,1564,"biphone","T-IX","type",0
"CMU",12,1564,"biphone","TH-IX","type",0
"CMU",12,1564,"biphone","V-IX","type",0
"CMU",12,1564,"biphone","W-IX","type",0
"CMU",12,1564,"biphone","Y-IX","type",0
"CMU",12,1564,"biphone","Z-IX","type",0
"CMU",12,1564,"biphone","ZH-IX","type",0
"CMU",12,1564,"biphone","Q-IX","type",0
"CMU",12,1564,"biphone","AA-UX","type",0
"CMU",12,1564,"biphone","AE-UX","type",0
"CMU",12,1564,"biphone","AH-UX","type",0
"CMU",12,1564,"biphone","AO-UX","type",0
"CMU",12,1564,"biphone","AW-UX","type",0
"CMU",12,1564,"biphone","AY-UX","type",0
"CMU",12,1564,"biphone","EH-UX","type",0
"CMU",12,1564,"biphone","ER-UX","type",0
"CMU",12,1564,"biphone","EY-UX","type",0
"CMU",12,1564,"biphone","IH-UX","type",0
"CMU",12,1564,"biphone","IY-UX","type",0
"CMU",12,1564,"biphone","OW-UX","type",0
"CMU",12,1564,"biphone","OY-UX","type",0
"CMU",12,1564,"biphone","UH-UX","type",0
"CMU",12,1564,"biphone","UW-UX","type",0
"CMU",12,1564,"biphone","AX-UX","type",0
"CMU",12,1564,"biphone","AXR-UX","type",0
"CMU",12,1564,"biphone","IX-UX","type",0
"CMU",12,1564,"biphone","UX-UX","type",0
"CMU",12,1564,"biphone","B-UX","type",0
"CMU",12,1564,"biphone","CH-UX","type",0
"CMU",12,1564,"biphone","D-UX","type",0
"CMU",12,1564,"biphone","DH-UX","type",0
"CMU",12,1564,"biphone","F-UX","type",0
"CMU",12,1564,"biphone","G-UX","type",0
"CMU",12,1564,"biphone","HH-UX","type",0
"CMU",12,1564,"biphone","JH-UX","type",0
"CMU",12,1564,"biphone","K-UX","type",0
"CMU",12,1564,"biphone","L-UX","type",0
"CMU",12,1564,"biphone","M-UX","type",0
"CMU",12,1564,"biphone","N-UX","type",0
"CMU",12,1564,"biphone","NG-UX","type",0
"CMU",12,1564,"biphone","P-UX","type",0
"CMU",12,1564,"biphone","R-UX","type",0
"CMU",12,1564,"biphone","S-UX","type",0
"CMU",12,1564,"biphone","SH-UX","type",0
"CMU",12,1564,"biphone","T-UX","type",0
"CMU",12,1564,"biphone","TH-UX","type",0
"CMU",12,1564,"biphone","V-UX","type",0
"CMU",12,1564,"biphone","W-UX","type",0
"CMU",12,1564,"biphone","Y-UX","type",0
"CMU",12,1564,"biphone","Z-UX","type",0
"CMU",12,1564,"biphone","ZH-UX","type",0
"CMU",12,1564,"biphone","Q-UX","type",0
"CMU",12,1564,"biphone","AA-B","type",6
"CMU",12,1564,"biphone","AE-B","type",7
"CMU",12,1564,"biphone","AH-B","type",110
"CMU",12,1564,"biphone","AO-B","type",0
"CMU",12,1564,"biphone","AW-B","type",0
"CMU",12,1564,"biphone","AY-B","type",2
"CMU",12,1564,"biphone","EH-B","type",1
"CMU",12,1564,"biphone","ER-B","type",4
"CMU",12,1564,"biphone","EY-B","type",5
"CMU",12,1564,"biphone","IH-B","type",24
"CMU",12,1564,"biphone","IY-B","type",3
"CMU",12,1564,"biphone","OW-B","type",8
"CMU",12,1564,"biphone","OY-B","type",0
"CMU",12,1564,"biphone","UH-B","type",0
"CMU",12,1564,"biphone","UW-B","type",6
"CMU",12,1564,"biphone","AX-B","type",0
"CMU",12,1564,"biphone","AXR-B","type",0
"CMU",12,1564,"biphone","IX-B","type",0
"CMU",12,1564,"biphone","UX-B","type",0
"CMU",12,1564,"biphone","B-B","type",0
"CMU",12,1564,"biphone","CH-B","type",0
"CMU",12,1564,"biphone","D-B","type",1
"CMU",12,1564,"biphone","DH-B","type",0
"CMU",12,1564,"biphone","F-B","type",0
"CMU",12,1564,"biphone","G-B","type",0
"CMU",12,1564,"biphone","HH-B","type",0
"CMU",12,1564,"biphone","JH-B","type",0
"CMU",12,1564,"biphone","K-B","type",1
"CMU",12,1564,"biphone","L-B","type",1
"CMU",12,1564,"biphone","M-B","type",14
"CMU",12,1564,"biphone","N-B","type",4
"CMU",12,1564,"biphone","NG-B","type",0
"CMU",12,1564,"biphone","P-B","type",0
"CMU",12,1564,"biphone","R-B","type",5
"CMU",12,1564,"biphone","S-B","type",2
"CMU",12,1564,"biphone","SH-B","type",0
"CMU",12,1564,"biphone","T-B","type",1
"CMU",12,1564,"biphone","TH-B","type",0
"CMU",12,1564,"biphone","V-B","type",0
"CMU",12,1564,"biphone","W-B","type",0
"CMU",12,1564,"biphone","Y-B","type",0
"CMU",12,1564,"biphone","Z-B","type",2
"CMU",12,1564,"biphone","ZH-B","type",0
"CMU",12,1564,"biphone","Q-B","type",0
"CMU",12,1564,"biphone","AA-CH","type",0
"CMU",12,1564,"biphone","AE-CH","type",5
"CMU",12,1564,"biphone","AH-CH","type",1
"CMU",12,1564,"biphone","AO-CH","type",0
"CMU",12,1564,"biphone","AW-CH","type",0
"CMU",12,1564,"biphone","AY-CH","type",2
"CMU",12,1564,"biphone","EH-CH","type",1
"CMU",12,1564,"biphone","ER-CH","type",3
"CMU",12,1564,"biphone","EY-CH","type",1
"CMU",12,1564,"biphone","IH-CH","type",8
"CMU",12,1564,"biphone","IY-CH","type",0
"CMU",12,1564,"biphone","OW-CH","type",0
"CMU",12,1564,"biphone","OY-CH","type",0
"CMU",12,1564,"biphone","UH-CH","type",0
"CMU",12,1564,"biphone","UW-CH","type",0
"CMU",12,1564,"biphone","AX-CH","type",0
"CMU",12,1564,"biphone","AXR-CH","type",0
"CMU",12,1564,"biphone","IX-CH","type",0
"CMU",12,1564,"biphone","UX-CH","type",0
"CMU",12,1564,"biphone","B-CH","type",0
"CMU",12,1564,"biphone","CH-CH","type",0
"CMU",12,1564,"biphone","D-CH","type",1
"CMU",12,1564,"biphone","DH-CH","type",0
"CMU",12,1564,"biphone","F-CH","type",0
"CMU",12,1564,"biphone","G-CH","type",0
"CMU",12,1564,"biphone","HH-CH","type",0
"CMU",12,1564,"biphone","JH-CH","type",0
"CMU",12,1564,"biphone","K-CH","type",13
"CMU",12,1564,"biphone","L-CH","type",3
"CMU",12,1564,"biphone","M-CH","type",0
"CMU",12,1564,"biphone","N-CH","type",14
"CMU",12,1564,"biphone","NG-CH","type",0
"CMU",12,1564,"biphone","P-CH","type",1
"CMU",12,1564,"biphone","R-CH","type",2
"CMU",12,1564,"biphone","S-CH","type",1
"CMU",12,1564,"biphone","SH-CH","type",0
"CMU",12,1564,"biphone","T-CH","type",0
"CMU",12,1564,"biphone","TH-CH","type",0
"CMU",12,1564,"biphone","V-CH","type",0
"CMU",12,1564,"biphone","W-CH","type",0
"CMU",12,1564,"biphone","Y-CH","type",0
"CMU",12,1564,"biphone","Z-CH","type",0
"CMU",12,1564,"biphone","ZH-CH","type",0
"CMU",12,1564,"biphone","Q-CH","type",0
"CMU",12,1564,"biphone","AA-D","type",5
"CMU",12,1564,"biphone","AE-D","type",6
"CMU",12,1564,"biphone","AH-D","type",72
"CMU",12,1564,"biphone","AO-D","type",3
"CMU",12,1564,"biphone","AW-D","type",0
"CMU",12,1564,"biphone","AY-D","type",16
"CMU",12,1564,"biphone","EH-D","type",9
"CMU",12,1564,"biphone","ER-D","type",7
"CMU",12,1564,"biphone","EY-D","type",3
"CMU",12,1564,"biphone","IH-D","type",81
"CMU",12,1564,"biphone","IY-D","type",12
"CMU",12,1564,"biphone","OW-D","type",11
"CMU",12,1564,"biphone","OY-D","type",2
"CMU",12,1564,"biphone","UH-D","type",0
"CMU",12,1564,"biphone","UW-D","type",5
"CMU",12,1564,"biphone","AX-D","type",0
"CMU",12,1564,"biphone","AXR-D","type",0
"CMU",12,1564,"biphone","IX-D","type",0
"CMU",12,1564,"biphone","UX-D","type",0
"CMU",12,1564,"biphone","B-D","type",1
"CMU",12,1564,"biphone","CH-D","type",0
"CMU",12,1564,"biphone","D-D","type",0
"CMU",12,1564,"biphone","DH-D","type",0
"CMU",12,1564,"biphone","F-D","type",2
"CMU",12,1564,"biphone","G-D","type",0
"CMU",12,1564,"biphone","HH-D","type",0
"CMU",12,1564,"biphone","JH-D","type",2
"CMU",12,1564,"biphone","K-D","type",0
"CMU",12,1564,"biphone","L-D","type",9
"CMU",12,1564,"biphone","M-D","type",0
"CMU",12,1564,"biphone","N-D","type",97
"CMU",12,1564,"biphone","NG-D","type",0
"CMU",12,1564,"biphone","P-D","type",0
"CMU",12,1564,"biphone","R-D","type",11
"CMU",12,1564,"biphone","S-D","type",4
"CMU",12,1564,"biphone","SH-D","type",0
"CMU",12,1564,"biphone","T-D","type",0
"CMU",12,1564,"biphone","TH-D","type",0
"CMU",12,1564,"biphone","V-D","type",0
"CMU",12,1564,"biphone","W-D","type",0
"CMU",12,1564,"biphone","Y-D","type",0
"CMU",12,1564,"biphone","Z-D","type",12
"CMU",12,1564,"biphone","ZH-D","type",0
"CMU",12,1564,"biphone","Q-D","type",0
"CMU",12,1564,"biphone","AA-DH","type",0
"CMU",12,1564,"biphone","AE-DH","type",0
"CMU",12,1564,"biphone","AH-DH","type",0
"CMU",12,1564,"biphone","AO-DH","type",0
"CMU",12,1564,"biphone","AW-DH","type",0
"CMU",12,1564,"biphone","AY-DH","type",0
"CMU",12,1564,"biphone","EH-DH","type",0
"CMU",12,1564,"biphone","ER-DH","type",1
"CMU",12,1564,"biphone","EY-DH","type",0
"CMU",12,1564,"biphone","IH-DH","type",0
"CMU",12,1564,"biphone","IY-DH","type",0
"CMU",12,1564,"biphone","OW-DH","type",0
"CMU",12,1564,"biphone","OY-DH","type",0
"CMU",12,1564,"biphone","UH-DH","type",0
"CMU",12,1564,"biphone","UW-DH","type",0
"CMU",12,1564,"biphone","AX-DH","type",0
"CMU",12,1564,"biphone","AXR-DH","type",0
"CMU",12,1564,"biphone","IX-DH","type",0
"CMU",12,1564,"biphone","UX-DH","type",0
"CMU",12,1564,"biphone","B-DH","type",0
"CMU",12,1564,"biphone","CH-DH","type",0
"CMU",12,1564,"biphone","D-DH","type",0
"CMU",12,1564,"biphone","DH-DH","type",0
"CMU",12,1564,"biphone","F-DH","type",0
"CMU",12,1564,"biphone","G-DH","type",0
"CMU",12,1564,"biphone","HH-DH","type",0
"CMU",12,1564,"biphone","JH-DH","type",0
"CMU",12,1564,"biphone","K-DH","type",0
"CMU",12,1564,"biphone","L-DH","type",0
"CMU",12,1564,"biphone","M-DH","type",0
"CMU",12,1564,"biphone","N-DH","type",0
"CMU",12,1564,"biphone","NG-DH","type",0
"CMU",12,1564,"biphone","P-DH","type",0
"CMU",12,1564,"biphone","R-DH","type",0
"CMU",12,1564,"biphone","S-DH","type",0
"CMU",12,1564,"biphone","SH-DH","type",0
"CMU",12,1564,"biphone","T-DH","type",0
"CMU",12,1564,"biphone","TH-DH","type",0
"CMU",12,1564,"biphone","V-DH","type",0
"CMU",12,1564,"biphone","W-DH","type",0
"CMU",12,1564,"biphone","Y-DH","type",0
"CMU",12,1564,"biphone","Z-DH","type",0
"CMU",12,1564,"biphone","ZH-DH","type",0
"CMU",12,1564,"biphone","Q-DH","type",0
"CMU",12,1564,"biphone","AA-F","type",4
"CMU",12,1564,"biphone","AE-F","type",15
"CMU",12,1564,"biphone","AH-F","type",57
"CMU",12,1564,"biphone","AO-F","type",1
"CMU",12,1564,"biphone","AW-F","type",0
"CMU",12,1564,"biphone","AY-F","type",1
"CMU",12,1564,"biphone","EH-F","type",6
"CMU",12,1564,"biphone","ER-F","type",4
"CMU",12,1564,"biphone","EY-F","type",0
"CMU",12,1564,"biphone","IH-F","type",31
"CMU",12,1564,"biphone","IY-F","type",5
"CMU",12,1564,"biphone","OW-F","type",4
"CMU",12,1564,"biphone","OY-F","type",0
"CMU",12,1564,"biphone","UH-F","type",0
"CMU",12,1564,"biphone","UW-F","type",2
"CMU",12,1564,"biphone","AX-F","type",0
"CMU",12,1564,"biphone","AXR-F","type",0
"CMU",12,1564,"biphone","IX-F","type",0
"CMU",12,1564,"biphone","UX-F","type",0
"CMU",12,1564,"biphone","B-F","type",0
"CMU",12,1564,"biphone","CH-F","type",0
"CMU",12,1564,"biphone","D-F","type",1
"CMU",12,1564,"biphone","DH-F","type",0
"CMU",12,1564,"biphone","F-F","type",0
"CMU",12,1564,"biphone","G-F","type",0
"CMU",12,1564,"biphone","HH-F","type",0
"CMU",12,1564,"biphone","JH-F","type",0
"CMU",12,1564,"biphone","K-F","type",0
"CMU",12,1564,"biphone","L-F","type",15
"CMU",12,1564,"biphone","M-F","type",7
"CMU",12,1564,"biphone","N-F","type",31
"CMU",12,1564,"biphone","NG-F","type",0
"CMU",12,1564,"biphone","P-F","type",0
"CMU",12,1564,"biphone","R-F","type",5
"CMU",12,1564,"biphone","S-F","type",9
"CMU",12,1564,"biphone","SH-F","type",0
"CMU",12,1564,"biphone","T-F","type",0
"CMU",12,1564,"biphone","TH-F","type",0
"CMU",12,1564,"biphone","V-F","type",0
"CMU",12,1564,"biphone","W-F","type",0
"CMU",12,1564,"biphone","Y-F","type",0
"CMU",12,1564,"biphone","Z-F","type",0
"CMU",12,1564,"biphone","ZH-F","type",0
"CMU",12,1564,"biphone","Q-F","type",0
"CMU",12,1564,"biphone","AA-G","type",9
"CMU",12,1564,"biphone","AE-G","type",16
"CMU",12,1564,"biphone","AH-G","type",49
"CMU",12,1564,"biphone","AO-G","type",1
"CMU",12,1564,"biphone","AW-G","type",0
"CMU",12,1564,"biphone","AY-G","type",1
"CMU",12,1564,"biphone","EH-G","type",13
"CMU",12,1564,"biphone","ER-G","type",6
"CMU",12,1564,"biphone","EY-G","type",1
"CMU",12,1564,"biphone","IH-G","type",20
"CMU",12,1564,"biphone","IY-G","type",1
"CMU",12,1564,"biphone","OW-G","type",10
"CMU",12,1564,"biphone","OY-G","type",0
"CMU",12,1564,"biphone","UH-G","type",0
"CMU",12,1564,"biphone","UW-G","type",2
"CMU",12,1564,"biphone","AX-G","type",0
"CMU",12,1564,"biphone","AXR-G","type",0
"CMU",12,1564,"biphone","IX-G","type",0
"CMU",12,1564,"biphone","UX-G","type",0
"CMU",12,1564,"biphone","B-G","type",0
"CMU",12,1564,"biphone","CH-G","type",0
"CMU",12,1564,"biphone","D-G","type",0
"CMU",12,1564,"biphone","DH-G","type",0
"CMU",12,1564,"biphone","F-G","type",0
"CMU",12,1564,"biphone","G-G","type",0
"CMU",12,1564,"biphone","HH-G","type",0
"CMU",12,1564,"biphone","JH-G","type",0
"CMU",12,1564,"biphone","K-G","type",0
"CMU",12,1564,"biphone","L-G","type",1
"CMU",12,1564,"biphone","M-G","type",0
"CMU",12,1564,"biphone","N-G","type",7
"CMU",12,1564,"biphone","NG-G","type",19
"CMU",12,1564,"biphone","P-G","type",0
"CMU",12,1564,"biphone","R-G","type",6
"CMU",12,1564,"biphone","S-G","type",2
"CMU",12,1564,"biphone","SH-G","type",0
"CMU",12,1564,"biphone","T-G","type",0
"CMU",12,1564,"biphone","TH-G","type",0
"CMU",12,1564,"biphone","V-G","type",0
"CMU",12,1564,"biphone","W-G","type",0
"CMU",12,1564,"biphone","Y-G","type",0
"CMU",12,1564,"biphone","Z-G","type",2
"CMU",12,1564,"biphone","ZH-G","type",0
"CMU",12,1564,"biphone","Q-G","type",0
"CMU",12,1564,"biphone","AA-HH","type",0
"CMU",12,1564,"biphone","AE-HH","type",0
"CMU",12,1564,"biphone","AH-HH","type",3
"CMU",12,1564,"biphone","AO-HH","type",0
"CMU",12,1564,"biphone","AW-HH","type",0
"CMU",12,1564,"biphone","AY-HH","type",0
"CMU",12,1564,"biphone","EH-HH","type",0
"CMU",12,1564,"biphone","ER-HH","type",2
"CMU",12,1564,"biphone","EY-HH","type",0
"CMU",12,1564,"biphone","IH-HH","type",2
"CMU",12,1564,"biphone","IY-HH","type",11
"CMU",12,1564,"biphone","OW-HH","type",3
"CMU",12,1564,"biphone","OY-HH","type",0
"CMU",12,1564,"biphone","UH-HH","type",0
"CMU",12,1564,"biphone","UW-HH","type",0
"CMU",12,1564,"biphone","AX-HH","type",0
"CMU",12,1564,"biphone","AXR-HH","type",0
"CMU",12,1564,"biphone","IX-HH","type",0
"CMU",12,1564,"biphone","UX-HH","type",0
"CMU",12,1564,"biphone","B-HH","type",0
"CMU",12,1564,"biphone","CH-HH","type",0
"CMU",12,1564,"biphone","D-HH","type",0
"CMU",12,1564,"biphone","DH-HH","type",0
"CMU",12,1564,"biphone","F-HH","type",0
"CMU",12,1564,"biphone","G-HH","type",0
"CMU",12,1564,"biphone","HH-HH","type",0
"CMU",12,1564,"biphone","JH-HH","type",0
"CMU",12,1564,"biphone","K-HH","type",0
"CMU",12,1564,"biphone","L-HH","type",3
"CMU",12,1564,"biphone","M-HH","type",0
"CMU",12,1564,"biphone","N-HH","type",3
"CMU",12,1564,"biphone","NG-HH","type",1
"CMU",12,1564,"biphone","P-HH","type",0
"CMU",12,1564,"biphone","R-HH","type",0
"CMU",12,1564,"biphone","S-HH","type",0
"CMU",12,1564,"biphone","SH-HH","type",0
"CMU",12,1564,"biphone","T-HH","type",0
"CMU",12,1564,"biphone","TH-HH","type",0
"CMU",12,1564,"biphone","V-HH","type",0
"CMU",12,1564,"biphone","W-HH","type",0
"CMU",12,1564,"biphone","Y-HH","type",0
"CMU",12,1564,"biphone","Z-HH","type",0
"CMU",12,1564,"biphone","ZH-HH","type",0
"CMU",12,1564,"biphone","Q-HH","type",0
"CMU",12,1564,"biphone","AA-JH","type",18
"CMU",12,1564,"biphone","AE-JH","type",5
"CMU",12,1564,"biphone","AH-JH","type",45
"CMU",12,1564,"biphone","AO-JH","type",3
"CMU",12,1564,"biphone","AW-JH","type",0
"CMU",12,1564,"biphone","AY-JH","type",0
"CMU",12,1564,"biphone","EH-JH","type",5
"CMU",12,1564,"biphone","ER-JH","type",3
"CMU",12,1564,"biphone","EY-JH","type",1
"CMU",12,1564,"biphone","IH-JH","type",19
"CMU",12,1564,"biphone","IY-JH","type",7
"CMU",12,1564,"biphone","OW-JH","type",6
"CMU",12,1564,"biphone","OY-JH","type",0
"CMU",12,1564,"biphone","UH-JH","type",0
"CMU",12,1564,"biphone","UW-JH","type",1
"CMU",12,1564,"biphone","AX-JH","type",0
"CMU",12,1564,"biphone","AXR-JH","type",0
"CMU",12,1564,"biphone","IX-JH","type",0
"CMU",12,1564,"biphone","UX-JH","type",0
"CMU",12,1564,"biphone","B-JH","type",2
"CMU",12,1564,"biphone","CH-JH","type",0
"CMU",12,1564,"biphone","D-JH","type",0
"CMU",12,1564,"biphone","DH-JH","type",0
"CMU",12,1564,"biphone","F-JH","type",0
"CMU",12,1564,"biphone","G-JH","type",0
"CMU",12,1564,"biphone","HH-JH","type",0
"CMU",12,1564,"biphone","JH-JH","type",0
"CMU",12,1564,"biphone","K-JH","type",0
"CMU",12,1564,"biphone","L-JH","type",0
"CMU",12,1564,"biphone","M-JH","type",0
"CMU",12,1564,"biphone","N-JH","type",18
"CMU",12,1564,"biphone","NG-JH","type",0
"CMU",12,1564,"biphone","P-JH","type",0
"CMU",12,1564,"biphone","R-JH","type",3
"CMU",12,1564,"biphone","S-JH","type",0
"CMU",12,1564,"biphone","SH-JH","type",0
"CMU",12,1564,"biphone","T-JH","type",0
"CMU",12,1564,"biphone","TH-JH","type",0
"CMU",12,1564,"biphone","V-JH","type",0
"CMU",12,1564,"biphone","W-JH","type",0
"CMU",12,1564,"biphone","Y-JH","type",0
"CMU",12,1564,"biphone","Z-JH","type",0
"CMU",12,1564,"biphone","ZH-JH","type",0
"CMU",12,1564,"biphone","Q-JH","type",0
"CMU",12,1564,"biphone","AA-K","type",25
"CMU",12,1564,"biphone","AE-K","type",35
"CMU",12,1564,"biphone","AH-K","type",133
"CMU",12,1564,"biphone","AO-K","type",5
"CMU",12,1564,"biphone","AW-K","type",0
"CMU",12,1564,"biphone","AY-K","type",31
"CMU",12,1564,"biphone","EH-K","type",109
"CMU",12,1564,"biphone","ER-K","type",19
"CMU",12,1564,"biphone","EY-K","type",8
"CMU",12,1564,"biphone","IH-K","type",221
"CMU",12,1564,"biphone","IY-K","type",21
"CMU",12,1564,"biphone","OW-K","type",11
"CMU",12,1564,"biphone","OY-K","type",0
"CMU",12,1564,"biphone","UH-K","type",0
"CMU",12,1564,"biphone","UW-K","type",2
"CMU",12,1564,"biphone","AX-K","type",0
"CMU",12,1564,"biphone","AXR-K","type",0
"CMU",12,1564,"biphone","IX-K","type",0
"CMU",12,1564,"biphone","UX-K","type",0
"CMU",12,1564,"biphone","B-K","type",4
"CMU",12,1564,"biphone","CH-K","type",0
"CMU",12,1564,"biphone","D-K","type",1
"CMU",12,1564,"biphone","DH-K","type",0
"CMU",12,1564,"biphone","F-K","type",0
"CMU",12,1564,"biphone","G-K","type",0
"CMU",12,1564,"biphone","HH-K","type",0
"CMU",12,1564,"biphone","JH-K","type",0
"CMU",12,1564,"biphone","K-K","type",0
"CMU",12,1564,"biphone","L-K","type",8
"CMU",12,1564,"biphone","M-K","type",0
"CMU",12,1564,"biphone","N-K","type",38
"CMU",12,1564,"biphone","NG-K","type",23
"CMU",12,1564,"biphone","P-K","type",0
"CMU",12,1564,"biphone","R-K","type",13
"CMU",12,1564,"biphone","S-K","type",51
"CMU",12,1564,"biphone","SH-K","type",0
"CMU",12,1564,"biphone","T-K","type",1
"CMU",12,1564,"biphone","TH-K","type",0
"CMU",12,1564,"biphone","V-K","type",0
"CMU",12,1564,"biphone","W-K","type",0
"CMU",12,1564,"biphone","Y-K","type",0
"CMU",12,1564,"biphone","Z-K","type",2
"CMU",12,1564,"biphone","ZH-K","type",0
"CMU",12,1564,"biphone","Q-K","type",0
"CMU",12,1564,"biphone","AA-L","type",60
"CMU",12,1564,"biphone","AE-L","type",48
"CMU",12,1564,"biphone","AH-L","type",415
"CMU",12,1564,"biphone","AO-L","type",7
"CMU",12,1564,"biphone","AW-L","type",0
"CMU",12,1564,"biphone","AY-L","type",1
"CMU",12,1564,"biphone","EH-L","type",37
"CMU",12,1564,"biphone","ER-L","type",5
"CMU",12,1564,"biphone","EY-L","type",4
"CMU",12,1564,"biphone","IH-L","type",59
"CMU",12,1564,"biphone","IY-L","type",5
"CMU",12,1564,"biphone","OW-L","type",11
"CMU",12,1564,"biphone","OY-L","type",0
"CMU",12,1564,"biphone","UH-L","type",0
"CMU",12,1564,"biphone","UW-L","type",6
"CMU",12,1564,"biphone","AX-L","type",0
"CMU",12,1564,"biphone","AXR-L","type",0
"CMU",12,1564,"biphone","IX-L","type",0
"CMU",12,1564,"biphone","UX-L","type",0
"CMU",12,1564,"biphone","B-L","type",21
"CMU",12,1564,"biphone","CH-L","type",0
"CMU",12,1564,"biphone","D-L","type",1
"CMU",12,1564,"biphone","DH-L","type",0
"CMU",12,1564,"biphone","F-L","type",10
"CMU",12,1564,"biphone","G-L","type",12
"CMU",12,1564,"biphone","HH-L","type",0
"CMU",12,1564,"biphone","JH-L","type",0
"CMU",12,1564,"biphone","K-L","type",55
"CMU",12,1564,"biphone","L-L","type",0
"CMU",12,1564,"biphone","M-L","type",0
"CMU",12,1564,"biphone","N-L","type",6
"CMU",12,1564,"biphone","NG-L","type",9
"CMU",12,1564,"biphone","P-L","type",45
"CMU",12,1564,"biphone","R-L","type",0
"CMU",12,1564,"biphone","S-L","type",16
"CMU",12,1564,"biphone","SH-L","type",0
"CMU",12,1564,"biphone","T-L","type",20
"CMU",12,1564,"biphone","TH-L","type",0
"CMU",12,1564,"biphone","V-L","type",18
"CMU",12,1564,"biphone","W-L","type",0
"CMU",12,1564,"biphone","Y-L","type",0
"CMU",12,1564,"biphone","Z-L","type",0
"CMU",12,1564,"biphone","ZH-L","type",0
"CMU",12,1564,"biphone","Q-L","type",0
"CMU",12,1564,"biphone","AA-M","type",41
"CMU",12,1564,"biphone","AE-M","type",21
"CMU",12,1564,"biphone","AH-M","type",169
"CMU",12,1564,"biphone","AO-M","type",2
"CMU",12,1564,"biphone","AW-M","type",0
"CMU",12,1564,"biphone","AY-M","type",6
"CMU",12,1564,"biphone","EH-M","type",46
"CMU",12,1564,"biphone","ER-M","type",30
"CMU",12,1564,"biphone","EY-M","type",1
"CMU",12,1564,"biphone","IH-M","type",66
"CMU",12,1564,"biphone","IY-M","type",13
"CMU",12,1564,"biphone","OW-M","type",25
"CMU",12,1564,"biphone","OY-M","type",1
"CMU",12,1564,"biphone","UH-M","type",3
"CMU",12,1564,"biphone","UW-M","type",15
"CMU",12,1564,"biphone","AX-M","type",0
"CMU",12,1564,"biphone","AXR-M","type",0
"CMU",12,1564,"biphone","IX-M","type",0
"CMU",12,1564,"biphone","UX-M","type",0
"CMU",12,1564,"biphone","B-M","type",0
"CMU",12,1564,"biphone","CH-M","type",1
"CMU",12,1564,"biphone","D-M","type",4
"CMU",12,1564,"biphone","DH-M","type",0
"CMU",12,1564,"biphone","F-M","type",0
"CMU",12,1564,"biphone","G-M","type",3
"CMU",12,1564,"biphone","HH-M","type",0
"CMU",12,1564,"biphone","JH-M","type",6
"CMU",12,1564,"biphone","K-M","type",0
"CMU",12,1564,"biphone","L-M","type",4
"CMU",12,1564,"biphone","M-M","type",0
"CMU",12,1564,"biphone","N-M","type",19
"CMU",12,1564,"biphone","NG-M","type",0
"CMU",12,1564,"biphone","P-M","type",3
"CMU",12,1564,"biphone","R-M","type",18
"CMU",12,1564,"biphone","S-M","type",16
"CMU",12,1564,"biphone","SH-M","type",5
"CMU",12,1564,"biphone","T-M","type",10
"CMU",12,1564,"biphone","TH-M","type",0
"CMU",12,1564,"biphone","V-M","type",0
"CMU",12,1564,"biphone","W-M","type",0
"CMU",12,1564,"biphone","Y-M","type",0
"CMU",12,1564,"biphone","Z-M","type",11
"CMU",12,1564,"biphone","ZH-M","type",0
"CMU",12,1564,"biphone","Q-M","type",0
"CMU",12,1564,"biphone","AA-N","type",125
"CMU",12,1564,"biphone","AE-N","type",136
"CMU",12,1564,"biphone","AH-N","type",858
"CMU",12,1564,"biphone","AO-N","type",3
"CMU",12,1564,"biphone","AW-N","type",14
"CMU",12,1564,"biphone","AY-N","type",16
"CMU",12,1564,"biphone","EH-N","type",136
"CMU",12,1564,"biphone","ER-N","type",14
"CMU",12,1564,"biphone","EY-N","type",19
"CMU",12,1564,"biphone","IH-N","type",225
"CMU",12,1564,"biphone","IY-N","type",30
"CMU",12,1564,"biphone","OW-N","type",12
"CMU",12,1564,"biphone","OY-N","type",2
"CMU",12,1564,"biphone","UH-N","type",0
"CMU",12,1564,"biphone","UW-N","type",21
"CMU",12,1564,"biphone","AX-N","type",0
"CMU",12,1564,"biphone","AXR-N","type",0
"CMU",12,1564,"biphone","IX-N","type",0
"CMU",12,1564,"biphone","UX-N","type",0
"CMU",12,1564,"biphone","B-N","type",1
"CMU",12,1564,"biphone","CH-N","type",0
"CMU",12,1564,"biphone","D-N","type",1
"CMU",12,1564,"biphone","DH-N","type",0
"CMU",12,1564,"biphone","F-N","type",0
"CMU",12,1564,"biphone","G-N","type",14
"CMU",12,1564,"biphone","HH-N","type",0
"CMU",12,1564,"biphone","JH-N","type",0
"CMU",12,1564,"biphone","K-N","type",6
"CMU",12,1564,"biphone","L-N","type",3
"CMU",12,1564,"biphone","M-N","type",2
"CMU",12,1564,"biphone","N-N","type",1
"CMU",12,1564,"biphone","NG-N","type",0
"CMU",12,1564,"biphone","P-N","type",2
"CMU",12,1564,"biphone","R-N","type",8
"CMU",12,1564,"biphone","S-N","type",2
"CMU",12,1564,"biphone","SH-N","type",8
"CMU",12,1564,"biphone","T-N","type",4
"CMU",12,1564,"biphone","TH-N","type",0
"CMU",12,1564,"biphone","V-N","type",4
"CMU",12,1564,"biphone","W-N","type",0
"CMU",12,1564,"biphone","Y-N","type",0
"CMU",12,1564,"biphone","Z-N","type",0
"CMU",12,1564,"biphone","ZH-N","type",0
"CMU",12,1564,"biphone","Q-N","type",0
"CMU",12,1564,"biphone","AA-NG","type",6
"CMU",12,1564,"biphone","AE-NG","type",13
"CMU",12,1564,"biphone","AH-NG","type",4
"CMU",12,1564,"biphone","AO-NG","type",0
"CMU",12,1564,"biphone","AW-NG","type",0
"CMU",12,1564,"biphone","AY-NG","type",0
"CMU",12,1564,"biphone","EH-NG","type",2
"CMU",12,1564,"biphone","ER-NG","type",0
"CMU",12,1564,"biphone","EY-NG","type",0
"CMU",12,1564,"biphone","IH-NG","type",124
"CMU",12,1564,"biphone","IY-NG","type",1
"CMU",12,1564,"biphone","OW-NG","type",0
"CMU",12,1564,"biphone","OY-NG","type",0
"CMU",12,1564,"biphone","UH-NG","type",0
"CMU",12,1564,"biphone","UW-NG","type",0
"CMU",12,1564,"biphone","AX-NG","type",0
"CMU",12,1564,"biphone","AXR-NG","type",0
"CMU",12,1564,"biphone","IX-NG","type",0
"CMU",12,1564,"biphone","UX-NG","type",0
"CMU",12,1564,"biphone","B-NG","type",0
"CMU",12,1564,"biphone","CH-NG","type",0
"CMU",12,1564,"biphone","D-NG","type",0
"CMU",12,1564,"biphone","DH-NG","type",0
"CMU",12,1564,"biphone","F-NG","type",0
"CMU",12,1564,"biphone","G-NG","type",0
"CMU",12,1564,"biphone","HH-NG","type",0
"CMU",12,1564,"biphone","JH-NG","type",0
"CMU",12,1564,"biphone","K-NG","type",0
"CMU",12,1564,"biphone","L-NG","type",0
"CMU",12,1564,"biphone","M-NG","type",0
"CMU",12,1564,"biphone","N-NG","type",0
"CMU",12,1564,"biphone","NG-NG","type",0
"CMU",12,1564,"biphone","P-NG","type",0
"CMU",12,1564,"biphone","R-NG","type",0
"CMU",12,1564,"biphone","S-NG","type",0
"CMU",12,1564,"biphone","SH-NG","type",0
"CMU",12,1564,"biphone","T-NG","type",0
"CMU",12,1564,"biphone","TH-NG","type",0
"CMU",12,1564,"biphone","V-NG","type",0
"CMU",12,1564,"biphone","W-NG","type",0
"CMU",12,1564,"biphone","Y-NG","type",0
"CMU",12,1564,"biphone","Z-NG","type",0
"CMU",12,1564,"biphone","ZH-NG","type",0
"CMU",12,1564,"biphone","Q-NG","type",0
"CMU",12,1564,"biphone","AA-P","type",15
"CMU",12,1564,"biphone","AE-P","type",16
"CMU",12,1564,"biphone","AH-P","type",70
"CMU",12,1564,"biphone","AO-P","type",3
"CMU",12,1564,"biphone","AW-P","type",0
"CMU",12,1564,"biphone","AY-P","type",11
"CMU",12,1564,"biphone","EH-P","type",28
"CMU",12,1564,"biphone","ER-P","type",17
"CMU",12,1564,"biphone","EY-P","type",0
"CMU",12,1564,"biphone","IH-P","type",48
"CMU",12,1564,"biphone","IY-P","type",8
"CMU",12,1564,"biphone","OW-P","type",14
"CMU",12,1564,"biphone","OY-P","type",0
"CMU",12,1564,"biphone","UH-P","type",0
"CMU",12,1564,"biphone","UW-P","type",15
"CMU",12,1564,"biphone","AX-P","type",0
"CMU",12,1564,"biphone","AXR-P","type",0
"CMU",12,1564,"biphone","IX-P","type",0
"CMU",12,1564,"biphone","UX-P","type",0
"CMU",12,1564,"biphone","B-P","type",1
"CMU",12,1564,"biphone","CH-P","type",0
"CMU",12,1564,"biphone","D-P","type",2
"CMU",12,1564,"biphone","DH-P","type",0
"CMU",12,1564,"biphone","F-P","type",1
"CMU",12,1564,"biphone","G-P","type",1
"CMU",12,1564,"biphone","HH-P","type",0
"CMU",12,1564,"biphone","JH-P","type",0
"CMU",12,1564,"biphone","K-P","type",1
"CMU",12,1564,"biphone","L-P","type",1
"CMU",12,1564,"biphone","M-P","type",73
"CMU",12,1564,"biphone","N-P","type",13
"CMU",12,1564,"biphone","NG-P","type",0
"CMU",12,1564,"biphone","P-P","type",0
"CMU",12,1564,"biphone","R-P","type",7
"CMU",12,1564,"biphone","S-P","type",78
"CMU",12,1564,"biphone","SH-P","type",0
"CMU",12,1564,"biphone","T-P","type",5
"CMU",12,1564,"biphone","TH-P","type",0
"CMU",12,1564,"biphone","V-P","type",0
"CMU",12,1564,"biphone","W-P","type",0
"CMU",12,1564,"biphone","Y-P","type",0
"CMU",12,1564,"biphone","Z-P","type",1
"CMU",12,1564,"biphone","ZH-P","type",0
"CMU",12,1564,"biphone","Q-P","type",0
"CMU",12,1564,"biphone","AA-R","type",61
"CMU",12,1564,"biphone","AE-R","type",4
"CMU",12,1564,"biphone","AH-R","type",7
"CMU",12,1564,"biphone","AO-R","type",100
"CMU",12,1564,"biphone","AW-R","type",0
"CMU",12,1564,"biphone","AY-R","type",6
"CMU",12,1564,"biphone","EH-R","type",87
"CMU",12,1564,"biphone","ER-R","type",9
"CMU",12,1564,"biphone","EY-R","type",0
"CMU",12,1564,"biphone","IH-R","type",30
"CMU",12,1564,"biphone","IY-R","type",8
"CMU",12,1564,"biphone","OW-R","type",2
"CMU",12,1564,"biphone","OY-R","type",0
"CMU",12,1564,"biphone","UH-R","type",13
"CMU",12,1564,"biphone","UW-R","type",3
"CMU",12,1564,"biphone","AX-R","type",0
"CMU",12,1564,"biphone","AXR-R","type",0
"CMU",12,1564,"biphone","IX-R","type",0
"CMU",12,1564,"biphone","UX-R","type",0
"CMU",12,1564,"biphone","B-R","type",10
"CMU",12,1564,"biphone","CH-R","type",4
"CMU",12,1564,"biphone","D-R","type",16
"CMU",12,1564,"biphone","DH-R","type",0
"CMU",12,1564,"biphone","F-R","type",17
"CMU",12,1564,"biphone","G-R","type",50
"CMU",12,1564,"biphone","HH-R","type",0
"CMU",12,1564,"biphone","JH-R","type",0
"CMU",12,1564,"biphone","K-R","type",62
"CMU",12,1564,"biphone","L-R","type",0
"CMU",12,1564,"biphone","M-R","type",0
"CMU",12,1564,"biphone","N-R","type",8
"CMU",12,1564,"biphone","NG-R","type",0
"CMU",12,1564,"biphone","P-R","type",148
"CMU",12,1564,"biphone","R-R","type",0
"CMU",12,1564,"biphone","S-R","type",7
"CMU",12,1564,"biphone","SH-R","type",1
"CMU",12,1564,"biphone","T-R","type",186
"CMU",12,1564,"biphone","TH-R","type",4
"CMU",12,1564,"biphone","V-R","type",2
"CMU",12,1564,"biphone","W-R","type",0
"CMU",12,1564,"biphone","Y-R","type",0
"CMU",12,1564,"biphone","Z-R","type",0
"CMU",12,1564,"biphone","ZH-R","type",0
"CMU",12,1564,"biphone","Q-R","type",0
"CMU",12,1564,"biphone","AA-S","type",11
"CMU",12,1564,"biphone","AE-S","type",29
"CMU",12,1564,"biphone","AH-S","type",151
"CMU",12,1564,"biphone","AO-S","type",9
"CMU",12,1564,"biphone","AW-S","type",1
"CMU",12,1564,"biphone","AY-S","type",6
"CMU",12,1564,"biphone","EH-S","type",48
"CMU",12,1564,"biphone","ER-S","type",20
"CMU",12,1564,"biphone","EY-S","type",7
"CMU",12,1564,"biphone","IH-S","type",242
"CMU",12,1564,"biphone","IY-S","type",11
"CMU",12,1564,"biphone","OW-S","type",26
"CMU",12,1564,"biphone","OY-S","type",0
"CMU",12,1564,"biphone","UH-S","type",0
"CMU",12,1564,"biphone","UW-S","type",9
"CMU",12,1564,"biphone","AX-S","type",0
"CMU",12,1564,"biphone","AXR-S","type",0
"CMU",12,1564,"biphone","IX-S","type",0
"CMU",12,1564,"biphone","UX-S","type",0
"CMU",12,1564,"biphone","B-S","type",11
"CMU",12,1564,"biphone","CH-S","type",0
"CMU",12,1564,"biphone","D-S","type",2
"CMU",12,1564,"biphone","DH-S","type",0
"CMU",12,1564,"biphone","F-S","type",5
"CMU",12,1564,"biphone","G-S","type",0
"CMU",12,1564,"biphone","HH-S","type",0
"CMU",12,1564,"biphone","JH-S","type",0
"CMU",12,1564,"biphone","K-S","type",102
"CMU",12,1564,"biphone","L-S","type",4
"CMU",12,1564,"biphone","M-S","type",4
"CMU",12,1564,"biphone","N-S","type",188
"CMU",12,1564,"biphone","NG-S","type",0
"CMU",12,1564,"biphone","P-S","type",4
"CMU",12,1564,"biphone","R-S","type",5
"CMU",12,1564,"biphone","S-S","type",0
"CMU",12,1564,"biphone","SH-S","type",0
"CMU",12,1564,"biphone","T-S","type",117
"CMU",12,1564,"biphone","TH-S","type",0
"CMU",12,1564,"biphone","V-S","type",1
"CMU",12,1564,"biphone","W-S","type",0
"CMU",12,1564,"biphone","Y-S","type",0
"CMU",12,1564,"biphone","Z-S","type",0
"CMU",12,1564,"biphone","ZH-S","type",0
"CMU",12,1564,"biphone","Q-S","type",0
"CMU",12,1564,"biphone","AA-SH","type",2
"CMU",12,1564,"biphone","AE-SH","type",15
"CMU",12,1564,"biphone","AH-SH","type",0
"CMU",12,1564,"biphone","AO-SH","type",1
"CMU",12,1564,"biphone","AW-SH","type",0
"CMU",12,1564,"biphone","AY-SH","type",0
"CMU",12,1564,"biphone","EH-SH","type",12
"CMU",12,1564,"biphone","ER-SH","type",5
"CMU",12,1564,"biphone","EY-SH","type",204
"CMU",12,1564,"biphone","IH-SH","type",38
"CMU",12,1564,"biphone","IY-SH","type",4
"CMU",12,1564,"biphone","OW-SH","type",6
"CMU",12,1564,"biphone","OY-SH","type",0
"CMU",12,1564,"biphone","UH-SH","type",0
"CMU",12,1564,"biphone","UW-SH","type",13
"CMU",12,1564,"biphone","AX-SH","type",0
"CMU",12,1564,"biphone","AXR-SH","type",0
"CMU",12,1564,"biphone","IX-SH","type",0
"CMU",12,1564,"biphone","UX-SH","type",0
"CMU",12,1564,"biphone","B-SH","type",0
"CMU",12,1564,"biphone","CH-SH","type",0
"CMU",12,1564,"biphone","D-SH","type",0
"CMU",12,1564,"biphone","DH-SH","type",0
"CMU",12,1564,"biphone","F-SH","type",0
"CMU",12,1564,"biphone","G-SH","type",0
"CMU",12,1564,"biphone","HH-SH","type",0
"CMU",12,1564,"biphone","JH-SH","type",0
"CMU",12,1564,"biphone","K-SH","type",34
"CMU",12,1564,"biphone","L-SH","type",0
"CMU",12,1564,"biphone","M-SH","type",0
"CMU",12,1564,"biphone","N-SH","type",34
"CMU",12,1564,"biphone","NG-SH","type",0
"CMU",12,1564,"biphone","P-SH","type",10
"CMU",12,1564,"biphone","R-SH","type",4
"CMU",12,1564,"biphone","S-SH","type",2
"CMU",12,1564,"biphone","SH-SH","type",0
"CMU",12,1564,"biphone","T-SH","type",0
"CMU",12,1564,"biphone","TH-SH","type",0
"CMU",12,1564,"biphone","V-SH","type",0
"CMU",12,1564,"biphone","W-SH","type",0
"CMU",12,1564,"biphone","Y-SH","type",0
"CMU",12,1564,"biphone","Z-SH","type",0
"CMU",12,1564,"biphone","ZH-SH","type",0
"CMU",12,1564,"biphone","Q-SH","type",0
"CMU",12,1564,"biphone","AA-T","type",9
"CMU",12,1564,"biphone","AE-T","type",36
"CMU",12,1564,"biphone","AH-T","type",185
"CMU",12,1564,"biphone","AO-T","type",6
"CMU",12,1564,"biphone","AW-T","type",0
"CMU",12,1564,"biphone","AY-T","type",11
"CMU",12,1564,"biphone","EH-T","type",44
"CMU",12,1564,"biphone","ER-T","type",11
"CMU",12,1564,"biphone","EY-T","type",146
"CMU",12,1564,"biphone","IH-T","type",84
"CMU",12,1564,"biphone","IY-T","type",9
"CMU",12,1564,"biphone","OW-T","type",15
"CMU",12,1564,"biphone","OY-T","type",0
"CMU",12,1564,"biphone","UH-T","type",0
"CMU",12,1564,"biphone","UW-T","type",28
"CMU",12,1564,"biphone","AX-T","type",0
"CMU",12,1564,"biphone","AXR-T","type",0
"CMU",12,1564,"biphone","IX-T","type",0
"CMU",12,1564,"biphone","UX-T","type",0
"CMU",12,1564,"biphone","B-T","type",0
"CMU",12,1564,"biphone","CH-T","type",0
"CMU",12,1564,"biphone","D-T","type",0
"CMU",12,1564,"biphone","DH-T","type",0
"CMU",12,1564,"biphone","F-T","type",4
"CMU",12,1564,"biphone","G-T","type",0
"CMU",12,1564,"biphone","HH-T","type",0
"CMU",12,1564,"biphone","JH-T","type",0
"CMU",12,1564,"biphone","K-T","type",78
"CMU",12,1564,"biphone","L-T","type",16
"CMU",12,1564,"biphone","M-T","type",0
"CMU",12,1564,"biphone","N-T","type",335
"CMU",12,1564,"biphone","NG-T","type",2
"CMU",12,1564,"biphone","P-T","type",21
"CMU",12,1564,"biphone","R-T","type",38
"CMU",12,1564,"biphone","S-T","type",294
"CMU",12,1564,"biphone","SH-T","type",0
"CMU",12,1564,"biphone","T-T","type",0
"CMU",12,1564,"biphone","TH-T","type",0
"CMU",12,1564,"biphone","V-T","type",0
"CMU",12,1564,"biphone","W-T","type",0
"CMU",12,1564,"biphone","Y-T","type",0
"CMU",12,1564,"biphone","Z-T","type",0
"CMU",12,1564,"biphone","ZH-T","type",0
"CMU",12,1564,"biphone","Q-T","type",0
"CMU",12,1564,"biphone","AA-TH","type",0
"CMU",12,1564,"biphone","AE-TH","type",3
"CMU",12,1564,"biphone","AH-TH","type",10
"CMU",12,1564,"biphone","AO-TH","type",1
"CMU",12,1564,"biphone","AW-TH","type",0
"CMU",12,1564,"biphone","AY-TH","type",0
"CMU",12,1564,"biphone","EH-TH","type",2
"CMU",12,1564,"biphone","ER-TH","type",0
"CMU",12,1564,"biphone","EY-TH","type",0
"CMU",12,1564,"biphone","IH-TH","type",1
"CMU",12,1564,"biphone","IY-TH","type",0
"CMU",12,1564,"biphone","OW-TH","type",1
"CMU",12,1564,"biphone","OY-TH","type",0
"CMU",12,1564,"biphone","UH-TH","type",0
"CMU",12,1564,"biphone","UW-TH","type",1
"CMU",12,1564,"biphone","AX-TH","type",0
"CMU",12,1564,"biphone","AXR-TH","type",0
"CMU",12,1564,"biphone","IX-TH","type",0
"CMU",12,1564,"biphone","UX-TH","type",0
"CMU",12,1564,"biphone","B-TH","type",0
"CMU",12,1564,"biphone","CH-TH","type",0
"CMU",12,1564,"biphone","D-TH","type",0
"CMU",12,1564,"biphone","DH-TH","type",0
"CMU",12,1564,"biphone","F-TH","type",1
"CMU",12,1564,"biphone","G-TH","type",0
"CMU",12,1564,"biphone","HH-TH","type",0
"CMU",12,1564,"biphone","JH-TH","type",0
"CMU",12,1564,"biphone","K-TH","type",0
"CMU",12,1564,"biphone","L-TH","type",0
"CMU",12,1564,"biphone","M-TH","type",1
"CMU",12,1564,"biphone","N-TH","type",6
"CMU",12,1564,"biphone","NG-TH","type",0
"CMU",12,1564,"biphone","P-TH","type",1
"CMU",12,1564,"biphone","R-TH","type",2
"CMU",12,1564,"biphone","S-TH","type",0
"CMU",12,1564,"biphone","SH-TH","type",0
"CMU",12,1564,"biphone","T-TH","type",0
"CMU",12,1564,"biphone","TH-TH","type",0
"CMU",12,1564,"biphone","V-TH","type",1
"CMU",12,1564,"biphone","W-TH","type",0
"CMU",12,1564,"biphone","Y-TH","type",0
"CMU",12,1564,"biphone","Z-TH","type",0
"CMU",12,1564,"biphone","ZH-TH","type",0
"CMU",12,1564,"biphone","Q-TH","type",0
"CMU",12,1564,"biphone","AA-V","type",2
"CMU",12,1564,"biphone","AE-V","type",7
"CMU",12,1564,"biphone","AH-V","type",22
"CMU",12,1564,"biphone","AO-V","type",0
"CMU",12,1564,"biphone","AW-V","type",0
"CMU",12,1564,"biphone","AY-V","type",5
"CMU",12,1564,"biphone","EH-V","type",7
"CMU",12,1564,"biphone","ER-V","type",8
"CMU",12,1564,"biphone","EY-V","type",4
"CMU",12,1564,"biphone","IH-V","type",83
"CMU",12,1564,"biphone","IY-V","type",8
"CMU",12,1564,"biphone","OW-V","type",38
"CMU",12,1564,"biphone","OY-V","type",0
"CMU",12,1564,"biphone","UH-V","type",0
"CMU",12,1564,"biphone","UW-V","type",0
"CMU",12,1564,"biphone","AX-V","type",0
"CMU",12,1564,"biphone","AXR-V","type",0
"CMU",12,1564,"biphone","IX-V","type",0
"CMU",12,1564,"biphone","UX-V","type",0
"CMU",12,1564,"biphone","B-V","type",0
"CMU",12,1564,"biphone","CH-V","type",0
"CMU",12,1564,"biphone","D-V","type",5
"CMU",12,1564,"biphone","DH-V","type",0
"CMU",12,1564,"biphone","F-V","type",0
"CMU",12,1564,"biphone","G-V","type",0
"CMU",12,1564,"biphone","HH-V","type",0
"CMU",12,1564,"biphone","JH-V","type",0
"CMU",12,1564,"biphone","K-V","type",0
"CMU",12,1564,"biphone","L-V","type",4
"CMU",12,1564,"biphone","M-V","type",0
"CMU",12,1564,"biphone","N-V","type",29
"CMU",12,1564,"biphone","NG-V","type",0
"CMU",12,1564,"biphone","P-V","type",0
"CMU",12,1564,"biphone","R-V","type",0
"CMU",12,1564,"biphone","S-V","type",0
"CMU",12,1564,"biphone","SH-V","type",1
"CMU",12,1564,"biphone","T-V","type",1
"CMU",12,1564,"biphone","TH-V","type",0
"CMU",12,1564,"biphone","V-V","type",0
"CMU",12,1564,"biphone","W-V","type",0
"CMU",12,1564,"biphone","Y-V","type",0
"CMU",12,1564,"biphone","Z-V","type",1
"CMU",12,1564,"biphone","ZH-V","type",0
"CMU",12,1564,"biphone","Q-V","type",0
"CMU",12,1564,"biphone","AA-W","type",0
"CMU",12,1564,"biphone","AE-W","type",0
"CMU",12,1564,"biphone","AH-W","type",9
"CMU",12,1564,"biphone","AO-W","type",0
"CMU",12,1564,"biphone","AW-W","type",0
"CMU",12,1564,"biphone","AY-W","type",0
"CMU",12,1564,"biphone","EH-W","type",0
"CMU",12,1564,"biphone","ER-W","type",1
"CMU",12,1564,"biphone","EY-W","type",0
"CMU",12,1564,"biphone","IH-W","type",0
"CMU",12,1564,"biphone","IY-W","type",2
"CMU",12,1564,"biphone","OW-W","type",1
"CMU",12,1564,"biphone","OY-W","type",0
"CMU",12,1564,"biphone","UH-W","type",0
"CMU",12,1564,"biphone","UW-W","type",0
"CMU",12,1564,"biphone","AX-W","type",0
"CMU",12,1564,"biphone","AXR-W","type",0
"CMU",12,1564,"biphone","IX-W","type",0
"CMU",12,1564,"biphone","UX-W","type",0
"CMU",12,1564,"biphone","B-W","type",0
"CMU",12,1564,"biphone","CH-W","type",0
"CMU",12,1564,"biphone","D-W","type",1
"CMU",12,1564,"biphone","DH-W","type",0
"CMU",12,1564,"biphone","F-W","type",0
"CMU",12,1564,"biphone","G-W","type",5
"CMU",12,1564,"biphone","HH-W","type",1
"CMU",12,1564,"biphone","JH-W","type",0
"CMU",12,1564,"biphone","K-W","type",21
"CMU",12,1564,"biphone","L-W","type",2
"CMU",12,1564,"biphone","M-W","type",0
"CMU",12,1564,"biphone","N-W","type",1
"CMU",12,1564,"biphone","NG-W","type",0
"CMU",12,1564,"biphone","P-W","type",1
"CMU",12,1564,"biphone","R-W","type",0
"CMU",12,1564,"biphone","S-W","type",3
"CMU",12,1564,"biphone","SH-W","type",0
"CMU",12,1564,"biphone","T-W","type",4
"CMU",12,1564,"biphone","TH-W","type",0
"CMU",12,1564,"biphone","V-W","type",0
"CMU",12,1564,"biphone","W-W","type",0
"CMU",12,1564,"biphone","Y-W","type",0
"CMU",12,1564,"biphone","Z-W","type",0
"CMU",12,1564,"biphone","ZH-W","type",1
"CMU",12,1564,"biphone","Q-W","type",0
"CMU",12,1564,"biphone","AA-Y","type",0
"CMU",12,1564,"biphone","AE-Y","type",0
"CMU",12,1564,"biphone","AH-Y","type",0
"CMU",12,1564,"biphone","AO-Y","type",0
"CMU",12,1564,"biphone","AW-Y","type",0
"CMU",12,1564,"biphone","AY-Y","type",0
"CMU",12,1564,"biphone","EH-Y","type",0
"CMU",12,1564,"biphone","ER-Y","type",1
"CMU",12,1564,"biphone","EY-Y","type",0
"CMU",12,1564,"biphone","IH-Y","type",0
"CMU",12,1564,"biphone","IY-Y","type",0
"CMU",12,1564,"biphone","OW-Y","type",1
"CMU",12,1564,"biphone","OY-Y","type",0
"CMU",12,1564,"biphone","UH-Y","type",0
"CMU",12,1564,"biphone","UW-Y","type",0
"CMU",12,1564,"biphone","AX-Y","type",0
"CMU",12,1564,"biphone","AXR-Y","type",0
"CMU",12,1564,"biphone","IX-Y","type",0
"CMU",12,1564,"biphone","UX-Y","type",0
"CMU",12,1564,"biphone","B-Y","type",17
"CMU",12,1564,"biphone","CH-Y","type",1
"CMU",12,1564,"biphone","D-Y","type",1
"CMU",12,1564,"biphone","DH-Y","type",0
"CMU",12,1564,"biphone","F-Y","type",3
"CMU",12,1564,"biphone","G-Y","type",14
"CMU",12,1564,"biphone","HH-Y","type",5
"CMU",12,1564,"biphone","JH-Y","type",1
"CMU",12,1564,"biphone","K-Y","type",44
"CMU",12,1564,"biphone","L-Y","type",7
"CMU",12,1564,"biphone","M-Y","type",23
"CMU",12,1564,"biphone","N-Y","type",30
"CMU",12,1564,"biphone","NG-Y","type",0
"CMU",12,1564,"biphone","P-Y","type",24
"CMU",12,1564,"biphone","R-Y","type",1
"CMU",12,1564,"biphone","S-Y","type",1
"CMU",12,1564,"biphone","SH-Y","type",2
"CMU",12,1564,"biphone","T-Y","type",1
"CMU",12,1564,"biphone","TH-Y","type",0
"CMU",12,1564,"biphone","V-Y","type",0
"CMU",12,1564,"biphone","W-Y","type",0
"CMU",12,1564,"biphone","Y-Y","type",0
"CMU",12,1564,"biphone","Z-Y","type",0
"CMU",12,1564,"biphone","ZH-Y","type",0
"CMU",12,1564,"biphone","Q-Y","type",0
"CMU",12,1564,"biphone","AA-Z","type",2
"CMU",12,1564,"biphone","AE-Z","type",0
"CMU",12,1564,"biphone","AH-Z","type",52
"CMU",12,1564,"biphone","AO-Z","type",0
"CMU",12,1564,"biphone","AW-Z","type",0
"CMU",12,1564,"biphone","AY-Z","type",56
"CMU",12,1564,"biphone","EH-Z","type",11
"CMU",12,1564,"biphone","ER-Z","type",40
"CMU",12,1564,"biphone","EY-Z","type",3
"CMU",12,1564,"biphone","IH-Z","type",85
"CMU",12,1564,"biphone","IY-Z","type",37
"CMU",12,1564,"biphone","OW-Z","type",5
"CMU",12,1564,"biphone","OY-Z","type",0
"CMU",12,1564,"biphone","UH-Z","type",0
"CMU",12,1564,"biphone","UW-Z","type",0
"CMU",12,1564,"biphone","AX-Z","type",0
"CMU",12,1564,"biphone","AXR-Z","type",0
"CMU",12,1564,"biphone","IX-Z","type",0
"CMU",12,1564,"biphone","UX-Z","type",0
"CMU",12,1564,"biphone","B-Z","type",0
"CMU",12,1564,"biphone","CH-Z","type",0
"CMU",12,1564,"biphone","D-Z","type",4
"CMU",12,1564,"biphone","DH-Z","type",0
"CMU",12,1564,"biphone","F-Z","type",0
"CMU",12,1564,"biphone","G-Z","type",8
"CMU",12,1564,"biphone","HH-Z","type",0
"CMU",12,1564,"biphone","JH-Z","type",0
"CMU",12,1564,"biphone","K-Z","type",1
"CMU",12,1564,"biphone","L-Z","type",25
"CMU",12,1564,"biphone","M-Z","type",11
"CMU",12,1564,"biphone","N-Z","type",128
"CMU",12,1564,"biphone","NG-Z","type",2
"CMU",12,1564,"biphone","P-Z","type",0
"CMU",12,1564,"biphone","R-Z","type",3
"CMU",12,1564,"biphone","S-Z","type",0
"CMU",12,1564,"biphone","SH-Z","type",0
"CMU",12,1564,"biphone","T-Z","type",0
"CMU",12,1564,"biphone","TH-Z","type",0
"CMU",12,1564,"biphone","V-Z","type",3
"CMU",12,1564,"biphone","W-Z","type",0
"CMU",12,1564,"biphone","Y-Z","type",0
"CMU",12,1564,"biphone","Z-Z","type",0
"CMU",12,1564,"biphone","ZH-Z","type",0
"CMU",12,1564,"biphone","Q-Z","type",0
"CMU",12,1564,"biphone","AA-ZH","type",0
"CMU",12,1564,"biphone","AE-ZH","type",0
"CMU",12,1564,"biphone","AH-ZH","type",0
"CMU",12,1564,"biphone","AO-ZH","type",0
"CMU",12,1564,"biphone","AW-ZH","type",0
"CMU",12,1564,"biphone","AY-ZH","type",0
"CMU",12,1564,"biphone","EH-ZH","type",0
"CMU",12,1564,"biphone","ER-ZH","type",0
"CMU",12,1564,"biphone","EY-ZH","type",1
"CMU",12,1564,"biphone","IH-ZH","type",4
"CMU",12,1564,"biphone","IY-ZH","type",0
"CMU",12,1564,"biphone","OW-ZH","type",0
"CMU",12,1564,"biphone","OY-ZH","type",0
"CMU",12,1564,"biphone","UH-ZH","type",0
"CMU",12,1564,"biphone","UW-ZH","type",2
"CMU",12,1564,"biphone","AX-ZH","type",0
"CMU",12,1564,"biphone","AXR-ZH","type",0
"CMU",12,1564,"biphone","IX-ZH","type",0
"CMU",12,1564,"biphone","UX-ZH","type",0
"CMU",12,1564,"biphone","B-ZH","type",0
"CMU",12,1564,"biphone","CH-ZH","type",0
"CMU",12,1564,"biphone","D-ZH","type",0
"CMU",12,1564,"biphone","DH-ZH","type",0
"CMU",12,1564,"biphone","F-ZH","type",0
"CMU",12,1564,"biphone","G-ZH","type",0
"CMU",12,1564,"biphone","HH-ZH","type",0
"CMU",12,1564,"biphone","JH-ZH","type",0
"CMU",12,1564,"biphone","K-ZH","type",0
"CMU",12,1564,"biphone","L-ZH","type",0
"CMU",12,1564,"biphone","M-ZH","type",0
"CMU",12,1564,"biphone","N-ZH","type",0
"CMU",12,1564,"biphone","NG-ZH","type",0
"CMU",12,1564,"biphone","P-ZH","type",0
"CMU",12,1564,"biphone","R-ZH","type",0
"CMU",12,1564,"biphone","S-ZH","type",0
"CMU",12,1564,"biphone","SH-ZH","type",0
"CMU",12,1564,"biphone","T-ZH","type",0
"CMU",12,1564,"biphone","TH-ZH","type",0
"CMU",12,1564,"biphone","V-ZH","type",0
"CMU",12,1564,"biphone","W-ZH","type",0
"CMU",12,1564,"biphone","Y-ZH","type",0
"CMU",12,1564,"biphone","Z-ZH","type",0
"CMU",12,1564,"biphone","ZH-ZH","type",0
"CMU",12,1564,"biphone","Q-ZH","type",0
"CMU",12,1564,"biphone","AA-Q","type",0
"CMU",12,1564,"biphone","AE-Q","type",0
"CMU",12,1564,"biphone","AH-Q","type",0
"CMU",12,1564,"biphone","AO-Q","type",0
"CMU",12,1564,"biphone","AW-Q","type",0
"CMU",12,1564,"biphone","AY-Q","type",0
"CMU",12,1564,"biphone","EH-Q","type",0
"CMU",12,1564,"biphone","ER-Q","type",0
"CMU",12,1564,"biphone","EY-Q","type",0
"CMU",12,1564,"biphone","IH-Q","type",0
"CMU",12,1564,"biphone","IY-Q","type",0
"CMU",12,1564,"biphone","OW-Q","type",0
"CMU",12,1564,"biphone","OY-Q","type",0
"CMU",12,1564,"biphone","UH-Q","type",0
"CMU",12,1564,"biphone","UW-Q","type",0
"CMU",12,1564,"biphone","AX-Q","type",0
"CMU",12,1564,"biphone","AXR-Q","type",0
"CMU",12,1564,"biphone","IX-Q","type",0
"CMU",12,1564,"biphone","UX-Q","type",0
"CMU",12,1564,"biphone","B-Q","type",0
"CMU",12,1564,"biphone","CH-Q","type",0
"CMU",12,1564,"biphone","D-Q","type",0
"CMU",12,1564,"biphone","DH-Q","type",0
"CMU",12,1564,"biphone","F-Q","type",0
"CMU",12,1564,"biphone","G-Q","type",0
"CMU",12,1564,"biphone","HH-Q","type",0
"CMU",12,1564,"biphone","JH-Q","type",0
"CMU",12,1564,"biphone","K-Q","type",0
"CMU",12,1564,"biphone","L-Q","type",0
"CMU",12,1564,"biphone","M-Q","type",0
"CMU",12,1564,"biphone","N-Q","type",0
"CMU",12,1564,"biphone","NG-Q","type",0
"CMU",12,1564,"biphone","P-Q","type",0
"CMU",12,1564,"biphone","R-Q","type",0
"CMU",12,1564,"biphone","S-Q","type",0
"CMU",12,1564,"biphone","SH-Q","type",0
"CMU",12,1564,"biphone","T-Q","type",0
"CMU",12,1564,"biphone","TH-Q","type",0
"CMU",12,1564,"biphone","V-Q","type",0
"CMU",12,1564,"biphone","W-Q","type",0
"CMU",12,1564,"biphone","Y-Q","type",0
"CMU",12,1564,"biphone","Z-Q","type",0
"CMU",12,1564,"biphone","ZH-Q","type",0
"CMU",12,1564,"biphone","Q-Q","type",0
